area,bedrooms,garage,address,district,type,total
78,1,2,Rua José Doll de Moraes,Santana,Apartamento,5443
155,4,3,Rua Cajuru,Belenzinho,Apartamento,11280
66,2,1,Rua Afonso de Freitas,Paraíso,Apartamento,10390
55,2,1,Rua Vigário Albernaz,Vila Gumercindo,Apartamento,3604
127,3,3,Rua da Meação,Vila Regente Feijó,Apartamento,8034
155,2,1,Rua Abílio Soares,Paraíso,Apartamento,17900
250,2,2,Rua Abel Grimmer,Piqueri,Casa,3957
64,2,1,Rua Maratona,Santo Amaro,Apartamento,4038
250,3,4,Rua Henning Boilesen,Vila Lageado,Casa,4285
110,1,2,Rua Luiz Seráphico Júnior,Jardim Caravelas,Apartamento,10550
100,2,1,Rua Jovita,Santana,Casa em condomínio,3231
60,2,1,Rua Afonso Bandeira de Melo,Campo Belo,Apartamento,3967
60,2,1,Rua Santo Egídio,Santa Teresinha,Apartamento,2304
54,2,1,Rua Camargo,Paulicéia,Apartamento,2025
211,3,3,Rua Armindo Guaraná,Vila Regente Feijó,Apartamento,9495
45,1,0,Rua São Paulo,Liberdade,Studio e kitnet,1414
59,2,1,Rua Antônio Cardoso Franco,Casa Branca,Apartamento,2559
37,1,0,Rua Antônia Maria de Barros,Vila Albertina,Apartamento,2169
60,2,2,Rua João de Laet,Vila Aurora (zona Norte),Apartamento,2420
90,1,1,Rua Doutor Tomás Carvalhal,Paraíso,Apartamento,7462
40,2,0,Rua das Cerejeiras,Canhema,Casa,1031
44,2,1,Rua Murmúrios da Tarde,Conjunto Residencial José Bonifácio,Apartamento,1327
87,2,2,Rua Doutor Luiz Migliano,Jardim Caboré,Apartamento,6215
80,2,2,Rua do Símbolo,Jardim Ampliacao,Apartamento,10210
98,2,0,Rua Mendes Gonçalves,Brás,Apartamento,2636
43,1,1,Rua dos Buritis,Jabaquara,Apartamento,2721
225,4,3,Rua Sales Júnior,Lapa,Apartamento,14950
38,2,0,Rua Virgínia,Vila Carrao,Apartamento,1618
120,2,1,Rua Barbacena,Jardim Ana Rosa,Casa,2318
25,1,1,Viaduto Nove de Julho,Centro,Studio e kitnet,3461
41,2,0,Rua Conselheiro Lafaiette,Mooca,Apartamento,2532
74,2,1,Rua São Domingos,Bela Vista,Apartamento,3512
68,2,1,Rua Doutor Nicolau Alberto Defina,Jardim da Saúde,Apartamento,2066
90,2,2,Avenida Piraíba,Centro Comercial Jubran,Apartamento,8307
28,1,0,Rua Doutor Almeida Lima,Mooca,Studio e kitnet,2284
45,1,1,Rua Visconde de Parnaíba,Brás,Apartamento,2437
28,1,0,Rua Domingos Maza,Vila Boacava,Casa em condomínio,990
50,2,1,Rua Jaboticabal,Vila Bertioga,Apartamento,5009
70,2,1,Rua Domingos da Fonseca,Parque da Mooca,Apartamento,2239
350,4,3,Rua Professor Lúcio Martins Rodrigues,Jardim Leonor,Casa,10280
560,3,4,Alameda Dinamarca,Alphaville Residencial Um,Casa em condomínio,14800
57,3,1,Avenida Túlio Teodoro de Campos,Vila Paulista,Apartamento,2724
61,2,2,Rua Diogo Pereira,Super Quadra Morumbi,Apartamento,2634
33,2,0,Rua Caramuru,Vila da Saúde,Apartamento,3683
28,1,0,Rua Glicério,Liberdade,Studio e kitnet,1173
83,3,1,Rua Gabriele D'annunzio,Campo Belo,Apartamento,4773
150,2,1,Rua Tito,Vila Romana,Casa,5360
372,3,5,Rua Antônio Vera Cruz,Casa Verde Alta,Casa,12100
64,1,0,Rua Ministro Gastão Mesquita,Perdizes,Apartamento,4401
50,2,1,Rua Padre Bento Ibáñez,Jardim Prudência,Apartamento,2501
100,3,2,Rua José Wasth Rodrigues,Vila Maria Baixa,Apartamento,4429
45,1,0,Rua Martim Burchard,Brás,Apartamento,3556
25,1,0,Avenida Escragnolle Dória,Jardim Vila Formosa,Casa,938
56,2,2,Rua Alvorada,Vila Olímpia,Apartamento,4251
58,1,0,Rua Pires da Mota,Liberdade,Apartamento,2327
146,3,4,Rua Giovani Recordati,Parque São Domingos,Casa em condomínio,7033
27,1,0,Avenida Imperatriz Leopoldina,Vila Leopoldina,Studio e kitnet,1476
40,1,1,Rua Desembargador Aragão,Vila Mariana,Apartamento,4734
123,3,2,Rua Bernardo de Quadros,Vila Morse,Casa,5142
38,1,1,Rua Doutor João Clímaco Pereira,Itaim Bibi,Studio e kitnet,5048
50,2,0,Praça Júlio Prestes,Campos Elíseos,Apartamento,2384
184,3,2,Rua José Teles de Matos,Jardim Oriental,Casa,4687
60,2,1,Avenida Macuco,Moema,Apartamento,5903
110,3,0,Rua Antônio Camardo,Vila Gomes Cardim,Apartamento,3477
43,2,0,Rua Doutor Fontes de Resende,Vila Dalila,Apartamento,1916
62,2,1,Rua Domingos Paiva,Brás,Apartamento,5584
70,2,1,Travessa Severo Garcia,Mandaqui,Casa,1876
60,2,1,Rua Azevedo Júnior,Bras,Apartamento,2611
60,1,0,Rua Olímpia Lemes da Silva,Jardim das Vertentes,Casa,1293
179,3,1,Alameda Franca,Jardim Paulista,Apartamento,17550
27,1,1,Rua da Consolação,Consolação,Apartamento,2711
24,1,0,Rua Viêira de Carvalho,Nova Gerti,Casa,1199
65,3,1,"Rua Sete Barras, 268",Nossa Senhora do Ó,Apartamento,2854
88,2,2,Rua Antônio Borba,Vila Madalena,Apartamento,5693
100,2,1,Rua Oscar Freire,Cerqueira César,Apartamento,8644
56,1,1,Rua Gomes de Carvalho,Vila Olímpia,Apartamento,7347
50,2,0,Rua do Lucas,Brás,Apartamento,1742
30,1,0,Rua Abaíbas,Vila Palmeiras,Casa,889
167,3,2,Rua Henrique Xavier,Vila Carrão,Casa,4547
40,1,0,Rua José Antônio Fontes,Vila Tolstoi,Apartamento,1057
82,3,1,Rua Hungria,Vila Nova Santa Luzia,Apartamento,3809
35,1,0,Rua Conselheiro Lafaiette,Mooca,Apartamento,2874
29,1,1,Alameda Eduardo Prado,Campos Elíseos,Apartamento,1995
100,3,2,Rua Sampaio Viana,Vila Mariana,Apartamento,15390
70,2,1,Rua Oscar Freire,Pinheiros,Apartamento,8980
49,2,0,Avenida Cônego José Salomon,Vila Portugal,Apartamento,1494
257,4,3,Alameda Jaú,Jardim Paulista,Apartamento,18730
150,3,2,Rua Palermo,São Judas,Casa,3991
40,2,0,Rua Bernardino Vergueiro,Jardim Jaú (zona Leste),Apartamento,1347
120,3,2,Rua Doutor Piragibe,Parque Penha,Casa,2622
127,2,1,Rua José Antônio da Silva,Jardim Elvira,Casa,1251
170,3,2,Rua Barão Triunfo,Brooklin Paulista,Apartamento,8023
66,2,2,Rua Horácio Alves da Costa,Jardim Nosso Lar,Apartamento,3537
25,1,0,Rua Francisca Miquelina,Bela Vista,Studio e kitnet,2147
170,4,4,Rua São Borja,Cidade Vargas,Casa,5800
50,2,1,Rua Copacabana,Chora Menino,Apartamento,2209
67,2,2,Rua José Debieux,Santana,Apartamento,5304
84,2,0,Rua Backer,Cambuci,Casa,2833
80,3,0,Rua Doutor Zuquim,Santana,Apartamento,2452
22,1,0,Rua Maria Carolina,Jardim Paulistano,Studio e kitnet,4888
57,1,0,Rua Francisca Miquelina,Bela Vista,Apartamento,2709
62,2,1,Rua da Consolação,Consolação,Apartamento,2927
170,4,3,Rua Marquês de Sabará,Real Parque,Apartamento,8779
60,1,1,Rua Adriano Theodósio Serra,Vila Gomes,Casa,1760
29,1,0,Rua Marambaia,Casa Verde,Studio e kitnet,2048
32,1,1,Rua Professor Luis Eulálio de Bueno Vidigal,Centro,Apartamento,2775
169,4,1,Rua Professor José Horácio Meirelles Teixeira,Vila Suzana,Apartamento,8544
74,2,1,Avenida Leôncio de Magalhães,Jardim São Paulo,Apartamento,3509
80,2,2,Rua Domingos Crudo,Vila Conceição,Casa,6387
50,1,1,Rua Santo Antônio,Bela Vista,Studio e kitnet,4088
200,3,3,Rua Embiruçú,Vila Beatriz,Casa,2873
21,1,0,Rua Barão de Tatuí,Vila Buarque,Studio e kitnet,1428
37,1,1,Rua Janguruçu,Parque da Mooca,Studio e kitnet,2318
39,1,0,Rua Jaceguai,Bela Vista,Apartamento,2389
52,2,1,Avenida José Estevão de Magalhães,Vila Campestre,Apartamento,2979
25,1,0,Rua São Procópio,Vila Califórnia,Casa,730
270,4,2,Rua Luísa Bocchiglieri Ximenes,Jardim Santa Cruz (campo Grande),Casa,8871
18,1,0,"R. das Nhandirobas - Jardim Oriental, São Paulo - Sp, Brasil",Jardim Oriental,Apartamento,1823
90,3,3,Rua Plínio Colás,Lauzane Paulista,Apartamento,4360
70,1,1,Rua Abrahão Mussa,Jardim Patente Novo,Apartamento,1790
90,3,2,Rua Gurupi,Nova Gerti,Casa,2706
104,2,2,"R. João Simões de Souza - Parque Reboucas, São Paulo - Sp, 05734-140, Brasil",Parque Reboucas,Apartamento,8653
58,2,1,Rua Torres da Barra,Água Branca,Apartamento,4170
290,3,6,Rua Verona,Vila Dom Pedro Ii,Casa,4624
180,3,3,Rua Professor Miguel Maurício da Rocha,Brooklin Paulista,Casa,7873
80,2,0,Rua Taubaté,Utinga,Casa,1464
30,1,0,Rua Coronel Gustavo Santiago,Vila Zilda,Apartamento,2277
120,3,2,Rua Daniel José Pereira,Rio Pequeno,Casa,3822
54,2,1,Rua Mituto Mizumoto,Liberdade,Apartamento,3011
100,3,1,Rua Oratório,Jardim Sônia Maria,Casa,2152
54,1,0,Rua Capitão-mor Passos,Catumbi,Apartamento,1565
117,2,0,Rua Abelardo Pinto,Centro Histórico de São Paulo,Apartamento,2294
66,3,2,Rua Darwin,Jardim Santo Amaro,Apartamento,4104
54,2,1,Rua João Pimenta,Santo Amaro,Apartamento,4569
22,1,0,Rua dos Estudantes,Liberdade,Studio e kitnet,1825
45,2,0,Rua Josef Kryss,Parque Industrial Tomas Edson,Apartamento,2642
170,3,1,Alameda Joaquim Eugênio de Lima,Jardim Paulista,Apartamento,8948
48,2,1,Rua Professor Alves Pedroso,Cangaiba,Apartamento,1592
33,2,0,Avenida Cupecê,Jardim Prudência,Apartamento,2027
70,2,1,Rua Atos Damasceno,Vila Santa Catarina,Apartamento,2649
220,4,2,Rua Doutor Domingos de Sylos,Brooklin Paulista,Casa,6776
97,3,2,R. dos Democratas,Vila Monte Alegre,Apartamento,6649
300,3,2,Avenida Pedro Bueno,Jabaquara,Casa,4818
170,4,2,Rua Juquis,Indianópolis,Apartamento,16070
290,3,2,Rua Tristão de Campos,Jardim Trussardi,Casa,4932
54,2,1,Rua Treze de Maio,Bela Vista,Apartamento,4129
51,2,1,Rua Ancara,Utinga,Apartamento,2618
44,0,0,Rua Nova Barão,República,Studio e kitnet,2160
50,2,1,Rua Costa Barros,Sítio Pinheirinho,Apartamento,1800
29,1,0,Largo do Arouche,República,Studio e kitnet,2784
60,1,0,Rua Akron,Jardim Aricanduva,Casa,1407
44,1,1,Rua Doutor Miranda de Azevedo,Vila Anglo Brasileira,Apartamento,5154
36,1,0,Rua Apiacás,Perdizes,Studio e kitnet,3975
57,2,0,Rua Borges,Parada Inglesa,Apartamento,2919
102,2,0,Rua Barão do Triunfo,Brooklin Paulista,Apartamento,4611
47,1,1,Rua Marie Nader Calfat,Jardim Ampliação,Apartamento,3414
160,3,2,Rua Vicente Félix,Cerqueira César,Apartamento,14720
23,1,0,R. Tabatinguera,Centro,Studio e kitnet,2493
50,2,0,Rua São Marcos,Veloso,Casa,1147
24,1,0,Rua Caramuru,Vila da Saúde,Studio e kitnet,2932
68,3,1,Rua Antônio José Vaz,Vila Caraguatá,Apartamento,2683
110,2,1,Rua Oscar Horta,Mooca,Casa,2847
20,1,0,Viaduto Nove de Julho,Centro,Studio e kitnet,2365
80,2,1,Rua Magarinos Torres,Vila Maria,Casa,2593
48,2,1,Rua Farid Miguel Haddad,Vila Santa Teresa (zona Sul),Apartamento,1811
22,1,0,Rua Nossa Senhora da Saúde,Jardim Previdência,Casa,1263
30,1,0,Rua Anhaia,Campos Elíseos,Studio e kitnet,3777
30,1,0,Rua Ibiporã,Vila Divina Pastora,Apartamento,1277
28,1,0,Rua Doutor Miranda de Azevedo,Pompeia,Casa,1303
84,2,1,Rua Tagipuru,Barra Funda,Apartamento,4031
159,4,2,Rua Carlos Pinto Alves,Jardim Aeroporto,Casa,4449
190,3,3,Rua Raimundo Simão de Souza,Vila Suzana,Apartamento,5813
56,2,1,Rua Dom Bernardo Nogueira,Vila Gumercindo,Apartamento,3379
38,1,1,Rua Ascencional,Jardim Ampliação,Apartamento,3545
170,2,2,Rua Fúlvio Morganti,Jardim Paraíso,Casa,4245
68,3,1,Praça Santa Therezinha,Vila Azevedo,Apartamento,3901
76,3,1,Rua Eça de Queiróz,Vila Mariana,Apartamento,5673
88,3,2,Rua Freire de Andrade,Vila Regente Feijó,Apartamento,3999
45,1,0,Rua Conde de Sarzedas,Liberdade,Apartamento,1633
62,2,1,Alameda Santos,Jardim Paulista,Apartamento,7010
17,1,0,Rua Coronel Mursa,Brás,Studio e kitnet,1859
63,2,1,Alameda Conde de Porto Alegre,Santa Maria,Apartamento,3116
152,2,0,Avenida Deputado Emílio Carlos,Limão,Casa,2785
36,1,1,Avenida Doutor Francisco Mesquita,Vila Prudente,Apartamento,2407
24,1,0,Rua Engenheiro Américo da Graça Martins,Jardim Monte Azul,Apartamento,1656
90,2,1,Rua Nair Ferraz de Mesquita,Jardim Monte Kemel,Casa,2659
36,1,0,Rua Clímaco Barbosa,Cambuci,Apartamento,1960
35,1,0,Avenida Sapopemba,Jardim Planalto,Apartamento,1261
11,1,0,Rua das Palmeiras,Vila Buarque,Studio e kitnet,1904
32,2,0,Avenida Sapopemba,Jardim Planalto,Apartamento,2169
40,1,1,Rua Álvaro de Carvalho,Centro,Apartamento,2350
48,2,1,Rua Aída Gomes Tolêdo,Imirim,Apartamento,2165
52,1,0,Rua Dom Francisco de Sousa,Centro,Apartamento,1620
19,1,0,Rua Coronel Mursa,Brás,Apartamento,2865
99,2,3,Rua São José de Arimatéia,Jardim Vila Formosa,Casa,2606
50,1,0,Rua Castro Alves,Aclimação,Apartamento,2236
150,2,0,Rua Rafael de Oliveira,Água Fria,Casa,2523
30,1,0,Alameda dos Anapurus,Indianópolis,Apartamento,2061
320,4,2,Rua Montes Claros,Vila Brasilandia,Casa,9136
170,4,2,Alameda Campinas,Jardim Paulista,Apartamento,12690
90,3,1,Alameda Itu,Jardim Paulista,Apartamento,5079
38,1,0,Rua Helena Zerrener,Liberdade,Apartamento,1173
33,1,1,Rua Marie Nader Calfat,Jardim Ampliação,Studio e kitnet,3152
12,1,0,Rua Major Rubéns Florentino Vaz,Vila Pirajussara,Studio e kitnet,1818
50,2,0,Avenida Antártica,Água Branca,Apartamento,2411
160,4,1,Rua Gustavo da Silveira,Vila Santa Catarina,Casa,3137
25,1,0,Rua Dulce Sena Guimaraes da Silva,Vila Renata,Studio e kitnet,842
63,2,1,Rua Major Freire,Vila Monte Alegre,Apartamento,2807
120,3,1,Rua Doutor José Higino,Vila Oratório,Apartamento,3606
74,1,1,Rua São Benedito,Jardim Novo Santo Amaro,Apartamento,7432
35,1,0,Avenida Ipiranga,República,Apartamento,2030
22,1,0,Rua Glicério,Liberdade,Studio e kitnet,1000
37,2,0,Rua Monsenhor Joaquim de Campos,Parque Sevilha,Apartamento,1720
69,2,1,Rua Anhembi,Jardim Caravelas,Apartamento,5000
300,4,3,Rua Doutor James Ferraz Alvim,Vila Suzana,Apartamento,10600
107,3,2,Rua Critios,Vila Suzana,Apartamento,4152
36,2,0,Rua Flora,Brás,Apartamento,2230
50,1,0,Avenida do Guacá,Lauzane Paulista,Apartamento,1913
300,3,3,Rua Bahia,Higienópolis,Casa,8797
360,4,2,Rua Jandaia,Bela Vista,Casa,9190
31,1,0,Rua Paulistânia,Sumarezinho,Studio e kitnet,3191
63,2,1,Rua General Chagas Santos,Vila da Saúde,Apartamento,5383
53,1,0,25 de Março,Centro Histórico de São Paulo,Apartamento,1687
35,1,1,Rua Orissanga,Mirandópolis,Apartamento,2657
55,2,0,Rua Juan Vicente,Bandeiras,Apartamento,1857
80,3,0,Rua das Pitombeiras,Vila Parque Jabaquara,Apartamento,2923
40,1,1,Rua Rocha Fraga,Cangaiba,Casa,1147
200,3,0,Alameda São Caetano,Santa Maria,Casa,3798
84,2,2,Rua Turiassú,Perdizes,Apartamento,9655
45,2,0,Rua Sílvio de Sousa,Vila Santa Clara,Casa em condomínio,1907
150,3,2,Rua Capiri,Vila Nova Mazzei,Casa,2738
180,3,1,Rua Doutor Nogueira de Noronha,Parque São Lucas,Casa,2502
25,1,0,Rua Doutor Gabriel da Veiga,Vila Baruel,Apartamento,1237
47,2,2,Rua Brigadeiro Galvão,Barra Funda,Apartamento,3452
30,1,1,Rua Voluntários da Pátria,Santana,Studio e kitnet,2516
130,2,0,Rua Três de Maio,Vila Clementino,Casa,4166
59,2,1,R. Coronel Bento Bicudo 1167,Piqueri,Apartamento,2400
93,2,2,Rua Casa do Ator,Vila Olímpia,Apartamento,18090
42,2,0,Rua Itanhomi,Vila Formosa,Apartamento,1584
95,1,1,Rua da Consolação,Cerqueira César,Apartamento,15170
31,1,0,Avenida Vila Ema,Vila Ema,Apartamento,2634
27,1,0,Avenida Professor Ascendino Reis,Vila Clementino ,Studio e kitnet,3457
49,2,1,Rua Chapada de Minas,Vila Andrade,Apartamento,2837
82,2,0,Rua Tavares Bastos,Perdizes,Apartamento,3296
22,1,0,Rua Bela Cintra,Consolação,Studio e kitnet,3942
200,3,2,Rua Céu Tropical,Jabaquara,Casa,4880
30,1,0,Rua Barão de Santo Ângelo,Jardim do Tiro,Casa em condomínio,1358
42,1,1,Rua Major Sertório,Vila Buarque,Studio e kitnet,2424
75,2,2,Rua João Moura,Pinheiros,Apartamento,13700
42,2,0,Rua Leôncio da Costa Viêira,Jardim Piqueroby,Apartamento,1688
26,1,0,Avenida Duquesa Goiás,Real Parque,Studio e kitnet,1752
69,2,1,Rua Silvestre Vasconcelos Calmon,Vila Pedro Moreira,Apartamento,3296
22,1,0,Rua Salvador de Lima,Tatuapé,Studio e kitnet,1454
21,1,0,Alameda Jauaperi,Indianópolis,Studio e kitnet,4467
196,2,2,Rua Antônio da Cunha Coelho,Moinho Velho,Casa,3341
49,2,1,Rua Laranjal do Jari,Vila Pirituba,Apartamento,2350
160,3,1,Rua Josephina Martinelli da Silva,Vila Santa Catarina,Casa,6842
45,2,0,Avenida Lauro Xerfan,Jardim Iva,Apartamento,2327
33,1,0,Rua Artur Prado,Bela Vista,Apartamento,3701
75,3,1,Rua Carlos Weber,Vila Leopoldina,Apartamento,5065
15,1,0,Praça Osvaldo Navarro,Vila Moinho Velho,Casa,724
56,2,1,Rua Martiniano de Carvalho,Bela Vista,Apartamento,3834
22,1,0,Rua Fortunato Pulherini,Mutinga,Casa,911
61,3,1,Rua Rego Barros,Jardim Vila Formosa,Apartamento,3357
60,2,1,Rua João Miguel Jarra,Vila Madalena,Apartamento,2996
75,2,0,Rua Scuvero,Cambuci,Casa,2422
42,1,0,Rua Pierre Martin,Vila Vermelha,Casa,1199
45,1,0,Rua Nicola Nicodemo,Sítio do Mandaqui,Casa,928
25,1,0,Rua Tília,Jardim das Flores,Studio e kitnet,1229
66,1,1,Rua Pascal,Campo Belo,Apartamento,5221
52,2,0,Praça Júlio Mesquita,Santa Efigênia,Apartamento,2245
150,3,2,Rua Jequitirana,Cidade Antônio Estevão de Carvalho,Casa,2919
42,2,0,Avenida José André de Moraes,Jardim Monte Alegre,Apartamento,2923
65,2,0,Avenida Sete de Setembro,Vila Galvão,Apartamento,1519
55,2,2,Rua Pensilvânia,Cidade Monções,Apartamento,4872
39,2,0,Rua Conde de Sarzedas,Sé,Apartamento,2511
52,1,0,Rua Brigadeiro Tobias,Centro,Apartamento,1531
50,1,1,Rua Arruda Alvim,Pinheiros,Apartamento,3200
46,1,0,Avenida Ipiranga,Santa Ifigênia,Apartamento,2216
48,1,0,Avenida Jabaquara,Mirandópolis,Apartamento,2454
76,2,1,Rua Doutor Eduardo de Souza Aranha,Vila Olímpia,Apartamento,4589
140,2,4,Rua Loefgreen,Vila Clementino,Casa,4504
42,2,0,Rua Afonso Pena,Bom Retiro,Apartamento,2228
29,1,0,Rua Frei Caneca,Consolação,Studio e kitnet,3516
65,2,1,Rua Padre Adelino,Quarta Parada,Apartamento,4125
60,2,1,Praça General Araripe de Faria,Vila Gomes,Apartamento,6000
65,2,1,Rua Vitoantônio Del Vecchio,Parque da Mooca,Apartamento,3236
70,2,1,Rua Ângelo Aloísio,Guapira,Apartamento,2601
104,3,2,Alameda Itu,Cerqueira César,Apartamento,13630
65,2,1,Rua Arminda,Vila Olímpia,Apartamento,5094
30,1,0,Rua Salto,Paraíso,Studio e kitnet,5247
50,2,1,Avenida Rangel Pestana,Brás,Apartamento,2734
98,2,2,Avenida Giovanni Gronchi,Vila Andrade,Apartamento,4266
39,1,2,Rua Bom Pastor,Ipiranga,Apartamento,4226
85,2,1,Rua Tenente Inácio da Silveira,Mooca,Casa,3685
180,3,3,Avenida Doutor Guilherme Dumont Vilares,Jardim Londrina,Apartamento,6130
50,1,0,Rua São Januário,Parada Inglesa,Casa,1404
100,3,1,Rua Alexandre Farnésio,Parque Maria Luiza,Casa,2023
25,1,0,Rua Bueno Brandão,Moema,Studio e kitnet,4967
38,1,1,Rua Marie Nader Calfat,Jardim Ampliação,Studio e kitnet,3014
160,1,1,Rua Demétrio Ribeiro,Cidade Mãe do Céu,Casa,2219
60,2,2,Rua Doutor João Vieira Neves,Butantã,Apartamento,3089
36,1,1,Avenida Monteiro Lobato,Macedo,Studio e kitnet,2590
64,2,1,Rua Capital Federal,Sumaré,Apartamento,4687
75,1,2,Rua Sansão Alves dos Santos,Cidade Monções,Apartamento,9520
35,1,0,Rua Jurupari,Jardim Oriental,Casa,1097
200,3,4,Avenida Victor Civita,Tamboré,Casa em condomínio,16770
28,1,0,Rua Azevedo Macedo,Vila Mariana,Apartamento,4133
32,1,0,Rua Doutor Ângelo Vita,Tatuapé,Studio e kitnet,2581
74,2,0,Rua Dom Pedro Henrique de Orleans E Bragança,Vila Jaguara,Casa,1517
40,1,0,Rua Brigadeiro Tobias,Centro Histórico de São Paulo,Apartamento,1732
69,2,2,Rua Conde Juliano,Vila Humaitá,Apartamento,3317
30,1,0,Rua Peixoto Gomide,Jardim Paulista,Studio e kitnet,2429
76,3,1,Alameda Franca,Cerqueira César,Apartamento,5594
61,2,1,Avenida Sargento Geraldo Sant'ana,Jardim Taquaral,Apartamento,2924
22,1,0,Rua Natividade Saldanha,São Lucas,Apartamento,1126
35,1,0,Rua Reboujo,Chácara Santo Antônio (zona Leste),Casa,1197
80,2,2,Rua Pacaraima,Cidade Dutra,Casa,3034
50,2,0,Rua Maniutuba,Chácara Santo Antônio (zona Leste),Apartamento,1830
152,3,1,Rua Jesuíno Arruda,Itaim Bibi,Apartamento,10860
66,2,1,Cayowaá,Sumaré,Apartamento,5364
26,1,0,Rua Macajuba,Jardim Iracema,Casa,743
55,1,0,Rua Zike Tuma,Jardim Ubirajara,Casa,752
65,1,1,Rua Tangará,Vila Mariana,Apartamento,8044
115,3,3,Rua Marechal Barbacena,Vila Regente Feijó,Apartamento,7208
68,3,1,Rua Orindiúva,Vila Maria Alta,Apartamento,3523
50,1,1,Rua Intendência,Brás,Apartamento,2814
140,3,2,"Parque do Morumbi, São Paulo - Sp, 05706-290, Brasil",Parque do Morumbi,Apartamento,4399
240,3,2,Rua Campo Belo do Sul,Parque Vitoria,Casa,4758
39,1,1,Avenida Jamaris,Planalto Paulista,Studio e kitnet,3237
70,2,1,R. Joseph Nigri,Jardim das Perdizes,Apartamento,5318
62,2,1,Rua João Borba,Vila Bertioga,Apartamento,3436
48,2,1,Rua Celso Ramos,Vila Andrade,Apartamento,2557
144,3,2,Rua Joaquim Nabuco,Brooklin,Casa,5735
220,4,3,Rua Critios,Vila Suzana,Apartamento,13690
48,1,0,Rua Gastão Madeira,Vila Maria Alta,Casa,1308
49,2,0,Rua Diogo Pereira,Super Quadra Morumbi,Apartamento,1750
35,1,0,Rua Anambés,Vila Formosa,Casa,1067
150,3,1,Travessa Buenópolis,Mooca,Casa,4242
70,2,1,Rua Professor Rui Bloem,Vila Primavera,Apartamento,3616
66,2,1,Rua Domingos de Morais,Vila Mariana,Apartamento,3416
36,1,0,Rua Santa Isabel,Vila Buarque,Apartamento,1711
29,1,1,Rua Renascença,Vila Congonhas,Studio e kitnet,4276
70,2,0,Rua Guaianases,Campos Elíseos,Apartamento,1889
70,2,1,Rua Dom Bento Pickel,Casa Verde Alta,Casa,2172
57,1,1,Alameda Grajau,Alphaville Industrial,Apartamento,6418
54,2,1,Rua Alora,Jardim Arize,Apartamento,2327
270,3,5,Rua Antônio Pires,Vila Albertina,Casa,4722
65,3,0,Rua João Guilherme de Brito,Veleiros,Casa,2259
140,3,2,Rua Judith Passald Esteves,Vila Sônia,Apartamento,4633
21,1,1,Avenida Engenheiro Armando de Arruda Pereira,Jabaquara,Studio e kitnet,1506
200,3,2,Rua Jorge Alves Ferreira,Jardim Colombo,Casa,5116
64,2,1,Avenida dos Imarés,Indianópolis,Apartamento,11190
43,1,0,Rua Frei Caneca,Consolação,Apartamento,3524
170,2,2,Avenida Doutor José Higino,Vila Oratorio,Casa,3080
117,3,2,Avenida Nhandú,Planalto Paulista,Casa,4834
175,2,1,Rua Américo Vespucci,Vila Prudente,Casa,3461
40,1,1,Rua Filipe Camarão,Tatuapé,Apartamento,3108
80,2,0,Avenida Brigadeiro Luís Antônio,Bela Vista,Apartamento,3144
45,2,0,Rua Conselheiro Lafaiette,Mooca,Apartamento,2993
55,1,1,Rua Francisco Leitão,Pinheiros,Apartamento,5221
97,2,0,Rua Dorezópolis,Jardim Santa Clara,Casa,2458
75,3,1,Rua Solidônio Leite,Vila Ivone,Apartamento,2649
50,2,1,Rua Martim Francisco,Santa Cecília,Apartamento,4455
167,2,3,Rua Bueno Brandão,Vila Nova Conceição,Apartamento,19540
54,1,0,Rua Catumbi,Brás,Apartamento,1854
50,1,0,Rua Engenheiro Silva Braga,Vila Brasilina,Casa,1232
18,1,0,Rua Bueno Brandão,Vila Nova Conceição,Studio e kitnet,4391
170,3,2,Rua João Domingos Bomtempo,Jardim Vazani,Casa,3944
88,1,1,Rua Guaricanga,Lapa,Casa,3648
27,1,0,Rua Julião Ferreira da Silva,Jardim Centenário,Casa,887
29,1,1,Rua Teodoro Sampaio,Pinheiros,Apartamento,3117
101,3,2,Avenida Santa Inês,Parque Mandaqui,Apartamento,5295
90,2,0,Rua Feliciano Bicudo,Vila Paulicéia,Casa,2808
50,1,0,Rua Debret,Vila São José,Apartamento,2238
174,3,3,Rua Luiz Prieto Roque,Interlagos,Casa,7306
350,4,4,Rua Cônego Amaral Mello,Casa Verde,Apartamento,17050
67,2,1,Rua Ipanema,Mooca,Apartamento,3969
120,3,2,Rua São Pompeu,Jardim Japão,Casa,4229
64,2,2,Rua Ascencional,Vila Andrade,Apartamento,3146
126,3,2,Rua Diana,Perdizes,Apartamento,6763
260,4,3,Rua Doutor Wladimir dos Santos Mello,Brooklin Paulista,Casa,6816
75,2,1,Rua Afonso Morsch,Vila Constança,Casa em condomínio,4067
60,1,3,Rua Gen. Severiano,Vila Invernada,Casa,1754
55,2,1,Avenida Engenheiro Thomaz Magalhães,Sítio da Figueira,Apartamento,2168
60,2,0,Rua Padre Benedito de Camargo,Penha de França,Casa,1629
150,3,2,Rua Antônio de Couros,Vila Palmeiras,Casa,4374
30,1,1,Alameda Campinas,Jardim Paulista,Apartamento,4206
30,1,0,Rua Cunha Matos,Jardim Ivana,Studio e kitnet,1128
66,1,1,Rua Fradique Coutinho,Pinheiros,Apartamento,8592
50,2,1,Rua Domingos Paiva,Brás,Apartamento,4587
30,1,1,Rua das Flechas,Vila Santa Catarina,Apartamento,3965
61,2,1,Rua Landizal,São João Climaco,Apartamento,2316
62,3,2,R. Carneiro da Cunha,Vila da Saúde,Apartamento,4564
80,2,1,Alameda dos Nhambiquaras,Indianópolis,Casa,4372
98,2,2,Rua Fernando de Albuquerque,Consolação,Apartamento,5763
30,1,0,Rua Jupará,Cidade Antônio Estevão de Carvalho,Apartamento,1302
75,1,0,Avenida Ipiranga,Centro Histórico de São Paulo,Apartamento,4512
57,1,1,Rua Pamplona,Jardim Paulista,Apartamento,3672
68,1,0,Rua Solidônio Leite,Vila Ivone,Casa,990
60,2,2,Rua Guaravera,Vila Domitila,Casa,2085
45,1,0,Rua Celso Vieira,Vila Pereira Barreto,Casa,1011
58,3,1,Rua Zacarias Alves de Melo,Jardim Ibitirama,Apartamento,3085
70,2,1,Avenida Lemos Monteiro,Olímpico,Apartamento,3742
58,2,1,Rua Luís Correia de Melo,Vila Cruzeiro,Apartamento,4479
80,2,0,Rua Inglaterra,Taboão,Casa,1311
16,1,0,Avenida Ricardo Medina Filho,Vila Ipojuca,Apartamento,1388
38,2,0,R Kenkiti Shimomoto,City Bussocaba,Casa,1572
44,1,0,Rua Alegre,Santa Paula,Studio e kitnet,2125
102,3,0,Alameda Ministro Rocha Azevedo,Jardim Paulista,Apartamento,13690
350,4,2,Rua Joaquim Galvão,Vila Sônia,Casa,5284
130,3,3,Rua Doutor José Áureo Bustamante,Santo Amaro,Apartamento,7158
250,5,2,Rua Romualdo Gouveia de Castro,Cipava,Casa,2752
150,4,4,Rua David Ben Gurion,Jardim Monte Kemel,Apartamento,6070
31,1,0,Rua Arapaçu,Vila Formosa,Apartamento,1747
63,2,1,Rua Camarajé,Jardim Paraíso,Apartamento,3314
80,2,2,Rua Luís Correia de Melo,Vila Cruzeiro,Apartamento,6668
50,1,1,Rua Carbonífera,Vila União (zona Leste),Casa,1460
62,2,1,Rua Onofre Silveira,Vila Fachini,Apartamento,1925
161,2,1,Rua Tabatinguera,Sé,Apartamento,7412
216,3,2,Avenida Monte Celeste,Vila Santa Maria,Casa,3732
54,2,1,Rua Antônio Aggio,Jardim Ampliacao,Apartamento,2515
29,1,0,Rua Paulo Martinez,Jardim Seckler,Apartamento,1003
40,1,1,Rua Coriolano Durand,Vila Santa Catarina,Apartamento,1884
55,1,0,Rua Nancy Silva Cabral,Parque Continental Ii,Apartamento,1287
49,1,1,Alameda Amazonas,Alphaville Industrial,Apartamento,4769
69,1,1,Rua Doutor Jesuíno Maciel,Campo Belo,Apartamento,7261
50,2,1,Rua José de Melo,Vila Dora,Apartamento,2862
73,3,1,Rua Paulo Andrighetti,Jardim Brasília (zona Norte),Apartamento,3649
34,2,1,Avenida Túlio Teodoro de Campos,Vila Paulista,Apartamento,3103
50,2,1,Rua Bactória,Jardim Vila Formosa,Apartamento,1903
75,2,2,Rua Lefosse,Vila Invernada,Apartamento,3625
125,3,2,Avenida Professor Gióia Martins,Jardim Monte Kemel,Casa,4375
50,1,0,Rua Dona Adma Jafet,Bela Vista,Apartamento,2225
60,1,0,Alameda Eduardo Prado,Campos Elíseos,Apartamento,3775
87,2,2,Avenida Damasceno Vieira,Vila Mascote,Apartamento,7841
44,1,1,Rua José Augusto Penteado,Sumaré,Apartamento,4954
44,2,0,Rua Charles Lampe,Jardim Maria Estela,Apartamento,1596
23,1,0,Rua Doutor Penaforte Mendes,Bela Vista,Studio e kitnet,3298
24,1,0,Rua Ministro Godói,Perdizes,Studio e kitnet,3589
66,2,0,Rua Guaianases,Campos Elíseos,Apartamento,2077
90,3,1,Rua Bartira,Perdizes,Apartamento,4871
80,2,0,Rua Cachoeira do Arari,Vila Guilherme,Apartamento,1492
40,1,0,Rua Mungubeira,Jardim Norma,Casa,1251
40,1,0,Rua Jupiá,Santa Teresinha,Apartamento,1966
55,2,1,Avenida Olavo Bilac,Km 18,Apartamento,3400
178,2,2,Rua Pinheirinho,Jabaquara,Apartamento,5506
200,3,3,Rua Nunes Garcia,Santana,Apartamento,7064
30,1,0,Avenida Paulista,Bela Vista,Studio e kitnet,3194
130,2,1,Rua Doutor Gabriel Piza,Santana,Casa,2690
37,1,0,Rua Sapetuba,Butantã,Studio e kitnet,3310
50,1,1,Rua Padre Leonel Franca,Vila Libanesa,Casa em condomínio,1351
85,2,0,Rua Elias Acras,Jardim Celeste,Apartamento,1238
28,1,0,Rua Doutor Clemente Jobim,Jardim da Gloria,Apartamento,1990
200,3,4,Rua Morais Navarro,Vila Sao Vicente,Casa,4270
68,2,1,Alameda Grajaú,Alphaville,Apartamento,4227
67,2,0,Avenida João Dias,Santo Amaro,Apartamento,2898
127,3,2,Rua Princesa Isabel,Brooklin Paulista,Apartamento,11710
30,1,0,Rua Abaitara,Vila Mesquita,Casa,1167
65,1,2,Rua Henri Dunant,Chácara Santo Antônio (zona Sul),Apartamento,8294
84,3,2,Rua Capitão Fidélis,Santo Amaro,Apartamento,4452
120,2,2,Rua Santos,Taboão,Casa em condomínio,4325
60,2,0,Rua José de Almeida,Vila Medeiros,Casa,1461
74,3,2,Rua Ibitirama,Vila Prudente,Apartamento,4336
45,1,1,Rua São José,Santo Amaro,Apartamento,2462
30,1,1,Avenida Rio Branco,Campos Elíseos,Studio e kitnet,2321
65,1,0,Rua Benjamin Carr,Parque dos Bancários,Casa,1160
83,1,0,Praça Quatorze Bis,Bela Vista,Apartamento,2717
80,2,2,Rua Padre Lebret,Jardim Leonor,Apartamento,5271
28,1,0,Rua Valson Lopes,Vila Butantã,Studio e kitnet,2603
42,1,1,Rua Alegre,Santa Paula,Apartamento,3937
45,2,0,Rua Jordânia,Vila Guilhermina,Apartamento,1684
73,3,1,Rua Poconé,Vila Floresta,Apartamento,2764
100,3,1,Rua Matias Aires,Consolação,Apartamento,4626
115,3,2,Rua do Acre,Vila Bertioga,Apartamento,4479
42,1,1,Rua Afonso Braz,Vila Nova Conceição,Apartamento,5385
140,4,2,Rua Gabriel de Lara,Brooklin,Casa,6869
24,1,0,Avenida Alcântara Machado,Brás,Studio e kitnet,1388
29,1,1,Avenida Rouxinol,Indianópolis,Studio e kitnet,5173
50,1,1,Rua Vapabussu,Jardim Aeroporto,Apartamento,4401
93,2,2,Avenida Nossa Senhora de Fátima,Vila Fátima,Casa,2665
254,4,4,Rua Voluntários da Pátria,Santana,Apartamento,15490
70,3,1,Caraíbas,Perdizes,Apartamento,6084
58,3,1,Rua Domingos José Sapienza,Vila Amalia (zona Norte),Apartamento,2406
64,2,1,Rua Antônio Abude,Jardim Barbosa,Apartamento,1906
48,2,1,"Rua Antônio Gil - Cidade Ademar, São Paulo - Sp, Brasil",Jardim Marajoara ,Apartamento,2200
68,1,0,Rua Piraumbu,Jardim Sao Gabriel,Casa,1251
130,5,2,Rua Elisa Silveira,Vila Santo Estefano,Casa,8699
90,3,2,Rua Dankmar Adler,Vila Suzana,Apartamento,4519
42,1,1,Rua Carlos Sampaio,Bela Vista,Apartamento,3988
26,1,0,Avenida Corifeu de Azevedo Marques,Butantã,Studio e kitnet,1164
36,1,1,Rua Timbiras,Santa Efigênia,Apartamento,1861
39,1,0,Rua Frei Gaspar,Mooca,Apartamento,2557
240,3,4,Rua Sampaio Viana,Paraíso,Apartamento,23080
370,3,3,Rua Santo Adriano,Jardim Peri,Casa,4858
160,4,1,"Vila da Saúde, São Paulo - Sp, 04055-040, Brasil",Vila da Saúde,Casa,5033
43,1,0,Rua Conselheiro Nébias,Campos Elíseos,Apartamento,2181
71,3,1,Rua Trajano Reis,Jardim das Vertentes,Apartamento,3289
146,4,3,Rua Fernandes Moreira,Chácara Santo Antônio (zona Sul),Apartamento,8113
190,3,3,Avenida Conselheiro Rodrigues Alves,Vila Mariana,Casa,8036
70,2,2,Rua Tito,Centro,Apartamento,3009
18,1,0,Rua Luís da Guerra,Sapopemba,Studio e kitnet,1306
65,3,1,Rua Cásper Líbero,Paulicéia,Apartamento,2361
22,1,0,Rua das Sempre-vivas,Jardim das Acacias,Studio e kitnet,2898
28,0,0,Rua Riskallah Jorge,Centro Histórico de São Paulo,Studio e kitnet,1647
42,2,1,Rua José Galvez,Conjunto City Jaragua,Apartamento,1115
128,3,2,Rua Cristiano Viana,Cerqueira César,Apartamento,8947
173,4,2,Rua Eça de Queiroz,Vila Mariana,Apartamento,8535
83,3,2,Avenida Professor Francisco Morato,Vila Sônia,Apartamento,3886
70,2,1,Rua Rússia,Taboão,Apartamento,1607
120,3,2,Avenida Ceci,Planalto Paulista,Casa,4730
70,2,1,Rua Olga Marinovic Doro,Vila Talarico,Casa,1546
38,2,1,Avenida Cipriano Rodrigues,Vila Formosa,Apartamento,2377
127,2,1,Rua Tucuna,Pompeia,Apartamento,4672
60,2,2,Rua Padre Chico,Perdizes,Apartamento,5139
80,2,2,Rua Engenheiro Jorge Oliva,Vila Mascote,Apartamento,5463
33,1,1,Rua Doutor Gabriel dos Santos,Santa Cecilia,Apartamento,2536
69,2,1,Avenida Rouxinol,Indianópolis,Apartamento,5622
100,2,1,Alameda Sarutaiá,Jardim Paulista,Apartamento,6602
58,2,2,Rua Padre Leão Peruche,Vila Mazzei,Apartamento,2801
43,1,0,Praça Conceição do Herval,Chácara Santo Antônio (zona Leste),Apartamento,1377
59,3,1,Rua Itamonte,Vila Medeiros,Apartamento,3019
44,1,0,Rua Jurubim,Vila Boacava,Casa,1147
55,2,1,Rua Bento Vieira,Ipiranga,Apartamento,3310
38,1,0,Rua Pascal,Campo Belo,Studio e kitnet,3882
47,2,1,Avenida da Paz,Jardim Sao Judas Tadeu,Apartamento,2113
48,1,1,Rua Diogo Jácome,Vila Nova Conceição,Apartamento,7318
51,2,1,Rua Francisco José da Silva,Vila Andrade,Apartamento,4325
69,2,1,Rua Isabel de Castela,Vila Madalena,Apartamento,5483
64,2,0,Rua Doutor Tomaz de Lima,Liberdade,Apartamento,2049
77,3,1,Avenida Damasceno Vieira,Vila Paulista,Apartamento,3875
97,3,1,Avenida Paula Ferreira,Freguesia do Ó,Apartamento,3593
40,1,0,Rua Joana Pereira Dias,Padroeira,Casa,777
50,2,1,Rua São Bernardo,Cidade Mãe do Céu,Apartamento,2633
150,3,2,Rua Simões Pinto,Parque Jabaquara,Casa,3268
411,4,2,Rua Doutor Manuel Carlos de Figueiredo Ferraz,Jardim Morumbi,Casa,9272
56,1,0,Rua Helvétia,Campos Elíseos,Apartamento,2289
400,4,4,Rua Ermelinda Meletti Teldeschi,Jardim Guarapiranga,Casa,6564
43,2,1,"Vila Rio de Janeiro, Guarulhos - Sp, 07082-610, Brasil",Vila Rio de Janeiro,Apartamento,1804
90,3,2,Rua Voluntários da Pátria,Santana,Apartamento,4421
35,1,1,Rua Capote Valente,Pinheiros,Studio e kitnet,3604
64,2,1,Rua Engenheiro Pedro Garcin,Vila Antônio,Apartamento,2724
119,2,2,Rua João de Laet,Vila Aurora (zona Norte),Apartamento,3417
42,1,0,Avenida Duque de Caxias,Campos Elíseos,Apartamento,1926
52,2,1,Avenida Barro Branco,Vila do Encontro,Apartamento,2673
30,1,0,Rua 17 de Janeiro,Panamby,Apartamento,2025
44,1,1,Rua Barão Jaceguai,Campo Belo,Studio e kitnet,2284
33,1,1,Rua Marquês de Itu,Vila Buarque,Apartamento,2184
49,3,0,Rua Morubixaba,Cidade Líder,Apartamento,1527
70,2,0,Rua Mourato Coelho,Pinheiros,Apartamento,3023
185,3,2,Rua Agostinho Gualda Martin,Jardim Jua,Casa,5421
60,2,1,Rua Américo Brasiliense,Chácara Santo Antônio (zona Sul),Casa,2000
38,1,0,Rua Rodrigues Barbosa,Vila Regente Feijó,Studio e kitnet,2433
96,1,0,Rua Francisco Retti,Vila Oratorio,Casa,1873
42,1,1,Praça Júlio Mesquita,Santa Efigênia,Apartamento,4339
32,2,0,Avenida Pedroso da Silveira,Pari,Apartamento,1340
40,1,0,Rua Arcelino Aguiar,Vila Santo Estéfano,Casa,1042
40,0,0,Rua Natividade Saldanha,São Lucas,Apartamento,1706
39,1,0,Avenida Paulista,Bela Vista,Apartamento,4119
196,2,1,Rua Antônio Peres Paniágua,São Pedro,Casa,2773
29,1,0,Rua Doutor Clemente Jobim,Jardim da Glória,Apartamento,2986
61,2,1,Rua Doutor Augusto de Miranda,Vila Pompéia,Apartamento,5104
78,3,2,Rua Serra de Botucatu,Vila Gomes Cardim,Apartamento,3294
39,1,1,Rua Doutor Mario Vicente,Vila Dom Pedro I,Casa em condomínio,1576
300,3,3,Alameda Jaú,Jardim Paulista,Apartamento,13410
31,1,1,Rua Coronel Jordão,Vila Paiva,Apartamento,2586
49,2,0,Avenida Pedro Bueno,Parque Jabaquara,Apartamento,1750
40,1,0,Rua Antônio Tavares Velho,Jardim Raposo Tavares,Studio e kitnet,935
185,4,3,Rua São Benedito,Santo Amaro,Apartamento,13270
70,2,1,Rua Tijucas do Sul,Jardim Cocaia,Casa,2640
57,2,1,Praça Conde Pedro Leonelli,Vila Rosália,Apartamento,2298
185,2,3,Rua João Moura,Pinheiros,Apartamento,13160
42,1,0,Rua Luís do Paço,Tatuapé,Studio e kitnet,1578
109,3,2,Rua Ipiranga,Jardim Aeroporto,Apartamento,7163
48,1,1,Rua Martim Francisco,Vila Buarque,Apartamento,2658
52,1,1,Rua Roberto Eduardo,Vila Ema,Casa,1397
34,1,1,Rua Casa do Ator,Vila Olímpia,Studio e kitnet,4891
68,3,1,Rua Santa Izabel,Vila Augusta,Apartamento,3289
220,3,2,Rua Albina Barbosa,Aclimação,Casa,6407
92,3,1,Rua Voltolino,Água Rasa,Apartamento,3525
78,3,1,Rua Guian,Vila Campestre,Apartamento,3382
60,2,1,Rua Heitor Peixoto,Cambuci,Apartamento,3102
44,2,0,Rua Joana Pereira Dias,Padroeira,Apartamento,1381
33,1,1,Rua Paim,Bela Vista,Studio e kitnet,1604
75,3,1,Rua Nicolau Pereira Lima,Conjunto Residencial Butantã,Apartamento,3305
70,3,1,Avenida Mazzei,Vila Mazzei,Apartamento,2410
58,2,0,Rua Luís Góis,Mirandópolis,Apartamento,3193
83,3,2,Avenida Delmar,Alphaville Empresarial,Apartamento,5640
40,1,0,Rua dos Marapés,Vila Campestre,Casa,761
95,2,0,Rua Senador Feijó,Sé,Apartamento,2939
35,1,0,Avenida Secundino Domingues,Jardim Independência,Apartamento,1103
90,2,1,Rua Próspero Cesarino Paoliello,Conjunto Residencial Butantã,Casa,2474
30,1,0,Avenida Vereador Abel Ferreira,Chácara Belenzinho,Studio e kitnet,1121
295,4,3,Rua Joaquim José Esteves,Santo Amaro,Apartamento,17640
70,2,1,Rua Coriolano,Vila Romana,Apartamento,9028
77,3,2,Avenida José Antônio Cabral,Jardim Rosa de Franca,Apartamento,2925
90,3,1,Rua Doutor Vicente Giacaglini,Vila Bela,Apartamento,3180
76,3,1,Avenida Engenheiro Thomaz Magalhães,Sítio da Figueira,Apartamento,2543
60,2,0,Avenida São Miguel,Vila Marieta,Casa,1993
25,1,0,Rua Tomaz Paulino de Almeida,Vila Hebe,Studio e kitnet,810
100,3,1,Rua Casa do Ator,Vila Olímpia,Apartamento,5671
155,3,3,Rua Osiris Magalhães de Almeida,Jardim Monte Kemel,Casa em condomínio,4960
18,1,0,Rua Francisca Miquelina,Bela Vista,Studio e kitnet,3569
110,3,2,Alameda Itu,Cerqueira César,Apartamento,7920
59,3,1,Rua Bonifácio Veronese,Jardim Jaqueline,Apartamento,4452
300,4,4,Rua dos Guaxins,Planalto Paulista,Casa,8840
26,1,0,Rua Professor Doutor José Marques da Cruz,Jardim das Acácias,Studio e kitnet,3889
70,2,1,Avenida Trindade,Bethaville I,Apartamento,3804
37,2,0,Rua Virgínia,Vila Carrao,Apartamento,1808
90,2,1,Rua Londres,Vila Londrina,Casa,2175
90,2,1,Rua Cônego Sangirardi,Vila Siqueira (zona Norte),Casa,1843
70,2,2,Rua Doutor Laerte Setúbal,Vila Suzana,Apartamento,3810
42,2,0,Avenida dos Ourives,Jardim São Savério,Apartamento,1680
140,4,2,Avenida Interlagos,Jardim Umuarama,Casa em condomínio,6039
48,1,0,Rua Tabantinguera,Sé,Apartamento,1646
110,2,2,Rua Tebas,Jardim Brasil (zona Sul),Apartamento,8878
40,1,1,Alameda Mamoré,Alphaville Industrial,Apartamento,5056
38,1,0,Rua dos Carmelitas,Sé,Studio e kitnet,1377
166,2,1,Rua Açatunga,Vila Congonhas,Casa,4575
69,2,1,Avenida Doutora Ruth Cardoso,Pinheiros,Apartamento,5202
130,3,1,Rua José Maria Ressuto,Imirim,Casa,2606
30,1,0,Rua Sapucaia,Alto da Mooca,Apartamento,1680
68,2,0,Rua Doutor César,Santana,Apartamento,2909
160,3,1,Rua Padre João Manuel,Cerqueira César,Apartamento,13590
28,1,0,Rua da Consolação,Consolação,Studio e kitnet,1914
69,2,0,Rua Ofélia,Pinheiros,Apartamento,4360
87,2,0,Rua Antônio Lôbo,Penha de França,Apartamento,2583
180,1,0,Estrada do Sabão,Jardim Maristela,Casa,814
50,2,1,Rua Alvorada,Vila Olímpia,Apartamento,7067
51,2,1,Rua Torquato Neto,Brás,Apartamento,2898
42,1,1,Rua Francisco Rossano,Sítio da Figueira,Apartamento,2524
43,2,0,Rua Intendência,Brás,Apartamento,1962
47,1,0,Rua Conde Sarzedas,Sé,Apartamento,1758
58,2,1,Rua Barros Sobrinho,Vila Ema,Apartamento,2545
35,1,0,Rua Sebastião de Mello Dias,Jaguaribe,Apartamento,1132
190,4,3,Rua Tacomaré,Parque da Mooca,Apartamento,13520
30,1,1,Rua Séttimo Giannini,Jardim Lallo,Studio e kitnet,1142
230,3,3,Avenida Doutor Altino Arantes,Vila Clementino,Apartamento,15500
51,1,2,Rua Hanna Abduch,Vila Palmeiras,Casa,1612
69,1,1,Rua Galeno de Almeida,Pinheiros,Apartamento,8202
160,4,3,Rua Antônio Júlio dos Santos,Fazenda Morumbi,Apartamento,5454
55,2,1,Rua Paracatu,Parque Imperial,Apartamento,2603
152,3,1,Alameda dos Arapanés,Moema,Apartamento,6632
35,2,0,Rua Engenheiro André Paulo,Vila Matilde,Apartamento,1407
29,1,0,Rua Glória do Goitá 335 Apt 112,Jardim Independência,Studio e kitnet,1411
39,1,0,Rua Brigadeiro Tobias,Centro Histórico de São Paulo,Apartamento,1749
37,1,0,Parque Dom Pedro I,Vila Invernada,Apartamento,1632
64,1,0,Avenida Nove de Julho,Bela Vista,Apartamento,3057
40,1,1,Rua Jatobás,Vila Parque Jabaquara,Apartamento,2701
43,1,1,Rua Augusto dos Anjos,Melville Empresarial Ii,Apartamento,3227
52,2,0,Avenida Duque de Caxias,Campos Elíseos,Apartamento,1858
35,0,0,Avenida São João,Santa Cecilia,Studio e kitnet,1348
27,1,1,Rua Doutor Melo Alves,Cerqueira César,Studio e kitnet,5452
48,1,0,Rua Major Quedinho,Centro,Apartamento,5019
22,1,0,Rua Coronel Lisboa,Vila Mariana,Apartamento,3853
61,3,1,Avenida Guilherme,Vila Guilherme,Apartamento,4417
49,2,1,Rua Tabatinguera,Sé,Apartamento,2156
50,1,1,Avenida Novo Osasco,Bussocaba,Casa,1040
28,1,0,Rua Francisco Diogo,Parque Peruche,Apartamento,1350
81,2,1,Avenida Nova Cantareira,Tucuruvi,Apartamento,2089
41,1,1,Rua Martins Fontes,Centro,Apartamento,3638
84,2,1,Rua dos Pinheiros,Pinheiros,Apartamento,7081
52,2,1,Rua Sagrado Coração de Jesus,Jardim Iracema,Apartamento,1412
41,2,1,Avenida dos Ourives,Jardim São Savério,Apartamento,1857
80,1,2,Rua Augusto José Pereira,Jardim Maristela,Casa,1194
29,1,0,Rua Santo Antônio,Bela Vista,Apartamento,2199
200,3,2,Rua Nicolau Zarvos,Parque Jabaquara,Casa,4562
78,2,1,Avenida Tiradentes,Jardim Gumercindo,Apartamento,1865
34,2,1,Avenida Mário Lopes Leão,Santo Amaro,Apartamento,3697
36,2,0,Rua Antônio de Godói,Centro,Apartamento,6384
31,1,0,Rua Alves Guimarães,Pinheiros,Studio e kitnet,3917
46,2,1,Rua Condeúba,Vila Carrão,Apartamento,1956
228,3,4,Rua Doutor Oscar Monteiro de Barros,Vila Suzana,Apartamento,12310
138,2,1,Rua Guatapara,Vila Guarani (z Sul),Apartamento,5672
50,1,0,Rua Francisco Rodrigues Alves,Vila Iório,Casa,1016
36,2,0,Rua Professor Vasconcelos Sarmento,Vila Ré,Apartamento,1666
40,1,0,Avenida Tietê,Nova Gerty,Studio e kitnet,1659
30,1,0,Rua Doutor Clemente Jobim,Jardim da Glória,Apartamento,3600
95,3,1,Rua Bartolomeu Feio,Vila Cordeiro,Apartamento,4835
84,2,1,Rua Herculano de Freitas,Bela Vista,Apartamento,6554
68,2,1,Rua Doutor Samuel Porto,Saúde,Apartamento,3632
49,1,1,Rua Maestro Cardim,Liberdade,Apartamento,3225
32,1,0,Rua Tabatinguera,Sé,Apartamento,1281
42,2,0,Rua Josef Kryss,Parque Industrial Tomas Edson,Apartamento,3310
48,1,1,Rua Estado de Israel,Vila Clementino,Apartamento,3289
19,1,0,Rua Coronel Mursa,Brás,Studio e kitnet,2016
40,2,0,Rua Professor Raul Pederneiras,Vila Marte,Apartamento,1556
140,4,2,Avenida Onze de Junho,Vila Clementino,Apartamento,15700
101,2,2,Rua Alcântara Machado,Jardim Utinga,Apartamento,2666
78,2,1,Avenida Portugal,Brooklin Paulista,Apartamento,7953
48,1,0,Rua Armando Bonilha,Vila Bonilha Nova,Casa,1154
60,1,0,Viela Altair,Jardim Palmira,Casa,879
21,1,0,Rua Sarandira,Jaguaré,Casa,1401
170,3,4,Rua Antônio Salema,Vila Morse,Casa,4926
44,1,1,Rua Osório Duque Estrada,Paraíso,Studio e kitnet,7608
37,1,1,Rua Joaquim Guarani,Jardim das Acacias,Studio e kitnet,6401
56,2,1,Rua Doutor João Vieira Neves,Jardim Esmeralda,Apartamento,2197
68,2,0,Rua Henrique Chaves,Jardim Ester Yolanda,Apartamento,2070
63,2,1,Avenida Santo Albano,Vila Vera,Apartamento,3796
88,2,1,Rua Dias Leme,Mooca,Apartamento,3646
50,1,1,Avenida Franz Voegeli,Continental,Apartamento,5632
46,2,0,Rua Custódio de Mendonça,Santana,Apartamento,3785
70,1,1,Rua Santo Amaro,Bela Vista,Apartamento,2586
230,3,5,Rua André Saraiva,Vila Sônia,Casa,7489
90,3,2,Rua Doutor Ferreira Lopes,Vila Sofia,Apartamento,2739
150,2,3,Rua José dos Santos Júnior,Super Quadra Morumbi,Casa,3099
29,1,1,Rua Doutor Cesário Mota Júnior,Vila Buarque,Studio e kitnet,1411
40,1,0,Rua Francisco de Oliveira Braga,Vila Amalia (zona Leste),Casa,1441
41,1,1,Avenida São João,Santa Cecília,Apartamento,1830
33,1,1,Rua Asdrúbal do Nascimento,Bela Vista,Studio e kitnet,2002
250,3,6,Rua Renea Ferreira de Castilho,Super Quadra Morumbi,Casa,4975
100,2,2,Rua Morgado de Mateus,Vila Mariana,Apartamento,7645
31,1,0,Avenida dos Carinás,Indianópolis,Studio e kitnet,3388
43,2,1,Avenida Aparecida do Rio Negro,Jardim Peri,Apartamento,2078
67,2,2,Rua dos Cafezais,Vila Santa Catarina,Apartamento,5316
44,1,0,Rua Conselheiro Ramalho,Bela Vista,Apartamento,2135
100,3,2,Rua Aldeia Vinte de Setembro,Vila Ede,Casa,2817
50,2,0,Rua Terra Roxa,Cidade Mãe do Céu,Apartamento,2503
47,2,1,Rua Vergueiro,Vila Firmiano Pinto,Apartamento,3126
30,1,0,Rua Mineradora de Diamantina,Cidade Continental,Studio e kitnet,1334
30,1,0,Avenida Francisco Rodrigues,Vila Constança,Apartamento,1083
49,1,1,Rua Guararapes,Brooklin Paulista,Apartamento,4074
50,1,0,Rua João Artoni Testae,Jardim Testae,Casa,1042
52,1,0,Rua Toledo Barbosa,Belenzinho,Apartamento,2223
120,3,2,Rua Werner Goldberg,Jardim Tupanci,Apartamento,7174
55,2,0,Praca Marechal,Santa Cecília,Apartamento,3134
78,3,2,"Av. Washington Luis, 1226",Jardim Marajoara,Apartamento,4032
220,6,2,Avenida Paes de Barros,Mooca,Apartamento,6419
60,3,1,Rua Eusébio de Paula Marcondes,Jardim D’abril,Apartamento,1961
40,2,0,Avenida Doutor Bernardino Brito Fonseca de Carvalho,Vila Talarico,Apartamento,1869
68,2,0,Avenida Nove de Julho,Bela Vista,Apartamento,2532
36,2,0,Rua Custódio de Mendonça,Santana,Apartamento,1812
95,2,2,Rua Professor Vahia de Abreu,Vila Olímpia,Apartamento,11460
94,3,1,Avenida Senador Casimiro da Rocha,Mirandópolis,Apartamento,5081
35,2,1,Avenida Rotary,Vila das Bandeiras,Apartamento,2125
93,2,0,Rua Joaquim Antunes,Pinheiros,Apartamento,5194
181,3,2,Rua Santa Luzia,Vila Santa Luzia,Casa,2410
36,1,0,Avenida Duque de Caxias,Campos Elíseos,Apartamento,2787
73,2,1,Rua Parapuã,Itaberaba,Apartamento,4201
168,4,1,Rua Desembargador do Vale,Perdizes,Casa,5852
160,2,1,Avenida Ministro Petrônio Portela,Moinho Velho,Casa,2969
60,2,1,Alameda Jaú,Jardim Paulista,Apartamento,4574
50,2,0,Rua São Quirino,Vila Guilherme,Apartamento,2185
65,2,0,Rua Apa,Campos Elíseos,Apartamento,2553
88,2,1,Rua Eliza Teixeira de Barros,Vila Constança,Casa em condomínio,3307
60,1,0,Rua Uratinga,Vila Palmeiras,Casa,1147
34,1,0,Rua Riskallah Jorge,Centro,Apartamento,1335
61,2,2,Rua das Pitangueiras,Jardim,Apartamento,4955
79,3,2,Avenida Washington Luís,Vila Sofia,Apartamento,4594
142,3,2,Rua Mergenthaler,Vila Leopoldina,Apartamento,11750
22,1,0,Rua Doutor Tomás Alves,Vila Mariana,Studio e kitnet,3116
26,1,0,Avenida Santo Amaro,Vila Nova Conceição,Studio e kitnet,4579
47,1,0,Rua Coronel Morais,Canindé,Apartamento,2016
53,2,2,Rua Osiris Magalhães de Almeida,Jardim Monte Kemel,Apartamento,3031
46,2,1,Rua Padre Mariano Ronchi,Vila Pereira Cerca,Apartamento,2044
50,1,0,Rua Icaraí,Tatuapé,Casa,1176
83,3,1,Rua Aurélia,Vila Romana,Apartamento,3484
35,1,1,Rua Maria Borba,Vila Buarque,Apartamento,2671
27,1,1,Rua Barão de Tatuí,Vila Buarque,Apartamento,2545
24,1,0,Rua Henrique Sertório,Tatuapé,Studio e kitnet,2430
180,3,2,Rua João Ferreira de Abreu,Vila Arriete,Casa,5750
20,1,0,Alameda Jauaperi,Indianópolis,Studio e kitnet,4449
267,3,4,Rua Curupace,Mooca,Casa,9931
50,2,1,Rua Augusto de Mendonça,Vila Dalila,Apartamento,1519
47,2,1,Rua Nova Brasília,Jardim Dona Sinhá,Apartamento,1626
20,1,0,Avenida das Cerejeiras,Jardim Japão,Studio e kitnet,845
200,3,3,Rua Ouro Branco,Jardim Paulista,Apartamento,21530
250,3,0,Rua Professor Bueno dos Reis,Jardim Cachoeira,Casa,2482
115,2,1,Rua Rei Vitório Emanuel,Rudge Ramos,Casa,2696
15,1,0,Avenida César Magnani,Paulicéia,Casa,834
60,1,0,Rua Alessandro Manzoni,Vila Arriete,Apartamento,2407
200,3,2,Rua Francisco Viana,Super Quadra Morumbi,Casa,2953
39,1,0,Praça Carlos Gomes,Centro,Studio e kitnet,1887
40,1,0,Alameda Barros,Santa Cecilia,Apartamento,2596
48,2,0,Rua Eduardo Ferreira Franca,Cursino,Casa em condomínio,1571
480,5,6,Rua Pirandello,Brooklin Paulista,Casa,17370
34,1,0,Rua Iguará,Vila Alpina,Apartamento,1512
122,2,0,Avenida Vieira de Carvalho,República,Apartamento,4774
108,2,1,Rua Barão Triunfo,Brooklin Paulista,Apartamento,6757
45,1,1,Avenida Angélica,Consolação,Studio e kitnet,4901
61,3,1,Rua Hemisfério,Chácara Belenzinho,Casa em condomínio,2275
29,1,0,Avenida Duque de Caxias,Campos Elíseos,Apartamento,1592
47,2,0,Parque Dom Pedro I,Vila Invernada,Apartamento,2053
35,1,1,Rua Engenheiro Jean Buff,Jardim Paraíso,Apartamento,2196
129,3,4,Avenida Assaré,Jardim Sabará,Casa,4695
69,3,1,Rua Deputado Laércio Corte,Paraíso do Morumbi,Apartamento,2881
75,1,0,Rua Firmino de Barros,Vila N Sra de Fatima,Casa,1042
110,2,1,Rua Itapira,Jardim Maria Aparecida,Casa,1563
180,4,2,Rua Domingos Antonio Ciccone,Santo Amaro,Casa,5264
65,1,2,Rua Tuim,Vila Uberabinha,Apartamento,5996
45,1,1,Rua Adolfo Gordo,Santa Cecilia,Studio e kitnet,1971
85,1,3,Rua Pio Xi,Alto da Lapa,Casa,2575
233,4,2,Rua Conceição da Barra,Jardim São Paulo(zona Norte),Casa,4496
68,3,1,Avenida Eliseu de Almeida,Instituto de Previdência,Apartamento,4427
50,1,1,Rua Keisuke Koza,Butantã,Casa,2235
29,1,0,Rua das Flechas,Vila Santa Catarina,Apartamento,2882
73,3,1,Rua Professor José Horácio Meirelles Teixeira,Jardim Londrina,Apartamento,3865
44,1,0,Rua Jesuíno Pascoal,Santa Cecilia,Apartamento,2249
50,1,1,Rua Henrique Fausto Lancellotti,Vila Congonhas,Apartamento,6083
120,3,1,Av. Brigadeiro Luís Antonio,Jardim Paulista,Apartamento,4617
39,2,1,Rua Coelho Barradas,Parque da Vila Prudente,Apartamento,3484
128,3,2,Rua José da Silva Ribeiro,Vila Andrade,Apartamento,6206
60,1,1,Rua Haddock Lobo,Cerqueira César,Apartamento,5969
160,2,2,Rua Professor Miguel Russiano,Vila Aricanduva,Casa em condomínio,7922
45,1,0,Rua Alonso Peres,Vila Sabrina,Casa,1227
27,1,0,Rua Herval,Belenzinho,Studio e kitnet,2793
94,3,2,Rua João Pereira Porto,Vila Cruz das Almas,Casa,4880
98,3,2,Avenida Sapopemba,Vila Regente Feijó,Apartamento,5075
100,3,3,Avenida do Cursino,Saúde,Apartamento,4804
74,2,2,Rua São Benedito,Jardim Novo Santo Amaro,Apartamento,7378
43,1,1,Rua Deputado João Sussumu Hirata,Vila Andrade,Apartamento,2855
34,1,0,Avenida Senador Queirós,Centro Histórico de São Paulo,Studio e kitnet,1438
153,3,2,Rua Salvador Mastropietro,Vila Prudente,Casa,5031
25,1,0,Rua Glicério,Liberdade,Studio e kitnet,1127
120,2,0,Rua Hyde Park,Vila Londrina,Casa,1991
294,3,6,Rua Diogo Ribeiro,Tremembé,Casa,14200
29,1,1,Rua Frei Caneca,Consolação,Studio e kitnet,2631
239,3,2,Alameda Jaú,Jardim Paulista,Apartamento,15910
34,1,0,Rua Amadis,Ipiranga,Apartamento,1621
43,2,1,Avenida Marginal,Vila Cristalia,Apartamento,1557
85,3,1,Avenida Padre José Maria,Santo Amaro,Apartamento,3754
44,1,0,Avenida Senador Teotônio Vilela,Cidade Dutra,Apartamento,1482
95,2,1,Rua Diogo Pereira,Super Quadra Morumbi,Apartamento,2546
44,1,0,Rua Francisca Miquelina,Bela Vista,Studio e kitnet,3279
42,1,1,Rua Yvorne,Lauzane Paulista,Apartamento,1906
133,3,3,Travessa Doutor José Corrêa de Meira,Rio Pequeno,Casa,4215
60,2,0,Rua Alves Ribeiro,Cambuci,Apartamento,2028
45,2,0,Rua Amambaí,Vila Guilherme,Apartamento,1347
67,2,1,Avenida Ministro Petrônio Portela,Vila Amélia,Apartamento,2065
53,1,1,Rua Paim,Bela Vista,Studio e kitnet,4691
180,3,6,Rua Doutor Augusto de Miranda,Pompeia,Casa,6489
96,3,1,Avenida Jabaquara,Mirandópolis,Apartamento,5010
35,1,0,Rua Guaianases,Campos Elíseos,Apartamento,1966
21,1,1,Rua Ferrúcio Dupré,Vila Friburgo,Casa,1020
200,4,3,Rua Uberlândia,Vila Polopoli,Casa,7209
35,1,0,Rua Gravi,Vila da Saúde,Casa,1424
20,1,0,Rua Santa Madalena,Bela Vista,Apartamento,2870
86,3,2,Rua Dona Gertrudes Jordão,Jaraguá,Casa em condomínio,3196
36,2,1,Rua Asdrúbal do Nascimento,Bela Vista,Apartamento,3234
61,2,1,Avenida Sarah Veloso,Veloso,Apartamento,3517
212,3,2,Avenida Jandira,Indianópolis,Apartamento,17250
224,3,4,Rua Itapimirum,Vila Andrade,Apartamento,10310
51,2,2,Rua Américo Brasiliense,Chácara Santo Antônio (zona Sul),Apartamento,4860
36,1,0,Rua Maria Borba,Vila Buarque,Studio e kitnet,2015
63,2,1,Rua José Fernandes Caldas,Vila Santa Teresa (zona Sul),Apartamento,2415
52,2,1,Rua Aquiles Jovane,Jardim Celeste,Apartamento,1863
60,1,0,Rua Olívia Guedes Penteado,Socorro,Studio e kitnet,1409
26,1,0,Avenida Nove de Julho,Bela Vista,Studio e kitnet,1629
84,3,2,Rua Rodovalho da Fonseca,Pari,Apartamento,6938
78,2,1,Rua Pedro Madureira,Jardim São Paulo(zona Norte),Apartamento,2404
34,2,0,Rua Wilson Ribeiro Bonfim,Jardim Marajoara,Apartamento,2139
43,2,0,Avenida Professor Miguel Franchini Neto,Loteamento City Jaragua,Apartamento,2000
62,2,1,Rua Alba,Vila Parque Jabaquara,Apartamento,2590
45,2,1,Avenida Sapopemba,Jardim Utinga,Apartamento,1575
66,3,1,Rua Eleutério,Vila Camilópolis,Apartamento,1800
216,4,3,Av. Damasceno Vieira,Vila Mascote,Apartamento,9123
193,3,5,Rua Itaguassú,Rudge Ramos,Casa,4227
126,2,0,Rua Dona Antônia de Queirós,Higienópolis ,Apartamento,3469
295,4,3,Rua Aramanaí,Vila Madalena,Casa,15300
55,2,2,Avenida dos Imarés,Indianópolis,Apartamento,4210
31,1,0,Rua Aguiar de Barros,Bela Vista,Apartamento,4096
130,6,2,Rua Purpurina,Sumarezinho,Casa,10040
30,1,1,Rua Doutor Ivo Define Frasca,Vila Olímpia,Studio e kitnet,4545
41,1,1,Rua José Maria Lisboa,Jardim Paulista,Apartamento,6536
400,4,3,Rua Jandiro Joaquim Pereira,Jardim Leonor,Casa,9656
464,4,5,"Santo Amaro, São Paulo - Sp, 04741-178, Brasil",Santo Amaro,Casa,15000
240,3,3,Rua George Oetterer,Vila Pauliceia,Casa,7269
75,2,1,Rua José Antônio Coelho,Vila Mariana,Apartamento,3421
80,3,1,Rua Primeiro de Março,Vila Clementino,Apartamento,3813
70,2,1,Avenida João Dias,Santo Amaro,Apartamento,4215
150,4,2,Rua Arão Adler,Parque Continental,Casa,4510
33,1,1,Rua Alfredo Pujol,Santana,Studio e kitnet,2945
45,1,1,Rua Álvaro de Carvalho,Centro,Studio e kitnet,2766
108,3,0,Rua Oscár Thompson,Barra Funda,Apartamento,3914
41,1,0,Praça da República,República,Apartamento,1920
145,3,2,Rua Professor Hilário Veiga de Carvalho,Vila Suzana,Apartamento,6410
130,3,2,Rua Monsenhor Castro Nery,Parque Maria Domitila,Casa,4170
65,1,2,Rua Alves Guimarães,Pinheiros,Apartamento,7434
119,3,2,Rua Antônio Júlio dos Santos,Fazenda Morumbi,Apartamento,4337
82,3,0,Rua Jaceru,Vila Gertrudes,Casa,3398
59,2,1,Rua Maestro Cardim,Liberdade,Apartamento,5179
40,1,0,Rua Doutor Solon Fernandes,Vila Rosalia,Studio e kitnet,1416
350,3,4,Rua Barra Mansa,Jardim Franca,Casa,6741
30,1,1,Alameda Eduardo Prado,Campos Elíseos,Apartamento,2299
62,2,1,Avenida Intercontinental,Jardim Jussara,Apartamento,2362
39,1,0,Rua Carlos Vicari,Barra Funda,Studio e kitnet,3220
69,2,1,Rua Relíquia,Jardim das Laranjeiras,Apartamento,2581
340,4,5,Rua Doutor José Carlos de Toledo Piza,Vila Andrade,Apartamento,7701
64,2,2,Rua Jose Ataliba Ortiz,Vila Mangalot,Apartamento,3893
104,2,1,Rua José Sebastião de Sá,Jardim do Carmo,Casa em condomínio,4112
400,4,4,Rua Cônego Antônio Lessa,Parque da Mooca,Casa,7132
40,1,0,Rua Evans,Vila Matilde,Apartamento,1812
45,2,0,Rua Firmiano Cardoso,Chácara Cruzeiro do Sul,Apartamento,1569
41,2,0,Avenida Engenheiro Heitor Antônio Eiras Garcia,Jardim Esmeralda,Apartamento,2209
120,3,3,Rua Coronel João Gabi,Jabaquara,Casa,4252
35,1,0,Rua Oásis,Jardim Oriental,Apartamento,1332
52,2,1,Rua Rubiaceia,Vila Lucinda,Apartamento,1912
36,1,1,Rua dos Timbiras,Santa Efigênia,Apartamento,2464
127,3,2,Avenida Esperança,Centro,Apartamento,6326
93,2,2,Rua Henri Dunant,Santo Amaro,Apartamento,10550
38,1,1,Rua Canuto Borelli,Vila Castelo,Apartamento,3519
47,1,0,Vp Mangarataia,Jardim Brasil (zona Norte),Casa,943
39,1,1,Rua Djalma Coelho,Sumarezinho,Apartamento,5583
52,2,1,Rua Baía Grande,Vila Bela,Apartamento,2609
180,4,3,Rua Kaoru Oda,Vila Sonia,Casa,4394
47,1,0,Avenida Brigadeiro Faria Lima,Jardim Toscana,Apartamento,1363
60,2,1,Rua Alba,Vila Parque Jabaquara,Apartamento,2789
260,3,2,Rua Celeste de Souza Cardi,Jardim das Vertentes,Casa,4291
60,2,1,Rua Doutor Augusto de Miranda,Vila Pompéia,Apartamento,4525
54,2,0,Travessa dos Manacás,Parque Assunção,Apartamento,1442
41,2,1,Rua Luís Filipe Alberti,Jardim Maringá,Apartamento,1951
45,2,1,Rua Geni Clara Baroni Palma,Vila Esperança,Casa em condomínio,1262
50,2,1,Rua Padre Jerônimo Vermin,Jardim Maria Estela,Apartamento,2121
152,3,2,Rua Coronel Paulo Souza Barros,Jardim Pinheiros,Casa,2867
178,3,3,"Rua Aureliano Leal - Santana, São Paulo - Sp, Brasil",Água Fria,Apartamento,6879
67,2,2,Rua Capote Valente,Pinheiros,Apartamento,9933
62,2,1,Avenida Francesco Del Cossa,Vila Santa Teresa (zona Sul),Apartamento,2830
89,2,1,Rua Dias Leme,Mooca,Apartamento,4872
33,1,0,Rua Cardoso de Almeida,Perdizes,Studio e kitnet,4116
160,3,0,Avenida Vila Ema,Vila Prudente,Casa,3065
70,2,1,Rua Forte da Lagoa,Vila Nivi,Casa,3075
33,1,0,Rua Alves Guimarães,Pinheiros,Apartamento,3677
238,3,2,Rua Cornélio Schimidt,Parque Jabaquara,Casa,3945
40,1,0,Rua Pirajá,Mooca,Casa,1288
350,5,5,Rua Doutor Martins de Oliveira,Jardim Londrina,Casa,13550
117,3,1,Rua Juatuba,Sumarezinho,Apartamento,7978
30,1,0,Rua João Álvares Soares,Campo Belo,Casa,1199
225,3,0,Rua dos Paulistanos,Vila Paulista,Casa,4294
310,3,3,Rua Eça de Queiroz,Vila Mariana,Apartamento,13380
45,1,1,Praça Barão de Itaqui,Vila Gomes Cardim,Apartamento,3058
57,2,1,Rua Ipaobi,Vila Babilonia,Apartamento,2472
104,3,2,Rua do Símbolo,Jardim Ampliação,Apartamento,3776
72,3,1,Rua Desembargador Júlio César de Faria,Jardim Bonfiglioli,Apartamento,2449
43,1,0,Viaduto Dona Paulina,Centro,Studio e kitnet,1467
52,1,0,Rua Luís Romanini,Vila Anadir,Casa,1137
70,1,1,Rua Uruguai,Jardim D’abril,Casa,2751
65,3,2,Rua Piraçununga,Vila Bertioga,Apartamento,2658
312,3,4,Rua Leme do Prado,Santo Amaro,Apartamento,21280
74,1,2,Rua Diogo Jácome,Moema,Apartamento,13280
55,1,1,Rua Said Aiach,Paraíso,Apartamento,6524
234,2,2,Rua Santa Terezinha,Vila Yara,Casa,3940
200,3,2,Rua Isabel Maria Garcia Parra,Lauzane Paulista,Casa,3232
60,1,0,Rua Fábio Ferreira Veloso,Vila Regina,Casa,865
356,4,2,Rua Itápolis,Pacaembu,Casa,10410
70,2,0,Avenida Itaberaba,Nossa Senhora do Ó,Apartamento,1968
74,2,1,Rua Oscar Thompsson,Barra Funda,Apartamento,3643
37,1,1,Rua Gerivatiba,Butantã,Studio e kitnet,7758
50,2,1,Rua Jacinto,Jardim das Flores,Casa,1611
160,3,2,Rua Orozimbo Maia,Alto da Mooca,Casa,11240
48,2,0,Rua Adolfo Schnabel,Vila Ema,Apartamento,1998
140,3,3,Rua José de Rezende Costa Filho,Vila São Pedro,Casa,6758
56,2,1,Rua Barão do Bananal,Vila Pompéia,Apartamento,3937
77,3,0,Rua Monte Serrat,Alto da Mooca,Apartamento,3119
359,4,4,Rua Doutor Rubens de Azevedo Marques,Chácara Monte Alegre,Casa,13840
50,2,1,Rua Abílio Soares,Paraíso,Apartamento,4340
30,1,0,Avenida Cásper Líbero,Centro,Apartamento,1490
62,3,1,Rua Leopoldo Miguez,Cambuci,Apartamento,2286
26,1,0,"R. Afonso Braz - Vila Nova Conceição, São Paulo - Sp, Brasil",Vila Nova Conceição,Studio e kitnet,4145
60,2,0,Rua Manuel Antônio Fonseca,Vila Penteado,Casa,1287
84,3,2,Avenida Doutor Luís Rocha Miranda,Jabaquara,Apartamento,4931
35,1,0,Rua Ribeiro do Vale,Brooklin Paulista,Studio e kitnet,4384
64,2,1,Avenida Professor Francisco Morato,Vila Sônia,Apartamento,4646
128,3,0,Rua Santa Teresinha,Santa Terezinha,Casa,3490
87,3,2,Rua Padre Machado,Bosque da Saúde,Apartamento,7009
70,2,1,Rua Lourenço Collino,Presidente Altino,Casa,1647
45,2,1,Rua Ribeirópolis,Vila Independência,Apartamento,2478
49,1,0,Rua Genebra,Bela Vista,Apartamento,1810
87,2,0,Rua Nova Serrana,Jardim Maringa,Apartamento,1680
31,1,0,Avenida Thomas Edison,Barra Funda,Apartamento,1872
42,1,1,Rua Brás Cardoso,Vila Nova Conceição,Apartamento,9291
51,2,0,Rua Doutor Odilon Ribeiro,Vila Monumento,Casa,1976
79,2,0,Avenida da Liberdade,Liberdade,Apartamento,3115
55,2,1,Rua Conde Luiz Eduardo Matarazzo,Vila São Silvestre,Apartamento,1811
66,2,1,Rua Pereira Barreto,Santo Amaro,Apartamento,6066
60,1,1,Rua Carlos Comenale,Bela Vista,Apartamento,4117
100,2,2,Rua Anhanguera,Vila Curuçá,Casa,2127
43,1,0,Rua Correia de Lemos,Chácara Inglesa,Apartamento,2952
205,3,4,Rua Domiciano Leite Ribeiro,Vila Guarani (zona Sul),Casa,4045
52,2,2,Avenida Doutor Gentil de Moura,Ipiranga,Apartamento,3692
52,2,1,Rua Agostinho Navarro,Conceicao,Apartamento,1415
29,1,0,Avenida das Ameixeiras,Taboão,Casa,655
75,2,1,Rua Pascal,Campo Belo,Apartamento,5191
350,3,2,Rua Cuxiponés,Jardim Vera Cruz,Casa,7690
62,2,1,Rua Professor Aristides de Macedo,Vila Mariana,Apartamento,2996
58,2,2,Rua Jaguaré,Jaguaré,Apartamento,2869
67,2,1,Avenida José Galante,Vila Suzana,Apartamento,3916
98,3,3,Rua Alice Manholer Piteri,Vila Osasco,Apartamento,5440
70,2,0,Rua Paulino de Brito,Jardim Brasil (zona Norte),Casa,1499
70,2,2,Rua Benedito Otoni,Penha de França,Casa em condomínio,2535
51,2,0,Rua Agostinho Gomes,Ipiranga,Apartamento,2431
31,1,0,Rua Bartholomeu do Canto,Vila Palmeiras,Apartamento,2166
50,1,0,Rua Helena do Sacramento,Vila Guaca,Casa,1283
34,1,1,Rua Apeninos,Aclimação,Apartamento,4314
34,1,0,Rua Tabatinguera,Sé,Apartamento,1406
81,3,1,Avenida Pompéia,Vila Pompéia,Apartamento,5073
22,1,1,Rua Tabatinguera,Sé,Studio e kitnet,2875
53,2,1,Avenida Kenkiti Simomoto,Jaguaré,Apartamento,4721
33,1,1,Rua Michigan,Cidade Monções,Studio e kitnet,4106
53,2,1,Av Dr Assis Ribeiro,Engenheiro Goulart,Apartamento,1562
59,2,2,Praça Visconde de Sousa Fontes,Parque da Mooca,Apartamento,3785
340,4,2,Rua Manuel Cherem,Vila Paulista,Casa,4550
31,0,0,Rua Doutor Ângelo Vita,Vila Zilda,Studio e kitnet,2366
63,2,1,Rua Professor Soriano Magalhães,Jardim Promissão,Apartamento,3129
95,2,2,Rua Doutor Augusto de Miranda,Vila Pompéia,Apartamento,7741
50,1,1,Rua Gregório Ferreira,Pedreira,Casa,1227
170,3,3,Alameda dos Tacaunas,Planalto Paulista,Casa em condomínio,8426
80,3,0,Rua José Pedro Zanardi,Vila Hulda,Apartamento,1700
126,3,3,Rua Helena,Vila Olímpia,Apartamento,17410
83,2,1,Rua Édison,Campo Belo,Apartamento,6618
79,2,1,Rua Sepetiba,Siciliano,Casa,4161
37,1,0,Rua Alves Cardoso,Vila Maria Alta,Apartamento,1296
50,2,0,Rua Anísio Moreira,Parque Peruche,Casa em condomínio,2549
50,2,1,Rua Francisca Júlia,Santana,Apartamento,2685
37,1,0,Praça Pedro Lessa,Centro Capital,Studio e kitnet,1696
65,2,1,Rua Ibitirama,Vila Prudente,Apartamento,3471
84,3,2,Rua José Baltore,Jardim Mangalot,Casa,2814
156,4,2,Rua Simões Magro,Jabaquara,Casa,4616
40,2,0,Rua Adolfo Schnabel,Vila Ema,Apartamento,1562
40,2,1,Rua Dom José Marcondes,Jardim Almanara,Apartamento,1944
39,1,1,Rua Bacairis,Vila Formosa,Studio e kitnet,2698
130,2,1,Rua Eduardo Luiz de Carvalho,Jardim Almeida Prado,Casa,2606
250,4,3,Rua Giusepe Ferrari,Umuarama,Casa,6530
75,2,1,Rua José Alves,Jardim Roberto,Casa,1775
20,1,0,Avenida São Miguel,Vila Marieta,Studio e kitnet,1233
13,1,0,Rua Manoel Fernandes Lopes,Mauá,Casa,840
64,2,1,Avenida Nova Cantareira,Tucuruvi,Apartamento,2227
49,1,1,Rua Nicolau Barreto,Vila Cordeiro,Apartamento,4138
45,1,0,Rua Martins Pais,Vila Laís,Casa,1351
78,2,0,Rua Maestro Elias Lobo,Jardim Paulista,Apartamento,5696
50,3,1,Rua José da Costa de Andrade,Jardim Santa Terezinha (zona Leste),Apartamento,1757
435,4,6,Rua Ingá,Parque Mandaqui,Casa,12060
25,1,1,Rua José Mandotti,Vila Augusta,Studio e kitnet,2418
65,1,0,Avenida Ernesto Souza Cruz,Cidade Antônio Estevão de Carvalho,Casa,1251
120,3,2,Rua Professor Oliveira Fausto,Alto da Mooca,Casa,5284
43,2,0,Rua Miguel Rachid,Vila Paranagua,Apartamento,1378
50,2,0,Rua Tamboril,Parada Inglesa,Apartamento,3720
11,1,0,Rua Vergueiro,Liberdade,Studio e kitnet,2651
51,2,0,Rua José Arzão,Vila Andrade,Apartamento,3529
62,2,2,Rua Campo Comprido,Vila Romero,Apartamento,3188
39,1,0,Avenida Tiradentes,Jardim Santa Edwirges,Casa,971
250,3,3,Rua Guilherme Asbahr Neto,Chácara Monte Alegre,Casa,6665
61,2,2,Alameda Ministro Rocha Azevedo,Cerqueira César,Apartamento,11410
63,1,1,Rua Professor Ciridião Buarque,Vila Anglo Brasileira,Apartamento,4621
180,4,1,Rua Haddock Lobo,Cerqueira César,Apartamento,7110
70,3,0,Rua Conceição do Castelo,Burgo Paulista,Casa,1676
187,4,3,Alameda Ministro Rocha Azevedo,Cerqueira César,Apartamento,17130
50,2,1,Rua Patumi,Vila Beatriz,Casa em condomínio,1709
258,4,2,Avenida Paes de Barros,Mooca,Apartamento,7550
46,2,1,Rua Agrimensor Sugaya,Colônia (zona Leste),Apartamento,1737
100,3,0,Avenida Sapopemba,Vila Invernada,Casa,2682
140,3,2,Rua Pedro Machado de Mello,Interlagos,Casa,3105
46,2,1,Rua Manoel Salgado,Vila Caraguatá,Apartamento,1904
44,2,1,Avenida Guarulhos,Ponte Grande,Apartamento,2317
82,3,2,Rua Gonzaga Franco,Vila Guiomar,Apartamento,3544
50,1,0,Rua Ana Cintra,Campos Elíseos,Apartamento,2003
30,1,0,Rua Frei Gaspar,Mooca,Apartamento,1814
350,5,2,Rua Ministro Sinésio Rocha,Vila Anglo Brasileira,Casa,8810
70,2,1,Rua Águas Claras,Jardim Peri,Casa em condomínio,1814
50,2,1,Rua Doutor Luiz Migliano,Jardim Caboré,Apartamento,2494
29,1,0,Travessa Victório Gnan,Jardim das Laranjeiras,Apartamento,1138
61,2,1,Rua Antônio Dias da Silva,Vila Amalia (zona Norte),Apartamento,2108
120,3,3,Rua São Paulo Antigo,Real Parque,Apartamento,11940
50,2,0,Rua Barbacena,Sapopemba,Casa,1222
50,1,0,Rua Brigadeiro Godinho dos Santos,Vila Pirituba,Apartamento,1194
560,6,6,Avenida Praia Grande,City Bussocaba,Casa,6483
28,1,0,Rua Agissê,Sumarezinho,Apartamento,4579
50,1,0,Rua Duarte Moreira,Vila Miriam,Casa,719
180,3,2,Rua João Serrano,Sítio do Morro,Casa,3404
240,3,2,Rua Tucuna,Perdizes,Casa,8877
40,1,0,Rua Joaquim Loyola,Raposo Tavares,Studio e kitnet,1211
54,1,1,Rua Santo Antônio,Bela Vista,Studio e kitnet,3755
35,1,0,Rua Cônego Vicente Miguel Marino,Barra Funda,Casa,1613
200,3,1,Rua Alberto Afonso Martins,Vila Mariana,Apartamento,5198
75,2,0,Rua Antônio Dias da Silva Casa N° 2,Vila Amália (zona Norte),Casa,1300
60,1,0,Rua Eunice,Vila Ré,Casa,1199
64,2,2,Rua Dom Estevão Pimentel,Chácara Belenzinho,Casa em condomínio,3078
250,2,3,Rua Doutor César Salgado,Vila Praia,Casa,4691
44,2,0,Avenida Lauro Xerfan,Jardim Iva,Apartamento,2337
30,1,0,Rua Taciba,Vila Babilonia,Apartamento,1172
229,3,2,Rua Andaquara,Vila Anhangüera,Casa,13120
120,2,1,Rua Abagiba,Saúde,Casa,2064
28,1,0,Rua João Manuel,Chácara Califórnia,Apartamento,1790
65,2,2,Avenida Doutor Augusto de Toledo,Santa Paula,Apartamento,4178
242,4,2,Rua Osório Duque Estrada,Paraíso,Casa,17840
73,3,2,Avenida Elísio Teixeira Leite,Vila Brasilândia,Apartamento,3330
40,1,0,Praça Pedro Lessa,Centro,Studio e kitnet,1759
85,3,2,Avenida Mascote,Vila Mascote,Apartamento,4201
60,2,0,Rua Doutor Nicolau de Sousa Queirós,Vila Mariana,Apartamento,2799
127,3,3,Rua Félix Pacheco,Parada Inglesa,Apartamento,9142
53,2,1,Rua Eugênia Sá Vitale,Vila Santa Luzia,Apartamento,2968
24,1,0,Rua Amaral Gurgel,Vila Buarque,Studio e kitnet,2830
85,1,1,Rua Freire Farto,Jabaquara,Casa,1847
49,2,1,Rua João Simões de Souza,Parque Reboucas,Apartamento,4132
140,3,1,Rua Haddock Lobo,Cerqueira César,Apartamento,7440
50,2,2,Rua Piraçununga,Vila Bertioga,Apartamento,3435
103,3,1,Rua Barão de Tefé,Água Branca,Apartamento,5692
54,2,1,Rua José Soriano de Sousa,Casa Verde Alta,Apartamento,1872
70,2,1,Rua Marília de Dirceu,Jardim Aeroporto,Apartamento,3188
391,4,6,Rua Isabel,Vila Palmares,Casa,4067
120,3,2,Rua Dolores Duran,Vila Basileia,Casa,4645
230,3,3,Rua João Maria da Silva,Jardim dos Prados,Casa,5108
69,1,1,Avenida Mofarrej,Vila Leopoldina,Apartamento,8310
56,2,1,Avenida Elísio Teixeira Leite,Sítio Morro Grande,Apartamento,2796
41,2,0,Rua Manuel Dias de Oliveira,Jardim Alvorada (zona Oeste),Apartamento,1507
92,3,1,Rua Maranhão,Santo Antônio,Apartamento,3080
180,3,4,Alameda Ministro Rocha Azevedo,Jardim Paulista,Apartamento,22540
38,1,0,Rua Abraão Miguel do Carmo,Vila Monte Alegre,Studio e kitnet,2210
80,1,0,Rua Ibó,Vila Regente Feijó,Casa,1827
38,1,0,Avenida Alcântara Machado,Brás,Apartamento,1134
65,2,2,Rua Sampaio Viana,Paraíso,Apartamento,8000
57,2,2,Rua Jaú,Santo Antônio,Apartamento,5198
39,1,0,Rua Alferes Magalhães,Santana,Studio e kitnet,1395
25,1,1,Rua Moraes de Barros,Campo Belo,Casa,2706
37,1,0,Rua Caetano Pinto,Brás ,Apartamento,1773
114,3,2,Rua Martins Fontes,Bela Vista,Apartamento,8679
45,2,1,Av. Benjamin Harris Hunicutt,Portal dos Gramados,Apartamento,1232
140,1,2,Rua João Baldinato,Vila Suzana,Apartamento,7403
22,1,0,Rua Cerqueira César,Centro,Studio e kitnet,938
160,2,1,Avenida João Batista,Centro,Apartamento,2585
63,2,1,Rua Aracuípe,Jardim Prudência,Apartamento,4557
50,1,1,Avenida Jaguaré,Jaguaré,Apartamento,3058
23,1,0,Rua Tabatinguera,Sé,Studio e kitnet,2100
47,2,0,Avenida Padre Arlindo Vieira,Jardim Vergueiro (sacoma),Apartamento,1845
50,1,0,Rua São Nicolau,Santo Antônio,Casa,934
63,2,1,Praça General Porto Carreiro,Jaguaré,Apartamento,4113
67,2,1,Rua Doutor Orlando Zamitti Mammana,Jardim Paraíso,Apartamento,3277
16,1,0,Rua Aguiar de Barros,Bela Vista,Apartamento,2139
140,3,0,Avenida Santa Marina,Vila Albertina,Casa,2341
26,1,0,Rua do Lavapés,Cambuci,Apartamento,1616
30,1,0,Alameda Barros,Santa Cecília,Studio e kitnet,2767
135,4,1,Rua Dona Veridiana,Higienópolis,Apartamento,6236
112,2,2,Rua Deputado Laércio Corte,Recanto Morumbi,Apartamento,4294
70,3,1,Avenida Mofarrej,Vila Leopoldina,Apartamento,5159
43,2,1,Avenida Aparecida do Rio Negro,Jardim Iris,Apartamento,2829
28,1,0,Rua Pentecostes,Vila Califórnia,Casa,758
32,1,0,Rua do Tatuapé,Maranhão,Apartamento,1795
96,3,2,Rua Doutor Luiz Migliano,Jardim Caboré,Apartamento,6889
56,2,2,Rua Rio Verde,Vila Pereira Cerca,Apartamento,4092
54,2,1,Rua Juan Arfe,Vila Cruz das Almas,Apartamento,1998
75,3,1,Rua Santa Romana,Vila Pereira Cerca,Casa,2085
300,4,2,Rua Doutor Miranda de Azevedo,Vila Anglo Brasileira,Casa,8699
39,1,1,Rua Guarapuava,Mooca,Studio e kitnet,3499
33,1,1,Rua Bueno de Andrade,Aclimação,Apartamento,2146
28,1,1,Rua Álvaro de Carvalho,Centro,Apartamento,2560
50,2,1,Rua Doutor Roberto Feijó,Parque da Vila Prudente,Apartamento,3013
100,3,0,Rua Francesco Granacci,Parque São Luís,Casa,1928
48,2,1,Rua Camargo,Paulicéia,Apartamento,1990
80,3,0,Rua Eça de Queiroz,Vila Mariana,Apartamento,2927
500,4,3,Rua Critios,Vila Suzana,Apartamento,18740
71,2,1,Avenida Doutor Luís Rocha Miranda,Jabaquara,Apartamento,3009
200,3,0,Rua Itanhaém,Vila Prudente,Casa,4586
120,2,0,Avenida Carlos Drummond de Andrade,Recanto das Rosas,Casa,1600
320,5,0,Rua Baturité,Aclimação,Casa,8579
45,1,1,Rua Emboaçava,Parque da Mooca,Casa,2292
47,2,1,Avenida Padre Arlindo Vieira,Jardim Vergueiro (sacoma),Apartamento,1816
160,3,2,Rua Almeida Ferraz,Parque Jabaquara,Casa,5475
157,3,1,Rua Manuel da Nóbrega,Paraíso,Apartamento,7418
252,3,3,Rua Emboaçava,Parque da Mooca,Casa,7638
85,2,2,Avenida Lins de Vasconcelos,Cambuci,Apartamento,6579
41,1,1,Rua Humberto I,Vila Mariana,Apartamento,6093
35,2,0,Rua Coronel Mursa,Brás,Apartamento,2985
20,0,0,Rua Santa Madalena,Liberdade,Studio e kitnet,1033
80,2,0,Rua Dúlce Sena Guimarães da Silva,Vila Renata,Casa,2949
90,2,1,Rua General Porfírio da Paz,Vila Bancaria,Casa,1604
39,2,0,Rua Costa Barros,Vila Alpina,Apartamento,1724
125,3,2,Avenida Estados Unidos,Parque das Nações,Apartamento,4462
61,1,1,Avenida Horácio Lafer,Itaim Bibi,Apartamento,10360
180,2,2,Rua Mandiúba,Vila Celeste,Casa,1981
49,1,1,Rua dos Jacintos,Mirandópolis,Apartamento,7685
160,3,4,Rua Forte William,Vila Andrade,Apartamento,10610
90,2,0,Rua dos Donatários,Mooca,Casa,2992
72,3,1,Avenida Engenheiro José Salles,Socorro,Apartamento,4325
27,1,0,Rua Maria Cândida Pereira,Vila São João,Studio e kitnet,2387
30,1,0,Rua Glória,Liberdade,Studio e kitnet,1390
45,1,1,Avenida Bosque da Saúde,Vila da Saúde,Apartamento,3494
145,3,3,Avenida Conselheiro Rodrigues Alves,Vila Mariana,Apartamento,7043
61,1,2,Rua dos Caciques,Vila da Saúde,Apartamento,4200
250,4,2,Rua José Pereira de Carvalho,Vila Lageado,Casa,8045
52,1,0,Avenida Engenheiro George Corbisier,Jabaquara,Casa,1310
30,1,0,Rua Enótria,Vila Mazzei,Apartamento,2092
40,1,0,Rua São Francisco,Sé,Studio e kitnet,1487
28,1,0,Rua Bela Cintra,Consolação,Apartamento,5298
48,2,1,Via Transversal Sul,Novo Osasco,Casa em condomínio,3350
140,3,2,Rua Gastão da Cunha,Vila Paulista,Casa,6303
101,2,2,Rua Senador César Lacerda Vergueiro,Sumarezinho,Apartamento,13480
68,2,1,Rua Democratas,Vila Monte Alegre,Apartamento,3548
172,3,1,Alameda Joaquim Eugênio de Lima,Jardim Paulista,Apartamento,9703
70,2,0,Rua dos Banqueiros,Vila Bancária,Apartamento,1350
60,1,0,Rua Frei Inácio da Conceição,Vila Sao Luis(zona Oeste),Casa,1866
45,2,0,Rua Getúlio Vargas Filho,Cidade Vargas,Apartamento,2544
89,3,2,Rua Paulo Sérgio Oliveira de Aquino,Jardim Maia,Apartamento,3296
70,3,1,Avenida Raimundo Pereira de Magalhães,Jardim Iris,Apartamento,2345
130,3,2,Avenida Ibijaú,Moema,Apartamento,10340
70,1,1,Avenida Piassanguaba,Planalto Paulista,Casa,2353
145,2,1,Rua Arapuru,Planalto Paulista,Casa,5821
55,2,1,Rua Bonifácio Veronese,Jardim Jaqueline,Apartamento,1809
137,3,4,Rua Elizabeth Barbegian Baldinato,Vila Suzana,Apartamento,10620
55,2,1,Rua Dona Ana Neri,Cambuci,Apartamento,2874
90,2,1,Avenida Paes de Barros,Vila Prudente,Casa,2586
45,2,1,Rua Aguapeí,Santa Maria,Apartamento,2024
103,2,2,Rua Jucá Quito,Jardim Santo Antônio,Casa,8365
60,3,1,Avenida João Del Papa,I.a.p.i.,Apartamento,2124
40,1,1,Rua Doutor Rubens Meireles,Várzea da Barra Funda,Apartamento,3500
38,2,0,Rua Jácome Teles de Menezes,Jardim Penha,Apartamento,1357
180,3,2,Rua Major José Marioto Ferreira,Morumbi,Apartamento,4497
160,3,1,Rua Coronel Lisboa,Vila Mariana,Casa,5204
45,2,1,Rua Professor Alves Pedroso,Vila Paulistania,Apartamento,1803
37,1,0,Rua Caminho do Engenho,Ferreira,Apartamento,2524
63,2,1,Rua Alves Guimarães,Pinheiros,Apartamento,6196
49,2,1,Avenida Benjamin Harris Hunnicutt,Vila Bremen,Apartamento,1288
210,3,2,Alameda Jaú,Jardim Paulista,Apartamento,11600
30,1,0,Rua Alberto Moreira Batista Filho,Jardim Japão,Apartamento,996
63,2,0,Avenida Nove de Julho,Bela Vista,Apartamento,2623
200,2,0,Praça Professor José Azevedo Antunes,Lapa,Apartamento,3396
33,1,1,Rua Dionísio da Costa,Vila Mariana,Studio e kitnet,4040
85,1,0,Rua Jaci,Chácara Inglesa,Apartamento,2596
63,3,1,Praça General Porto Carreiro,Jaguaré,Apartamento,2908
45,1,1,Avenida Rouxinol,Moema,Apartamento,3944
40,1,0,Avenida Ipiranga,República,Studio e kitnet,2080
40,1,1,Avenida Brigadeiro Luís Antônio,Bela Vista,Studio e kitnet,3707
52,2,1,Avenida São João Batista,Rudge Ramos,Apartamento,1835
37,1,0,Rua Rubens Sverner,Chácara Santo Antônio (zona Sul),Studio e kitnet,2457
54,2,1,Rua Nova Esperança,Vila Esperança,Casa,1407
75,2,1,Rua Augusto Tolle,Santana,Casa,3242
100,2,0,Travessa Rosa Rodrigues Zerbini,Lauzane Paulista,Casa,1668
130,3,3,Rua Leonardo Cerveira Varandas,Paraíso do Morumbi,Apartamento,8855
54,2,2,Rua David Eid,Vila do Castelo,Apartamento,2939
180,3,5,Avenida Direitos Humanos,Mandaqui,Casa,9341
228,3,4,Rua Marechal Barbacena,Vila Regente Feijó,Apartamento,13660
350,3,1,Rua Alcino Braga,Paraíso,Casa,14590
45,2,1,Rua Bela Cintra,Consolação,Apartamento,6771
40,1,1,Avenida São João,República,Studio e kitnet,3251
121,3,2,Rua Freire de Andrade,Vila Regente Feijó,Apartamento,8878
96,1,2,Rua Almirante Marques de Leão,Bela Vista,Apartamento,5643
280,3,4,Rua Ministro Adauto Lúcio Cardoso,Vila Gomes,Casa,6534
67,2,1,Rua Pascoal Ranieri Mazzilli,Vila Mendes,Apartamento,3169
144,3,3,Rua Coronel Melo de Oliveira,Perdizes,Apartamento,10270
56,1,0,Rua Cuiabá,Alto da Mooca,Apartamento,1927
54,1,2,Rua Bonnard,Alphaville Empresarial,Apartamento,4663
105,3,2,Rua Manuel Álvares da Costa,Jardim Ester Yolanda,Casa,4761
35,1,0,Rua Vicenza,Vila Dom Pedro Ii,Apartamento,1705
85,2,0,Rua Consolação,Cerqueira César,Apartamento,3731
150,3,2,Rua Silva Machado,Vila Carbone,Casa,3073
131,3,2,Rua Hermógenes da Silva,Vila Olinda,Casa,4112
90,3,1,Rua Alberto Savoy,Vila Romero,Apartamento,3133
54,2,1,Rua Pintassilgo,Vila Uberabinha,Apartamento,5765
160,3,3,Rua Pascal,Campo Belo,Apartamento,8899
50,1,1,Rua Vicente Fernandes Pinto,Vila Santo Estefano,Casa,1960
45,1,1,Rua Tuim,Moema,Apartamento,5344
190,3,5,Rua Arizona,Cidade Monções,Casa,5734
30,1,0,Rua Celso Vieira,Vila Pereira Barreto,Apartamento,1178
180,2,5,Rua Cícero Fernandes de Lyra,Jardim Santo Elias,Casa,4698
73,3,1,Avenida Padres Olivetanos,Vila Esperança,Apartamento,4093
100,2,1,Rua Doutor Melo Alves,Cerqueira César,Apartamento,9244
90,1,0,Rua João Francisco Moreira,Jardim Dracena,Casa,1251
75,3,2,Rua da Mooca,Mooca,Apartamento,4896
39,2,0,Rua Bertioga,Chácara Inglesa,Apartamento,3141
450,3,4,Rua Sertões de Canindé,Vila Invernada,Casa,5342
38,1,1,Avenida Bartolomeu de Carlos,Picanço,Apartamento,2652
190,4,2,Avenida João Batista Di Vitoriano,Jardim Consórcio,Casa,4708
70,1,0,Travessa Manuela,Vila Granada,Apartamento,1470
80,2,1,Rua Piatá,Vila Isolina Mazzei,Casa,2290
143,3,2,Rua Capitão Alceu Viêira,Vila Ipojuca,Apartamento,13250
47,2,1,Rua Giácomo Cozzarelli,Vila Santa Teresa (zona Sul),Apartamento,1565
26,1,1,Rua Cândido Vale,Tatuapé,Studio e kitnet,4137
170,4,2,Rua Capitão Alberto Mendes Júnior,Água Fria,Apartamento,9571
96,3,1,Rua Sara Bernhard,Vila Cláudia,Apartamento,2502
69,3,2,Rua Celso Ramos,Vila Andrade,Apartamento,3899
90,2,1,Avenida Othon Luiz Silveira,Jardim Rosa de Franca,Casa,1916
74,3,1,Avenida Guilherme Giorgi,Vila Carrão,Apartamento,3361
40,1,0,Rua Epaminondas Melo do Amaral,Sítio do Mandaqui,Casa,854
60,2,2,Rua Batataes,Jardim Paulista,Apartamento,6232
42,1,2,Avenida Voluntários da Pátria,Tucuruvi,Apartamento,3068
50,2,1,Rua Ibitirama,Vila Prudente,Apartamento,2788
74,2,2,Rua Augusto Soares,Jardim Paramount,Apartamento,4313
54,2,1,Rua Iguaré,Tatuapé,Apartamento,2069
125,3,1,Rua Humberto I,Vila Mariana,Apartamento,8636
28,1,0,Rua do Lavapés,Cambuci,Apartamento,2084
70,1,0,Rua General Gastão Goularte,Vila Guarani (zona Sul),Casa,1530
35,1,0,Rua República Árabe Unida,Taboão,Casa,1022
120,2,2,Rua Soldado Paulo Tansini,Jardim do Papai,Casa,3197
28,1,0,Rua Visconde de Parnaíba,Brás,Studio e kitnet,2512
27,1,1,Rua Voluntários da Pátria,Santana,Studio e kitnet,2744
70,3,1,Rua Maratona,Vila Alexandria,Apartamento,4210
74,2,1,Rua Doutor Guilherme Cristoffel,Santana,Apartamento,3720
44,1,1,Rua Agostinho Gomes,Ipiranga,Apartamento,2851
26,1,0,Rua João Gomes Batista,Jardim Cidalia,Apartamento,1521
76,3,1,Avenida Raimundo Pereira de Magalhães,Jardim Iris,Apartamento,4517
90,1,0,Alameda Santos,Pinheiros,Apartamento,5045
43,2,1,Rua Leopoldo Silingardi,Jardim Las Vegas,Apartamento,2387
55,2,1,Rua Claudionor Barbieri,Vila Isolina Mazzei,Apartamento,1869
66,3,1,Avenida Vila Ema,Vila Ema,Apartamento,3608
40,2,0,Rua Ibiá,Cidade Patriarca,Apartamento,1639
50,2,1,Rua das Palmeiras,Gopouva,Apartamento,2417
28,1,0,Praça Franklin Roosevelt,Consolação,Apartamento,2189
65,2,1,Rua Campo Grande,Padroeira,Apartamento,2483
160,3,3,Rua Forte William,Jardim Fonte do Morumbi,Apartamento,12160
29,1,0,Rua Rêgo Freitas,República,Studio e kitnet,2410
385,4,4,Alameda Topázio,Alphaville,Casa em condomínio,11670
45,2,1,Rua Bazílio da Silva,Jardim Monte Alegre,Apartamento,2376
80,3,1,Travessa Jerônimo Bobadilha,Vila Carmem,Casa,2235
42,1,0,Rua Helvétia,Campos Elíseos,Apartamento,2406
49,2,0,Rua Alves de Almeida,Chácara Belenzinho,Apartamento,8102
40,1,0,Rua Martim Burchard,Brás,Apartamento,3196
185,4,1,Rua Espártaco,Vila Romana,Casa,4013
53,1,0,Avenida Nove de Julho,Bela Vista,Apartamento,2112
49,1,0,Rua Aurora,Santa Efigênia,Studio e kitnet,1489
120,3,1,Rua Moacir Piza,Jardim Paulista,Casa,8540
110,3,1,Rua Dom Lourenço Lumini,Vila Santista,Casa,1525
30,1,0,Avenida Corifeu de Azevedo Marques,Butantã,Studio e kitnet,1266
47,1,1,Rua Borges de Figueiredo,Mooca,Apartamento,4101
70,2,2,Avenida Parada Pinto,Vila Nova Cachoeirinha,Apartamento,3034
120,2,1,Rua Desembargador Carneiro Ribeiro,Parque Artur Alvim,Casa,2293
60,3,0,Avenida Cônego José Salomon,Vila Portugal,Apartamento,1597
55,1,0,Rua Doutor José Cássio Soares,Parque São Lucas,Casa,1182
48,1,1,Alameda dos Aicás,Indianópolis,Apartamento,3632
19,0,0,Rua Joaquim Guarani,Jardim das Acacias,Studio e kitnet,2404
58,2,1,Rua Bresser,Brás,Apartamento,2562
53,2,1,Rua Isabel,Vila Guiomar,Apartamento,3092
23,1,0,Avenida Tomás de Sousa,Jardim Monte Azul,Casa,1303
110,1,1,Rua Francisco Loschiavo,Jardim Almanara,Casa,1563
62,2,1,Rua Danaides,Vila Anhangüera,Apartamento,3307
180,3,2,Rua Michigan,Cidade Monções,Apartamento,12630
75,2,1,Rua Machado Bitencourt,Vila Clementino,Apartamento,3707
68,2,1,Rua Padre Carvalho,Pinheiros,Apartamento,5396
39,1,0,Rua Amaral Gurgel,Vila Buarque,Studio e kitnet,2651
44,2,1,Avenida Aparecida do Rio Negro,Jardim Iris,Apartamento,1912
54,2,1,Rua das Nogueiras,Jardim,Apartamento,3675
70,2,1,Rua Professora Maria Bitencourt Petit,Cidade Ademar,Casa,2189
47,1,1,Rua Davi Hume,Jardim Vila Mariana,Apartamento,4513
103,3,1,Rua Pascal,Campo Belo,Apartamento,5559
100,2,2,Rua Manuel Dias de Oliveira,Jardim Alvorada (zona Oeste),Casa,3127
70,2,0,Rua Argonautas,Vila Formosa,Casa,1824
210,3,3,Rua Tomás Ramos Jordão,Parque Monteiro Soares,Casa,6255
280,3,2,Rua Vapabussu,Jardim Aeroporto,Casa,8415
185,3,3,Rua José de Almeida,Vila Medeiros,Casa,3186
90,2,2,Rua Curituba,Parque São Jorge,Casa,4278
43,1,0,Rua Doutor Fábio Montenegro,Vila Guilhermina,Apartamento,2335
202,3,2,Rua Marechal Hastinfilo de Moura,Vila Suzana,Apartamento,13260
18,1,0,Rua Backer,Cambuci,Studio e kitnet,1392
30,1,0,Rua André Saraíva,Vila Sonia,Casa,1199
50,1,1,Rua Augusta,Consolação,Apartamento,6437
101,3,2,Rua Humberto de Campos,Vila Guarani (zona Sul),Apartamento,4031
125,3,2,Avenida Nova Cantareira,Jardim Leonor Mendes de Barros,Casa,4038
24,1,0,Rua Tabatinguera,Sé,Studio e kitnet,2650
40,1,0,Rua Candiolina Matos de Santana,Parque Continental Ii,Casa,957
38,1,0,Rua Arthur Bliss,Jardim Casablanca,Studio e kitnet,1268
98,3,3,Rua Bela Cintra,Cerqueira César,Apartamento,8754
100,2,1,Travessa Ode Marcial,Vila Dom Pedro Ii,Casa,2871
38,1,0,Rua Serra de Jairé,Quarta Parada,Apartamento,2806
29,1,0,Rua Itapuí,Vila Arriete,Studio e kitnet,950
76,1,0,Av Prestes Maia,Centro Histórico de São Paulo,Apartamento,2478
40,2,1,Rua Simão da Matta,Vila Guarani (zona Sul),Apartamento,2559
75,3,2,Rua Jordânia,Vila Guilhermina,Casa em condomínio,3943
120,3,3,Rua Coronel Deraldo Jordão,Ipiranga,Casa,5962
90,3,2,Rua Tenente Gelás,Tatuapé,Apartamento,3387
23,1,0,Rua Ministro Godói,Perdizes,Studio e kitnet,3695
35,2,1,Avenida Rudge,Barra Funda,Apartamento,2657
30,1,0,Rua Batataes,Jardim Paulista,Studio e kitnet,5724
72,2,0,Rua Bem Vinda Apparecida de Abreu Leme,Santana,Apartamento,2098
57,1,0,Rua Antônio Tavares,Cambuci,Apartamento,2405
35,2,0,Rua Olívia Guedes Penteado,Socorro,Apartamento,2015
55,2,1,Avenida Coronel Francisco Júlio César Alfieri,Vila São Paulo,Apartamento,3206
26,0,0,Rua Frei Caneca,Consolação,Studio e kitnet,3306
82,3,0,Rua Doutor Aires Martins Torres,Vila São Francisco,Apartamento,2707
40,1,0,"R. Durvalino Blanco, 32 - Vila Aurora (zona Norte), São Paulo - Sp, 02410-002, Brasil",Vila Aurora (zona Norte),Casa,899
53,2,1,Rua Liestal,Lauzane Paulista,Apartamento,1844
37,1,1,Avenida Duque de Caxias,Campos Elíseos,Apartamento,4606
80,3,1,Rua Capitão Otávio Machado,Chácara Santo Antônio (zona Sul),Casa,3176
50,1,1,Rua Doutor Mario Rodrigues Louzã,Jardim Sao Jose (sao Mateus),Casa,990
54,2,0,Avenida Manuel Pímentel,Parque Santa Madalena,Casa,1405
65,2,0,Rua Domingos Torres,Casa Verde Média,Apartamento,2136
63,3,1,Rua Isabel de Góis,Jardim Botucatu,Apartamento,2017
55,2,1,Rua Ibitirama,Vila Prudente,Apartamento,3361
60,2,1,Rua Padre Mariano Ronchi,Vila Pereira Cerca,Casa,1251
130,3,3,Rua Itajara,Vila Andrade,Apartamento,9680
26,1,0,Avenida Thomas Edison,Barra Funda,Apartamento,1784
28,1,0,Rua André Domingues,Jardim Paraíso,Casa,1322
42,1,0,Rua Itapicuru,Perdizes,Apartamento,3532
28,1,0,Rua Francisca Miquelina,Bela Vista,Studio e kitnet,2219
67,2,2,Rua Francisco Valente,Jardim Ester Yolanda,Apartamento,3540
35,1,0,Rua da Glória,Liberdade,Apartamento,1684
67,2,1,Rua Carlos Belmiro Correia,Parque Peruche,Apartamento,2310
44,2,1,Rua Savério Quadrio,Parque Ipe,Apartamento,2169
62,3,1,Avenida Doutor Bernardino Brito Fonseca de Carvalho,Vila Talarico,Apartamento,2217
150,2,1,Avenida Miguel Estefno,Vila da Saúde,Casa,2226
28,1,0,Avenida Intercontinental,Jardim Frei Galvao,Casa,802
70,2,0,Rua do Erário,Vila Bertioga,Casa,2320
50,2,1,Rua dos Aliados,Vila Sao Pedro,Apartamento,2850
75,2,1,Rua Hermeto Lima,Vila Alpina,Apartamento,3233
25,1,0,Rua Martins,Butantã,Apartamento,2996
127,3,2,Rua Palene,Vila Guilherme,Casa,3917
82,3,2,Rua Jaboatão,Casa Verde,Apartamento,3257
48,2,1,Rua Coronel Francisco Amaro,Brás,Apartamento,2251
60,1,0,Rua Adolfo Lima Barros,Cidade Líder,Casa,1533
15,1,0,Rua Hermínio Lemos,Cambuci,Studio e kitnet,1194
61,3,1,Avenida Vila Ema,Vila Ema,Apartamento,2532
80,3,0,Rua Inhambú,Vila Uberabinha,Apartamento,4000
110,3,2,Rua Doutor Luiz Migliano,Jardim Vazani,Apartamento,7842
79,3,1,Rua do Acre,Vila Bertioga,Apartamento,4143
65,3,1,Rua Vicente Pereira de Assunção,Vila Constança,Apartamento,2621
107,3,1,Rua Artur de Azevedo,Pinheiros,Apartamento,5446
25,1,0,Avenida Nove de Julho,Bela Vista,Apartamento,2709
350,3,4,Rua Carlos Luís da Silva,Interlagos,Casa,7702
90,3,2,Avenida Coronel Sezefredo Fagundes,Tucuruvi,Apartamento,3989
44,2,1,Rua Gregório Souza,Vila Nova Savoia,Apartamento,1723
52,2,1,Avenida Padre Antônio José dos Santos,Cidade Monções,Apartamento,4792
28,1,0,Avenida Vereador Abel Ferreira,Vila Regente Feijó,Studio e kitnet,1265
80,3,1,Rua Nossa Senhora Mãe dos Homens,Vila Progresso,Apartamento,3706
36,1,0,Rua Conselheiro Furtado,Liberdade,Studio e kitnet,2261
379,5,4,Rua Sumagre,Jardim Cidade Pirituba,Casa,9937
133,2,2,Rua Céu Tropical,Conjunto Residencial Jardim Canaã,Casa,3654
65,2,1,Rua Ática,Jardim Brasil (zona Sul),Apartamento,2225
127,3,2,Rua Henrique Schaumann,Pinheiros,Apartamento,7085
28,1,0,Rua Doutor Clemente Jobim,Jardim da Glória,Apartamento,2477
110,2,1,Rua Aníbal de Matos,Vila Ema,Casa em condomínio,2226
140,3,2,Rua Paolo Coviello,Vila Moinho Velho,Casa,3076
180,3,2,Alameda Ministro Rocha Azevedo,Jardim Paulista,Apartamento,18500
140,3,1,Avenida São Luís,República,Apartamento,7588
56,2,1,Avenida Senador Vergueiro,Anchieta,Apartamento,3130
45,2,2,Rua Capitão José Amaral,Vila Portuguesa,Apartamento,2030
128,2,2,R Joao Cachoeira,Vila Nova Conceição,Apartamento,14120
101,2,2,Avenida Marcos Penteado de Ulhôa Rodrigues,Tamboré,Apartamento,6022
71,2,1,Rua Girassol,Vila Madalena,Apartamento,7076
49,2,1,Rua Bispo Eugênio Demazemod 388 Apto 61,Vila Alpina,Apartamento,1620
41,2,0,Rua Tomé de Lara,Tucuruvi,Apartamento,2019
47,2,1,Rua Celso Ramos,Vila Andrade,Apartamento,4504
30,1,1,Rua Teixeira de Melo,Tatuapé,Studio e kitnet,2664
50,1,0,Rua Padre Raimundo da Silva,Vila California,Casa,990
279,3,0,Rua Heitor Ariente,Vila Sonia,Casa,4033
30,1,0,Rua Celso Vieira,Parque Reboucas,Apartamento,1126
58,1,1,Rua Domingos Ataide,Parque Reboucas,Apartamento,2449
110,2,0,Rua Monte Alto,Cidade Mãe do Céu,Casa,2317
30,1,0,Avenida do Cursino,Saúde,Casa em condomínio,988
56,2,0,Avenida Senador Casemiro da Rocha,Mirandópolis,Apartamento,4532
62,2,1,Rua Comendador Francisco Pettinati,Jardim Monte Kemel,Apartamento,3679
65,1,0,Rua Doutor Djalma Pinheiro Franco,Vila Santa Catarina,Studio e kitnet,2938
32,1,1,Rua Paim,Bela Vista,Studio e kitnet,2894
60,2,0,Rua Itamonte,Vila Medeiros,Casa,1408
22,1,0,Rua João José Pacheco,Jardim Vila Mariana,Studio e kitnet,3438
27,1,0,Rua dos Estudantes,Sé,Apartamento,2863
75,2,1,Avenida Gregório Bezerra,Jardim Primavera (zona Sul),Apartamento,3193
133,3,3,Rua Uratinga,Vila Palmeiras,Casa,4367
28,1,1,Rua Enótria,Vila Mazzei,Studio e kitnet,2079
86,3,1,Rua Bergamota,Alto da Lapa,Apartamento,4108
62,2,1,Rua Claudino Pinto,Brás,Apartamento,2046
90,3,2,Dona Maria Pera,São Judas,Apartamento,4189
80,2,3,Rua Ponta Porã,Vila Ipojuca,Casa,3034
40,1,0,Rua Elias Casseb,Jardim Santa Mônica,Casa,1042
200,3,3,Rua Doutor José Carlos de Toledo Piza,Vila Andrade,Apartamento,10610
70,2,2,Rua Betânia,Parque Oratório,Casa,3923
89,3,1,Rua Xavier da Veiga,Santana,Apartamento,4299
48,2,1,Rua Val de Palmas,Vila Santa Clara,Apartamento,2868
50,1,0,Rua das Carmelitas,Centro Histórico de São Paulo,Apartamento,1581
100,2,0,Rua Pelotas,Vila Mariana,Casa,2909
54,2,0,Rua Oliveira Catrambi,Jardim Vila Formosa,Studio e kitnet,6577
140,3,2,Rua Marina Saddi Haidar,Jardim Umuarama,Casa,4346
105,3,2,Rua João Antônio de Oliveira,Mooca,Apartamento,6434
50,1,0,Rua Antônio Vivaldi,Jardim Guanca,Apartamento,1341
25,2,0,Rua Doutor Gabriel de Resende Filho,Chora Menino,Apartamento,1614
135,3,2,Rua Borges Lagoa,Vila Clementino,Apartamento,6143
75,2,1,Rua Doutor Augusto de Miranda,Pompeia,Apartamento,4503
117,3,2,Rua Domingos Augusto Setti,Jardim Vila Mariana,Apartamento,6989
60,2,1,Avenida Presidente Humberto de Alencar Castelo Branco,Vila Leonor,Apartamento,2388
35,1,0,Rua Paulo Il,Jardim Vitória Régia,Casa,1059
50,2,0,Avenida Tiradentes,Jardim Bom Clima,Casa,1030
463,4,5,Rua Jacatirão,Santo Amaro,Casa,13370
100,4,1,Rua Bueno Brandão,Vila Nova Conceição,Apartamento,7589
120,2,0,Rua Romão Freire,Vila Nilo,Casa,2126
60,1,0,Rua Angá,Vila Formosa,Casa,1576
98,3,1,Rua Paulistania,Sumarezinho,Apartamento,5710
75,2,1,Rua Capitão João Rosa da Cruz,Água Rasa,Casa,2408
60,3,1,Rua Isabel de Góis,Jardim Botucatu,Apartamento,1927
51,2,1,Avenida Henriqueta Mendes Guerra,Vila São João,Apartamento,2288
25,1,0,Rua Álvaro de Carvalho,Centro,Studio e kitnet,3047
80,2,0,Rua Antônio Armando,Vila Bonilha,Casa,1446
80,2,0,Rua Robertson,Cambuci,Casa,2814
48,2,1,Estrada das Rosas,Santa Maria,Apartamento,2004
38,2,1,Avenida Curió,Jardim Campanario,Apartamento,2084
123,3,2,Rua João Anes,Alto da Lapa,Apartamento,5043
48,2,0,Avenida Doutor Orêncio Vidigal,Penha de França,Apartamento,2047
64,2,1,Rua São Gabriel da Palha,Jardim Silvia,Apartamento,1488
140,3,1,Rua Bela Cintra,Consolação,Apartamento,10000
46,2,0,Rua Aparecida Ramos Fuchida,Parque Continental I,Apartamento,1148
140,3,3,Rua João Avelino Pinho Mellão,Fazenda Morumbi,Apartamento,4854
72,3,1,Avenida São Remo,Vila Butantã,Apartamento,2312
150,4,2,Rua Barão do Bananal,Vila Pompéia,Casa,11320
65,2,1,Rua Maria Figueiredo,Paraíso,Apartamento,5311
170,2,2,Rua Guaianaz da Fonseca,Vila Madalena,Casa em condomínio,7343
53,3,1,Avenida do Rio Bonito,Socorro,Casa,3586
116,3,3,Rua Tito,Vila Romana,Apartamento,7922
38,1,0,Rua Marquês Maricá,Sacomã,Studio e kitnet,1053
45,1,1,Alameda Lorena,Jardim Paulista,Studio e kitnet,6409
60,2,1,Rua Doutor Ivo Define Frasca,Vila Olímpia,Apartamento,6242
35,1,1,Rua Coronel Luís Barroso,Santo Amaro,Apartamento,3345
79,2,1,Rua Rio de Janeiro,Osvaldo Cruz,Apartamento,2525
25,1,0,Rua Frei Caneca,Consolação,Apartamento,3088
69,1,0,Rua Antônio Tenreiro,Jardim Sul São Paulo,Casa,868
360,5,4,Rua Ambrizette,Panamby,Apartamento,14870
75,2,0,Rua Saint Hilaire,Jardim Paulista,Casa,4046
70,2,2,Rua Doutor José Elias,Alto da Lapa,Apartamento,8121
65,2,1,Rua Cleonice Cândida Fanani,Jordanópolis,Apartamento,1544
61,2,2,Rua Álvaro Nunes,Vila Congonhas,Apartamento,4947
80,1,0,Rua Tabuaças,Jardim Marília,Casa,1247
107,3,2,Rua Francisco Pessoa,Vila Andrade,Casa em condomínio,7423
33,1,0,Rua 24 de Maio,Centro Histórico de São Paulo,Studio e kitnet,1627
33,1,0,Rua Doutor Almeida Lima,Mooca,Apartamento,2732
40,1,1,Rua Frei Caneca,Consolação,Studio e kitnet,4081
50,2,1,Rua Itanhaém,Vila Prudente,Apartamento,2915
52,1,0,Rua Martins Fontes,Centro,Apartamento,2560
120,3,0,Rua Vespasiano,Vila Romana,Casa,5747
42,1,0,Rua Nilza,Vila Esperança,Apartamento,2121
45,1,0,Rua Jeni Klabin Segall,Sítio do Mandaqui,Casa,707
123,3,2,Avenida Doutor Cardoso de Melo,Vila Olímpia ,Apartamento,10520
28,1,0,Rua Rego Freitas,República,Apartamento,2274
97,3,0,Rua Basílio da Cunha,Vila Deodoro,Apartamento,2697
49,2,1,Rua São Bernardo,Cidade Mãe do Céu,Apartamento,2836
190,3,0,Rua Isidoro de Sevilha,Vila Cleonice,Casa,3050
60,2,1,Rua Doutor Nicolino Morena,Vila Constança,Apartamento,1875
170,3,4,Rua João Cordeiro,Moinho Velho,Casa,3427
130,2,2,Alameda Tietê,Jardim Paulista,Apartamento,12100
140,2,3,Rua Frei Inácio da Conceição,Vila São Luís(zona Oeste),Casa,3153
136,1,2,Rua Minas Gerais,Higienópolis,Apartamento,12760
126,3,1,Rua Cristiano Viana,Cerqueira César,Apartamento,11290
67,2,1,Rua José Tavares Siqueira,Parque São Jorge,Apartamento,5368
39,1,1,Rua Joaquim Lapas Veiga,Jardim D’abril,Apartamento,2114
50,2,0,Rua Nunes Balboa,Vila Carrão,Apartamento,1759
55,2,1,Avenida Rio Bonito,Socorro,Apartamento,3140
58,2,1,Rua Santo Egídio,Santa Teresinha,Apartamento,2199
38,2,1,Rua Correia da Câmara,Vila Tolstoi,Apartamento,2631
90,3,1,Rua Bacaetava,Vila Gertrudes,Apartamento,4991
29,1,0,Rua Enótria,Vila Mazzei,Studio e kitnet,1846
110,2,2,Rua Bragança Paulista,Vila Cruzeiro,Apartamento,7162
180,3,4,Rua Ibitinga,Vila Bertioga,Casa,4721
94,2,1,Rua Abílio Soares,Paraíso,Apartamento,4579
95,3,2,Rua Fernandes Moreira,Chácara Santo Antônio (zona Sul),Apartamento,8563
120,2,0,Rua Abelardo Pinto,Centro Histórico de São Paulo,Apartamento,2272
68,2,2,Rua Butiá,Vila Regente Feijó,Apartamento,3738
77,3,2,Rua João de Sousa Dias,Campo Belo,Apartamento,4425
270,5,2,Avenida Professor José Maria Alkmin,Jardim Ester,Casa,4121
40,1,1,Rua Sansão Alves dos Santos,Cidade Monções,Apartamento,6086
90,2,2,Rua Professora Nícia de Paula,Vila Santa Maria,Casa,2081
360,3,2,Alameda Bertioga,Alphaville,Casa em condomínio,13270
134,3,1,Alameda Lorena,Jardim Paulista,Apartamento,7588
35,1,0,Rua Herculano de Freitas,Bela Vista,Apartamento,2104
102,2,0,Rua País Natal,Jardim Filhos da Terra,Apartamento,7987
54,2,0,Rua Clemente Pereira,Ipiranga,Apartamento,1923
45,2,1,Rua Henrique Casela,Penha de França,Apartamento,2733
48,2,1,Rua Senador Georgino Avelino,Itaquera,Apartamento,2896
48,2,1,Rua Felisbina Ferreira,Vila Carrão,Apartamento,2062
160,3,4,Rua Doutor Augusto de Miranda,Vila Pompéia,Casa,7010
140,3,2,Rua Conselheiro Moreira de Barros,Santana,Apartamento,8399
50,1,0,Rua Américo Garibaldi,Vila Arruda,Casa,1237
250,3,2,Rua Benedito Pereira de Borba,Vila Socorro,Casa,4066
129,3,2,Rua São Paulo Antigo,Real Parque,Apartamento,10300
470,4,5,Rua Maestro Tom Jobim,Jardim Anália Franco,Apartamento,19760
49,2,1,Rua Giácomo Cozzarelli,Vila Santa Teresa,Apartamento,1738
82,1,1,Rua Francisco Leitão,Jardim America,Apartamento,9187
56,2,1,Rua Rubens de Souza Araújo,São Domingos,Apartamento,3194
124,3,2,Rua Manuel da Nóbrega,Paraíso,Apartamento,8533
30,1,0,Rua dos Andradas,Santa Efigênia,Apartamento,1330
48,2,1,Rua Giacomo Cozzarelli,Vila Santa Teresa (zona Sul),Apartamento,1509
60,1,0,Rua Doutor Washington Pedro Lanzzelotti,Novo Osasco,Casa,1251
35,1,0,Rua Conselheiro Ramalho,Bela Vista,Studio e kitnet,1512
27,1,0,Rua Doutor Eduardo de Magalhães Gouveia,Jardim Luísa,Casa,625
99,3,2,Rua Laurentina Jorge Ribeiro,Vila Salete,Casa em condomínio,3642
32,1,0,Avenida Nove de Julho,Bela Vista,Apartamento,2938
50,1,0,Rua Vicente Pereira de Assunção,Vila Constança,Apartamento,1451
65,2,2,Rua Brigadeiro Galvão,Barra Funda,Apartamento,4132
89,3,2,Avenida Mascote,Vila Mascote,Apartamento,3993
50,1,0,Rua Doutor Almeida Nogueira,Penha de França,Casa em condomínio,1865
80,2,0,Rua Labatut,Ipiranga,Casa,2170
68,2,0,Rua Benvinda Aparecida de Abreu Leme,Santana,Apartamento,1799
40,1,1,Rua Piratininga,Jardim Brasília (zona Norte),Apartamento,2195
72,3,1,Rua Doutor João Batista de Lacerda,Quarta Parada,Apartamento,4022
54,1,1,Alameda Santos,Cerqueira César,Apartamento,5486
45,2,0,Rua Carapocaia,Vila Isolina Mazzei,Apartamento,1790
142,3,2,Rua Professor Dorival Dias Minhoto,Lauzane Paulista,Apartamento,8055
40,2,0,Rua Três Rios,Bom Retiro,Apartamento,1690
53,1,0,Avenida Ipiranga,Centro Histórico de São Paulo,Apartamento,1597
37,1,0,Avenida Prestes Maia,Centro,Studio e kitnet,1918
150,2,6,Rua Realismo,Cidade Ademar,Casa,3427
37,1,0,Rua Caetano de Oliveira,Jardim da Glória,Apartamento,1887
68,2,1,Avenida Itaboraí,Bosque da Saúde,Apartamento,5343
153,3,1,Rua Juventus,Mooca,Apartamento,5094
115,2,2,Rua Silveira Martins,Santa Teresinha,Casa,3665
80,2,1,Rua Santo Antônio,Bela Vista,Studio e kitnet,6284
34,1,0,Rua Maria do Carmo,Vila Trabalhista,Casa,1161
36,1,0,Rua Major Quedinho,Centro Histórico de São Paulo,Studio e kitnet,1824
31,1,0,Avenida Cupecê,Jardim Prudência,Apartamento,2194
57,1,1,Rua Jacques Félix,Vila Nova Conceição,Apartamento,5677
64,2,1,Rua João de Laet,Vila Aurora (zona Norte),Apartamento,2664
28,1,0,Rua dos Estudantes,Sé,Apartamento,3130
34,1,0,Avenida São João,República,Studio e kitnet,1470
170,3,1,Rua Francisco Teles Dourado,Jardim Prudência,Casa,3239
40,1,0,Rua Caetanópolis,Jaguaré,Casa,1471
98,2,2,Alameda Amazonas,Alphaville Industrial,Apartamento,8136
240,3,2,Rua Otávio Marques,Vila Eldízia,Casa,3610
69,1,4,Rua Curumataí,Vila Santa Virginia,Casa,1751
70,1,0,Rua Gandavo,Vila Clementino,Apartamento,3366
53,2,0,Rua Visconde de Parnaíba,Mooca,Apartamento,2324
30,1,0,Rua Barão de Loreto,Vila São José,Studio e kitnet,1696
240,4,1,Rua Haddock Lobo,Consolação,Apartamento,19590
66,2,1,Alameda Grajaú,Alphaville Industrial,Apartamento,4053
45,1,1,Rua José Acioli,Vila Guarani(zona Leste),Casa,1042
42,1,1,Rua Leopoldo Couto de Magalhães Júnior,Itaim Bibi,Apartamento,4591
125,1,1,Rua Padre Guido Del Toro,Chácara Inglesa,Casa,2254
202,3,5,Rua Santina da Costa,Vila Campesina,Casa,4925
50,2,1,Rua Agostinho Correia,Vila Regina,Apartamento,1650
145,4,2,Avenida Doutor Guilherme Dumont Vilares,Jardim Londrina,Apartamento,7147
70,2,0,Rua Sapucaia,Mooca,Apartamento,2076
60,2,1,Rua Jesuíno Rabello,Vila Milton,Apartamento,2159
220,4,2,Rua Dom José Antônio dos Reis,Jardim Bélgica,Casa,5099
126,3,1,Rua Pedro Cacunda,Jardim São Paulo(zona Norte),Casa,3848
270,5,3,Praça Tristão da Cunha,Água Rasa,Casa,4874
31,1,0,Alameda dos Jurupis,Moema,Apartamento,4003
75,3,2,Rua Gregório de Matos,Vila Regente Feijó,Apartamento,4823
40,2,1,Rua Maragojipe,Vila Antonina,Apartamento,2501
43,1,0,Rua Albino Boldasso Gabril,Vila Cruzeiro,Studio e kitnet,1494
210,3,3,Rua Canindezinho,Jardim das Vertentes,Casa,11640
40,1,0,Rua Antônio Fóster,Vila Socorro,Studio e kitnet,1608
25,1,0,Rua Apeninos,Vila Mariana,Apartamento,4045
58,2,1,Rua Garção Tinoco,Santana,Apartamento,3364
40,1,1,Alameda Mamoré,Alphaville Industrial,Studio e kitnet,4182
60,2,1,Rua Vergueiro,Vila Mariana,Apartamento,3612
29,1,0,"R. Dr. Almeida Lima - Brás, São Paulo - Sp, 03046-010, Brasil",Brás,Apartamento,3396
50,2,1,Rua Barão de Iguape,Liberdade,Apartamento,2601
215,3,4,Rua Chiquinha Rodrigues,Caxingui,Casa,11120
24,1,0,Rua da Consolação,Consolação,Studio e kitnet,3756
250,2,3,Rua Damiro de Oliveira Volpe,Vila Nova Conceição,Casa,9466
76,2,1,Alameda Tutóia,Gopoúva,Apartamento,3090
18,1,0,Rua Doutor Valentim de Queirós,Jardim Regina,Studio e kitnet,1121
41,1,1,Alameda Cauaxi,Alphaville Industrial,Apartamento,4576
74,3,1,Rua Alegria,Brás,Apartamento,4950
70,2,2,Rua do Golfinho,Jardim Paraiso,Apartamento,3516
30,1,0,Rua Avanhandava,Consolação,Studio e kitnet,1664
65,2,0,Rua Luís Carlos Paraná,Jardim Cidalia,Apartamento,2431
35,2,1,Rua do Bosque,Barra Funda,Apartamento,2316
131,3,3,Rua Palestina,Vila Mascote,Apartamento,15400
38,1,0,Rua Antônio João Fiore,Vila Gomes Cardim,Apartamento,1577
40,1,1,Rua Bucuituba,Vila Margarida,Apartamento,1518
85,2,1,Rua Barão de Vallim,Campo Belo,Apartamento,4433
250,3,2,Rua Resedá,Jardim das Flores,Casa,4068
84,3,2,Rua Ministro Gastão Mesquita,Perdizes,Apartamento,5164
200,5,3,Avenida Pompéia,Vila Anglo Brasileira,Casa,10520
170,2,1,Rua Francisco Siracusa,Parque Fongaro,Casa,2347
310,4,3,Rua Doutor Celso Dario Guimarães,Jardim Morumbi,Casa em condomínio,10030
125,3,1,Rua Carlos Sampaio,Bela Vista,Casa em condomínio,6264
55,2,1,Rua Cláudia,Vila Marieta,Apartamento,2400
58,2,1,Rua Maurício Jacquey,Rudge Ramos,Apartamento,1504
70,2,1,Avenida Padre Arlindo Vieira,Vila Vermelha,Apartamento,1909
60,2,1,Ibituruna,Parque Imperial,Apartamento,2981
31,1,0,Rua José Antônio Coelho,Vila Mariana,Apartamento,2908
19,1,1,Rua Turiassu,Perdizes,Studio e kitnet,2826
46,2,0,Rua Caetano Pinto,Brás,Apartamento,2141
95,3,1,Rua Lourenço Nunes,Vila Marari,Casa,4586
40,1,1,Rua Massaranduba,Vila Monte Alegre,Apartamento,2596
77,3,2,Rua Ernesto de Oliveira,Jardim Vila Mariana,Apartamento,5342
200,3,2,Rua Humberto de Campos,Vila Guarani,Apartamento,10450
32,1,1,Avenida Salgado Filho,Centro,Studio e kitnet,2499
62,2,1,Rua Maracá,Vila Guarani (z Sul),Apartamento,3124
42,1,1,Avenida Brigadeiro Luís Antônio,Centro Histórico de São Paulo,Apartamento,3350
139,4,3,Rua Doutor Guilherme Cristofel,Santana,Apartamento,10270
114,2,0,dos Pinheiros,Pinheiros,Apartamento,3635
90,2,2,Rua Rio Claro,Vila Camilópolis,Casa,2280
126,3,0,Rua Ibitirama,Vila Prudente,Apartamento,3160
55,2,1,Rua Jesuíno Antônio,Novo Osasco,Apartamento,2399
107,1,1,Rua Afonso Braz,Vila Nova Conceição,Apartamento,7385
37,1,0,Rua Birigui,Jardim Graziela,Studio e kitnet,1112
92,2,1,Rua Sócrates,Campo Grande,Apartamento,7081
150,3,2,Rua Galileu,Jardim Aeroporto,Casa,3878
135,3,0,Rua França Pinto,Vila Mariana,Apartamento,3340
130,2,2,Rua Vinte E Nove de Outubro,Vila Matilde,Casa em condomínio,4891
16,1,0,Rua Humberto I,Vila Mariana,Apartamento,3809
59,1,1,Rua Luís Correia de Melo,Vila Cruzeiro,Apartamento,4875
157,3,2,Rua Três Lagoas,Vila Sao Nicolau,Casa,2606
90,2,2,Rua Atibaia,Vila Valparaiso,Apartamento,4004
31,1,1,Avenida General Valdomiro de Lima,Jabaquara,Apartamento,1855
48,2,1,Avenida Guarapiranga,Parque Alves de Lima,Apartamento,2509
30,1,0,Avenida Rangel Pestana,Brás,Studio e kitnet,1686
34,2,0,Rua José Jardim da Silveira,Jardim Taquaral,Apartamento,2258
28,1,0,Rua Ameixeiras,Taboão,Casa,604
50,1,0,Rua Vale-verde,Vila Roque,Casa,1147
179,4,0,Rua José Antônio Coelho,Vila Mariana,Apartamento,6590
40,1,1,Rua Clodomiro de Oliveira,Parque Reboucas,Apartamento,2687
84,1,2,Rua Tebas,Vila Mascote,Apartamento,5549
33,2,0,Rua Antônio Gomes Ferreira,Parque Fongaro,Studio e kitnet,1627
50,1,0,Rua Brigadeiro Tobias,Centro,Apartamento,1549
125,3,0,Rua Saturno,Santo Antônio,Casa,1813
50,2,1,Rua Melo Palheta,Água Branca,Apartamento,2909
25,1,0,Rua Bartolomeu de Gusmão,Vila Mariana,Apartamento,3196
127,2,1,Avenida Santa Inês,Parque Mandaqui,Apartamento,2940
30,1,0,Rua Doutor Almeida Lima,Mooca,Apartamento,3306
90,2,2,Rua Coronel Deraldo Jordão,Vila Firmiano Pinto,Apartamento,6574
126,2,3,Rua Bento Arruda,Santa Teresinha,Casa,3706
90,1,2,Rua Pantojo,Vila Regente Feijó,Apartamento,7529
65,2,1,Rua Piraçununga,Vila Bertioga,Casa,2345
127,2,2,Alameda Cores da Mata,Tamboré,Apartamento,9368
90,3,3,Rua Tabatinguera,Sé,Apartamento,2550
39,1,1,Avenida Candida Oliveira das Dores,Tamboré,Apartamento,3347
100,3,0,Rua Visconde de Inhomerim,Mooca,Casa,2756
90,2,1,Rua Túnis,Jardim Maristela,Casa,2710
46,1,2,Rua Fiandeiras,Vila Olímpia,Studio e kitnet,9834
80,2,1,Rua Benedito Coelho Netto,Itaquera,Casa,1621
50,2,1,Avenida do Taboão,Taboão,Apartamento,1670
65,2,1,Avenida Senador Vergueiro,Rudge Ramos,Apartamento,3884
150,3,0,Rua Solimões,Barra Funda,Apartamento,2730
23,1,0,Rua Helena Zerrener,Liberdade,Studio e kitnet,1162
512,5,6,Rua Professor Lúcio Martins Rodrigues,Jardim Leonor,Casa,10680
170,3,1,Rua Umuarama,Vila Prudente,Casa,4126
200,4,1,Rua Hipódromo,Mooca,Casa,4849
200,3,1,Rua Amélia Almeida Lucas,Imirim,Casa,4925
140,2,2,Rua Hideo Suguiyama,Campo Belo,Casa,5056
51,2,1,Rua Rainha Vitória Eugênia,Vila Campestre,Apartamento,2885
95,3,2,Avenida Diógenes Ribeiro de Lima,Alto de Pinheiros,Apartamento,6811
100,3,2,Rua Tiangua,Vila Mascote,Apartamento,5223
41,1,0,Rua Doutor Fábio Montenegro,Vila Guilhermina,Apartamento,2128
80,2,2,Rua Manoel Rodrigues da Costa,Vila Guedes,Casa,2085
176,3,3,Avenida Parkinson,Alphaville Empresarial,Apartamento,14410
220,3,2,Rua Aurora Paulistana,Vila Marina,Casa,3127
50,2,0,Rua Engenheiro Bianor,Butantã,Apartamento,5461
36,1,0,Avenida Celso Garcia,Tatuapé,Studio e kitnet,1440
80,2,0,Rua Guareí,Vila Bertioga,Casa,2919
40,1,0,Avenida Doutor José Maciel,Jardim Maria Rosa,Studio e kitnet,925
189,2,5,Rua Frederico Von Martius,Vila Monumento,Casa,3511
32,2,0,Rua Mariz E Barros,Jardim da Gloria,Apartamento,3049
50,2,1,Rua Pernambucana,Conceição,Apartamento,2987
127,3,1,Avenida Santo Amaro,Vila Nova Conceição,Apartamento,7976
50,1,0,Praça Marechal Deodoro,Santa Cecilia,Apartamento,2385
120,2,1,Rua Juçara,Bosque da Saúde,Casa,3609
75,2,2,Rua Pascoal Vita,Vila Madalena,Apartamento,4326
42,1,0,Avenida Rouxinol,Indianópolis,Apartamento,5264
126,2,0,Rua Maria Daffre,Quinta da Paineira,Casa,2621
133,3,1,Avenida Paes de Barros,Mooca,Apartamento,5709
160,3,1,Rua Treze de Maio,Bela Vista,Apartamento,6254
57,2,1,Rua Corumbaiba,Vila Oratório,Apartamento,3746
36,1,1,Rua Suzano,Jardim Paulista,Apartamento,6218
54,2,2,Avenida Professor Francisco Morato,Vila Sonia,Apartamento,3109
38,1,0,Rua da Economia,Vila Nova Savoia,Casa,1276
73,2,1,Rua da Consolação,Consolação,Apartamento,4885
133,3,2,R. Justino Nigro,Interlagos,Casa,5224
41,2,1,Rua Professor Arnaldo João Semeraro,Jardim Santa Emília,Apartamento,2836
55,2,1,Rua Padre Benedito de Camargo,Penha de França,Apartamento,2566
90,2,1,Rua Bernardo de Quadros,Vila Morse,Casa,2969
45,1,0,Avenida Ipiranga,Sé,Apartamento,4116
70,2,1,Rua Lindório,Vila Domitila,Casa,2041
210,3,1,Rua Brás Cubas,Centro,Apartamento,3394
52,2,1,Rua Martim Afonso,Belenzinho,Apartamento,3245
120,2,1,Rua Coronel Fawcett,Vila Moraes,Casa,1519
210,3,2,Rua Herculânia,Vila Monumento,Casa,5240
35,1,0,Avenida Antônio Buono,Vila Guarani(zona Leste),Studio e kitnet,1153
30,1,0,Rua Gregório de Morais Rego,Jardim Consorcio,Casa,1213
50,2,0,Rua Enéas de Barros,Vila Santana,Casa em condomínio,1433
87,2,0,Rua Hayden,Vila Leopoldina,Apartamento,2833
49,1,1,Rua Joaquim Antunes,Pinheiros,Apartamento,4589
70,2,1,Rua Riga,Sacomã,Apartamento,1787
40,1,0,Rua Dom Bento Pickel,Casa Verde Alta,Casa,717
80,2,0,Largo do Arouche,República,Apartamento,2877
63,2,0,Rua São Jorge,Parque São Jorge,Apartamento,3116
268,3,2,Rua Peixoto Gomide,Jardim Paulista,Apartamento,14570
350,3,1,Praça da República,República,Apartamento,12040
75,3,1,Rua José Alves de Oliveira,Vila Maria Zélia,Casa,3335
90,2,1,Rua Visconde de Itaboraí,Vila Azevedo,Apartamento,4339
33,1,0,Avenida Rangel Pestana,Brás,Apartamento,1687
45,2,0,Avenida Professor Luiz Ignácio Anhaia Mello,Vila Prudente,Apartamento,3382
67,2,1,Rua Castilho,Brooklin,Apartamento,7059
250,2,1,Rua Moacir Miguel da Silva,Jardim Bonfiglioli,Casa,3435
54,1,0,Rua Conselheiro Crispiniano,República,Studio e kitnet,2276
96,2,0,Rua Augusta,Consolação,Apartamento,4739
70,3,1,Avenida Ministro Petrônio Portela,Vila Amélia,Apartamento,3017
30,1,0,Rua Jovina,Vila Mascote,Apartamento,1922
46,2,0,Rua Barão de Tramandaí,Vila Alpina,Apartamento,1886
96,2,1,Rua Bela Cintra,Consolação,Apartamento,6144
60,1,1,Rua Guaricanga,Lapa,Casa,2512
86,2,0,Rua Lima Cantuária,Vila Industrial,Casa,1981
73,1,1,Rua Maracá,Vila Guarani (z Sul),Apartamento,4623
54,2,1,Rua Braúlio Guedes,Gopoúva,Apartamento,1783
50,1,1,Avenida Xavier Pinheiro,Vila Formosa,Casa,1139
50,1,0,Rua Capricho,Vila Nivi,Casa,1155
34,1,0,Rua da Glória,Liberdade,Apartamento,3030
40,1,0,Rua Embuaçu,Vila Mariana,Studio e kitnet,1950
49,2,1,Rua Floresto Bandecchi,Jaguaré,Apartamento,1879
105,3,2,Alameda Itu,Jardim Paulista,Apartamento,10840
50,1,0,Rua Baltazar Brum,Vila Ré,Casa,1064
210,2,2,Rua Crítios,Vila Suzana,Apartamento,7528
52,2,1,Rua Rio Grande do Norte,Vila São Pedro,Apartamento,2062
67,1,0,Rua Pedro Taques,Consolação,Apartamento,9199
70,2,1,Rua José Casas Garcia,Jardim Rosa Maria,Casa,2033
46,1,0,Rua Belo Horizonte,Jardim Brasília (zona Norte),Apartamento,1362
35,1,0,Rua José Gonçalves Gomide,Vila Guilherme,Studio e kitnet,959
50,2,0,Avenida Elísio Teixeira Leite,Vila Brasilandia,Apartamento,1639
56,3,1,Avenida Túlio Teodoro de Campos,Vila Paulista,Apartamento,3554
27,1,0,Rua Santo Amaro,Bela Vista,Apartamento,2320
150,3,1,Rua João Fernandes Camisa Nova Júnior,Jardim São Luís,Casa,3274
250,4,3,Rua Bento Manuel,Tatuapé,Casa,5681
193,3,2,Rua Havaí,Sumaré,Apartamento,17270
152,6,1,Rua Estela,Vila Mariana,Casa,6755
40,1,1,Rua Domingos Fasolari,Casa Verde,Apartamento,2562
170,3,2,Rua Ângelo Zanini,Jardim Cidade Pirituba,Casa,5833
66,1,2,Rua Pamplona,Jardim Paulista,Apartamento,7034
270,6,0,Rua Félix Guilhem,Lapa de Baixo,Casa,6078
29,1,0,Rua Almo Abrahão Bertazzo,Freguesia do Ó,Apartamento,1142
110,2,2,Rua Alexandre Mortali,Moinho Velho,Casa,3487
45,1,0,Avenida Imirim,Imirim,Casa,1351
51,2,1,Rua Luiz da Costa Ramos,Água Funda,Apartamento,3759
42,2,0,Praça Alberto Lion,Cambuci,Apartamento,1916
50,1,0,Rua João Moura,Pinheiros,Casa em condomínio,2294
180,3,3,Rua Sebastião Salgado,Jardim Colombo,Casa,4571
36,1,0,Rua Dráusio,Butantã,Studio e kitnet,3775
34,2,1,Rua François Coty,Cambuci,Apartamento,2170
130,3,3,Rua Salete,Santana,Apartamento,7969
60,2,2,Rua Doutor Oscar Monteiro de Barros,Vila Suzana,Apartamento,3897
42,1,1,Rua Amauri,Jardim Europa,Apartamento,5840
56,1,0,Avenida São João,República,Apartamento,1795
52,2,1,Rua Bonnard,Alphaville Empresarial,Apartamento,5970
161,3,2,Rua Engenheiro Jean Buff,Jardim Paraíso,Casa,4265
202,3,2,Rua Taquaruçu,Vila Parque Jabaquara,Casa,3069
30,1,0,Rua Abelardo Pinto Piolin,Centro,Studio e kitnet,1632
482,4,4,Rua Conde de Porto Alegre,Campo Belo,Casa,15060
40,1,0,Avenida do Café,Vila Guarani (z Sul),Apartamento,2691
40,1,0,Rua Guaranésia,Vila Maria,Apartamento,1847
196,3,2,Rua João da Rocha,Jardim Consorcio,Casa,3652
58,2,1,Rua Domingos Paiva,Brás,Apartamento,4767
62,1,0,Rua Rangel Pestana,Sé,Apartamento,1659
160,3,1,Rua Demétrio Ribeiro,Cidade Mãe do Céu,Casa,4620
100,2,0,Rua Dante Alighieri,Vila Prudente,Casa,6985
25,1,0,Rua Piauiense,Conceição,Casa,800
125,3,0,Rua Amador de Barros Júnior,Vila Marina,Casa,1876
40,1,0,Rua Camajó,Jardim Vergueiro (sacomã),Casa,814
130,3,1,Rua da Consolação,Cerqueira César,Apartamento,13370
60,1,0,Rua Henrique Xavier,Vila Carrão,Casa,1403
53,1,1,Rua Azevedo Marques,Santa Cecília,Apartamento,3596
40,1,0,Rua Joracy de Camargo,Jardim Paraventi,Casa,968
32,1,0,Rua Ilíria,Vila Moinho Velho,Studio e kitnet,2091
45,2,1,Rua Barão de Iguape,Liberdade,Apartamento,2397
210,3,0,Alameda Ministro Rocha Azevedo,Cerqueira César,Apartamento,19880
24,1,0,Rua Santo Amaro,Bela Vista,Studio e kitnet,1370
50,1,1,Rua Antonio Palmieri,Vila Medeiros,Apartamento,1441
80,2,2,Rua Professor Tranquilli,Vila Mariana,Apartamento,5736
77,2,0,Rua Oliveira Catrambi,Jardim Vila Formosa,Apartamento,6577
154,4,3,Rua Tucuna,Vila Pompéia,Apartamento,7609
35,1,1,Rua Yvorne,Lauzane Paulista,Apartamento,2004
140,2,1,Alameda Casa Branca,Jardim Paulista,Apartamento,14240
38,1,0,Rua Ibéria,Vila Isolina Mazzei,Apartamento,1388
28,1,0,Avenida Álvaro Ramos,Belenzinho,Studio e kitnet,1292
27,1,0,Avenida Cásper Líbero,Centro Histórico de São Paulo,Apartamento,1360
47,2,0,Avenida Raimundo Pereira de Magalhães,Jardim Íris,Apartamento,2386
80,3,1,Rua Antônieta Francolino,Jardim Piratininga,Casa,2114
36,1,1,Rua Tenente Negrão,Itaim Bibi,Studio e kitnet,5810
28,1,0,Rua da Glória,Liberdade,Studio e kitnet,2327
50,2,1,Avenida Gaivota Preta,Jardim Valéria,Apartamento,1221
20,1,0,Rua Monteiro,Vila Monumento,Studio e kitnet,1283
29,1,0,Avenida Cásper Líbero,Centro,Studio e kitnet,1490
46,2,0,Avenida Rubens Fraga de Toledo Arruda,Engenheiro Goulart,Apartamento,1758
34,1,0,Rua Manoel Dutra,Bela Vista,Studio e kitnet,1623
60,1,0,Avenida Norberto Mayer,Vila Carrão,Apartamento,1405
21,1,0,Rua Avanhandava,Consolação,Studio e kitnet,1640
35,1,0,Rua Anhumas,Vila Santa Virginia,Apartamento,1409
35,1,1,Rua Domingos Lopes da Silva,Vila Suzana,Apartamento,1840
105,2,1,Avenida Doutor Gentil de Moura,Ipiranga,Apartamento,4763
67,2,1,Rua Martins Fontes,Bela Vista,Apartamento,5578
117,3,1,Rua Coronel Junqueira Franco,Jardim Taboão,Casa,3193
70,2,2,Rua Vilela,Tatuapé,Apartamento,3871
176,4,2,Rua Marquês de Lages,Vila Brasilina,Casa,3150
315,4,5,Rua Aristides da Silveira Lobo,Jardim Prudência,Casa,9390
32,1,1,Rua Doutor Olavo Egídio,Santana,Studio e kitnet,5149
300,3,5,Rua Andrea Del Castagno,Vila Santa Maria,Casa,6347
80,3,2,Rua Jorge Tibiriçá,Vila Mariana,Apartamento,7533
75,2,0,Rua Ática,Campo Belo,Apartamento,3505
140,2,0,Avenida Paulista,Bela Vista,Apartamento,7532
119,2,0,Rua Doutor Bitencourt Rodrigues,Sé,Apartamento,3645
31,1,1,Avenida Jandira,Indianópolis,Studio e kitnet,4395
200,4,3,Rua Paulo Lício Risso,Jardim Bonfiglioli,Casa,4062
50,1,1,Rua Alonso Calhamares,Vila Regente Feijó,Apartamento,4131
30,1,1,Rua Maestro Cardim,Liberdade,Studio e kitnet,5021
120,2,0,Rua Coronel Virgilio dos Santos,Jaguará,Casa,3961
75,3,1,Rua Porfírio do Nascimento,Vila Romano,Casa,3961
70,2,0,Rua Damásio Mascarenhas,Santana,Casa,2814
100,2,0,Rua Antônio Chagas,Chácara Santo Antônio (zona Sul),Apartamento,3059
40,1,0,Rua Vicente Pereira de Assunção,Vila Constança,Casa,1096
24,1,0,Rua Doutor Diogo de Faria,Vila Clementino,Apartamento,4035
150,3,3,Rua Pantaleão Brás,Jardim Ester,Casa,3252
450,5,5,Rua José Lógulo,Mooca,Casa,16800
80,1,1,Rua Oscar Freire,Pinheiros,Apartamento,7940
27,1,0,Avenida Piassanguaba,Planalto Paulista,Studio e kitnet,1339
59,2,0,Rua Bárbara Heliodora,Vila Romana,Apartamento,3192
120,3,2,Rua Texas,Brooklin,Casa,5083
50,2,1,Rua Domingos José Sapienza,Vila Amalia (zona Norte),Apartamento,2419
150,2,1,Rua Astrolábio,Vila do Encontro,Casa,1620
50,2,1,Rua Jorge Cândido Marin,Taboão,Apartamento,2000
25,1,0,Rua Aurora,Santa Efigênia,Studio e kitnet,1163
18,1,0,Rua Barata Ribeiro,Bela Vista,Studio e kitnet,4754
60,2,0,Rua Uacari,Cidade Antônio Estêvão de Carvalho,Casa,1251
180,2,3,Rua Joaquim Távora,Vila Mariana,Apartamento,12600
72,2,1,dos Pinheiros,Pinheiros,Apartamento,12260
40,1,1,Rua dos Estudantes,Sé,Apartamento,1766
39,1,0,Rua Doutor Fábio Montenegro,Vila Guilhermina,Apartamento,1800
74,2,2,Rua Francisco de Vitória,Jardim Vila Mariana,Apartamento,4402
39,1,0,Avenida Senador Queirós,Centro,Studio e kitnet,2321
45,1,0,Rua Rego Freitas,Socorro,Apartamento,2550
82,3,1,Rua Dom Romualdo de Seixas,Cambuci,Apartamento,4916
67,2,1,Avenida do Rio Bonito,Veleiros,Apartamento,2183
290,4,3,Rua David Gebara,Morumbi,Apartamento,10600
94,3,2,Rua Antônio Júlio dos Santos,Fazenda Morumbi,Apartamento,3685
258,3,2,Rua Tapejara,Jardim Bonfiglioli,Casa,9018
32,1,0,Rua Guaicurus,Água Branca,Apartamento,2560
64,3,2,Rua Ernani Pinto,Vila Maria Alta,Apartamento,2452
46,1,1,Alfredo Pujol,Santana,Apartamento,3805
74,2,1,Rua Alves Guimarães,Pinheiros,Apartamento,4535
23,1,0,Rua Augusta,Consolação,Studio e kitnet,3002
63,2,1,Rua Doutor José Carlos de Toledo Piza,Jardim Parque Morumbi,Apartamento,4362
112,2,0,Rua Salvador Sala,Piqueri,Casa,1738
54,2,1,Avenida Engenheiro Armando de Arruda Pereira,Vila do Encontro,Apartamento,2420
28,1,1,Rua Dom Vilares,Vila das Merces,Casa,1098
30,1,0,Rua Frei Vicente do Salvador,Santana,Apartamento,2416
150,2,1,Rua República do Iraque,Brooklin Paulista,Casa,3136
42,1,0,Rua André Spitaleti,Pestana,Casa,1371
100,3,1,Rua Artur Ferreira de Abreu,Jardim Rosa Maria,Apartamento,3170
35,2,1,Rua Antônio Gomes Ferreira,Parque Fongaro,Apartamento,1871
79,2,2,Rua João Rudge,Casa Verde,Apartamento,5022
45,2,1,Rua Amália Figueiroa,Vila Buenos Aires,Apartamento,1662
150,2,1,Rua André Maia,Vila Pereira Barreto,Casa,1380
60,2,1,Avenida Jaguaribe,Jaguaribe,Apartamento,2019
260,4,2,Rua Tiburtino,Siciliano,Casa,4378
150,2,2,Rua Casa do Ator,Vila Olímpia,Casa,7040
180,4,2,Rua Haddock Lobo,Cerqueira César,Apartamento,8052
27,1,0,Rua Caetano Pinto,Brás,Apartamento,2237
63,3,2,Rodovia Raposo Tavares,Jardim Olympia,Apartamento,2827
55,2,1,Rua Dona Vitu Giorgi,Jardim Leonor,Apartamento,2162
20,1,0,Avenida Koki Koga,Parque Continental I,Casa,845
67,2,0,Rua Carneiro da Cunha,Vila da Saúde,Apartamento,3325
28,1,0,Praça Alberto Lion,Cambuci,Apartamento,2012
350,3,4,Alameda das Sempre-vivas,Alphaville,Casa em condomínio,14120
35,1,0,Avenida Benigno Carrera,Vila Campestre,Casa em condomínio,930
320,5,2,Rua Nossa Senhora do Monte Serrat,Ferreira,Casa,8169
37,1,0,Rua Álvaro de Carvalho,Centro,Apartamento,2795
125,3,2,Rua Aureliano do Amaral,Vila Nova Esperança,Casa,2346
190,3,3,Rua Santa Albina,Jardim Santa Monica,Casa,2728
40,1,1,Rua Washington Luís,Centro,Apartamento,2736
40,1,1,Avenida Vereador José Diniz,Santo Amaro,Apartamento,4465
33,1,0,Rua Cônego Vicente Miguel Marino,Barra Funda,Apartamento,2624
54,1,0,Rua Oscar Freire,Pinheiros,Apartamento,5743
85,3,0,Rua Afonso Sardinha,Lapa,Casa,3670
70,2,0,Rua Tenente Oswaldo Antônio,Parque Edu Chaves,Casa,1785
61,3,1,Av. Vila Ema,Vila Ema,Apartamento,2807
42,1,0,Rua Herval,Belenzinho,Apartamento,3835
33,1,0,Rua Joaquim Floriano,Itaim Bibi,Studio e kitnet,7179
300,3,5,Rua Professor Alexandre Correia,Jardim Vitória Régia,Apartamento,20940
87,2,0,Rua Paulistânia,Sumarezinho,Apartamento,4332
50,2,1,Avenida Miguel Estefno,Vila da Saúde,Apartamento,1696
200,3,2,Rua Cancioneiro Popular,Santo Amaro,Casa,11340
30,1,0,Rua Coronel Joaquim Antônio Dias,Vila Azevedo,Studio e kitnet,2050
250,3,6,Rua Jorge Valim,Vila Ester (zona Norte),Casa,12840
41,2,2,Rua Capitão José Amaral,Vila Portuguesa,Apartamento,1854
70,2,0,Avenida Waldemar Carlos Pereira,Vila Talarico,Apartamento,1766
66,3,1,Rua Malvina Ferrara Samarone,Vila Dom Pedro I,Apartamento,4349
40,2,0,Rua São Quirino,Vila Guilherme,Apartamento,1804
167,4,2,Rua Jaguari,Bosque da Saúde,Casa,3965
52,1,0,Avenida Cásper Líbero,Centro,Apartamento,1822
134,3,1,Rua Correia de Lemos,Chácara Inglesa,Apartamento,5828
48,2,2,Rua Professor Leonídio Allegretti,Itaquera,Apartamento,1447
120,2,1,"Rua Antônio Sarkis, 49 - Vila Galvao, Guarulhos - Sp, Brasil",Vila Rosália,Casa,2797
150,3,2,Rua João da Rocha,Vila Constancia,Casa,4916
249,3,1,Rua José Gonçalves Gomide,Vila Guilherme,Casa,3557
80,2,5,Avenida João Barreto de Menezes,Vila Santa Catarina,Casa,2305
60,2,1,Rua Antônio do Campo,Pedreira,Apartamento,2507
65,2,1,Avenida Paes de Barros,Mooca,Apartamento,2977
133,2,3,Rua Doutor Jesuíno Maciel,Campo Belo,Casa,3948
55,1,0,Rua Serra de Botucatu,Vila Gomes Cardim,Apartamento,1998
40,1,0,Rua Avanhandava,Bela Vista,Apartamento,1817
40,1,0,Rua Benito Fioretto,Vila das Merces,Casa,1024
58,2,1,Avenida Deputado Emílio Carlos,Limão,Apartamento,2546
250,5,3,Rua Professor Henrique Neves Lefevre,Jardim Petropolis,Casa,7401
80,3,2,Rua Vicenzo Paciulo,Jardim Las Vegas,Apartamento,2745
145,3,3,Rua Doutor Amando Franco Soares Caiuby,Parque Bairro Morumbi,Apartamento,8152
39,1,1,Rua Doutor Morais Dantas,Vila Barbosa,Apartamento,1967
51,1,0,Avenida Prestes Maia,Centro,Studio e kitnet,1581
73,1,0,Rua Maria Paula,Bela Vista,Apartamento,3368
24,1,0,Rua Barata Ribeiro,Bela Vista,Studio e kitnet,5062
48,2,0,Rua São Bernardo,Cidade Mãe do Céu,Apartamento,2125
60,2,1,Rua Carlo Carra,Vila Santa Catarina,Apartamento,3477
50,2,0,Rua General Dias,Penha de França,Casa,1403
25,1,0,Rua Doutora Neyde Apparecida Sollitto,Vila Clementino,Apartamento,993
27,1,0,Rua Luís Godoy Carvalho,São João Climaco,Apartamento,1121
130,3,2,Avenida Onze de Junho,Vila Clementino,Apartamento,6580
225,4,4,Rua Campo Grande,Vila Leopoldina,Casa,10710
112,3,1,Rua República do Iraque,Campo Belo,Casa,4095
45,1,1,Rua Duarte de Azevedo,Santana,Apartamento,3611
42,2,0,Rua Caetano Pinto,Brás,Apartamento,1981
37,1,1,Rua Alegre,Santa Paula,Studio e kitnet,3397
70,1,1,Rua Balthazar da Veiga,Vila Nova Conceição,Apartamento,7672
50,2,0,Rua Lázara da Silva Jimenes,Vila Leonor,Apartamento,1711
36,1,1,Rua Dionísio da Costa,Vila Mariana,Apartamento,4597
104,3,0,Rua Lúcia Caiaffa,Vila Pereira Barreto,Apartamento,5304
65,2,0,Rua da Consolação,Consolação,Apartamento,2831
84,2,1,Rua Justo Azambuja,Cambuci,Apartamento,3958
300,6,2,Rua dos Ferreiras,Jardim Danfer,Casa,4170
32,1,0,Rua Luís Fláquer,Carandiru,Apartamento,1558
110,3,1,Rua Haddock Lobo,Cerqueira César,Apartamento,6360
250,3,4,Rua Tonelero,Vila Ipojuca,Casa,5083
36,1,0,Rua Oscar Cintra Gordinho,Liberdade,Apartamento,1287
38,1,1,Rua dos Timbiras,Santa Ifigênia,Apartamento,2665
20,1,0,Rua Arruda Ferreira,Vila Guilherme,Apartamento,1230
198,4,3,Rua Doutor James Ferraz Alvim,Vila Suzana,Apartamento,6679
72,2,1,Rua Jeroaquara,Vila Romana,Apartamento,4827
100,2,1,Rua Olímpia,Vila Camilopolis,Apartamento,2859
143,3,2,Rua Francisco Preto,Vila Morse,Casa,10620
75,3,1,Rua Trajano de Faria,Jardim Nova Taboao,Apartamento,3278
69,3,1,Rua Colômbia,Jardim América,Apartamento,4123
30,1,1,Avenida Barro Branco,Vila do Encontro,Casa,1286
19,1,0,Via Anchieta,Vila Bandeirantes,Studio e kitnet,919
73,2,2,Rua Brasil,Rudge Ramos,Apartamento,2687
147,2,2,Rua Dom Macário,Vila da Saúde,Casa,2328
43,1,1,Rua Viaza,Campo Belo,Apartamento,3648
170,3,2,Rua Alesso Baldovinetti,Casa Verde Alta,Casa,3335
70,2,2,Rua Leontina Atui Nogueira,Jardim Santo Amaro,Casa,2756
55,3,2,Avenida Túlio Teodoro de Campos,Vila Paulista,Apartamento,3550
75,3,1,Rua Doutor Luiz Migliano,Jardim Caboré,Apartamento,3457
28,1,0,Rua Cerqueira César,Centro,Studio e kitnet,1069
35,1,1,Rua Santo Antônio,Bela Vista,Studio e kitnet,3435
46,2,1,Rua Pires da Mota,Aclimação,Apartamento,3676
102,3,2,Rua Jabaeté,Vila Regente Feijó,Casa,3222
160,3,2,Rua Humberto I,Vila Mariana,Apartamento,11040
140,3,2,Rua Doutor Roberto Feijó,Parque da Vila Prudente,Casa,2993
35,1,1,Alameda Rio Negro,Alphaville Industrial,Apartamento,3960
96,2,1,Rua Maracaí,Aclimação,Casa,2972
25,1,0,Avenida Dr. Vieira de Carvalho,República,Studio e kitnet,1742
50,1,0,Rua Domingos de Morais,Vila Mariana,Studio e kitnet,2206
89,2,1,Avenida Hilário Pereira de Souza,Centro,Apartamento,5898
136,3,2,Avenida Doutor Lino de Moraes Leme,Jardim Aeroporto,Casa,4019
67,3,1,Rua Eugène Carrière,Butantã,Apartamento,3596
27,1,1,Rua Pedroso Alvarenga,Itaim Bibi,Studio e kitnet,6404
53,1,0,Rua Pires da Mota,Aclimação,Apartamento,2569
57,2,1,Rua Bela Vista do Paraíso,Vila Palmeiras,Apartamento,1993
54,1,0,Rua dos Carmelitas,Liberdade,Apartamento,2201
150,2,1,Rua Padre Luís Yeber,Vila Sao Luis(zona Oeste),Casa,4368
22,0,0,Rua Manoel Dutra,Bela Vista,Studio e kitnet,1906
106,2,0,Rua Raul Pompéia,Pompeia,Casa,3127
238,3,3,Rua B. B. Varela,Jardim Lideranca,Casa,3191
35,1,1,Rua Washington Luís,Centro,Apartamento,2686
96,2,1,Rua Tito,Vila Romana,Apartamento,4110
36,1,1,Rua das Palmeiras,Vila Buarque,Studio e kitnet,3343
161,3,2,Rua Irineu Correia da Silva,Jardim Satelite,Casa,3317
26,2,0,Rua Doutor Ângelo Vita,Tatuapé,Studio e kitnet,2744
70,2,1,Rua Major Freire,Vila Monte Alegre,Apartamento,3436
46,1,0,Rua Álvaro de Carvalho,Centro,Apartamento,2093
64,2,1,Rua Hugo D'antola,Lapa,Apartamento,2343
70,2,1,Rua Eurico Sodré,Vila Medeiros,Apartamento,2046
100,3,0,Rua Professor Alberto Conte,Vila Moinho Velho,Casa,2181
23,1,0,Avenida Ipiranga,República,Apartamento,1771
52,2,1,Avenida Carinas,Indianópolis,Apartamento,6006
76,3,1,Avenida Ítalo Brasileiro Piva,Picanço,Apartamento,4756
42,2,0,Rua Engenheiro Américo da Graça Martins,Jardim Monte Azul,Apartamento,2094
64,3,1,Avenida João Pessoa,Jardim Utinga,Apartamento,1942
100,2,1,Travessa Ernesto Cavallini,Jardim Brasil (zona Norte),Casa,1824
60,1,1,Rua Irmão João Creff,Vila Aurora (zona Norte),Casa em condomínio,1599
67,2,1,Rua Doutor Paulo Vieira,Sumaré,Apartamento,4056
160,3,3,Avenida Parada Pinto,Vila Nova Cachoeirinha,Apartamento,5325
40,1,0,Rua Nestor Pestana,Consolação,Apartamento,2110
140,3,2,Rua Cancioneiro Popular,Chácara Santo Antônio,Casa,4146
50,1,0,Rua Acaraú,Consolação,Apartamento,2509
180,3,1,Rua Nilo Torres,Jardim Umuarama,Casa,3365
2,2,2,Rua Solidônio Leite,Vila Ivone,Casa,2711
65,1,2,Rua Elvira Ferraz,Vila Olímpia,Apartamento,10150
42,2,1,Rua Cláudio Rodrigues Lopes,Chora Menino,Apartamento,2111
57,1,1,Rua da Consolação,Cerqueira César,Apartamento,6082
56,2,1,Rua General Newton Estilac Leal,Km 18,Apartamento,2080
50,1,0,Rua Hebe,Vila Dom Pedro Ii,Casa,1397
95,3,1,Rua Joaquim Mosqueira,Vila Guarani (z Sul),Apartamento,3328
313,3,2,Alameda Franca,Jardim Paulista,Apartamento,20480
106,3,3,Rua Doutor Silvino Canuto Abreu,Vila Congonhas,Apartamento,5602
152,2,1,Avenida Príncipe de Gales,Vila Principe de Gales,Apartamento,3885
41,2,0,Rua São João Gualberto,Vila Mafra,Apartamento,1702
147,3,2,Rua Andaquara,Vila Anhanguera,Casa,5253
40,2,0,Rua 29 de Outubro,Vila Matilde,Apartamento,1574
53,2,1,Avenida Ministro Osvaldo Aranha,Rudge Ramos,Apartamento,2569
35,1,1,Rua Frederico Abranches,Vila Buarque,Apartamento,2614
95,3,1,Rua Sampaio Viana,Paraíso,Apartamento,5546
180,3,4,Rua Sassaki,Vila Marari,Casa,2948
40,1,0,Rua Nossa Senhora da Saúde,Jardim Previdência,Casa,1264
70,2,1,Rua Professor Vahia de Abreu,Vila Olímpia,Apartamento,8109
73,1,0,Rua Vitória,Santa Efigênia,Apartamento,2008
163,3,2,Rua Dário da Silva,Vila Sao Paulo,Casa,3430
100,2,2,Rua Equici,Vila Esperança,Casa em condomínio,2643
190,3,1,Rua Padre João Manuel,Cerqueira César,Apartamento,11990
45,1,0,Rua Nícola Nicodemo,Vila Celeste,Casa,977
70,2,2,Praça Santa Adelaide,Cidade Vargas,Casa,2690
200,4,2,Avenida Pedro Bueno,Jabaquara,Casa,6672
38,1,0,Rua Tamboril,Parada Inglesa,Apartamento,1616
56,2,1,Avenida José Barbosa de Siqueira,Padroeira,Apartamento,1279
47,1,1,Rua Pintassilgo,Vila Uberabinha,Apartamento,5352
79,3,1,Rua Professor Demóstenes Batista Figueira Marques,Cambuci,Apartamento,2479
55,1,2,Avenida Regente Feijó,Vila Regente Feijó,Studio e kitnet,5571
29,1,0,Rua Heitor Penteado,Sumarezinho,Studio e kitnet,2760
22,1,0,Avenida Alcântara Machado,Brás,Studio e kitnet,1225
75,2,0,Avenida Conselheiro Rodrigues Alves,Vila Mariana,Apartamento,3686
260,4,4,Rua Novo Horizonte,Higienópolis,Casa,12560
68,2,1,Rua Padre Manuel Bernardes,Vila Carrão,Apartamento,2789
70,2,2,Rua Pascal,Campo Belo,Apartamento,7604
37,2,1,Praça Doutor Pereira do Rego,Cidade Patriarca,Apartamento,1656
100,3,1,Rua das Vertentes,Vila Constança,Casa,2910
100,2,2,Rua Henrique Sousa Queirós,Penha de França,Casa,2241
27,1,0,Rua Agostinho Rodrigues Filho,Vila Clementino,Studio e kitnet,3893
61,2,1,Avenida Franz Voegeli,Continental,Apartamento,4539
28,0,0,Rua Natividade Saldanha,São Lucas,Apartamento,1391
37,1,0,Rua Luís Pacheco,Luz,Apartamento,1513
37,1,0,Rua Glicério,Liberdade,Apartamento,3567
180,4,1,Rua Maria Cândida,Vila Guilherme,Casa,6292
54,2,1,Rua Jaguarete,Casa Verde,Apartamento,4954
180,3,2,Rua Conselheiro Cândido de Oliveira,Vila Anastácio,Casa,6031
75,3,1,Rua Voluntários da Pátria,Santana,Apartamento,3284
120,3,1,Alameda Lorena,Jardim Paulista,Apartamento,6802
75,2,2,Rua Ronaldo de Carvalho,Jardim São Paulo(zona Norte),Casa,2934
20,1,0,Rua Nundiaú,Santo Amaro,Apartamento,2539
44,1,1,Rua Sansão Alves dos Santos,Cidade Monções,Apartamento,8001
50,2,1,Avenida Padre Arlindo Vieira,Vila Vermelha,Apartamento,2008
60,2,1,Rua Mariana Cisto Augusto,Jardim da Mamãe,Casa,1392
60,1,0,Rua Catuaba,Vila Alpina,Casa,1351
280,3,4,Rua José Capobianco,Jardim Colombo,Casa,5170
25,1,0,Rua Belila,Parque Guarani,Casa,929
38,1,2,Rua Pequetita,Itaim Bibi,Apartamento,4279
63,1,0,Avenida São Luís,República,Apartamento,3146
33,1,1,Avenida Ipiranga,República,Studio e kitnet,2241
35,2,0,Rua Edvard Carmilo,Jardim Celeste,Apartamento,1647
78,2,1,Rua Doutor Eduardo de Souza Aranha,Vila Nova Conceição,Apartamento,5571
40,1,0,Rua Professor Thomaz de Aquino,Jardim Maria Estela,Casa,802
150,3,2,Rua Maria Lourenço Fernandes,Jardim Maria Rosa,Casa,3048
255,3,4,Avenida Parkinson,Alphaville Empresarial,Apartamento,18000
85,2,1,Rua Dom Paulo Pedrosa,Real Parque,Apartamento,4572
340,5,3,Rua dos Ituanos,Ipiranga,Casa,8582
161,3,1,Rua Manuel da Nóbrega,Paraíso,Apartamento,7000
200,2,6,Avenida Sargento Geraldo Sant’ana,Jardim Taquaral,Casa,4395
40,1,1,Rua Galvão Bueno,Liberdade,Apartamento,3333
35,1,1,Rua Marie Nader Calfat,Jardim Ampliação,Studio e kitnet,3304
52,2,0,Rua Jacquey,Vila Helena,Apartamento,1569
60,2,0,Rua Abílio,Jardim Brasil (zona Norte),Apartamento,1620
76,3,0,Avenida Ítalo Brasileiro Piva,Picanço,Apartamento,2771
50,1,1,Rua Euclides da Silveira,Casa Verde,Apartamento,3512
50,1,1,Rua Pires da Mota,Aclimação,Apartamento,2048
40,2,1,Avenida Condessa Elizabeth de Robiano,Vila Moreira,Apartamento,2233
59,2,1,Rua Olívio B. Marçal,São Pedro,Apartamento,2253
40,1,0,Rua Chico Pontes,Vila Guilherme,Casa em condomínio,1607
59,2,2,Rua Francisco de Vitória,Jardim Vila Mariana,Apartamento,4554
280,4,4,Rua Canuto Abreu,Vila Regente Feijó,Apartamento,9677
58,2,1,Rua das Baunilhas,Vila Lúcia,Apartamento,2612
69,3,1,Rua Conrado Mazzeo,Jardim Luísa,Apartamento,2038
160,4,2,Rua Conselheiro Moreira de Barros,Santana,Apartamento,7203
80,3,0,Rua Oscar Cintra Gordinho,Liberdade,Apartamento,2547
314,3,5,Rua Doutor Alberto Seabra,Vila Madalena,Casa em condomínio,19580
32,1,0,Rua Edmundo Xavier,Chácara Santo Antônio (zona Leste),Apartamento,1708
33,2,0,Rua Osório Franco Vilhena,Vila Nova Curuçá,Apartamento,1348
90,3,1,Alameda dos Uapês,Planalto Paulista,Casa,3939
70,2,1,Rua Professor Antônio de Paula Santos,Chácara Inglesa,Casa,2007
31,1,0,Rua Severino Cardoso da Silva,Parque Cruzeiro do Sul (vila Formosa),Apartamento,1292
180,3,1,Rua Morro Agudo,Sumaré,Casa,5972
33,1,0,Rua Cardoso de Almeida,Perdizes,Apartamento,4039
24,1,0,Rua Tapari,Vila Esperança,Studio e kitnet,1812
50,2,1,Rua Jaguaribe,Vila Buarque,Apartamento,2616
52,1,1,Rua Afonso Celso,Vila Mariana,Apartamento,3116
40,2,1,Rua Ribeirão Branco,Vila Bertioga,Apartamento,2823
36,1,0,Rua Alméria,Vila Granada,Apartamento,1806
60,2,1,Rua Domingos Paiva,Brás,Apartamento,2906
50,2,1,Avenida Domingos Odália Filho,Centro,Apartamento,3053
113,3,1,Rua Duarte de Azevedo,Santana,Apartamento,3375
85,3,1,Avenida Doutor Guilherme Dumont Vilares,Jardim Londrina,Apartamento,3485
58,2,1,Rua Marte,Jardim Tupanci,Apartamento,3188
54,2,1,Avenida Santos Dumont,Santana,Apartamento,2293
104,2,2,Rua Luciano Felício Biondo,Jardim Cristal,Casa,4691
250,3,4,Rua Padre Corrado Stefani,Alto da Mooca,Casa,8819
25,1,0,Avenida Nossa Senhora da Assunção,Vila Butantã,Casa,1147
38,1,0,Rua Bartholomeu do Canto,Vila Palmeiras,Apartamento,2192
64,2,1,Rua Doutor Sérgio Meira,Barra Funda,Apartamento,3787
80,2,0,Rua Dulce,Vila Carrao,Casa,1990
220,3,2,Rua Tangará,Vila Mariana,Casa,14470
172,2,1,Rua Jandaia,Bela Vista,Casa,6080
25,1,0,Rua Marinheiro,Tucuruvi,Apartamento,2495
136,3,3,Alameda Canto dos Passaros,Centro Empresarial Tamboré,Apartamento,15530
40,1,1,Rua Ribeiro do Vale,Brooklin Paulista,Apartamento,5109
31,1,1,Rua Peixoto Gomide,Jardim Paulista,Apartamento,4669
20,1,0,Avenida Bosque da Saúde,Vila da Saúde,Apartamento,1728
272,3,5,Alameda Ministro Rocha Azevedo,Jardim Paulista,Apartamento,22990
37,2,0,Avenida Ipiranga,República,Apartamento,2228
110,4,3,Rua Aluísio Azevedo,Santana,Apartamento,3918
82,2,1,Rua Doutor Eduardo de Souza Aranha,Vila Nova Conceição,Apartamento,11150
38,1,1,Avenida Bartholomeu de Carlos,Jardim Flor da Montanha,Studio e kitnet,2238
69,2,0,Avenida Braz Leme,Santana,Apartamento,3109
37,1,0,Rua Silveira Bueno,Chácara Califórnia,Apartamento,1564
220,3,4,Rua José de Oliveira Coelho,Vila Andrade,Apartamento,11400
78,2,1,Rua Emília Marengo,Vila Regente Feijó,Apartamento,2949
40,1,0,Rua Evans,Vila Esperança,Apartamento,1812
48,2,1,Rua Henrique Casela,Jardim América da Penha,Apartamento,1806
38,1,0,Rua Borges Ladário,Parada Inglesa,Apartamento,1502
36,1,0,Rua Janguruçu,Parque da Mooca,Studio e kitnet,2484
46,1,0,Rua Henrique Bernardelli,Santana,Apartamento,2194
29,1,0,Rua da União,Vila Mariana,Apartamento,2078
22,1,0,Avenida Vieira de Carvalho,República,Studio e kitnet,1400
35,1,0,Avenida Nossa Senhora da Assunção,Vila Butantã,Studio e kitnet,1694
57,2,1,Rua Doutor Solon Fernandes,Vila Rosália,Apartamento,2410
57,2,1,Rua Porto Calvo,Osvaldo Cruz,Apartamento,2633
181,4,2,Avenida Jurandir,Planalto Paulista,Casa,12840
185,3,2,Rua Cônego Vicente,Vila Medeiros,Casa,4871
58,2,1,Alameda São Caetano,Olímpico,Apartamento,3413
45,1,1,Avenida do Café,Vila Guarani,Apartamento,2588
40,1,0,Rua Mogi Mirim,Santa Maria,Casa,1032
105,3,1,Alameda Jaú,Jardim Paulista,Apartamento,13580
40,2,0,Rua Galeno de Castro,Jurubatuba,Apartamento,2674
80,2,1,Rua Pedro de Castro Velho,Jardim Iva,Casa,2248
180,3,2,Rua Damião da Silva,Vila Andrade,Casa,6392
68,3,1,Rua Piratininga,Brás,Apartamento,3964
290,3,5,Rua Domingos Antonio Ciccone,Santo Amaro,Casa,4929
60,2,0,Rua Teresa Veiga,Freguesia do Ó,Casa,1212
40,2,0,Rua Alexandrino da Silveira Bueno,Cambuci,Casa,2871
65,1,0,Rua Pires da Mota,Aclimação,Casa,1876
41,2,0,Rua Antenas,Vila Califórnia,Apartamento,1960
120,3,1,Rua Madrid,Parque Sevilha,Casa,3124
53,2,1,Rua Bela Cintra,Consolação,Apartamento,5694
40,1,1,Avenida Santa Catarina,Vila Mascote,Apartamento,1833
33,1,0,Rua Doutor Nicolau de Sousa Queirós,Vila Mariana,Apartamento,2716
37,1,1,Rua Álvaro Luís Roberto de Assumpção,Campo Belo,Apartamento,3149
60,1,0,Rua Manuel Ferreira Costa,Vila Gabriel,Casa,919
32,1,0,Rua Jener,Aclimação,Apartamento,2206
90,2,0,Rua Ibitinga,Vila Bertioga,Casa,2710
17,1,0,Avenida Imirim,Imirim,Apartamento,1102
38,1,0,Avenida das Cerejeiras,Jardim Japao,Apartamento,1018
50,2,0,Alameda Barros,Santa Cecília,Apartamento,3720
57,1,2,Alameda Itapecuru,Alphaville Centro Industrial E Empresarial/alphaville.,Studio e kitnet,3882
67,2,2,Rua Professor Hilário Veiga de Carvalho,Vila Suzana,Apartamento,4673
68,2,1,Rua Francisco Estácio Fortes,Santa Cecília,Apartamento,3859
53,1,1,Rua Rifaina,Vila Anglo Brasileira,Apartamento,3551
55,2,1,Alameda São Bernardo,Santa Teresinha,Apartamento,2730
18,1,0,Rua dos Buritis,Jardim Oriental,Studio e kitnet,1574
99,2,0,Rua Domingos de Morais,Vila Mariana,Apartamento,5295
26,1,0,Avenida Brigadeiro Luís Antônio,Bela Vista,Apartamento,2574
104,2,2,Rua Freire Farto,Jabaquara,Casa,3577
230,3,5,"Aclimação, São Paulo - Sp, 04109-120, Brasil",Aclimação,Casa,11180
70,2,0,Rua Santa Donata,Casa Verde Alta,Casa,1773
38,1,1,Avenida Cauaxi,Alphaville Industrial,Apartamento,3947
140,3,1,Rua Zacarias de Gois,Parque Colonial,Casa,4628
350,4,4,Alameda Jade,Alphaville,Casa em condomínio,9383
130,2,2,Rua Izabel Velho,Vila Sao Vicente,Casa,2519
38,1,0,Avenida Washington Luís,Santo Amaro,Studio e kitnet,1740
26,1,0,Rua Anhaia,Bom Retiro,Studio e kitnet,1964
24,1,0,Rua Ministro Godói,Perdizes,Apartamento,3171
536,4,6,Rua Novo Horizonte,Higienópolis,Casa,16970
110,3,4,Rua Emílio Lessore,Piqueri,Casa,3294
234,4,4,Rua Borges Lagoa,Vila Clementino,Apartamento,9866
40,1,1,Rua Doutor Elias Chaves,Campos Elíseos,Apartamento,1731
34,1,0,Avenida Joaquina Ramalho,Vila Guilherme,Studio e kitnet,1416
70,3,1,Rua Lydia Damus Maksoud,Jardim Ampliação,Apartamento,3950
84,3,2,Avenida Jônia,Jardim Brasil (zona Sul),Apartamento,4759
99,3,2,Rua Olga Marinovic Doro,Vila Talarico,Casa,3488
28,1,0,Rua Visconde de Parnaíba,Mooca,Studio e kitnet,1716
49,2,0,Avenida Jaguaré,Jaguaré,Apartamento,1938
35,1,1,Rua Gen. Severiano,Vila Invernada,Casa,949
32,1,0,Rua Engenheiro Bianor,Butantã,Apartamento,4118
28,1,0,Rua Asdrúbal do Nascimento,Bela Vista,Apartamento,2186
26,1,0,Avenida Santo Amaro,Vila Nova Conceição,Apartamento,5604
30,1,1,Alameda Santos,Cerqueira César,Apartamento,4597
100,4,0,Rua Gandavo,Vila Clementino,Casa,3753
37,1,0,Rua Paim,Bela Vista,Studio e kitnet,1292
70,2,2,Rua Doutor Jesuíno Maciel,Campo Belo,Apartamento,6478
56,1,0,Rua Guilherme Bebiano Martins,Vila Vera,Apartamento,1699
60,2,0,Rua Silvino de Godoy,Jardim Cidade Pirituba,Apartamento,1671
38,1,0,Rua Camaragibe,Barra Funda,Studio e kitnet,1622
150,2,2,Rua da Consolação,Jardim América,Apartamento,19190
60,2,1,Rua Teodoro Sampaio,Pinheiros,Apartamento,6176
35,1,1,Avenida Rouxinol,Indianópolis,Apartamento,3978
60,2,0,Rua Manuel da Costa Vale,Piqueri,Casa,1438
15,1,0,Rua Valê de Amoreira,Jardim Miriam,Studio e kitnet,829
560,3,4,Rua Itajaçu,Pacaembu,Casa,17950
170,3,3,Rua Maracá,Vila Guarani,Apartamento,8540
40,1,1,Avenida Brigadeiro Luís Antônio,Centro Histórico de São Paulo,Studio e kitnet,3663
23,1,0,Rua Stela Marina,Brooklin,Studio e kitnet,4996
68,2,0,Avenida Santos Dumont,Ponte Pequena,Apartamento,2133
44,1,0,Rua Engenheiro Edgar Autran,Jardim Maria Estela,Casa,1376
33,1,1,Rua Barata Ribeiro,Bela Vista,Apartamento,3259
26,1,0,Rua Doutor Wladimir do Amaral,Rolinópolis,Casa,677
35,1,0,Rua Angaturama,Vila Moraes,Casa em condomínio,1347
75,2,1,Rua Ivaí,Santa Maria,Apartamento,2392
200,4,2,Rua Engenheiro Francisco de Godói,Santo Amaro,Casa em condomínio,8903
19,1,0,Rua Baden Powell,Chácara Mafalda,Apartamento,933
14,1,0,Avenida Nossa Senhora da Assunção,Vila Butantã,Studio e kitnet,1138
120,3,1,Rua da Consolação,Cerqueira César,Apartamento,14660
100,3,2,Rua Antônio Clemente,Jardim São Paulo(zona Norte),Casa em condomínio,3813
87,3,0,Rua Humberto I,Vila Mariana,Apartamento,3411
75,2,0,Rua Caiubi,Perdizes,Apartamento,3493
31,1,0,Rua Luís do Paço,Tatuapé,Studio e kitnet,1314
24,1,0,Rua Girassol,Vila Madalena,Apartamento,3513
70,1,0,Rua Jotacá,Vila Picinin,Casa,1573
25,1,0,Rua Doutor Djalma Pinheiro Franco,Vila Mascote,Studio e kitnet,998
82,3,2,Rua João Antônio de Oliveira,Mooca,Apartamento,5218
140,3,2,Avenida Pedro Bueno,Jabaquara,Casa,3748
40,1,0,Avenida Rangel Pestana,Brás,Studio e kitnet,1864
50,2,1,Rua Itaiteva,Jardim Ampliação,Apartamento,3060
100,2,1,Rua Georgina de Albuquerque,Parque Jabaquara,Casa,3777
34,1,0,Rua Amaral Gurgel,Vila Buarque,Studio e kitnet,2062
170,3,3,Rua Bento Ribeiro,Vila Regina,Casa,3934
50,2,1,Rua Ricardo Biondi,Vila São Ricardo,Apartamento,2221
92,2,0,Rua Doutor Zuquim,Santana,Apartamento,2219
207,3,6,Rua Domingos Portela,Jardim das Vertentes,Casa,5834
30,1,1,Rua Gomes de Carvalho,Vila Olímpia,Studio e kitnet,3751
300,3,3,Rua General Nestor Passos,Jardim Paraíso,Casa,12410
45,1,1,Rua Helvétia,Campos Elíseos,Apartamento,3862
129,2,1,Alameda Joaquim Eugênio de Lima,Jardim Paulista,Apartamento,10610
30,1,0,Rua Almo Abrahão Bertazzo,Freguesia do Ó,Studio e kitnet,1142
122,3,2,Rua Vinte E Quatro de Outubro,Vila Dom Pedro I,Casa,3482
65,2,2,Rua Otto de Barros,Vila Santo Estéfano,Apartamento,3602
22,1,0,Rua Tabatinguera,Sé,Studio e kitnet,2182
16,1,0,Rua Aguiar de Barros,Bela Vista,Studio e kitnet,3378
35,1,0,Rua Gregório de Morais Rego,Jardim Consorcio,Casa,1317
78,3,1,Avenida Professor Francisco Morato,Butantã,Apartamento,7584
50,1,1,Rua Batuns,Vila Santa Clara,Casa,1407
24,1,0,Rua Caio Prado,Consolação,Studio e kitnet,4765
53,2,1,Rua Bresser,Brás,Apartamento,3358
80,3,1,Rua Mário Sette,Água Branca,Apartamento,4223
40,1,0,Travessa Jerônimo Bobadilha,Vila Carmem,Studio e kitnet,623
32,1,1,Avenida Rio Branco,Campos Elíseos,Apartamento,3248
34,1,0,Avenida Leôncio de Magalhães,Jardim São Paulo(zona Norte),Studio e kitnet,2684
38,1,0,Rua José Sálvio Dias,Jardim Oriental,Studio e kitnet,756
180,3,6,Rua José Mariano Filho,Jardim Oriental,Casa,4175
14,0,0,Rua Azem Abdalla Azem,Jardim Bonfiglioli,Studio e kitnet,1098
35,1,0,Rua da Mooca,Mooca,Apartamento,1713
45,1,1,Rua Doutor Seng,Bela Vista,Apartamento,6273
75,2,1,Rua Emílio Baumgart,Cangaiba,Casa,1876
54,2,1,Rua Dona Vitu Giorgi,Jardim Leonor,Apartamento,2681
65,3,1,Rua Manoel Salgado,Vila Caraguata,Apartamento,3589
75,2,1,Avenida Paes de Barros,Parque da Mooca,Apartamento,5126
150,2,6,Rua Cembira,Vila Curuçá,Casa,2398
68,3,1,Rua Cipriano Barata,Ipiranga,Apartamento,2919
78,3,1,Rua Congonhas,Rudge Ramos,Apartamento,2159
48,1,0,Rua Álvaro de Carvalho,Consolação,Studio e kitnet,1862
24,1,0,Avenida Direitos Humanos,Mandaqui,Studio e kitnet,1057
55,2,1,Rua Heitor Penteado,Sumarezinho,Apartamento,3039
41,2,0,Rua Dirceu,Vila Carrão,Apartamento,1724
201,3,3,Rua Diego de Castilho,Jardim Fonte do Morumbi,Apartamento,12990
90,3,2,Rua Calógero Calía,Vila Santo Estefano,Apartamento,3796
53,2,2,Rua Professor Luis Eulálio de Bueno Vidigal,Centro,Apartamento,2806
42,2,1,Rua Olhos do Coração,Jardim Antartica,Apartamento,1440
84,3,1,Avenida Ministro Petrônio Portela,Vila Amélia,Apartamento,2961
60,2,2,Rua Nossa Senhora Operária,Vila Guilherme,Casa,1799
58,1,0,Avenida Cásper Líbero,Centro,Apartamento,2681
157,3,2,Rua Pedro,Vila Albertina,Apartamento,7945
400,3,4,Rua Guaraiúva,Cidade Monções,Casa,9423
25,1,0,Rua Alves Guimarães,Pinheiros,Studio e kitnet,2986
33,1,0,Rua Helena Zerrener,Varzea do Glicerio,Studio e kitnet,1529
40,1,1,Rua Cândido Vale,Tatuapé,Studio e kitnet,3614
40,2,0,Rua Doutor Vicente Giacaglini,Vila Bela,Apartamento,3296
75,1,2,Avenida João Peixoto Viegas,Vila Constancia,Apartamento,4219
42,2,1,Avenida Guapira,Tucuruvi,Apartamento,2700
48,1,0,Rua Tabatinguera,Sé,Apartamento,1716
58,2,1,Rua Dona Tecla,Jardim Flor da Montanha,Apartamento,3642
27,1,0,Rua Engenheiro Bianor,Butantã,Studio e kitnet,3639
45,1,1,Rua Glicério,Liberdade,Apartamento,2478
78,2,1,Avenida Presidente Humberto de Alencar Castelo Branco,Jardim Guarulhos,Apartamento,1710
155,2,1,Rua Aguirre Proença,Itaberaba,Casa,2495
55,1,0,Rua Sebastião de Mello Dias,Jaguaribe,Apartamento,1345
42,2,1,Rua Dianópolis,Parque da Mooca,Apartamento,2991
83,2,0,Rua Coronel Diogo,Jardim da Glória,Casa,2430
220,2,0,Rua Protágoras,Vila Cleonice,Casa,1803
36,1,1,Rua Lupe Cotrin Garaude,Jardim Jamaica,Apartamento,2267
183,3,1,Travessa Armando Rivir,Vila Prudente,Casa,3977
50,1,0,Rua Domiciano Ribeiro,Casa Verde Alta,Casa em condomínio,1121
350,5,5,Rua Catanduva,Pacaembu,Casa,18170
72,2,1,Rua dos Pinheiros,Pinheiros,Apartamento,11760
58,3,1,Rua Vicenzo Paciulo,Jardim Gracinda,Apartamento,2137
331,4,3,Rua Edson Regis,Jardim Guarapiranga,Casa,7191
40,1,0,Rua Frei Caneca,Consolação,Apartamento,3065
57,2,1,Rua Osório Duque Estrada,Paraíso,Apartamento,6348
53,2,1,Avenida Raimundo Pereira de Magalhães,Pirituba,Apartamento,3625
43,1,1,Rua Viaza,Jardim Aeroporto,Studio e kitnet,4147
58,2,1,Rua Itanhaém,Vila Prudente,Apartamento,2507
60,1,0,Rua Oliveira Catrambi,Jardim Vila Formosa,Apartamento,1142
268,3,6,Rua José Oscar Abreu Sampaio,Jardim Anália Franco,Casa,12920
67,2,0,Avenida Adolfo Coelho,Lauzane Paulista,Casa,1585
20,1,0,Rua Joaquim Guarani,Jardim das Acácias,Apartamento,3396
104,2,2,Rua Deputado Laércio Corte,Vila Andrade,Apartamento,8778
26,1,0,Avenida Vereador José Diniz,Alto da Boa Vista,Apartamento,3246
80,1,0,Largo do Arouche,Santa Efigênia,Apartamento,2969
68,1,1,Rua da Consolação,Cerqueira César,Studio e kitnet,9355
60,2,1,Rua Alexandre Levi,Cambuci,Apartamento,3469
56,2,1,Avenida Benjamin Harris Hunicutt,Portal dos Gramados,Apartamento,1554
69,2,1,Rua Jorge Cândido Marin,Vila Santa Luzia,Apartamento,2342
140,3,1,Rua Padre João Manuel,Cerqueira César,Apartamento,10950
70,2,1,Rua Coronel Francisco Júlio César Alfieri,Vila Sao Paulo,Apartamento,3274
50,1,1,Alfredo Pujol,Santana,Apartamento,2430
40,2,1,Rua Francisco Rossano,Sítio da Figueira,Apartamento,1935
30,1,0,Avenida Vieira de Carvalho,República,Studio e kitnet,2142
56,1,1,Rua Adis-abeba,Vila Cruzeiro,Apartamento,3151
64,2,1,Rua Ribeiro de Barros,Lapa,Apartamento,4554
70,2,1,Rua Barretos,Alto da Mooca,Apartamento,4999
164,3,4,Avenida Jaime Torres,Jardim Popular,Casa,4840
320,4,4,Rua Major Freire,Vila Monte Alegre,Casa,7782
430,4,4,Alameda Calicut,Chácara Santo Antônio,Casa,17200
61,1,1,Rua Antônio Dias da Silva,Vila Amalia (zona Norte),Apartamento,2108
70,3,1,Rua Doutor Guilherme Bannitz,Itaim Bibi,Apartamento,5163
35,1,1,Rua Ouro Branco,Jardim Paulista,Apartamento,5668
56,1,0,Rua Francisca Miquelina,Bela Vista,Studio e kitnet,3404
57,1,1,Rua Martinico Prado,Vila Buarque,Apartamento,3739
57,2,1,Rua Pereira da Nóbrega,Vila Monumento,Apartamento,2329
320,3,3,Avenida Washington Luís,Santo Amaro,Apartamento,14830
54,2,1,Avenida Damasceno Vieira,Vila Mascote,Apartamento,2756
70,2,0,Rua Frei Orlando,Vila Santa Isabel,Apartamento,2104
70,2,2,Rua Paramu,Vila Alpina,Casa em condomínio,3127
35,1,1,Avenida Pompéia,Pompeia,Apartamento,3189
37,2,0,Rua Custódio de Mendonça,Santana,Apartamento,3785
46,1,1,Rua Doutora Neyde Apparecida Sollitto,Vila Clementino,Studio e kitnet,6673
140,2,2,Rua Diogo Ortiz,Lapa,Casa,3420
35,1,1,Rua Visconde de Inhaúma,Vila da Saúde,Apartamento,3209
28,1,1,Rua Consolação,Cerqueira César,Studio e kitnet,2744
28,1,1,Rua Henrique Fausto Lancelotti,Nova Piraju,Studio e kitnet,3507
74,2,1,Alameda dos Jurupis,Indianópolis,Apartamento,6735
86,2,2,Rua Correia de Almeida,Jabaquara,Casa em condomínio,3014
37,2,0,Rua Gustavo de Godoi,Guaiaúna,Apartamento,2089
66,3,1,Rua Aluísio Azevedo,Santana,Apartamento,3045
150,3,4,Rua Doutor Valentim Bouças,Vila Mazzei,Casa,3531
35,2,0,Rua Avanhandava,Consolação,Studio e kitnet,2197
48,2,1,Rua Cabo João Teruel Fregoni,Ponte Grande,Apartamento,2457
52,2,0,Rua Doutor Nicolau Alberto Defina,Jardim da Saúde,Apartamento,1939
70,3,1,Rua Eusébio de Paula Marcondes,Jardim D’abril,Apartamento,1948
52,2,1,Rua Copacabana,Chora Menino,Apartamento,2436
42,1,0,Rua Cachoeira do Arari,Vila Leonor,Casa,1142
70,1,1,Rua dos Timbiras,Santa Efigênia,Apartamento,2716
60,2,1,Rua Padre Carvalho,Pinheiros,Apartamento,6188
70,2,0,Rua Francisco Fett,Vila Paulo Silas,Casa,1673
40,1,0,Avenida Estado,Cambuci,Apartamento,1824
103,2,1,Rua Doutor Antônio Bento,Santo Amaro,Apartamento,6132
43,1,1,Rua Diogo Jácome,Moema,Apartamento,6960
93,2,2,Rua Marcos Portugal,Ipiranga,Apartamento,6169
200,4,2,Rua Artur Cerqueira Mendes,Piqueri,Casa,3117
50,1,1,Rua Joinville,Paraíso,Apartamento,4898
75,2,1,Rua Ática,Jardim Brasil (zona Sul),Apartamento,2915
49,2,1,Rua Realce,Jardim Antártica,Apartamento,2308
330,3,4,Alameda Dinamarca,Alphaville Residencial Um,Casa,15260
27,1,1,Praça da República,República,Studio e kitnet,3094
52,2,1,Rua Doutor Samuel Porto,Vila da Saúde,Apartamento,3600
65,2,1,Rua Ascencional,Jardim Ampliação,Apartamento,4069
32,1,0,Rua da Glória,Liberdade,Apartamento,1569
63,3,1,Avenida Martins Júnior,Jardim Bela Vista,Apartamento,3276
110,3,0,Avenida Israel Fonseca,Vila Fátima,Casa em condomínio,1599
52,2,1,Rua Willis Roberto Banks,Parque Maria Domitila,Apartamento,2331
68,2,2,Avenida Ibijaú,Moema,Apartamento,8369
70,2,1,Rua Ana Benvinda de Andrade,Santana,Apartamento,2914
220,2,1,Rua Bela Cintra,Consolação,Apartamento,9276
70,2,1,Rua Retiro,Maranhão,Apartamento,4608
36,1,1,Rua Lisboa,Pinheiros,Studio e kitnet,4880
24,1,0,Rua Doutor Jesuíno Maciel,Brooklin,Studio e kitnet,3101
27,1,0,Rua Oscar Freire,Pinheiros,Studio e kitnet,4067
40,1,0,Rua Caetano Pinto,Brás,Studio e kitnet,2437
30,1,0,Rua Herval,Belenzinho,Studio e kitnet,1654
110,2,1,Rua José Garbuio,Campo Belo,Casa,5263
40,1,1,Rua Doutor Chibata Miyakoshi,Paraíso do Morumbi,Studio e kitnet,3101
40,1,0,Avenida São João,Campos Elíseos,Apartamento,2113
20,1,0,Avenida Miruna,Indianópolis,Apartamento,1591
80,2,0,Avenida Yervant Kissajikian,Americanópolis,Apartamento,1914
65,2,2,Rua Oswaldo Casimiro Müller,Cidade Monções,Casa,2788
44,2,0,Avenida Professor Luiz Ignácio Anhaia Mello,Vila Prudente,Apartamento,2203
64,3,1,Avenida Parada Pinto,Vila Nova Cachoeirinha,Apartamento,2780
90,2,1,Rua Fradique Coutinho,Pinheiros,Apartamento,8342
106,2,2,Rua Nelson Gama de Oliveira,Vila Andrade,Apartamento,5603
55,2,1,Rua Por do Sol,Parque Panamericano,Apartamento,1595
45,2,0,Rua Caracaxá,Vila Nivi,Casa em condomínio,1695
60,2,1,Avenida General Ataliba Leonel,Parada Inglesa,Apartamento,2905
40,2,1,Rua Pangaré,Vila Butantã,Apartamento,2096
79,3,2,Rua Ilansa,Vila Prudente,Apartamento,4888
50,2,1,Avenida Guilhermina Vieira,Vila Miriam,Casa,1427
22,1,0,Rua Senador Carlos Teixeira de Carvalho,Cambuci,Studio e kitnet,1545
57,2,1,Rua Domingos Paiva,Brás,Apartamento,5292
28,1,0,Rua José Manso,Vila Matilde,Apartamento,2557
43,2,1,Avenida do Oratório,Jardim Ângela (zona Leste),Apartamento,1454
47,1,0,Rua 24 de Maio,República,Studio e kitnet,1755
67,2,1,Rua Doutor Vicente Giacaglini,Vila Bela,Apartamento,3516
45,2,1,Rua Ituri,Vila Formosa,Apartamento,2060
22,0,0,Rua Natividade Saldanha,São Lucas,Studio e kitnet,1126
320,5,2,Rua Arquiteto Jaime Fonseca Rodrigues,Alto de Pinheiros,Casa,15220
71,3,2,Avenida Padre Arlindo Vieira,Vila Vermelha,Apartamento,2941
40,2,0,Rua Professor Arnaldo João Semeraro,Jardim Santa Emilia,Apartamento,1582
40,1,1,Rua José Luna,Jardim Vazani,Apartamento,1838
50,1,0,Rua Alexandre Farnésio,Parque Maria Luiza,Casa,1210
140,4,1,Avenida Miruna,Indianópolis,Casa,4445
120,2,0,Rua Duílio,Lapa,Casa,3472
149,3,1,Alameda Lorena,Jardim Paulista,Apartamento,8583
139,3,2,Rua Peixoto Gomide,Jardim Paulista,Apartamento,15710
25,1,0,Rua Bartolomeu de Gusmão,Vila Mariana,Studio e kitnet,3901
94,3,2,Avenida Mofarrej,Vila Leopoldina,Apartamento,5875
25,1,0,Rua Doutor Diogo de Faria,Vila Clementino,Studio e kitnet,3215
116,2,3,Rua Barão do Triunfo,Brooklin,Apartamento,9810
40,2,0,Rua Conselheiro Lafaiette,Mooca,Studio e kitnet,2693
32,1,0,Rua Doutor Leite Pereira,Vila Brasílio Machado,Casa em condomínio,1762
150,2,1,Rua Múcio Leão,Vila Arcadia,Casa,2461
40,1,0,Rua Alexandre Ribeiro,Horto Florestal,Casa,1011
82,2,1,Rua Graúna,Vila Uberabinha,Apartamento,5061
70,2,0,Rua General Sosa Trigo,Parque Itaberaba,Casa,1589
82,2,1,Rua Áureliano Guimarães,Vila Andrade,Apartamento,3010
70,2,0,Avenida Monte Celeste,Vila Santa Maria,Casa em condomínio,1215
100,3,1,Rua Haddock Lobo,Cerqueira César,Apartamento,13560
350,2,3,Praça Aracariguama,Perdizes,Casa,5947
50,2,1,Rua das Grumixamas,Vila Parque Jabaquara,Apartamento,2349
80,1,1,Rua Venezuela,Centro,Casa,1629
213,4,3,Rua Félix de Sousa,Vila Congonhas,Casa,7170
55,1,1,Rua João Almendra,São José,Casa,1407
47,2,1,Rua Padre Bento Ibañez,Jardim Prudência,Apartamento,2664
50,1,1,Rua Ministro Nélson Hungria,Vila Tramontano,Apartamento,3712
44,2,1,Santo Egídio,Santa Teresinha,Apartamento,2019
45,2,1,Rua Yayá,Jardim Canhema,Apartamento,2234
78,2,0,Alameda Fernão Cardim,Jardim Paulista,Apartamento,5023
257,3,4,Rua Tamarataca,Mooca,Apartamento,7838
42,1,0,Rua São Luís,Vila Cosmopolita,Apartamento,792
49,2,1,Rua Itaiteva,Jardim Ampliacao,Apartamento,2792
42,1,1,Rua Nhu-guaçu,Nova Piraju,Apartamento,3370
50,2,1,Rua Salvador Leme,Bom Retiro,Apartamento,3308
43,2,0,Rua Catarina Vieira,Vila Dalila,Apartamento,2663
54,1,0,Rua do Arouche,República,Apartamento,1559
70,2,1,Avenida Damasceno Vieira,Jardim Jabaquara,Apartamento,3249
84,2,2,Rua Traituba,Saúde,Apartamento,6627
38,1,0,Rua Acaraú,Bela Vista,Apartamento,1803
43,1,1,Rua Maria Zélia,Vila Pirituba,Casa,1624
374,3,4,Rua Professora Ana de Andrade Santana,Jardim Leonor,Casa,13180
48,1,1,Avenida José Galante,Vila Suzana,Apartamento,2572
74,2,1,Avenida Miguel Estefno,Saúde,Apartamento,3554
53,2,1,Rua Dom Bernardo Nogueira,Vila Gumercindo,Apartamento,4080
39,1,0,Rua Doutor Carlos Augusto de Campos,Santo Amaro,Studio e kitnet,2893
51,2,1,R. Bela Cintra,Consolação,Apartamento,5291
60,1,0,Rua Pampa,Cidade Vargas,Studio e kitnet,1554
53,2,1,Avenida Engenheiro Heitor Antônio Eiras Garcia,Jardim Esmeralda,Apartamento,2837
51,2,1,Rua Macaiá-mirim,Santana,Apartamento,3743
38,2,0,Rua São Quirino,Vila Guilherme,Apartamento,2010
61,3,2,Rua Alexandre Levi,Cambuci,Apartamento,3727
29,1,1,Rua Henrique Fausto Lancellotti,Nova Piraju,Studio e kitnet,4754
30,1,0,Rua Consolação,Cerqueira César,Studio e kitnet,2681
49,2,1,Rua da Esperança,Vila Medeiros,Apartamento,2361
42,2,1,Av Amador Aguiar,Jaraguá,Apartamento,1610
102,4,2,Rua Borba Gato,Santo Amaro,Apartamento,5602
42,2,1,Rua Abernesia,Santa Maria,Apartamento,2868
110,2,2,Avenida José Estevão de Magalhães,Vila Campestre,Casa,2465
420,4,4,Rua José Yazigi,Jardim Leonor,Casa,11510
85,3,1,Rua Sansão Alves dos Santos,Cidade Monções,Apartamento,6617
170,3,0,Rua Martins Fontes,Centro,Apartamento,6017
80,2,1,Rua Rosicler,Vila Nova Pauliceia,Casa,1935
53,2,1,Avenida Comandante Antônio Paiva Sampaio,Parque Vitória,Apartamento,2859
35,1,0,Rua Otto de Alencar,Liberdade,Apartamento,1832
80,1,1,Rua Domingos do Sacramento,Vila Carolina,Casa,1082
200,3,3,Rua Florianópolis,Vila Bertioga,Casa,4962
44,1,0,Rua Glicério,Liberdade,Apartamento,1502
90,2,0,Rua das Jóias,Vila do Encontro,Casa,1386
34,1,0,Avenida Dedo de Deus,Vila Formosa,Studio e kitnet,1807
220,4,2,Rua Pirandello,Brooklin,Casa,8372
32,1,0,Avenida Thomás Edison,Barra Funda,Apartamento,1899
141,3,3,Rua Baronesa de Bela Vista,Vila Congonhas,Apartamento,7459
50,1,1,Rua Jacob,Jardim Tranqüilidade,Apartamento,1662
65,3,1,Rua Jacirendi,Tatuapé,Apartamento,3071
133,2,1,Rua Professora Penha,Vila Scarpelli,Casa,4166
27,1,0,Rua Luiz Grassmann,Jardim Mirante,Studio e kitnet,1844
92,3,2,Rua Doutor Martins de Oliveira,Jardim Londrina,Apartamento,4321
320,4,2,Rua Timboré,Jardim Oriental,Casa,6278
62,2,1,Avenida Raimundo Pereira de Magalhães,Jardim Íris,Apartamento,1814
62,2,2,Rua Maria José da Conceição,Vila Andrade,Apartamento,3629
38,1,1,Rua Heitor de Souza Pinheiro,Super Quadra Morumbi,Apartamento,2533
220,4,3,Rua Corrientes,Lapa,Apartamento,9812
32,1,1,Rua Ciro Costa,Perdizes,Studio e kitnet,3607
380,5,2,Rua Alceu Antônio da Luz,Jardim Campo Grande,Casa em condomínio,9652
89,3,1,Rua Mariano Procópio,Vila Monumento,Apartamento,3490
66,2,2,Rua Inácio Manuel Álvares,Jardim Ester,Apartamento,3451
47,2,1,Rua João Simões de Souza,Parque Reboucas,Apartamento,3516
25,1,0,Avenida das Cerejeiras,Jardim Japão,Studio e kitnet,934
60,1,0,Rua Doutor Alcides de Campos,Americanópolis,Casa,948
83,2,1,Rua Joseph Nigri,Várzea da Barra Funda,Apartamento,7188
144,4,2,Rua Francisco Soledade,Parque da Mooca,Apartamento,6020
24,1,0,Rua Bartolomeu de Gusmão,Vila Mariana,Studio e kitnet,3802
110,3,1,Rua Elvira Ferraz,Vila Olímpia,Apartamento,7007
48,1,1,Rua Augusta,Consolação,Apartamento,4596
25,1,0,Rua Riskallah Jorge,Centro Histórico de São Paulo,Studio e kitnet,1185
66,2,1,Rua Getúlio Soares da Rocha,Jardim das Acácias,Apartamento,5999
44,1,0,Rua Santo Amaro,Bela Vista,Apartamento,1869
77,1,1,Avenida José Barbosa de Siqueira,Padroeira,Casa,792
150,2,1,Rua Catuquina,Vila Formosa,Casa,1867
60,2,2,Rua José Bonifácio,Vila Galvão,Apartamento,2585
90,2,1,Rua Bruxelas,Sumaré,Apartamento,10010
28,1,0,Rua Dráusio,Butantã,Apartamento,2397
74,2,1,Rua Lourdes Rabello,Vila Milton,Apartamento,2167
74,2,1,Rua Casa do Ator,Vila Olímpia,Apartamento,15650
89,3,2,Rua Antonieta Leitão,Nossa Senhora do Ó,Apartamento,4602
39,1,1,R. Fábio Lopes dos Santos Luz,Vila Andrade,Studio e kitnet,3559
75,3,1,Rua Gomes de Carvalho,Vila Olímpia,Apartamento,4253
60,2,1,Rua Cláudio Aparecido Oliveira,Jardim Roberto,Apartamento,2063
26,1,0,Rua Voluntários da Pátria,Santana,Studio e kitnet,3141
37,2,0,Rua Clementine Brenne,Morumbi,Apartamento,2331
36,2,0,Rua do Chico Nunes,Vila Andrade,Apartamento,1138
46,1,1,Rua Paraná,Brás,Apartamento,2747
73,2,1,Rua José Manso,Vila Matilde,Apartamento,3453
36,1,1,Rua Galvão Bueno,Liberdade,Apartamento,4425
35,1,0,Rua Santo Antônio,Bela Vista,Studio e kitnet,1704
80,3,1,Rua Glória do Goitá,Vila Independencia,Apartamento,2784
70,1,1,Avenida Engenheiro Luiz Carlos Berrini,Cidade Monções,Apartamento,8638
50,2,1,Avenida José Barbosa de Siqueira,Padroeira,Apartamento,2241
240,2,2,Rua Liderlândia,Moinho Velho,Casa,4783
94,3,2,Rua Teffé,Santa Maria,Apartamento,4215
29,1,0,Rua Siqueira Bueno,Belenzinho,Casa,1284
36,1,1,Rua Bom Pastor,Ipiranga,Apartamento,3316
37,1,0,Rua Costa Aguiar,Ipiranga,Apartamento,3205
145,2,1,Rua Abílio Soares,Paraíso,Apartamento,4706
25,1,0,Rua Conselheiro Furtado,Liberdade,Studio e kitnet,2825
120,2,5,Rua Felício Pereira,Jardim Piqueroby,Casa,4019
50,1,2,Avenida Doutor Guilherme Dumont Villares,Jardim Londrina,Apartamento,2842
45,2,1,Rua Carvalho de Freitas,Vila Andrade,Apartamento,3145
40,1,0,Rua Serra de Botucatu,Vila Gomes Cardim,Apartamento,1733
35,1,0,Rua Padre Isidoro,Vila Nova York,Studio e kitnet,1350
80,2,1,Rua Professor Oliveira Fausto,Alto da Mooca,Casa,2398
88,2,0,Rua Cubatão,Vila Mariana,Apartamento,3868
40,1,0,Alameda Barros,Santa Cecília,Studio e kitnet,2481
57,2,1,Rua Fábio Lopes dos Santos Luz,Vila Andrade,Apartamento,5112
35,0,0,Rua Padre Machado,Bosque da Saúde,Studio e kitnet,1818
128,3,2,Rua Manuel da Nóbrega,Paraíso,Apartamento,8578
300,3,3,Rua Artur Bernardes,Vila Invernada,Casa,3866
198,3,2,Avenida Paes de Barros,Mooca,Apartamento,4338
15,1,0,Rua Major Maragliano,Vila Mariana,Studio e kitnet,4105
35,1,0,Rua Ulisses Paschoal,Jardim Lourdes,Studio e kitnet,1111
52,2,1,Rua Capistrano de Abreu,Jaguaribe,Apartamento,2619
500,4,3,Rua Careaçu,Jardim Franca,Casa,8329
60,2,2,Rua Vapabussu,Jardim Aeroporto,Apartamento,2853
50,1,0,Rua José Antônio Coelho,Vila Mariana,Apartamento,2526
20,1,0,Avenida Senador Queirós,Centro,Studio e kitnet,1774
51,2,1,Rua Alexandre Levi,Cambuci,Apartamento,2679
26,1,0,Avenida Cásper Líbero,Centro,Studio e kitnet,2244
18,1,0,Rua Nelson Fernandes,Cidade Vargas,Studio e kitnet,1494
18,1,0,Rua Araguaia,Ponte Pequena,Studio e kitnet,862
43,1,0,Rua Intendência,Brás,Apartamento,2626
40,1,0,Rua Conception Arenal,Vila Mira,Apartamento,1816
37,1,1,Rua Lourenço Collino,Presidente Altino,Apartamento,2366
98,2,2,Rua Thomas Carvalhal,Vila Mariana,Apartamento,14500
70,2,2,Rua Croata,Vila Ipojuca,Apartamento,4408
32,1,0,Praça Dom José Gaspar,República,Apartamento,2105
100,3,3,Rua Joaquim Marra,Vila Talarico,Casa,7387
100,3,1,Avenida Conceição,Carandiru,Casa,2487
26,1,0,Rua Visconde de Parnaíba,Brás,Studio e kitnet,1722
216,3,3,Rua João Álvares Soares,Campo Belo,Apartamento,11380
220,4,3,Alameda dos Guaramomis,Planalto Paulista,Apartamento,20780
38,2,1,Rua Lefosse,Vila Invernada,Apartamento,1961
50,1,0,Avenida Patente,Jardim Patente,Apartamento,1386
21,1,0,Rua Herval,Belenzinho,Studio e kitnet,2939
123,3,2,Rua Voluntários da Pátria,Santana,Apartamento,5496
82,2,1,Rua Doutor Cândido Espinheira,Perdizes,Apartamento,3852
65,2,1,Rua Nhu-guaçu,Nova Piraju,Apartamento,4188
42,2,1,Rua Leandro Teixeira,Paraisópolis,Apartamento,2136
122,2,1,Rua Fernão Dias,Pinheiros,Casa,7160
83,1,1,Rua Matias Aires,Consolação,Apartamento,6737
42,1,0,Rua Sete de Abril,República,Apartamento,2281
24,1,0,Rua Cunha Horta,Consolação,Studio e kitnet,3880
49,2,1,Rua Francisco Luiz de Souza Júnior,Agua Branca,Apartamento,2919
41,1,1,Avenida Ibijaú,Moema,Studio e kitnet,3694
45,1,0,Rua Jordão Ramalho,Jardim Maristela,Casa,834
296,3,3,Avenida Cauaxi,Alphaville Industrial,Apartamento,15490
66,3,2,Rua Atuaí,Vila Esperança,Apartamento,3949
146,4,2,Rua Épiro,Vila Alexandria,Apartamento,7169
89,1,2,Rua Professor Sousa Barros,Vila Guarani (z Sul),Apartamento,4543
240,5,2,Rua Manuel Vaz,Jardim Consorcio,Casa,7756
36,1,0,Rua Luís Góis,Mirandópolis,Studio e kitnet,1902
250,4,3,Rua Ugo Taddei,Parque Jabaquara,Casa,2894
108,2,2,Rua José da Silva Ribeiro,Vila Andrade,Apartamento,6081
38,1,0,Rua Glicério,Liberdade,Apartamento,2021
67,2,0,Rua Rio Grande,Vila Mariana,Apartamento,3182
54,2,0,Rua Dom Macário,Saúde,Apartamento,1462
55,2,2,Rua Paulo César,Vila Mazzei,Apartamento,2811
69,2,2,Rua Silva Teles,Brás,Apartamento,4019
31,1,0,Rua General Júlio Marcondes Salgado,Campos Elíseos,Studio e kitnet,3443
65,2,1,Rua Salvador Pedroso,Sacomã,Apartamento,2701
40,1,2,Rua Carlos Steinen,Paraíso,Apartamento,3772
49,2,1,Rua Henrique Casela,Penha de França,Apartamento,2574
41,2,0,Rua Manuel Leiroz,Vila Penteado,Apartamento,1958
43,1,1,Rua da Consolação,Consolação,Apartamento,4060
158,4,2,São José,Alto da Boa Vista,Apartamento,8929
64,2,1,Avenida Nova Independência,Brooklin,Apartamento,4988
45,1,0,Rua Severino Soares,Vila Mazzei,Casa em condomínio,857
45,1,1,Rua Cândido Portinari,Rudge Ramos,Studio e kitnet,1545
137,2,1,Rua Pedro Melges Sobrinho,Planalto Paulista,Casa,3157
72,1,1,Rua Baluarte,Vila Olímpia,Apartamento,7398
46,1,0,"Santa Ifigênia, São Paulo - Sp, 01208-001, Brasil",Santa Ifigênia,Apartamento,1333
48,1,1,Rua João Moura,Pinheiros,Apartamento,5574
55,2,1,Rua São Paulo,Taboão,Apartamento,2971
47,2,1,Rua Judith Zumkeller,Parque Mandaqui,Apartamento,1643
40,1,0,Rua 24 de Maio,República,Apartamento,1745
70,2,1,Rua dos Heliotrópios,Mirandópolis,Apartamento,3439
90,1,0,Rua Tenente Isaías Branco de Araújo,Vila das Belezas,Casa,2074
115,3,2,Rua Jocelyn Bennaton - Vila Nova Caledonia,Vila Nova Caledônia,Casa,4836
30,2,1,Rua Batataes,Jardim Paulista,Apartamento,6344
53,2,1,Rua Padre Jerônimo Vermin,Jardim Maria Estela,Apartamento,2556
55,2,0,Praça Franklin Roosevelt,Consolação,Apartamento,2690
43,1,1,Rua Tuim,Vila Uberabinha,Apartamento,4816
40,1,0,Rua Caetano Pinto,Brás,Apartamento,1914
47,2,1,Rua Parambu,Parque Vitoria,Apartamento,4273
58,2,1,Rua Viçosa do Ceará,Vila Mascote,Apartamento,3171
107,2,2,Rua Júlio Marcelino de Faria,Chácara Cruzeiro do Sul,Casa,2606
300,4,3,Rua David Gebara,Vila Suzana,Apartamento,10520
32,1,0,Rua Guaicurus,Água Branca,Studio e kitnet,3236
486,3,3,Rua Ocapeguara,Jardim Umarizal,Casa,4899
219,3,4,Rua Carlos de Mesquita,Jardim Jussara,Casa,6500
37,1,1,Rua Flórida,Cidade Monções,Apartamento,4150
41,2,1,Avenida Professor Luiz Ignácio Anhaia Mello,Vila Graciosa,Apartamento,2167
50,2,1,Rua Visconde de Parnaíba,Mooca,Apartamento,2311
45,1,1,Avenida Pompéia,Vila Pompéia,Apartamento,3310
120,2,3,Rua Campo Largo,Vila Bertioga,Casa,5082
43,1,1,Rua Guaraiúva,Cidade Monções,Studio e kitnet,4214
63,2,1,Avenida Vereador Antônio Grotkowski,Vila Santa Maria,Apartamento,2114
27,1,0,Rua Doutor Penaforte Mendes,Bela Vista,Studio e kitnet,3531
42,1,1,Avenida Miruna,Indianópolis,Apartamento,3788
70,3,1,Avenida Padre Arlindo Vieira,Jardim Vergueiro (sacomã),Apartamento,2468
29,1,0,Rua Luiz Seráphico Júnior,Jardim Caravelas,Apartamento,2457
22,1,0,Rua Bento Freitas,República,Studio e kitnet,3329
120,2,2,Rua Inácio Xavier de Carvalho,Vila Penteado,Casa,4768
25,1,0,Av.nove de Julho,Bela Vista,Apartamento,3008
35,1,0,Rua Miguel Rachid,Vila Paranagua,Apartamento,1057
45,1,1,Rua Conselheiro Ramalho,Bela Vista,Apartamento,3196
50,2,0,Rua Doutor Nicolau de Sousa Queirós,Vila Mariana,Apartamento,2964
29,1,0,Rua Cayowaá,Perdizes,Studio e kitnet,1733
57,1,1,Rua Fábio Lopes dos Santos Luz,Panamby,Apartamento,4495
66,3,1,Avenida Manoel Pedro Pímentel,Continental,Apartamento,2556
67,3,1,Rua José da Silva Ribeiro,Vila Andrade,Apartamento,3522
125,3,3,Rua Pretória,Vila Formosa,Casa,3898
98,2,1,Helion Póvoa,Vila Olímpia,Apartamento,4198
42,2,1,Travessa Três de Outubro,São Pedro,Apartamento,1588
52,2,1,Avenida Padre Pereira de Andrade,Boaçava,Casa,2931
46,1,0,Rua Luciano Broinizzi,Vila Isolina Mazzei,Apartamento,1368
82,3,1,Rua Francisco Marengo,Tatuapé,Apartamento,4459
70,2,1,Rua Barão de Melgaço,Real Parque,Apartamento,3194
47,2,1,Rua Henrique Rodrigues Peres,Jardim Brasília (zona Leste),Apartamento,2373
52,2,1,Rua das Seringueiras,Vila Parque Jabaquara,Apartamento,4181
200,4,2,Rua Gustavo da Silveira,Vila Santa Catarina,Casa,4958
250,4,4,Rua Pedro Doll,Santana,Apartamento,6062
64,2,1,Rua José Carlos de Toledo Piza,Jardim Parque Morumbi,Apartamento,4485
40,1,0,Rua Imonclar E Lazari,Jardim Silvia,Casa,731
37,1,1,Rua Alves Guimarães,Cerqueira César,Apartamento,5344
31,1,1,Avenida Cotovia,Indianópolis,Studio e kitnet,4138
48,1,1,Rua Araguari,Vila Uberabinha,Apartamento,5569
84,3,1,Rua Marius,Vila Celeste,Apartamento,3144
60,2,1,Rua Durval Fontoura Castro,Vila Paulista,Apartamento,2566
50,1,0,Rua Rio Paraná,Nova Aldeinha,Casa,1566
132,3,3,Rua Silveira Rodrigues,Siciliano,Apartamento,13100
55,2,2,Rua Mogi Mirim,Vila Bertioga,Apartamento,3628
77,3,2,Rua Dona Tecla,Jardim Flor da Montanha,Apartamento,3027
50,2,1,Rua Edmundo Kirmayr,Vila Roque,Apartamento,2538
172,4,1,Rua da Mata,Itaim Bibi,Apartamento,15190
37,2,0,Rua Caicó,Cidade Patriarca,Apartamento,1753
36,1,1,Avenida Kennedy,Jardim do Mar,Studio e kitnet,2743
270,3,4,Avenida Manoel dos Reis Araújo,Jardim Marajoara,Casa,11800
30,1,0,Rua Maria Luísa de Pinho,Parque da Mooca,Studio e kitnet,1830
50,2,0,Avenida Leôncio de Magalhães,Jardim São Paulo(zona Norte),Apartamento,3732
37,1,1,Rua Dona Antônia de Queirós,Consolação,Studio e kitnet,3837
100,2,1,Alameda dos Apetupás,Planalto Paulista,Casa,2710
300,3,2,Rua Alessandro Manzoni,Campo Grande,Casa,3545
70,1,1,Rua Ventura Ladalardo,Jardim Fonte do Morumbi,Apartamento,5564
120,3,1,Rua Teodureto Souto,Cambuci,Casa,3497
400,5,2,Rua Raiz da Serra,Jabaquara,Casa,12630
72,2,1,Praça Dom Gastão Liberal Pinto,Itaim Bibi,Apartamento,4358
50,1,0,Rua Professor Henrique Neves Lefevre,Jardim Petropolis,Casa em condomínio,1996
124,3,1,Rua Peixoto Gomide,Jardim Paulista,Apartamento,14060
39,2,0,Rua Álvaro de Carvalho,Centro,Apartamento,3223
26,1,0,Rua Girassol,Vila Madalena,Apartamento,6080
26,1,0,Rua Carlos Petit,Vila Mariana,Studio e kitnet,2731
40,1,0,Rua Daniel Vieira,Vila Guaca,Casa em condomínio,995
70,2,0,Rua Ponta Delgada,Vila Olímpia,Apartamento,7612
125,3,1,Avenida Jerimanduba,Jaraguá,Casa,1897
280,4,4,Avenida Francisco de Carvalho,Jardim Ipanema (zona Sul),Casa,8732
75,2,3,Rua dos Jornalistas,Cidade Vargas,Casa,2706
36,1,1,Rua Desembargador Guimarães,Água Branca,Apartamento,3911
120,3,2,Rua Estevão Baião,Vila Congonhas,Apartamento,7101
49,2,1,Rua Padre Raposo,Mooca,Apartamento,2225
52,2,1,Rua Caramboleira,Cidade das Flores,Apartamento,2392
28,1,0,Rua Marambaia,Casa Verde,Apartamento,2468
160,3,2,Rua Alberto Cortez,Pestana,Casa,3245
26,1,0,Rua Boçoroca,Vila Mira,Studio e kitnet,1163
80,2,1,Rua Santa Justina,Vila Olímpia,Apartamento,5306
38,1,0,Rua Brigadeiro Tobias,Centro Histórico de São Paulo,Casa em condomínio,2857
46,1,1,Avenida dos Parques,Tamboré,Studio e kitnet,4441
81,3,0,Avenida Brigadeiro Luís Antônio,Bela Vista,Apartamento,3007
70,2,1,Rua Gláuber Rocha,Santa Maria,Casa,1713
55,1,0,Rua Girassol,Jardim das Flores,Casa,1942
52,2,1,Rua Liestal,Lauzane Paulista,Apartamento,1676
91,2,1,Igati,Vila Anhangüera,Casa,3808
130,3,2,Rua João Álvares Pires,Vila Jacuí,Casa,2335
200,4,3,Rua Maria Otília,Vila Regente Feijó,Apartamento,10430
204,3,4,Rua Sócrates,Vila Sofia,Apartamento,15000
50,1,0,Rua Arcipreste Ezequias,Vila São José,Apartamento,2527
27,1,0,Avenida Ipiranga,República,Studio e kitnet,1174
40,2,1,Avenida Elísio Teixeira Leite,Sítio Morro Grande,Apartamento,1392
40,1,1,Avenida Sebastião Henriques,Vila Siqueira (zona Norte),Apartamento,1868
43,1,0,Rua Catarina Vieira,Vila Dalila,Apartamento,2559
134,3,3,Rua Marechal Barbacena,Vila Regente Feijó,Apartamento,12430
42,2,1,Rua Vicenzo Paciulo,Jardim Las Vegas,Apartamento,2241
92,2,1,Avenida Angélica,Consolação,Apartamento,6393
51,1,1,Rua Artur Prado,Bela Vista,Apartamento,4239
140,3,1,Rua Haroldo Paranhos,Parque Jabaquara,Casa,4119
48,1,1,Avenida Santo Amaro,Vila Nova Conceição,Apartamento,4289
110,2,2,Rua Vicente Felix,Jardim Paulista,Apartamento,8862
87,2,1,Avenida Bartholomeu de Carlos,Jardim Flor da Montanha,Apartamento,4773
110,3,1,Alameda Jaú,Jardim Paulista,Apartamento,7136
40,1,1,Rua das Fiandeiras,Vila Olímpia,Apartamento,4009
122,5,2,Avenida Jandira,Indianópolis,Apartamento,8476
72,2,1,Rua Geórgia,Campo Belo,Apartamento,4647
96,3,2,Rua Loefgren,Vila Clementino,Apartamento,5700
50,2,1,Rua Manguari,Jardim Andaraí,Apartamento,2006
62,2,0,Alameda Franca,Jardim Paulista,Apartamento,5135
125,3,2,Rua Antônio La Giudice,Jardim Aricanduva,Casa,3681
40,1,1,Alameda Eduardo Prado,Campos Elíseos,Apartamento,1857
60,2,1,Rua Alvorada,Vila Olímpia,Apartamento,8359
50,2,0,Rua Correia da Câmara,Vila Tolstoi,Apartamento,2222
450,3,5,Rua Padre Leonel França,Mooca,Casa,6789
50,1,0,Rua Sebastião de Andrade,Vila Matilde,Apartamento,1474
70,2,0,Avenida Alcântara Machado,Brás,Apartamento,1807
230,3,4,Rua Guaraiúva,Cidade Monções,Apartamento,21620
23,1,0,Rua das Sempre-vivas,Jardim das Acácias,Studio e kitnet,2714
35,1,0,Rua Rubens Mattar,Vila Babilonia,Casa,727
55,2,0,Rua Carlos Dias Fernandes,Brasilândia,Casa,1082
64,2,1,Rua Doutor José Carlos de Toledo Piza,Jardim Parque Morumbi,Apartamento,2880
63,3,1,Avenida Condessa Elizabeth de Robiano,Jardim América da Penha,Apartamento,2293
540,5,5,Rua Barra Mansa,Jardim Franca,Casa,8182
70,3,2,Rua Padre José Antônio Romano,Parque Esmeralda,Apartamento,4277
60,2,1,Rua Guadalupe,Parque das Nações,Apartamento,1638
230,3,4,Rua Professor Elías Vita,Parque da Mooca,Apartamento,7495
80,2,0,Rua Antônio de Mariz,Alto da Lapa,Apartamento,3350
48,2,1,Rua Cardeal Arcoverde,Pinheiros,Apartamento,4930
120,3,2,Rua Baguassu,Vila Regente Feijó,Casa,3023
57,2,1,Rua Doutor Carlos Aldrovandi,Jardim Parque Morumbi,Apartamento,3310
45,1,1,Rua Barão Campos Gerais,Real Parque,Apartamento,3206
75,2,1,Rua Jardim das Margaridas,Vila Buenos Aires,Casa em condomínio,1799
60,1,1,Rua Francisco Leitão,Pinheiros,Apartamento,6848
140,2,2,Rua Cenerino Branco de Araújo,Vila Campo Grande,Casa,3019
95,3,1,Rua Nova York,Brooklin Paulista,Apartamento,4583
90,2,2,Rua das Vertentes,Vila Constança,Casa,4274
85,2,2,Rua Octacílio Celestino Gallo,Taboão,Apartamento,2277
40,1,1,Rua São Vicente de Paulo,Santa Cecilia,Studio e kitnet,2777
30,1,0,Rua Marechal Luís Alves de Lima E Silva,Quitaúna,Casa,866
69,2,1,Rua Doutor Nicolau Alberto Defina,Jardim da Saúde,Apartamento,2633
31,1,1,Alameda Lorena,Jardim Paulista,Studio e kitnet,4587
43,2,1,Rua Bruna,Chácara Mafalda,Apartamento,2307
45,1,0,Viaduto Dona Paulina,Centro Histórico de São Paulo,Apartamento,1637
35,1,0,Rua Gazeta,Vila Fachini,Casa,719
47,2,1,Rua Jaguaribe,Vila Buarque,Apartamento,3217
33,1,0,Rua 24 de Maio,Centro,Studio e kitnet,1794
53,1,2,Rua Bonnard,Alphaville Empresarial,Apartamento,4024
38,0,0,Rua dos Carmelitas,Sé,Studio e kitnet,1484
102,1,1,Rua da Mata,Itaim Bibi,Apartamento,9498
220,3,4,Rua José Frutuoso Dias,Vila Bandeirantes,Casa,5109
37,1,1,Rua Dráusio,Butantã,Apartamento,3902
42,1,1,Rua Santo Antônio,Bela Vista,Apartamento,2731
70,2,0,Rua Ibituruna,Parque Imperial,Apartamento,2352
60,2,1,Rua Bernardino Vergueiro,Jardim Jaú (Zona Leste),Apartamento,2284
80,3,1,Rua Dom Bernardo Nogueira,Vila Gumercindo,Apartamento,4175
53,1,0,Avenida Jabaquara,Mirandópolis,Apartamento,2479
100,2,1,Rua Júlia della Casa Paula,Vila Mariana,Casa em condomínio,5852
100,2,1,Rua Afonso de Freitas,Paraíso.,Apartamento,4356
68,2,2,Rua Salvador Gaeta,Vila Augusta,Casa,2574
50,2,1,Avenida Leôncio de Magalhães,Jardim São Paulo(zona Norte),Apartamento,3819
211,2,2,Rua Major José Marioto Ferreira,Paraisópolis,Apartamento,6119
40,2,0,Rua Antônio Amaral,Vila Antonieta,Casa,965
43,1,1,Avenida Doutor Cardoso de Melo,Vila Olímpia,Studio e kitnet,4774
28,1,0,Rua Riskallah Jorge,Centro,Studio e kitnet,1700
38,1,1,Avenida Salgado Filho,Centro,Studio e kitnet,2527
26,1,0,Avenida Professor Ascendino Reis,Indianópolis,Studio e kitnet,2991
60,2,0,Rua Bom Pastor,Ipiranga,Apartamento,2716
70,1,0,Rua Don Francisco Manuel Vieira,Jardim Primeiro de Maio (chacara Fazendinha),Casa,991
40,1,0,Rua Aurora,Santa Efigênia,Studio e kitnet,1296
34,1,0,Rua Janguruçu,Parque da Mooca,Studio e kitnet,2277
450,4,4,Avenida José Galante,Vila Suzana,Apartamento,21510
80,2,0,Rua Maia Lelo,Vila Paulo Silas,Casa,2100
42,2,1,Rua Geneve,Mandaqui,Apartamento,2266
65,3,1,Avenida Presidente Joao Goulart,Umuarama,Apartamento,3629
112,2,2,Alameda Itapecuru,Alphaville Industrial,Apartamento,6995
140,3,2,Rua Pascal,Campo Belo,Apartamento,8437
50,2,1,Avenida Carlos Ferreira Endres,Vila Endres,Apartamento,2798
110,3,3,Simão Velho,Freguesia do Ó,Apartamento,12740
36,2,0,Rua Cônego Vicente Miguel Marino,Barra Funda,Apartamento,2376
22,1,0,Avenida Ipiranga,República,Studio e kitnet,1201
38,1,1,Rua José Mandotti,Vila Augusta,Apartamento,3776
90,2,0,Rua Curupace,Mooca,Casa,3047
37,1,1,Rua Dona Maria Carolina,Jardim Paulistano,Studio e kitnet,8070
45,2,1,Rua Engenheiro Bianor,Butantã,Apartamento,4723
38,2,0,Rua Ponte Pensa,Parada Inglesa,Apartamento,1949
43,2,0,Rua Domingos Ataide,Vila Suzana,Apartamento,2164
200,3,2,Rua Coronel Irineu de Castro,Jardim Anália Franco,Casa,5530
75,2,1,Rua Nelson Gama de Oliveira,Vila Andrade,Apartamento,4013
290,4,4,Rua Rishin Matsuda,Vila Santa Catarina,Casa,5579
84,2,1,Rua Girassol,Vila Madalena,Apartamento,4832
58,2,1,Rua Xingu,Vila Valparaíso,Apartamento,2848
32,1,0,Rua dos Andradas,Santa Ifigênia,Studio e kitnet,1093
56,2,0,Alameda Santos,Cerqueira César,Apartamento,5528
40,1,1,Rua Chui,Paraíso,Apartamento,3680
50,2,1,Rua Bela Cintra,Consolação,Apartamento,5574
60,3,1,Rua Fosca,Jardim Previdência,Apartamento,2790
40,1,0,Rua Santa Isabel,Vila Buarque,Apartamento,1836
52,2,1,Rua Guarapuava,Mooca,Apartamento,3916
91,3,2,Rua Vitório Ramalho,Tatuapé,Apartamento,7282
41,1,1,Rua Artur Prado,Bela Vista,Apartamento,4377
150,4,4,Rua Emílio Pestana,Alto da Mooca,Casa,5188
33,1,1,"Rua Topázio, 701 - Vila Mariana, São Paulo - Sp, Brasil",Vila Mariana,Apartamento,3853
77,2,1,Rua Nove de Julho,Santo Amaro,Apartamento,11340
49,2,1,Rua Alves de Almeida,Chácara Belenzinho,Apartamento,8102
40,1,0,Avenida Juan Cabrerizo,Cipava,Studio e kitnet,935
145,4,4,Rua Isabel de Freitas Sassi,Jardim Santa Terezinha,Casa,2566
146,4,3,Rua Epiro,Vila Alexandria,Apartamento,9032
70,2,0,Avenida Brigadeiro Luís Antônio,Jardim Paulista,Apartamento,3467
305,4,4,Avenida Washington Luís,Santo Amaro,Apartamento,19010
44,1,0,Rua Durval Fontoura Castro,Vila Paulista,Casa,1292
40,2,0,Rua Frei Orlando,Vila Santa Isabel,Apartamento,2217
48,1,1,Rua Frei Caneca,Consolação,Apartamento,2617
223,3,6,Rua São Francisco de Assis,Vila Mangalot,Casa,4518
83,3,2,Rua Água Rasa,Vila Regente Feijó,Apartamento,3846
30,1,1,Rua Pascal,Campo Belo,Studio e kitnet,3506
90,2,1,Rua Baluarte,Vila Olímpia,Apartamento,3361
60,2,2,Rua Croata,Vila Ipojuca,Apartamento,5074
43,1,1,Rua Doutor Miranda de Azevedo,Vila Anglo Brasileira,Apartamento,4617
40,1,1,Avenida Portugal,Centro,Apartamento,3572
90,1,2,Rua Nova Cidade,Vila Olímpia,Apartamento,13680
65,2,0,Rua Joaquim Ferreira,Água Branca,Apartamento,2472
44,2,1,Avenida Raimundo Pereira de Magalhães,Jardim Íris,Apartamento,2219
62,3,2,Rua Coronel Camisão,Vila Gomes,Apartamento,3725
116,3,2,Rua Maracá,Jabaquara,Apartamento,6731
31,1,0,Rua Doutor Bento Teobaldo Ferraz,Várzea da Barra Funda,Apartamento,2429
28,1,1,Rua Bueno de Andrade,Liberdade,Studio e kitnet,3049
180,3,3,Rua General Eldes de Sousa Guedes,Jardim Colombo,Casa,4571
38,1,0,Avenida Cásper Líbero,Centro,Apartamento,1490
34,1,0,Rua José Bento,Cambuci,Apartamento,1786
32,1,1,Rua Cubatão,Vila Mariana,Studio e kitnet,3284
26,1,1,Alameda Lorena,Jardim Paulista,Studio e kitnet,4779
50,1,1,Avenida Engenheiro Heitor Antônio Eiras Garcia,Jardim Esmeralda,Studio e kitnet,2368
54,1,0,Rua Camé,Mooca,Apartamento,2116
66,1,1,Rua Barata Ribeiro,Bela Vista,Apartamento,3502
49,2,1,Rua Iguaré,Tatuapé,Apartamento,2135
40,1,1,Rua Venezuela,Taboão,Apartamento,1271
28,1,0,Rua Conselheiro Furtado,Liberdade,Studio e kitnet,2750
48,2,1,Rua Pernambucana,Conceição,Apartamento,2271
43,1,0,Avenida Itaquera,Itaquera,Apartamento,1256
45,1,1,Rua Barão do Triunfo,Brooklin Paulista,Apartamento,3049
52,1,1,Rua Guiratinga,Chácara Inglesa,Apartamento,3943
60,2,1,Rua Barata Ribeiro,Bela Vista,Apartamento,4469
20,1,0,Avenida Corifeu de Azevedo Marques,Jd. Rio Pequeno,Studio e kitnet,1662
30,1,0,Rua Tabor,Ipiranga,Casa,1720
200,3,1,Rua Monteiro de Melo,Jardim Peri,Casa,7569
85,1,2,Rua Bandeira Paulista,Itaim Bibi,Apartamento,10240
60,3,1,Rua Ana de Barros,Jardim Santa Inês,Apartamento,3336
212,4,3,Alameda Itapecuru,Alphaville Centro Industrial E Empresarial/alphaville.,Apartamento,14800
46,1,0,Rua Andaçu,Vila Paiva,Apartamento,1527
45,2,0,Rua do Lavapés,Cambuci,Apartamento,3046
164,3,2,Rua José Gomes Falcão,Parque Industrial Tomas Edson,Apartamento,10510
75,1,1,Avenida Teresa Cristina,Vila Monumento,Casa,4340
55,1,1,Avenida Pavão,Recanto Paraíso,Casa,2746
52,1,1,Rua Capote Valente,Pinheiros,Apartamento,5879
45,1,0,Avenida Ipiranga,República,Apartamento,2832
54,1,1,Rua Marechal Barbacena,Vila Regente Feijó,Apartamento,4505
31,1,1,Rua Marie Nader Calfat,Jardim Ampliacao,Studio e kitnet,2990
55,1,0,Rua Clovis de Oliveira,Vila Progredior,Apartamento,2389
34,1,0,Largo do Arouche,República,Studio e kitnet,2756
40,1,0,Avenida Itaquera,Parque Maria Luiza,Studio e kitnet,1222
100,2,0,Rua Teodoro Sampaio,Pinheiros,Apartamento,4118
39,1,0,"R. Evans, São Paulo - Sp, 03648-020, Brasil",Vila Matilde,Apartamento,2019
198,4,3,Rua Antônio Júlio dos Santos,Fazenda Morumbi,Apartamento,8436
58,2,2,Av Santo Antonio,Bela Vista,Apartamento,2646
311,4,6,Rua Edson,Campo Belo,Apartamento,25510
42,2,0,Rua da Chibata,Vila Andrade,Apartamento,1717
136,4,2,Avenida Engenheiro Eusébio Stevaux,Jurubatuba,Apartamento,8248
40,2,0,Rua Cristóvão Arraes,Vila Santa Terezinha,Apartamento,1947
147,3,2,Rua Haroldo Paranhos,Parque Jabaquara,Casa,3850
59,2,1,Rua Jorge Duprat Figueiredo,Vila Paulista,Apartamento,3608
250,3,2,Rua Hafiz,Jardim Palmares (zona Sul),Casa,5016
132,3,2,Rua Dr. Rubens Meireles,Várzea da Barra Funda,Apartamento,8206
14,1,0,Rua Barbalha,Alto da Lapa,Studio e kitnet,811
33,1,1,Rua Olímpia de Almeida Prado,Barra Funda,Studio e kitnet,3286
56,2,1,Rua Ernest Renan,Vila Andrade,Apartamento,6059
162,3,2,Rua José Gomes Falcão,Parque Industrial Tomas Edson,Apartamento,10120
68,3,1,Rua Sena Madureira,Vila Clementino,Apartamento,6684
42,1,1,Alameda Lorena,Jardim Paulista,Apartamento,4699
60,1,0,Rua Diego de Losada,Jardim Ataliba Leonel,Casa,887
36,1,1,Rua Tuim,Vila Uberabinha,Apartamento,5714
60,2,0,Rua Hilário Capote Valente,São Lucas,Casa,1460
42,2,1,Rua Francisco Pereira,Vila Galvão,Apartamento,2750
50,1,0,Rua Helene Londahl,Bosque da Saúde,Casa,1297
39,2,1,Avenida João Paulo Ii,São Pedro,Apartamento,1602
102,3,2,Rua Serra de Jairé,Quarta Parada,Apartamento,4941
25,1,0,Rua Álvaro de Carvalho,Centro Histórico de São Paulo,Apartamento,2019
68,2,1,Rua Iperoig,Perdizes,Apartamento,4351
24,1,0,Rua Alves Guimarães,Pinheiros,Studio e kitnet,3908
82,2,2,Avenida José Galante,Vila Suzana,Apartamento,6500
80,1,2,Rua Doutor José Gustavo Busch,Paraíso do Morumbi,Apartamento,4444
120,3,1,Rua Raul Pompéia,Vila Pompéia,Apartamento,5967
70,2,1,Rua Anália Franco,Vila Regente Feijó,Apartamento,4713
150,2,2,Rua Rosa Honoria de Jesus,Jardim Nova Germania,Casa,2422
190,3,4,Rua Torrinha,Tatuapé,Casa,10690
64,2,1,Avenida Dona Blandina Ignez Júlio,Jaguaribe,Apartamento,3196
70,2,1,Rua Paulistânia,Vila Madalena,Apartamento,7137
215,3,4,Rua Paracuê,Sumaré,Apartamento,17240
418,5,3,Rua Ministro José Geraldo Rodrigues Alckmin,Santo Amaro,Casa,18860
60,2,1,Rua Luís Martins,Lapa,Apartamento,4097
49,2,1,Rua Eugênio de Freitas,Vila Guilherme,Apartamento,2549
216,3,3,Rua Agente Gomes,Jardim São Paulo,Apartamento,11940
120,3,2,Rua Antônio Pontes Câmara,Vila Olímpia,Casa,5810
39,1,0,Rua das Aroeiras,Jabaquara,Casa em condomínio,1042
30,2,0,Rua Santa Cruz do Rio Pardo,Americanópolis,Casa,834
35,2,1,Rua São Bernardo,Cidade Mãe do Céu,Studio e kitnet,2330
79,3,1,Rua Itajaí,Mooca,Apartamento,5104
50,2,1,Rua das Lobélias,Vila Bela,Apartamento,2984
60,2,1,Rua Edmundo Juventino Fuentes,Parque Tomas Saraiva,Apartamento,2527
130,3,3,Rua Gregório Lopes,Parque Mandaqui,Casa,4358
55,2,1,Rua Inocêncio de Camargo,Pedreira,Apartamento,2896
50,2,1,Rua Antônio Félix Pacheco,Parque Maria Domitila,Casa,1407
44,2,1,Rua Otto de Alencar,Liberdade,Apartamento,2266
34,2,0,Rua do Bosque,Barra Funda,Apartamento,2401
85,1,0,Rua Doutor Ubaldino do Amaral,Vila São Pedro,Casa,1355
50,2,1,Rua Copacabana,Santa Teresinha,Apartamento,2406
44,2,0,Rua Antão Leme da Silva,Cidade Líder,Apartamento,2569
42,1,0,Praça Antônio Constantino,Vila Euthalia,Casa,1098
45,1,0,Rua Patrick Dimitruk,Helena Maria,Casa,1532
36,2,0,Rua Dona Gabriela,Parada Inglesa,Apartamento,2438
145,3,3,Rua Domingos Lopes da Silva,Vila Suzana,Apartamento,8309
70,2,0,Alameda Cleveland,Campos Elíseos,Apartamento,1874
60,2,1,Rua George Chahestian,Vila Basileia,Apartamento,2612
68,2,0,Rua Sebastião de Melo Dias,Jaguaribe,Apartamento,1694
200,3,1,Rua Otávio Rocha,Vila Campo Grande,Casa,4681
228,4,3,Rua Emiliano Di Cavalcanti,Vila Regente Feijó,Casa,5302
23,1,0,Rua Ática,Jardim Brasil (zona Sul),Studio e kitnet,1773
92,3,1,Rua Duílio,Água Branca,Apartamento,6494
26,1,0,Rua Herval,Belenzinho,Studio e kitnet,3217
41,2,0,Avenida dos Ourives,Jardim São Savério,Apartamento,1750
62,2,1,Rua Muniz de Sousa,Aclimação,Apartamento,3750
130,3,0,Rua Montesina,Vila Celeste,Casa,2191
45,1,0,Rua Chagu,Vila Formosa,Apartamento,1942
300,3,3,Rua Major Freire,Vila Monte Alegre,Apartamento,11440
36,1,0,Rua Doutor Falcão Filho,Centro,Apartamento,1825
120,2,1,Rua Urimonduba,Itaim Bibi,Apartamento,9325
35,1,1,Rua Fernão Dias,Pinheiros,Apartamento,6418
50,2,1,Rua Pelotas,Vila Mariana,Apartamento,5907
143,3,3,Rua Itararé,Vila Alzira,Casa,3999
137,3,3,Rua Dankmar Adler,Vila Morumbi,Apartamento,9846
120,3,1,Rua Ministro Sinésio Rocha,Jardim Vera Cruz,Casa,7846
81,2,1,Rua Alba,Vila Santa Catarina,Apartamento,5722
30,1,0,Alameda Campinas,Jardim Paulista,Apartamento,4073
53,2,1,Avenida do Oratório,Jardim Ângela (zona Leste),Apartamento,2595
150,3,0,Rua Alves de Almeida,Chácara Belenzinho,Casa,3169
80,3,0,Rua São Tomé,Vila Laís,Casa,2176
50,2,1,Rua Vergueiro,Jardim Previdencia,Apartamento,2421
58,1,2,Rua Itatupa,Vila Andrade,Apartamento,3802
100,2,1,Travessa Fernandes,Vila Albertina,Casa,1448
140,2,1,Rua José Mesa Campos,Jardim Aeroporto,Casa,4239
36,1,0,Rua Vinte E Cinco de Janeiro,Luz,Apartamento,2804
90,1,2,Rua Sócrates,Vila Sofia,Apartamento,6717
17,1,0,Rua Leandro Dupret,Vila Clementino,Studio e kitnet,1961
50,2,1,Rua Piratininga,Brás,Apartamento,2550
250,3,4,Rua Maria do Carmo Sene,Vila Paulicéia,Apartamento,8689
136,2,2,Rua Salvador Padilha Gimenes,Limão,Casa em condomínio,3143
55,2,1,Rua Guiratinga,Chácara Inglesa,Apartamento,3623
70,2,0,Rua Raiz da Serra,Vila Parque Jabaquara,Casa,1894
150,2,1,Rua da Mooca,Mooca,Apartamento,3735
33,1,1,Rua Bento Frias,Pinheiros,Studio e kitnet,5329
250,3,3,Rua Coronel Joviniano Brandão,Parque da Mooca,Casa,8229
101,3,3,Rua Honório Pena,Vila Matilde,Casa,3190
23,1,1,Rua Washington Luís,Centro Histórico de São Paulo,Studio e kitnet,2502
210,3,3,Rua Laurindo Rabelo,Jardim da Glória,Casa,6825
74,2,1,Rua Doutor Neto de Araújo,Vila Mariana,Apartamento,6152
56,1,0,Rua Uicó,Vila Marieta,Casa,1407
126,3,2,Rua Itaici,Santa Teresinha,Casa,4678
68,2,1,Rua Artur,Chora Menino,Casa,3417
98,2,1,Rua Comendador Francisco Pettinati,Jardim Monte Kemel,Apartamento,3208
108,3,2,Rua Correia de Lemos,Chácara Inglesa,Apartamento,8967
58,2,1,Avenida Edmundo Amaral,Piratininga,Apartamento,1973
45,2,1,Avenida Doutor Francisco Mesquita,Quinta da Paineira,Apartamento,2939
37,1,1,Rua dos Buritis,Vila Parque Jabaquara,Apartamento,2504
30,2,0,Rua Mariano Procópio,Ipiranga,Apartamento,3370
60,1,0,Avenida Abílio Pereira de Almeida,Vila Sao Domingos,Casa,1042
45,2,1,Rua Paim,Bela Vista,Apartamento,4945
110,3,1,Rua Moinho Velho,Moinho Velho,Apartamento,2845
48,2,1,Rua Amador Bueno,Santo Amaro,Apartamento,2605
60,1,1,Alameda Lorena,Jardim Paulista,Apartamento,10700
70,2,2,Rua Urussuí,Itaim Bibi,Apartamento,6783
45,1,0,Rua Doutor Sílvio Noronha,Cidade Continental,Casa,709
32,1,0,Avenida Mário Lopes Leão,Santo Amaro,Studio e kitnet,1592
68,2,2,Rua Dom Mateus,Vila Monumento,Apartamento,3895
83,3,2,Avenida Cásper Líbero,Vila Osasco,Apartamento,2988
83,2,0,"Jardim Gracinda, Guarulhos - Sp, 07082-290, Brasil",Jardim Gracinda,Apartamento,3547
50,1,2,Rua Mucuri,Vila Guarani,Apartamento,2739
40,1,1,Rua Frei Mont’alverne,Vila Aricanduva,Studio e kitnet,1194
36,1,0,Rua José Bento,Cambuci,Apartamento,2158
23,1,0,Rua Humberto I,Vila Mariana,Studio e kitnet,3909
54,2,0,"R. Evans, São Paulo - Sp, 03648-020, Brasil",Vila Matilde,Apartamento,2019
47,2,1,Rua Antônio Peres Paniágua,São Pedro,Apartamento,1659
114,3,1,Avenida Paes de Barros,Mooca,Apartamento,4416
250,3,3,Rua Gameleira,Vila Inah,Casa,12950
250,4,5,Rua General Euclídes Figueiredo,Morumbi,Casa em condomínio,10670
80,2,1,Rua Conrado Mazzeo,Jardim Luísa,Casa,1824
45,1,1,Rua Rússia,Taboão,Apartamento,1411
69,2,1,Rua Doutor Olavo Egídio,Santana,Apartamento,2834
45,1,0,Rua Doutor Alcides de Campos,Americanópolis,Casa,865
75,2,1,Rua Léo de Morais,Vila das Mercês,Apartamento,2337
68,2,1,Alameda Itapecuru,Alphaville Industrial,Apartamento,5297
24,1,0,Rua Manuel Ribas,Vila Campanela,Apartamento,1313
50,1,0,Rua Antônio Fóster,Vila Socorro,Casa,1251
65,2,2,Rua Nazaré Rezek Faráh,Vila Santa Catarina,Apartamento,3117
80,1,0,Viela Maria Barcera Gamera,Jardim das Flores,Casa,1813
25,1,0,Rua Benjamin Pereira,Jaçanã,Apartamento,1431
450,5,3,Rua Ministro Coriolano de Gois,Jardim Marajoara,Casa,12800
44,1,1,Rua Doutor Miranda de Azevedo,Pompeia,Apartamento,3944
95,4,2,Rua Serra de Bragança,Vila Gomes Cardim,Apartamento,5368
133,2,2,Rua Manuel Cueva,Jardim Satelite,Casa,3324
40,2,1,Avenida Celso Garcia,Brás,Apartamento,2028
53,1,0,Viaduto Dona Paulina,Centro Histórico de São Paulo,Apartamento,2029
26,1,0,Rua da Consolação,Consolação,Studio e kitnet,2816
53,1,1,Avenida Rouxinol,Moema,Studio e kitnet,3961
45,1,0,Rua Eusébio da Silva,Parque Maria Domitila,Casa,887
92,3,2,Avenida Arruda Botelho,Alto de Pinheiros,Apartamento,8230
50,1,0,Rua Álvaro de Carvalho,Centro,Apartamento,2805
25,1,0,Rua Domingos de Morais,Vila Mariana,Studio e kitnet,1913
102,3,1,Avenida Paes de Barros,Mooca,Apartamento,5346
40,1,0,Rua Coronel Luís Schimidt,Vila das Belezas,Apartamento,1958
115,3,0,Avenida Brigadeiro Luís Antônio,Bela Vista,Apartamento,3920
38,1,1,Rua Aimutong,Tucuruvi,Apartamento,1068
27,1,0,Rua Coronel Gustavo Santiago,Vila Zilda,Apartamento,2331
32,1,0,Praça Júlio Mesquita,Santa Efigênia,Studio e kitnet,1797
115,3,2,Rua Nanuque,Vila Leopoldina,Apartamento,6177
58,2,1,Avenida dos Andradas,Vila Santa Teresa,Apartamento,2815
80,2,2,Avenida Padre Lebret,Jardim Leonor,Apartamento,7735
39,2,1,Avenida Condessa Elizabeth de Robiano,Penha de França,Apartamento,3617
33,1,0,Rua Quatiguá,Vila Ivone,Apartamento,1387
61,2,0,Avenida General Olímpio da Silveira,Santa Cecilia,Apartamento,2504
175,3,2,Rua Antônio Covello,Jabaquara,Apartamento,10480
30,1,0,Rua Marguerite Louise Riechelman,Vila Erna,Casa,1032
60,1,0,Rua Luiz Coladello,Parque Continental Ii,Casa,1072
45,1,0,Rua Coronel Marcílio Franco,Vila Isolina Mazzei,Apartamento,1526
150,3,6,Avenida Manoel dos Reis Araújo,Jardim Marajoara,Casa,7379
80,1,1,Rua Professor João Arruda,Pompeia,Apartamento,4820
209,3,3,Rua André Bloc,Vila Nova Mazzei,Casa,4593
80,1,1,Rua Vera,Jardim Santa Mena,Casa,1411
230,3,2,Rua Artur Sabóia,Paraíso,Casa,6062
21,1,0,Viaduto Dona Paulina,Centro,Studio e kitnet,1181
85,3,2,Rua Henrique Mazzei,Vila Isolina Mazzei,Casa em condomínio,3387
126,3,1,Rua Raul Pompéia,Pompeia,Apartamento,7252
228,4,4,Rua Caiowa,Sumaré,Apartamento,19050
76,3,1,Rua Trajano de Faria,Jardim Nova Taboao,Apartamento,3982
23,1,1,Rua Vergueiro,Liberdade,Studio e kitnet,3750
23,1,0,Rua Desembargador Aragão,Vila Mariana,Studio e kitnet,2636
180,4,2,Alameda Franca,Jardim Paulista,Apartamento,13470
40,1,0,Rua Doutor Fábio Montenegro,Vila Guilhermina,Apartamento,2128
135,3,2,Rua Múrcia,Parque Sevilha,Casa,4660
310,3,3,Avenida Washington Luís,Santo Amaro,Apartamento,17870
106,2,2,Rua Etrusca,Utinga,Apartamento,3358
24,1,0,R Vinte E Quaro de Dezembro,Vila Dom Pedro Ii,Studio e kitnet,1647
70,2,2,Rua João Scatamacchia,Vila Campo Grande,Apartamento,2481
63,3,1,Avenida Marginal Direita Anchieta,Vila Arapua,Apartamento,2594
42,1,1,Rua Vieira de Morais,Campo Belo,Apartamento,4946
70,1,0,Avenida Mendes da Rocha,Jardim Brasil (zona Norte),Apartamento,1038
70,2,1,Rua Sete Barras,Vila Moinho Velho,Apartamento,3832
45,1,0,Rua Coronel Meireles,Penha de França,Casa,1310
100,2,2,Rua José de Martini,Vila Tiradentes,Casa em condomínio,2888
110,3,1,Rua Voluntários da Pátria,Santana,Apartamento,4075
70,3,0,Rua Anamá,Guaiaúna,Casa,1351
27,1,0,Rua Fernão Dias,Pinheiros,Studio e kitnet,3591
52,2,1,Rua Copacabana,Santa Teresinha,Apartamento,2494
37,1,1,Alameda Campinas,Jardim Paulista,Studio e kitnet,4611
46,2,1,Rua Carubinha,Parque Esmeralda,Apartamento,2567
112,2,2,Rua Barão de Melgaço,Real Parque,Casa em condomínio,5343
89,2,1,Rua Joaquim Antunes,Pinheiros,Apartamento,13110
35,2,0,Rua Galeno de Castro,Jurubatuba,Apartamento,2520
176,2,1,Rua Padre Maurício,Vila Diva (zona Leste),Casa,3226
39,1,0,Rua Conselheiro Furtado,Liberdade,Apartamento,1942
163,3,3,Rua Manuel Figueiredo Landim,Jardim Campo Grande,Apartamento,9282
27,1,0,Rua João José Pacheco,Jardim Vila Mariana,Studio e kitnet,3619
55,2,1,Rua da Chibata,Vila Andrade,Apartamento,2454
40,1,0,Avenida São João,Santa Cecília,Studio e kitnet,1734
184,3,2,Rua Engenheiro Isaac Garcêz,Rudge Ramos,Apartamento,4626
30,1,1,Rua Domingos Paiva,Brás,Apartamento,1886
152,3,2,Rua Mário dos Anjos,Imirim,Casa,7193
120,2,1,Rua Maria Eugênia,Tatuapé,Casa,2745
40,1,0,"Rua Daniel Vieira, 239, Vila Gauca",Vila Guaca,Casa,1105
63,2,1,Rua Ibirajá,Vila Guarani,Apartamento,4834
48,1,0,Praça Mário Ortiz,Quinta da Paineira,Apartamento,1691
42,2,1,Rua Otto de Alencar,Liberdade,Apartamento,2311
100,3,1,Rua Doutor Mário Ferraz,Jardim Europa,Apartamento,6938
50,1,0,Rua João Adolfo,Centro,Apartamento,2762
28,1,0,Rua Joaquim Távora,Vila Mariana,Apartamento,3895
59,2,1,Rua Alegria,Brás,Apartamento,3548
96,3,2,Rua Garção Tinoco,Santana,Apartamento,4499
59,2,1,Rua Major Maragliano,Vila Mariana,Apartamento,4037
61,2,1,Rua Padre Feliciano Domingues,Jardim Mariliza,Apartamento,2071
40,1,0,Rua Arno Nadel,Conjunto Residencial José Bonifácio,Casa,834
32,1,0,Rua dos Guaianazes,Campos Elíseos,Apartamento,1533
162,3,2,Rua José Gomes Falcão,Barra Funda,Apartamento,9858
32,1,1,Alameda Lorena,Jardim Paulista,Studio e kitnet,5502
100,3,1,Rua Torquato Tasso,Vila Prudente,Apartamento,3209
57,3,1,Rua Alba,Vila Parque Jabaquara,Apartamento,2296
184,4,3,Rua São Benedito,Santo Amaro,Apartamento,12040
66,2,2,Rua Santa Izabel,Vila Augusta,Apartamento,3254
250,4,2,Avenida Santa Catarina,Vila Alexandria,Casa,3676
80,3,2,Rua Caioaba,Vila Graciosa,Casa,3091
200,3,5,Rua Professor Bueno dos Reis,Jardim Cachoeira,Casa,4345
94,2,1,Avenida Adolfo Pinheiro,Santo Amaro,Apartamento,5778
30,1,0,Avenida Parada Pinto,Vila Nova Cachoeirinha,Casa,1178
56,2,1,Rua Mercedes Lopes,Vila Santana,Apartamento,2536
160,4,2,Rua Copacabana,Chora Menino,Apartamento,6143
85,3,2,Rua Correggio,Vila Suzana,Apartamento,4293
43,1,0,Avenida Antônio Carlos Costa,Bela Vista,Apartamento,1558
46,2,1,Avenida Raimundo Pereira de Magalhães,Jardim Peri,Apartamento,3260
23,1,0,Avenida Vila Ema,Vila Ema,Apartamento,1647
50,1,0,Rua Ribeiro do Vale,Brooklin Paulista,Studio e kitnet,4400
41,2,0,Rua Leôncio da Costa Vieira,Jardim Piqueroby,Studio e kitnet,3142
120,3,2,Rua Etiópia,Parque Monte Alegre,Casa,3042
80,3,1,Avenida Jorge João Saad,Vila Progredior,Apartamento,4420
180,3,2,Rua General Canavarro,Campestre,Casa,3493
399,4,5,Avenida Manoel de Nóbrega,Adalgisa,Casa,8926
233,4,4,Rua Pascal,Campo Belo,Apartamento,13790
48,1,0,Rua Álvaro de Carvalho,Centro Histórico de São Paulo,Studio e kitnet,2111
80,2,2,Rua Sampaio Viana,Paraíso,Apartamento,15260
40,1,0,Rua Dona Veridiana,Higienópolis,Apartamento,2306
91,2,2,Rua Igati,Vila Anhangüera,Casa,4220
27,2,0,Rua Salvador Bicudo,Tucuruvi,Studio e kitnet,1532
34,1,0,Rua Bartira,Perdizes,Studio e kitnet,3416
40,2,0,Rua John Speers,Jardim Helian,Casa em condomínio,3277
68,1,0,Rua Cajaíba,Pompeia,Casa,4501
15,1,0,Rua Leandro Dupré,Vila Clementino,Studio e kitnet,1038
44,2,0,Rua Martim Burchard,Brás,Apartamento,2712
23,1,0,Rua da Consolação,Consolação,Studio e kitnet,3268
80,2,1,Rua Conselheiro Elias de Carvalho,Vila Mascote,Casa,2491
33,2,0,Rua Antônio Gomes Ferreira,Parque Fongaro ,Apartamento,3351
80,2,1,Rua Antônio Carlos,Consolação,Apartamento,9709
58,2,1,Rua Omachá,Penha de França,Apartamento,2362
37,1,1,Rua Xerentes,Perdizes,Apartamento,4452
33,1,0,Rua Frei Gaspar,Mooca,Apartamento,3600
34,2,0,Avenida Tarumã,Vila Pierina,Apartamento,2326
45,1,1,Rua Hanna Abduch,Vila Palmeiras,Casa,1795
59,2,1,Rua Maria Carlota,Vila Esperança,Apartamento,1766
232,4,6,Rua Soldado João de Oliveira,Chácara Inglesa,Casa,3513
50,1,0,Rua Manuel Leitão Bandeira,Vila Leopoldina,Casa,875
90,2,1,Rua Murutinga do Sul,Tatuapé,Apartamento,3446
150,3,1,Rua Alvaro de Menezes,Vila Mariana,Casa,7088
60,1,0,Rua Marquês de Lages,Vila Moraes,Casa,948
98,3,2,Rua Duque Costa,Vila Sofia,Apartamento,7159
60,2,1,Rua Pantaleão Brás,Jardim Ester,Apartamento,2281
134,3,1,Rua Uratinga,Vila Palmeiras,Casa,2862
55,1,1,Rua Aulinda Queiroz de Matos,Sacomã,Casa,2934
230,5,1,Rua Carlos Belmiro Correia,Parque Peruche,Casa,8387
140,3,1,Rua Claudina Júlia de Oliveira,Cidade Maia,Apartamento,2833
59,2,1,Avenida Engenheiro Armando de Arruda Pereira,Vila do Encontro,Apartamento,2218
46,2,1,Rua José Ferreira de Castro,Vila Amélia,Apartamento,1921
33,1,0,Rua Dante Alighieri,Vila Prudente,Casa,1408
34,1,1,Avenida General Valdomiro de Lima,Jabaquara,Apartamento,2946
25,1,0,Rua Flora,Brás,Studio e kitnet,1434
40,1,0,Rua Major Quedinho,Bela Vista,Studio e kitnet,1829
90,2,0,Rua Turmalina,Jardim dos Camargos,Casa,3152
43,1,0,Avenida Rangel Pestana,Brás,Apartamento,2394
96,2,1,Rua Guaniqué,Vila Natalia,Casa,1876
45,2,1,Rua Solar,Jardim Antartica,Apartamento,1600
190,3,1,Rua Itanhaém,Vila Prudente,Casa,5775
180,3,2,Avenida Washington Luís,Santo Amaro,Apartamento,7237
90,2,1,Rua Embaú,Vila Clementino,Apartamento,4651
184,4,2,Rua Bartolomé Carducho,Vila Sonia,Casa,3960
42,2,0,Avenida Marginal,Vila Cristália,Apartamento,1573
30,1,0,Rua Antonio Eduardo,Jardim Modelo,Apartamento,1226
70,2,1,Rua Joseph Nigri,Perdizes,Apartamento,5668
61,2,1,Rua Londrina,Vila Augusta,Apartamento,2978
43,1,1,Rua Brás Cardoso,Vila Nova Conceição,Apartamento,5282
79,2,1,Rua Amândio Monteiro,Vila Guilherme,Casa,2003
18,1,0,Avenida Corifeu de Azevedo Marques,Jd. Rio Pequeno,Studio e kitnet,1662
152,3,2,Avenida Doutor Lino de Moraes Leme,Vila Paulista,Casa,3684
37,1,0,Rua Abolição,Bela Vista,Studio e kitnet,1766
180,3,2,Rua Haddock Lobo,Cerqueira César,Apartamento,9328
31,1,0,Rua Doutor Almeida Lima,Mooca,Apartamento,2389
35,1,0,Avenida General Olímpio da Silveira,Santa Cecilia,Apartamento,1861
500,4,6,Rua Henrique Peres,Mooca,Casa,13430
100,3,3,Rua Doutor José de Andrade Figueira,Vila Suzana,Apartamento,5135
100,3,2,Rua Ouro Branco,Jardins,Apartamento,6996
360,3,5,Avenida Cauaxi,Alphaville Industrial,Apartamento,19030
62,2,1,Avenida João Pessoa,Jardim Utinga,Apartamento,2406
80,3,0,Rua Doutor Nicolau Alberto Defina,Jardim da Saúde,Apartamento,2285
140,2,2,Rua Valentim Bitolo,Rudge Ramos,Casa,2779
75,2,2,Avenida Doutor Cardoso de Melo,Vila Olímpia,Apartamento,12830
105,3,2,Rua Charles Spencer Chaplin,Vila Andrade,Apartamento,4245
85,2,2,Rua Jandaia,Bela Vista,Casa,3663
48,1,1,Rua Santo Antônio,Bela Vista,Apartamento,2366
176,3,2,Rua Cerquilho,Vila São Geraldo,Casa,3744
33,1,0,Rua Florinda Barbosa,Vila Germinal,Casa,1294
60,2,1,Rua Scuvero,Cambuci,Apartamento,2637
40,1,0,Avenida Rangel Pestana,Brás,Apartamento,1541
25,1,0,Rua Doutor Alfredo Ellis,Bela Vista,Studio e kitnet,3828
116,3,2,Rua Macaiá-mirim,Santana,Apartamento,4687
69,2,1,Avenida Nossa Senhora do Sabará,Vila Sofia,Apartamento,3053
370,2,4,Rua França Pinto,Vila Mariana,Casa,8361
85,3,2,Rua Dom Armando Lombardi,Vila Progredior,Apartamento,4521
250,3,2,Avenida Marechal Juarez Távora,Super Quadra Morumbi,Casa,5752
72,2,0,Rua Boçoroca,Vila Mira,Apartamento,2022
60,2,2,Rua Assungui,Vila Gumercindo,Apartamento,3623
86,3,3,Rua Coronel Camisão,Vila Gomes,Apartamento,4665
80,2,0,Rua Guaricanga,Lapa,Casa,2187
76,1,0,"Centro Histórico de São Paulo, São Paulo - Sp, 01031-001, Brasil",Centro Histórico de São Paulo,Apartamento,2270
69,2,1,Rua Bento Branco de Andrade Filho,Jardim Dom Bosco,Apartamento,4187
126,2,2,Rua Tereza Ackel,Penha de França,Casa,5800
498,3,6,Rua Barão de Jaceguai,Campo Belo,Casa,10210
74,3,1,Rua Bartira,Perdizes,Apartamento,3475
60,2,1,"Rua Quedas , 315",Vila Isolina Mazzei,Casa em condomínio,2785
147,3,3,Rua Azevedo Soares,Tatuapé,Apartamento,7466
62,2,1,Rua David Eid,Vila do Castelo,Apartamento,2792
40,1,0,Rua Joaquim Galvão,Vila Sonia,Casa,2008
190,5,2,Rua Alceu Antônio da Luz,Jardim Campo Grande,Casa,5812
31,1,0,Avenida Rangel Pestana,Brás,Apartamento,1689
60,2,0,Rua Isabel Maria Garcia Parra,Lauzane Paulista,Casa,2189
75,1,1,Rua São Gabriel Arcanjo,Vila Isolina Mazzei,Casa,1355
60,1,0,Rua Dom Meinrado,Freguesia do Ó ,Casa em condomínio,1287
100,3,0,Alameda Lorena,Jardim Paulista,Apartamento,6094
450,4,3,Rua Breves,Chácara Monte Alegre,Casa,10340
84,2,0,Rua Dona Primitiva Vianco,Centro,Apartamento,1942
70,2,0,Estrada do Sabão,Jardim Maristela,Casa,1279
32,1,0,Rua Coelho Barradas,Parque da Vila Prudente,Studio e kitnet,2581
135,2,3,Rua Afonso de Freitas,Paraíso,Apartamento,17630
29,1,0,Rua Valdir Niemeyer,Sumaré,Apartamento,3562
54,2,0,Rua Tomé de Lara,Tucuruvi,Apartamento,2480
35,1,1,Rua Balthazar da Veiga,Vila Nova Conceição,Apartamento,3545
60,2,1,Rua Londrina,Vila Endres,Apartamento,3510
45,1,1,Avenida Rouxinol,Indianópolis,Apartamento,4455
26,1,0,Rua São Pedro,Vila São Pedro,Apartamento,999
297,4,6,Avenida Mercedes,Alto da Lapa,Casa,12270
47,2,0,Rua Artur Rodrigues Alcântara,Jardim Vila Galvão,Apartamento,1600
120,2,1,Rua Roque Petrella,Vila Cordeiro,Casa,3758
51,1,1,Rua das Seringueiras,Jardim Oriental,Casa,2766
32,1,0,Rua Paraibuna,Quinta da Paineira,Studio e kitnet,1270
56,2,1,Avenida da Paz,Jardim Sao Judas Tadeu,Apartamento,2017
32,1,0,Avenida Thomas Edison,Barra Funda,Apartamento,2232
250,3,6,Avenida Assaré,Campo Grande,Casa,5083
38,1,0,Rua Aimutong,Tucuruvi,Apartamento,1006
85,2,1,Rua Marcos Lopes,Vila Nova Conceição,Apartamento,6726
50,1,0,Rua Humaitá,Bela Vista,Apartamento,2230
30,1,0,Rua dos Estudantes,Sé,Apartamento,2066
70,2,1,Rua Manuel Alves Ferreira,Vila Ré,Casa,1460
26,1,0,Avenida dos Carinás,Indianópolis,Studio e kitnet,3945
140,3,2,Rua João José dos Santos,Jardim Olympia,Casa,5260
70,1,0,Avenida São João,República,Apartamento,1616
110,2,0,Rua Joaquim Afonso de Souza,Vila Celeste,Casa,1355
195,3,2,Alameda Lorena,Jardim Paulista,Apartamento,16700
22,1,0,Rua Vergueiro,Vila Mariana,Apartamento,3105
70,2,0,Rua Antônio Miranda,Jardim Ana Lúcia,Apartamento,1672
60,1,0,Avenida Leôncio de Magalhães,Jardim São Paulo(zona Norte),Apartamento,1687
26,1,0,Rua do Lavapés,Liberdade,Apartamento,1880
50,1,0,Rua São Carlos Borromeu,Vila Alpina,Casa,857
45,1,0,Viaduto Nove de Julho,Bela Vista,Apartamento,1983
45,1,1,Rua Pero Vidal,Parque Vitoria,Casa,1930
60,2,0,Rua Gilka,Vila Moraes,Casa,1355
60,2,1,Rua Mére Marie Anais de Sion,Tremembé,Apartamento,2280
25,1,0,Rua Américo Sugai,Vila Jacuí,Casa,894
150,3,2,Rua Capitão Lorena,Vila Invernada,Casa em condomínio,4635
45,2,1,Rua Itaúna,Vila Maria,Apartamento,3357
188,3,2,Avenida Nicolau Resende,Jardim Consórcio,Casa,4284
41,2,0,Rua Padre Isidoro,Vila Nova York,Apartamento,1558
60,1,0,Avenida Sete de Setembro,Vila Galvão,Casa,1197
32,1,0,Rua Isaura Abad Giacomelli,Jardim Aurelia,Studio e kitnet,2067
202,3,3,Rua Doutor Albuquerque Lins,Santa Cecília,Apartamento,19830
48,1,0,Manoel Dutra,Bela Vista,Apartamento,2362
160,3,2,Rua Félix della Rosa,Vila Anglo Brasileira,Casa,8018
60,2,1,Rua Campos Sales,Vila Boa Vista,Apartamento,3240
90,3,2,Rua Joana D’arc,Mooca,Apartamento,2615
20,1,1,Rua Manuel Alves Ferreira,Vila Ré,Studio e kitnet,831
55,1,0,Rua Bela Cintra,Consolação,Apartamento,4467
119,3,2,Avenida Nova Independência,Brooklin Paulista,Apartamento,12170
100,4,1,Alameda Itu,Cerqueira César,Apartamento,8514
35,1,1,Rua Gabriele D’annunzio,Campo Belo,Studio e kitnet,4637
249,2,2,Rua Arthur Eloy,Vila Yara,Casa,3289
172,3,3,Rua Vergueiro,Ipiranga,Apartamento,15390
229,4,2,Rua José Alencar Castelo Branco,Siciliano,Casa,8718
70,2,2,Rua Pedroso Alvarenga,Itaim Bibi,Apartamento,7423
238,4,1,Rua Haddock Lobo,Cerqueira César,Apartamento,15430
110,2,0,Rua Haddock Lobo,Cerqueira César,Apartamento,7678
33,1,0,Rua Tabatinguera,Vila Califórnia,Studio e kitnet,1348
29,1,0,Rua Doutor Almeida Lima,Mooca,Studio e kitnet,2284
47,2,1,Rua Carlos Bigatti,Jardim Castelo,Apartamento,1650
36,1,0,Rua Marumbi,Vila Invernada,Apartamento,1319
49,1,1,Rua Jovina,Vila Mascote,Apartamento,3135
58,2,1,Rua Doutor Alfredo de Castro,Barra Funda,Apartamento,4363
28,1,1,Rua Doutor Melo Alves,Cerqueira César,Studio e kitnet,4602
52,2,1,Rua Claudino Barbosa,Macedo,Apartamento,2226
20,1,0,Rua Traituba,Saúde,Studio e kitnet,2022
37,1,1,Rua dos Franceses,Morro dos Ingleses,Apartamento,4049
180,2,1,Rua Rio Verde,Vila Bruna,Casa,2398
56,2,1,Rua Madre de Deus,Mooca,Apartamento,3244
141,3,3,Avenida João Peixoto Viegas,Jardim Consórcio,Apartamento,8900
68,2,1,Rua Paraíba,Centro,Apartamento,4189
54,1,0,Rua Augusta,Cerqueira César,Apartamento,4944
57,1,1,Alameda Grajaú,Alphaville Industrial,Apartamento,10130
55,2,1,Avenida Politécnica,Jardim Boa Vista (zona Oeste),Apartamento,2439
34,1,1,Rua Bento Freitas,República,Apartamento,2554
45,1,0,Rua Durval Silva,Cidade Domitila,Casa,903
60,1,0,Rua Gregório de Morais Rego,Jardim Consórcio,Casa,1734
50,1,0,Avenida Nove de Julho,Bela Vista,Studio e kitnet,2018
43,1,0,Rua dos Andradas,Centro Histórico de São Paulo,Apartamento,1820
115,3,3,Rua Sava,Vila Moinho Velho,Casa em condomínio,10630
60,2,0,Rua Antônio Viêira dos Santos,Jardim Roberto,Apartamento,1307
79,2,2,Rua Marc Chagal,Água Branca,Apartamento,7255
65,2,2,Rua Luís Góis,Mirandópolis,Apartamento,4451
43,1,0,Avenida Trumain,Vila Formosa,Casa,1270
63,2,2,Rua Ibiapaba,Vila Sônia,Apartamento,3773
39,1,0,Rua Agamenon Magalhães,Vila Santa Edwiges,Casa,1100
75,1,0,Rua Sebastião Domingues,Jardim Clímax,Casa,1122
100,2,1,Rua Cristovão Pereira,Campo Belo,Casa,3515
30,1,1,Rua Paris,Sumaré,Apartamento,3106
48,2,0,Rua Conselheiro Saraiva,Santana,Apartamento,1974
72,3,0,Rua Tenente Mauro de Miranda,Jabaquara,Apartamento,2628
42,1,0,Rua Mênfis,Água Branca,Studio e kitnet,1242
73,2,0,Rua Tenente Otávio Gomes,Aclimação,Apartamento,2419
55,2,1,Rua Pernambucana,Conceição,Apartamento,2662
120,3,2,Rua Guarará,Jardim Paulista,Apartamento,6834
160,4,1,Rua Carlos Petit,Vila Mariana,Casa,4393
28,1,0,Rua Santa Isabel,Vila Buarque,Studio e kitnet,1377
40,3,0,Rua Santo Egídio,Chora Menino,Casa,1063
89,3,2,Rua Lucrécia Maciel,Vila Guarani (Zona Sul),Apartamento,3390
48,1,0,Rua Brigadeiro Tobias,Centro Histórico de São Paulo,Studio e kitnet,2813
32,1,0,Rua Coelho Barradas,Parque da Vila Prudente,Apartamento,2809
55,1,1,Rua Conselheiro Ramalho,Bela Vista,Apartamento,2050
58,1,1,Rua Quintana,Cidade Monções,Apartamento,5402
45,1,0,Rua Galileu,Jardim Aeroporto,Casa,1690
190,3,1,Rua Cerro Corá,Vila Romana,Apartamento,5814
220,2,1,Avenida Capitão Anselmo Barcelos,Vila Rio Branco,Casa,3127
35,2,0,Rua Dona Vicentina Alegretti,Penha de França,Apartamento,1530
110,3,1,Rua Paulo de Avelar,Vila Dom Pedro Ii,Casa,3127
50,2,1,Rua dos Jatobás,Vila Parque Jabaquara,Apartamento,3063
32,1,0,Avenida Tomás de Sousa,Jardim Monte Azul,Casa,1337
90,2,0,Rua Machado de Assis,Vila Mariana,Apartamento,3769
59,2,1,Rua Professor José Maria Calazans Nogueira,Parque São Domingos,Apartamento,4714
50,2,1,Rua Edmundo Carvalho,Vila Natália,Apartamento,1811
108,3,2,Rua Corgie Assad Abdalla,Vila Sônia,Apartamento,6959
60,2,0,Rua Conselheiro Moreira de Barros,Lauzane Paulista,Casa,1698
12,1,0,Rua Barão de Campinas,Campos Elíseos,Studio e kitnet,1125
60,1,1,Rua Nebraska,Brooklin Novo,Apartamento,5339
24,1,0,Rua Ulisses Cruz,Tatuapé,Apartamento,2531
166,3,4,Rua Luís Filgueira Souto,Parque Sao Domingos,Casa,6505
80,1,1,Rua Dom João V,Lapa,Apartamento,5554
79,3,1,Rua C,Sacomã,Apartamento,2639
32,1,1,Rua Batataes,Jardim Paulista,Studio e kitnet,4010
36,2,0,Avenida Rudge,Barra Funda,Apartamento,2335
64,2,1,Rua São Lourenço,Vila Vivaldi,Casa,2715
110,3,2,Avenida Piraíba,Centro Comercial Jubran,Apartamento,9090
35,1,1,Rua Paulo Ii,Jardim Vitória Régia,Studio e kitnet,1423
44,2,0,Rua José Gomes Otero,Vila Barros,Apartamento,1722
120,3,1,Rua Soror Angélica,Vila Ester (zona Norte),Casa,3019
140,3,0,Praça da Bandeira,Centro Histórico de São Paulo,Apartamento,4195
65,1,1,Peixoto Gomide,Jardim Paulista,Apartamento,3062
40,2,1,Avenida Condessa Elisabeth de Robiano,Jardim América da Penha,Apartamento,1904
120,3,4,Rua Soldado José Rufino Costa,Vila Alianca,Casa,3647
35,1,0,Rua Alfredo Pujol,Santana,Apartamento,1023
40,1,0,Rua Dom Lucas Obes,Ipiranga,Apartamento,1481
70,2,0,Rua do Oratório,Alto da Mooca,Apartamento,1637
96,2,2,Avenida Interlagos,Jardim Umuarama,Apartamento,5132
146,3,3,Rua Domingos Lopes da Silva,Vila Suzana,Apartamento,7909
78,3,1,Rua Samambaia,Bosque da Saúde.,Apartamento,3567
360,4,5,Rua Deputado Laércio Corte,Paraíso do Morumbi,Apartamento,19800
300,3,4,Rua Piancó,Vila Prudente,Casa,10540
126,2,1,Avenida Saulle Pagnoncelli,Jardim Rosa de Franca,Casa,2709
40,1,0,Rua Camaragibe,Barra Funda,Studio e kitnet,1579
120,2,1,Rua Cônego Ladeira,Vila Mazzei,Apartamento,4746
30,1,0,Rua Barão de Santo Ângelo,Jardim do Tiro,Studio e kitnet,1591
95,3,2,Avenida Sargento Geraldo Sant’ana,Jardim Taquaral,Apartamento,6276
42,1,1,Rua Malvina Ferrara Samarone,Vila Nancy,Apartamento,2961
172,4,1,Rua Venâncio Aires,Vila Pompéia,Casa,6938
45,2,1,Rua Glicério,Liberdade,Apartamento,2608
400,3,3,Rua Gastão da Cunha,Jabaquara,Casa,8699
36,1,1,Rua Engenheiro Jean Buff,Jardim Paraíso,Apartamento,2165
104,3,2,Rua Bernardo dos Santos,Jardim Olympia,Apartamento,6081
250,3,2,Rua Professor Authos Pagano,Alto da Boa Vista,Casa,5537
35,1,0,Rua Barão de Tatuí,Vila Buarque,Studio e kitnet,1869
76,2,4,Rua Ministro Carlos Maximiliano,Jardim Maringá,Casa,3840
480,4,4,Alameda Brilhante,Alphaville,Casa em condomínio,17050
75,2,0,Rua Botucatu,Vila Clementino,Apartamento,3976
78,2,1,Alameda Ministro Rocha Azevedo,Cerqueira César,Apartamento,8725
40,1,0,Avenida Brigadeiro Luís Antônio,Jardim Paulista,Apartamento,3152
257,3,2,Rua dos Patis,Vila Nova Cachoeirinha,Casa,8969
51,2,1,Rua Solidônio Leite,Vila Ivone,Apartamento,1715
112,2,2,Rua Aracuípe,Jardim Prudência,Apartamento,5238
65,1,0,Rua Comendador Vicente Lentini,Cambuci,Apartamento,2266
90,3,2,Rua Salvador Peluso Basile,Jardim Santa Rosa,Casa,2203
52,2,0,Rua Capiacaci,Penha de França,Apartamento,1649
28,1,0,Rua Leôncio da Costa Vieira,Jardim Piqueroby,Studio e kitnet,2726
59,2,1,Avenida Professor Luiz Ignácio Anhaia Mello,Vila Prudente,Apartamento,4019
62,2,2,Rua João Mafra,Vila Brasílio Machado,Apartamento,2729
58,1,2,Rua Gabriele D'annunzio,Campo Belo,Apartamento,6827
300,4,2,Rua Senador Vergueiro,Santo Amaro,Casa em condomínio,21140
18,1,0,Rua Iguatinga,Santo Amaro,Studio e kitnet,1845
44,1,0,Rua Aurora,Santa Ifigênia,Apartamento,2230
280,4,5,Rua Gameleira,Vila Inah,Casa,12920
300,3,2,Rua Coronel Paulo Souza Barros,Jardim Pinheiros,Casa,3992
50,2,1,Rua Torquato Neto,Brás,Apartamento,2343
125,2,2,Rua Engenheiro José Amadei,Jardim Arpoador,Casa,1819
29,1,0,Rua Doutor Cesário Mota Júnior,Vila Buarque,Studio e kitnet,1649
40,2,0,"Rua Alexandrino da Silveira Bueno, São Paulo - Sp, Brasil",Cambuci,Apartamento,2321
187,3,2,Rua Pedro Badra,Parque Jabaquara,Apartamento,4313
32,1,0,Avenida Alcântara Machado,Brás,Apartamento,1337
35,1,0,Rua Aurora,Santa Efigênia,Studio e kitnet,1816
70,2,1,Rua Domingos Paiva,Brás,Apartamento,6912
145,3,2,Rua Vieira de Morais,Campo Belo,Apartamento,6924
40,1,1,Rua Martim Francisco,Santa Cecília,Apartamento,3521
60,2,0,Rua Irmã Carolina,Belenzinho,Apartamento,2050
50,2,1,Rua Professor João Machado,Nossa Senhora do Ó,Apartamento,2535
50,2,0,Rua Asdrúbal do Nascimento,Bela Vista,Apartamento,2986
50,1,0,Rua Pampa,Cidade Vargas,Studio e kitnet,1347
80,2,1,Avenida Padre Lebret,Jardim Leonor,Apartamento,6483
48,2,1,Rua Joaquim Morais,Vila Mascote,Apartamento,3401
32,1,0,Rua Brigadeiro Tobias,Centro Histórico de São Paulo,Studio e kitnet,2754
160,3,2,Rua Emílio Mallet,Vila Gomes Cardim,Apartamento,9177
35,1,0,Rua José Kauer,Brás,Apartamento,2266
75,3,2,Alameda Barros,Santa Cecília,Apartamento,5440
39,1,0,Rua Pedro de Melo Sousa,Vila Arcadia,Casa,1019
50,2,0,Rua Ibimirim,Vila Nova Mazzei,Apartamento,1720
50,1,1,Alameda Ministro Rocha Azevedo,Bela Vista,Studio e kitnet,7513
96,2,1,Rua João Lourenço,Vila Nova Conceição,Apartamento,5440
99,2,3,Rua Custódio de Oliveira,Vila Suzana,Apartamento,4280
39,1,0,Rua Alméria,Vila Granada,Apartamento,1694
55,1,1,Rua Nelson Gama de Oliveira,Vila Andrade,Apartamento,3145
48,2,1,Avenida Professor Luiz Ignácio Anhaia Mello,Vila Prudente,Apartamento,4985
86,3,1,Rua Adolfo Bastos,Vila Bastos,Apartamento,2607
68,3,1,Avenida Onze de Junho,Vila Clementino,Apartamento,3635
109,2,3,Rua Doutor Eduardo Lobo,Parque Imperial,Casa,2856
47,1,1,Rua Dr.guilherme Bannitz,Vila Nova Conceição,Apartamento,11210
26,1,0,Rua Flora,Brás,Apartamento,2354
28,1,0,Rua Tabatinguera,Sé,Studio e kitnet,1237
90,2,0,Rua Doutor Eduardo de Souza Aranha,Vila Nova Conceição,Apartamento,4651
55,2,0,Avenida Coronel Sezefredo Fagundes,Tucuruvi,Apartamento,2331
65,3,2,Rua Alexandre Benois,Vila Andrade,Apartamento,3609
60,3,0,Rua Padre Venâncio de Resende,Vila Bandeirantes,Casa,1752
42,1,1,Rua Maria Carolina,Jardim Paulistano,Apartamento,5643
162,4,3,Rua Paiaguás,Campo Belo,Apartamento,11390
145,3,2,Avenida Professor Abraão de Morais,Saúde,Casa,3986
77,3,2,Rua Júlio Silva,Centro,Apartamento,3700
55,2,1,Rua Casa do Ator,Vila Olímpia,Apartamento,5524
40,2,0,Rua Arpuí,Casa Verde,Casa,1856
27,1,0,Avenida Junta Mizumoto,Jardim Peri Peri,Casa em condomínio,1957
45,2,0,Rua Avanhandava,Bela Vista,Apartamento,3102
35,2,0,Rua Nove de Julho,Canhema,Casa,814
51,1,1,Alameda Joaquim Eugênio de Lima,Jardim Paulista,Apartamento,4656
74,1,2,Rua Rodesia,Sumarezinho,Apartamento,6500
44,2,1,Rua Antônio Júlio dos Santos,Fazenda Morumbi,Apartamento,2677
26,1,0,Rua Sapetuba,Butantã,Apartamento,2917
41,2,0,Rua Coronel Euclídes Machado,Jardim das Graças,Apartamento,2367
210,3,2,Rua Nair Marquês de Souza,Jardim Maria Rosa,Casa,5401
15,1,0,Rua Santa Lúcia,Cidade Mãe do Céu,Studio e kitnet,1061
51,1,0,Rua Natividade Saldanha,São Lucas,Apartamento,2013
77,2,1,Avenida Professor Francisco Morato,Vila Sônia,Apartamento,3495
30,1,0,Rua da Glória,Liberdade,Studio e kitnet,2734
30,2,0,Rua Célio,Vila Moraes,Casa,574
240,5,5,Rua Caitezal,Água Fria,Casa,13160
40,1,1,Rua Girassol,Vila Madalena,Apartamento,4521
179,3,2,Rua Miragaia,Paulicéia,Casa,2934
215,2,2,Rua Maestro Eduardo de Guarnieri,Interlagos,Casa,9424
36,1,0,Avenida Rangel Pestana,Brás,Apartamento,1958
58,2,1,Rua Arapá,Vila Mascote,Apartamento,3581
56,2,1,Avenida do Guacá,Lauzane Paulista,Apartamento,2741
51,1,1,Rua Jaguaribe,Vila Buarque,Apartamento,2611
240,5,2,Rua Padre Chico,Pompeia,Casa,6547
45,1,0,Rua Alvaro de Carvalho,Centro,Studio e kitnet,3773
83,2,1,Rua Almaden,Vila Andrade,Apartamento,3078
43,1,1,Rua Bela Cintra,Consolação,Apartamento,3837
35,1,0,Rua Condeúba,Vila Santa Isabel,Apartamento,1756
97,2,2,Avenida dos Parques,Tamboré,Apartamento,9048
65,1,1,Rua Quixadá,Vila Invernada,Casa,1488
48,1,1,Rua Joel Carlos Borges,Cidade Monções,Apartamento,3951
76,3,0,Rua Dante Pellacani,Vila Regente Feijó,Casa,2894
46,2,1,Rua Luiz Vieira de Souza,Taboão,Apartamento,2369
77,2,1,Avenida Hilário Pereira de Souza,Centro,Apartamento,4179
34,1,0,"R. Evans, 178 - São Paulo - Sp, 03648-020, Brasil",Vila Matilde,Apartamento,1812
150,2,0,Avenida Doutor Timóteo Penteado,Vila São Judas Tadeu,Casa em condomínio,1203
40,1,1,Rua James Ensor,Parque Regina,Casa,1251
200,3,1,Rua Pedro Doll,Santana,Apartamento,8149
23,1,0,Rua Correia Dias,Paraíso,Apartamento,3526
149,3,2,Rua Doutor Mário Tavares,Jardim Maria Luiza,Apartamento,2712
70,2,1,Rua Comendador Miguel Calfat,Vila Nova Conceição,Apartamento,6913
52,2,0,Avenida Cônego José Salomon,Vila Portugal,Apartamento,1625
100,2,2,Av. Dr. Guilherme Dumont Vilares,Jardim Londrina,Apartamento,5583
144,3,3,Rua Irmãos Pila,Vila Mazzei,Casa,4715
103,3,1,Alameda Tietê,Jardim Paulista,Apartamento,6226
80,2,0,Rua Emílio Ribas,Jardim Pazini,Apartamento,1640
35,1,1,Rua José Bento,Cambuci,Apartamento,2038
40,1,0,Rua Serafim Gadelho,Vila Centenário,Casa,1028
67,3,1,Rua Professor Celso Quirino dos Santos,Cidade São Francisco,Apartamento,2792
54,2,1,Rua Jaracatiá,Jardim Umarizal,Apartamento,2077
50,1,0,Rua Domiciano Ribeiro,Casa Verde Alta,Casa,1293
78,3,1,Avenida Bolonha,Jaguaré,Apartamento,3987
51,1,1,Rua Pascal,Campo Belo,Apartamento,5692
139,3,2,Avenida Marcos Penteado de Ulhôa Rodrigues,Tamboré,Apartamento,10200
42,2,1,Rua Hermeto Lima,Vila Alpina,Apartamento,2416
62,2,2,Rua Maracá,Vila Guarani (z Sul),Apartamento,2928
37,1,1,Rua Marechal Deodoro,Santo Amaro,Studio e kitnet,4760
66,3,1,Rua David Eid,Cidade Ademar,Apartamento,2665
29,1,1,Rua Doutor José Maurício de Oliveira,Gopoúva,Apartamento,2052
57,2,1,Alameda Joaquim Eugênio de Lima,Jardim Paulista,Apartamento,5943
540,6,6,Alameda Equador,Alphaville Residencial Dois,Casa em condomínio,17410
29,1,0,Av. São João,Centro,Studio e kitnet,1470
60,1,0,Rua São José dos Campos,Quinta da Paineira,Studio e kitnet,1455
76,2,2,Rua Romeu Zelanti,Vila Harmonia,Apartamento,4409
33,1,0,Rua Alves Guimarães,Pinheiros,Studio e kitnet,4018
75,2,1,Rua Jairo de Almeida Machado,Jaraguá,Casa em condomínio,1961
76,2,2,Rua Coronel Melo de Oliveira,Pompeia,Apartamento,5661
40,1,1,Rua Taquaruçu,Parque Jabaquara,Apartamento,1494
68,3,1,Rua Doutor José Carlos de Toledo Piza,Jardim Parque Morumbi,Apartamento,3550
34,1,0,Rua Paim,Bela Vista,Studio e kitnet,1514
112,3,1,Rua Haddock Lobo,Cerqueira César,Apartamento,13520
32,1,0,Avenida Vila Ema,Vila Ema,Studio e kitnet,1652
90,2,1,Rua Jovita,Santana,Casa em condomínio,2610
45,1,0,Rua Peixoto Gomide,Jardim Paulista,Studio e kitnet,2044
35,2,0,Rua Capitão Francisco Lipi,Vila Dom Pedro Ii,Apartamento,1853
33,2,0,Rua Antônio Gomes Ferreira,Sacoma,Apartamento,2095
37,2,1,Rua Zulmira,Vila Paiva,Apartamento,1826
90,1,2,Rua Samia Haddad,Vila Suzana,Apartamento,5035
31,1,0,Rua São Francisco,Sé,Studio e kitnet,1475
76,2,1,Rua Ipaobi,Vila Babilônia,Apartamento,2402
40,1,0,Alameda dos Pinheiros,Campestre,Studio e kitnet,1558
175,3,4,Rua Gregório Lopes,Parque Mandaqui,Casa,3947
37,1,1,Alameda Casa Branca,Jardim Paulista,Apartamento,3877
160,3,2,Rua Dionísio Pedrellini,Butantã,Casa,5028
43,1,0,Rua Vitória,Santa Efigênia,Apartamento,1444
32,1,0,Rua Domingos de Morais,Vila Mariana,Studio e kitnet,3952
42,2,1,Avenida Ourives,Jardim São Savério,Apartamento,1617
40,2,0,Rua Cônego Vicente Miguel Marino,Barra Funda,Apartamento,2704
118,3,1,Rua Bela Cintra,Consolação,Apartamento,13590
38,2,0,Avenida Marcondes de Brito,Chácara Seis de Outubro,Apartamento,1647
80,2,1,Rua Coronel Amaro Sobrinho,Vila Carrao,Casa,1720
225,2,2,Rua Lapa,Paulicéia,Casa,3873
35,1,0,Avenida Caminho do Mar,Rudge Ramos,Studio e kitnet,1532
100,2,1,Rua Ângelo Perobelli,Vila Brasilina,Casa,1876
80,1,1,Rua Ibéria,Vila Isolina Mazzei,Casa,1703
36,1,0,Avenida Senador Queirós,Centro Histórico de São Paulo,Studio e kitnet,2445
56,2,1,Rua Silvino Machado,Jardim Nadir,Apartamento,2404
55,1,0,Rua Nestor Pestana,Consolação,Apartamento,2259
100,3,1,Rua Frei Vicente do Salvador,Santana,Casa,3092
145,2,2,Rua José Maria de Abreu,Jardim Palmares (zona Sul),Casa,4691
35,1,0,Rua Bernardo de Fonseca,Jardim Vergueiro (sacomã),Studio e kitnet,654
47,2,1,Rua Demerval da Fonseca,Jardim Santa Terezinha (zona Leste),Apartamento,2054
70,2,1,Rua Pestana,Vila Guaca,Casa em condomínio,2473
72,3,2,Rua Raul Pompéia,Vila Pompéia,Apartamento,6359
32,1,1,Avenida Cauaxi,Alphaville Industrial,Studio e kitnet,3607
40,1,0,Rua Riachuelo,Sé,Studio e kitnet,1521
69,3,2,Rua Doutor José Maurício de Oliveira,Vila Gopouva,Apartamento,3657
400,4,4,Alameda das Dracenas,Alphaville,Casa em condomínio,15810
345,4,4,Rua Ciro dos Anjos,Vila Osasco,Casa,5393
62,2,1,Rua Visconde de Parnaíba,Brás,Apartamento,2302
34,1,0,Avenida Brigadeiro Luís Antônio,Bela Vista,Apartamento,1550
56,2,1,Rua João Roschel Gottsfritz,Jardim Regis,Apartamento,2109
75,3,1,Rua do Símbolo,Jardim Ampliacao,Apartamento,3424
95,3,3,Rua Tiangua,Vila Mascote,Apartamento,6174
177,2,1,Rua da Consolação,Cerqueira César,Apartamento,10010
90,2,0,Rua Joaquim Antunes,Pinheiros,Apartamento,4948
54,2,1,Rua Armando Pinelli,Taboão,Apartamento,1743
182,3,3,Rua Cataguazes,Jardim São Paulo(zona Norte),Casa,4159
237,4,3,Rua Leonardo Cerveira Varandas,Paraíso do Morumbi,Apartamento,16860
500,3,6,Rua Kohei Yokoyana,Jardim Peri Peri,Casa,5049
73,1,1,Rua Doutor Luiz Migliano,Jardim Caboré,Apartamento,11290
180,3,0,Rua Santina da Costa,Vila Campesina,Casa,5433
30,1,2,Rua Conde de São Joaquim,Bela Vista,Apartamento,6684
300,4,3,Rua Engenheiro Cestari,Vila Invernada,Casa,7819
200,3,2,Rua Nicolau da Rocha Vita,Brooklin Paulista,Casa,11130
37,1,0,Rua Bartholomeu do Canto,Vila Palmeiras,Studio e kitnet,1804
190,3,1,Rua Medeiros Furtado,Vila Formosa,Casa,2765
71,3,2,Rua Antonieta,Picanço,Apartamento,2729
42,2,0,Avenida Álvaro Ramos,Quarta Parada,Apartamento,1592
33,1,1,Rua Coronel Luís Barroso,Santo Amaro,Studio e kitnet,3396
32,2,1,Rua Firmino Morgado,Jardim Brasília (zona Leste),Apartamento,1682
63,3,1,Rua Arnaldo Cintra,Parque São Jorge,Apartamento,3196
65,1,1,Rua Turiassú,Perdizes,Apartamento,5709
45,2,0,Rua Judith Zumkeller,Parque Mandaqui,Casa,1427
39,1,1,Avenida Nove de Julho,Jardim Paulista,Apartamento,4862
50,2,0,Avenida Duque de Caxias,Santa Efigênia,Apartamento,1857
39,1,0,Avenida Ipiranga,Santa Ifigênia,Studio e kitnet,1895
230,3,2,Rua General Eloy Alfaro,Vila Mariana,Casa,4968
250,4,6,Rua Manoel Duarte,Jardim Primavera (zona Norte),Casa,4450
60,2,2,Rua Taquaruçu,Vila Parque Jabaquara,Apartamento,2688
70,2,4,Rua José Rangel de Camargo,Parque Peruche,Casa,1990
380,5,3,Rua Wagih Assad Abdalla,Morumbi,Casa,8610
219,4,4,Rua Capitão Alberto Mendes Júnior,Água Fria,Apartamento,13460
80,2,1,Travessa Catarina Vazem,Casa Verde Alta,Casa,1898
48,1,1,Rua Venâncio Diniz Junqueira,São Domingos,Apartamento,1362
66,2,1,Rua Virgílio Várzea,Itaim Bibi,Apartamento,5096
41,1,1,Rua da Esperança,Vila Medeiros,Apartamento,2194
97,2,2,Rua Miguel Tierno,Jardim Monjolo,Casa,3286
21,1,0,Rua Açafrão,Ermelino Matarazzo,Casa,760
40,2,0,Rua Arlindo Alberto,Jardim Palmares (zona Sul),Casa,1373
52,2,1,Rua Professor Miguel Russiano,Vila Aricanduva,Apartamento,2811
119,3,2,Rua Frei Duarte Jorge de Mendonça,Vila Andrade,Apartamento,4069
245,3,2,Rua Domingos Antonio Ciccone,Vila Sao Francisco (zona Sul),Casa,5523
60,2,1,Rua Quedas 315,Vila Isolina Mazzei,Casa em condomínio,2785
61,2,1,Avenida Professor Luiz Ignácio Anhaia Mello,Vila Prudente,Apartamento,5855
43,1,1,Rua Henrique Fausto Lancelotti,Vila Congonhas,Apartamento,3847
25,1,0,Rua Alves Guimarães,Pinheiros,Apartamento,3650
56,2,2,Rua Doutor Miranda de Azevedo,Vila Anglo Brasileira,Apartamento,3763
62,2,1,Rua São Manoel,Vila Galvão,Apartamento,2519
20,1,0,Rua Joaquim Guarani,Jardim das Acacias,Studio e kitnet,3500
50,2,1,Avenida Alberto Augusto Alves,Vila Andrade,Apartamento,3870
60,2,1,Rua Itapimirum,Vila Andrade,Apartamento,4471
40,1,0,Rua Maria Otília,Vila Regente Feijó,Apartamento,3678
33,1,0,Rua Augusto Reginato,Vila Carrao,Studio e kitnet,1514
138,5,2,Rua São João Del Rei,Jardim da Glória,Casa,6417
53,2,1,Avenida Ministro Petrônio Portela,Vila Amélia,Apartamento,2006
52,2,1,Rua das Tâmaras,Vila Paulista,Apartamento,2672
40,2,0,Rua Pedro Osório Filho,Vila Nova Cachoeirinha,Casa,1730
40,1,0,Rua Pedro Nicolau Bernardo,Vila Regente Feijó,Casa,1305
16,1,0,Rua Barata Ribeiro,Bela Vista,Studio e kitnet,4459
90,2,1,Rua Ricardo Abed,Conjunto Residencial Vista Verde,Casa,2676
39,1,1,Rua Madrigais,Vila Nova Cachoeirinha,Apartamento,2084
55,2,1,Rua Alencar Araripe,Sacomã,Apartamento,2137
43,1,1,Avenida São João,Santa Cecília,Apartamento,3003
25,1,0,Rua Bartolomeu Gusmão,Vila Mariana,Studio e kitnet,3365
244,3,2,Rua Campos,Vila Inah,Casa,10050
59,2,1,Rua Silva Teles,Pari,Apartamento,3198
37,1,0,Rua Coelho Neto,Vila Prudente,Studio e kitnet,883
44,2,1,Rua Vicenzo Paciulo,Jardim Las Vegas,Apartamento,2197
50,1,0,Avenida Duque de Caxias,Campos Elíseos,Apartamento,3298
54,2,1,Rua das Laranjeiras,Campestre,Apartamento,2494
41,1,1,Avenida Bosque da Saúde,Vila da Saúde,Apartamento,3193
115,3,2,Rua Antônio Gomes,Vila Santo Antônio,Apartamento,7174
37,1,0,Rua Doutor Elias Chaves,Campos Elíseos,Studio e kitnet,2093
42,1,1,Rua Ezequiel Freire,Santana,Apartamento,3027
48,2,1,Rua Caramboleira,Cidade das Flores,Apartamento,2414
45,1,0,Rua Doutor Penaforte Mendes,Bela Vista,Apartamento,6482
45,1,1,Rua Comendador Miguel Calfat,Vila Nova Conceição,Apartamento,4986
520,5,4,Alameda das Camélias,Alphaville,Casa em condomínio,14610
50,2,1,Rua Capricho,Vila Nivi,Apartamento,2389
51,2,1,Rua Clélia,Vila Romana,Apartamento,3118
156,3,1,Rua Padre João Manuel,Cerqueira César,Apartamento,12350
40,1,0,Rua Vicente Pereira de Assunção,Vila Constança,Apartamento,1254
375,4,4,Alameda Coral,Alphaville,Casa,15470
0,2,1,Rua Relíquia,Jardim das Laranjeiras,Apartamento,2569
63,3,1,Rua Eugene Carriere,Jardim das Vertentes,Apartamento,3527
42,1,1,Avenida São João,Santa Cecília,Apartamento,4071
45,2,1,Avenida Guarulhos,Ponte Grande,Apartamento,2416
54,1,1,Rua Peixoto Gomide,Jardim Paulista,Apartamento,5573
80,2,1,Rua Guilherme Rudge,Vila São Geraldo,Casa,1876
55,1,0,Rua Almir Rodrigues,Vila Continental,Casa,1584
44,2,0,Rua Sabbado D’ângelo,Itaquera,Apartamento,4354
52,1,1,Rua Bonnard,Alphaville Empresarial,Apartamento,4152
240,4,3,Avenida Açocê,Indianópolis,Apartamento,14900
65,2,1,Rua Durval Clemente,Jardim São Paulo(zona Norte),Apartamento,2577
44,1,0,Rua Abolição,Bela Vista,Apartamento,2747
64,2,1,Rua das Caneleiras,Jardim,Apartamento,2938
69,2,1,Rua Barão do Bananal,Vila Pompéia,Apartamento,4271
80,2,1,Rua Conceição Marcondes Silva,Vila Congonhas,Casa,3050
70,2,1,Rua Copacabana,Chora Menino,Apartamento,2831
101,3,6,Rua dos Poetas Guarulhenses,Jardim Las Vegas,Casa,2966
70,2,0,Praça Professor José Azevedo Antunes,Lapa,Apartamento,2337
62,2,1,Rua Fernandes Moreira,Chácara Santo Antônio (zona Sul),Apartamento,10680
170,3,5,Travessa Acácio João Magalhães,Bonfim,Casa,3056
39,1,0,Avenida Nove de Julho,Bela Vista,Apartamento,2691
75,2,1,Avenida Mariana Ubaldina do Espírito Santo,Macedo,Apartamento,2423
59,2,1,Rua Canuto do Val,Vila Buarque,Apartamento,4071
65,2,1,Rua Jaracatiá,Jardim Umarizal,Apartamento,2058
105,2,0,Rua Santana de Cataguáses,Jardim Peri,Casa,1848
60,1,1,Avenida Ipiranga,Centro Histórico de São Paulo,Studio e kitnet,7232
50,1,0,Rua Soror Angélica,Vila Ester (zona Norte),Apartamento,2244
33,1,0,Rua José Bento,Cambuci,Apartamento,1786
50,2,2,Rua Simão Jorge,Campestre,Apartamento,3148
55,2,1,Rua Francisco Otaviano,Vila Humaitá,Apartamento,2002
30,1,0,Avenida Imirim,Imirim,Casa,1074
55,1,1,Rua Marechal Barbacena,Vila Regente Feijó,Apartamento,4707
66,3,2,Avenida Raimundo Pereira de Magalhães,Jardim Iris,Apartamento,5962
36,2,0,Rua Salvador Gianetti,Guaianazes,Apartamento,1707
38,1,0,Rua São Silvestre,São João Climaco,Casa,983
66,2,1,Rua Arroio Grande,Jardim Santa Cruz (sacomã),Apartamento,4610
43,1,0,Rua Jalisco,Vila Regente Feijó,Apartamento,1642
39,2,1,Rua Paschoalina Belloti,Jardim City,Apartamento,1524
52,2,1,Rua Francisca Maria de Souza,Tucuruvi,Casa em condomínio,2411
536,4,6,Alameda das Camélias,Alphaville,Casa em condomínio,18510
45,2,1,Avenida do Taboão,Taboão,Apartamento,1997
82,2,0,Rua Doutor Brasílio Machado,Santa Cecília,Apartamento,7105
500,3,5,Rua Xapanã,Jardim Los Angeles,Casa,3908
80,3,1,Rua Sinimbu,Liberdade,Apartamento,4457
50,1,0,Rua Diego de Losada,Jardim Ataliba Leonel,Casa,850
25,1,1,Rua Irmã Emerenciana,Vila Nilo,Apartamento,2152
420,4,2,Avenida Pascoal da Rocha Falcão,Jardim Santa Helena,Casa,10950
80,2,1,Rua Oscar Freire,Cerqueira César,Apartamento,10880
50,1,1,Alameda Eduardo Prado,Campos Elíseos,Apartamento,2022
54,2,1,Rua Atílio Piffer,Casa Verde,Apartamento,3163
60,2,1,Avenida Lins de Vasconcelos,Vila Mariana,Apartamento,3161
40,2,0,Rua Ibimirim,Vila Nova Mazzei,Apartamento,1720
38,1,0,Rua Conselheiro Furtado,Liberdade,Apartamento,2870
120,3,2,Rua Quixere,Vila Mazzei,Casa,3519
20,1,0,Rua Boçoroca,Vila Mira,Studio e kitnet,1062
100,2,2,Rua Marechal Hermes da Fonseca,Santana,Apartamento,10760
36,1,1,Avenida Santo Amaro,Brooklin Paulista,Studio e kitnet,4178
74,2,1,Rua Agissê,Jardim das Bandeiras,Apartamento,4702
145,2,1,Rua Honoré Daumier,Vila Lageado,Casa,2969
80,1,2,Rua Coronel Oscar Porto,Paraíso,Apartamento,12890
60,1,0,Rua Fradique Coutinho,Pinheiros,Casa,5642
42,1,0,Rua Rego Freitas,República,Studio e kitnet,3345
84,2,1,Rua Marquês Olinda,Vila Dom Pedro I,Apartamento,5763
30,1,0,Rua das Flechas,Vila Santa Catarina,Apartamento,2755
30,1,1,Rua Pedroso Alvarenga,Itaim Bibi,Apartamento,6634
10,1,0,Rua Conselheiro Nébias,Campos Elíseos,Studio e kitnet,872
46,1,0,Rua Epicuro,Casa Verde,Casa,1302
67,2,1,Alameda São Caetano,Jardim,Apartamento,2363
24,1,0,Rua Doutor Sérgio Meira,Barra Funda,Apartamento,2546
85,1,1,Travessa Geraldo Ferraz,Vila Santista,Casa,1730
55,1,2,Rua Batataes,Pinheiros,Apartamento,6105
70,3,0,Rua Lacerda Marques,Lauzane Paulista,Casa,1891
25,1,0,Rua Capitão Lorena,Vila Invernada,Casa,1088
59,2,1,Rua Jaracatia,Jardim Umarizal,Apartamento,1854
30,1,0,Rua Anhaia,Bom Retiro,Studio e kitnet,2843
77,2,1,Avenida Engenheiro Heitor Antônio Eiras Garcia,Jardim Esmeralda,Apartamento,5529
36,1,0,Rua Birigui,Jardim Graziela,Studio e kitnet,1007
78,2,1,Avenida José Galante,Vila Suzana,Apartamento,2929
70,2,1,Rua Ingleses,Morro dos Ingleses,Apartamento,6963
189,3,1,Rua Bela Cintra,Consolação,Apartamento,19440
68,2,1,Rua Fernando de Noronha,Chácara Inglesa,Apartamento,3007
30,1,0,Rua Felipe Mosca,Bela Vista,Casa em condomínio,556
72,2,1,Rua Peixoto Gomide,Jardim Paulista,Apartamento,7570
45,1,1,Rua Doutor Jesuíno Maciel,Campo Belo,Studio e kitnet,4767
50,1,0,Rua Francisco Luiz da Silva,Parque Ramos Freitas,Casa,915
80,2,0,Avenida Lacerda Franco,Cambuci,Casa,3326
32,1,0,Rua Itapajé,Vila Nova Cachoeirinha,Casa,813
48,1,0,Rua Castro Alves,Aclimação,Apartamento,2104
93,2,2,Rua Pretória,Vila Formosa,Casa,5795
50,1,1,Rua Irmã Maria Amélia,Vila Pirituba,Casa,1259
41,2,0,Rua Dona Ana Neri,Cambuci,Apartamento,2301
65,2,0,Rua Hannemann,Canindé,Apartamento,2341
49,1,1,Rua Topázio,Vila Mariana,Apartamento,7537
62,3,1,Rua Domingos José Sapienza,Vila Amalia (zona Norte),Apartamento,2882
31,1,1,Rua Tamandaré,Aclimação,Apartamento,3507
250,3,2,Rua Itamonte,Vila Medeiros,Casa,4170
123,2,5,Rua Ailson Simões,Cupecê,Casa,4170
196,3,2,Avenida Pedro Bueno,Jabaquara,Casa,4080
110,4,1,Rua Monsenhor Magaldi,Jardim Promissão,Casa,3221
69,2,1,Rua Mil Oitocentos E Vinte E Dois,Ipiranga,Apartamento,3604
70,1,2,Rua São Benedito,Jardim Novo Santo Amaro,Apartamento,10080
31,1,0,Rua Coelho Barradas,Parque da Vila Prudente,Apartamento,2362
47,1,0,Rua Conde de Sarzedas,Sé,Apartamento,1614
35,1,0,Rua Gravataí,Consolação,Studio e kitnet,2033
57,1,1,Rua Engenheiro Sá Freire,Jardim Ângela (zona Leste),Casa,1204
41,1,1,Rua Augusta,Consolação,Studio e kitnet,3831
55,2,1,Rua Doutor Morais Dantas,Limão,Apartamento,1847
41,1,1,Avenida Franz Voegeli,Continental,Apartamento,2844
14,1,0,Rua das Nhandirobas,Jabaquara,Apartamento,1520
62,2,1,Rua São Ticiano,Vila Formosa,Apartamento,2065
17,1,0,Rua Benjamin Costa,Jardim Aeroporto,Studio e kitnet,1425
38,1,0,Rua Madre Maria da Assunção Soares,Santo Amaro,Studio e kitnet,2484
400,5,6,Rua Berlioz,Alto de Pinheiros,Casa,18050
14,1,0,"Av. Irerê - Planalto Paulista, São Paulo - Sp, Brasil",Planalto Paulista,Studio e kitnet,958
180,3,3,Rua Havaí,Sumaré,Casa,4901
69,1,0,Rua Alves Ribeiro,Cambuci,Apartamento,2038
30,1,0,Rua Voluntários da Pátria,Santana,Apartamento,3225
190,4,3,Rua Doutor João Batista de Lacerda,Quarta Parada,Casa,7421
50,2,1,Rua Venezuela,Vila Santa Teresa,Casa,1610
55,1,1,Alameda Ministro Rocha Azevedo,Cerqueira César,Apartamento,7221
52,2,1,Rua das Violetas,Vila Marina,Apartamento,1879
100,2,0,Praça Volta Redonda,Vila Alice,Casa,1699
205,3,5,Rua Centenário do Sul,Vila Zat,Casa,4488
49,1,1,Rua Paim,Bela Vista,Studio e kitnet,2826
313,5,5,Rua Monte Alto,Cidade Mãe do Céu,Casa,6847
200,3,0,Avenida Angélica,Consolação,Apartamento,7805
38,2,0,Rua Jordânia,Vila Guilhermina,Apartamento,1525
70,2,2,Avenida Miguel Yunes,Usina Piratininga,Apartamento,3406
25,1,0,Rua Washington Luís,Centro,Studio e kitnet,1994
190,3,2,Praça Padre Mário Fontana,Parque da Mooca,Casa,7012
42,1,2,Rua Paim,Bela Vista,Studio e kitnet,4287
30,1,0,Rua Araguaia Feitosa Martins,Vila Nova Mazzei,Casa,1251
45,2,1,Rua Glicério,Liberdade,Studio e kitnet,2896
79,2,1,Rua Doutor Gabriel dos Santos,Santa Cecilia,Apartamento,4681
353,3,1,Rua Tié,Vila Bertioga,Casa,10430
160,3,1,Avenida Paes de Barros,Mooca,Apartamento,4569
62,1,0,Rua General Feliciano Falcão,Vila Prudente,Apartamento,1852
70,2,0,Alameda Barão de Limeira,Campos Elíseos,Apartamento,2587
74,2,1,Rua Filipe Camarão,Tatuapé,Apartamento,4703
300,4,3,Rua Maria da Conceição Fonseca,Vila Irmaos Arnoni,Casa em condomínio,11730
30,1,0,Rua Visconde de Aguiar Toledo,Vila Congonhas,Casa,2543
78,2,2,Rua Alonso Calhamares,Jardim Anália Franco,Apartamento,6535
99,3,2,Rua Tucuna,Perdizes,Apartamento,6573
27,1,1,Rua da Consolação,Cerqueira César,Apartamento,3988
180,2,6,Avenida Miruna,Planalto Paulista,Casa,10950
22,1,0,Rua Ipojuca,Cidade Mãe do Céu,Studio e kitnet,2647
40,1,0,Avenida Monte Celeste,Vila Santa Maria,Casa,895
92,3,2,Rua Corinto,Vila Indiana,Apartamento,5042
24,1,0,Rua João Álvares da França,Freguesia do Ó,Apartamento,1232
50,1,1,Rua Assungui,Vila Gumercindo,Casa,1870
73,3,1,Rua da Chibata,Vila Andrade,Apartamento,3732
55,1,0,Rua Barão de Tefé,Água Branca,Casa,2819
39,2,0,"R. Evans, São Paulo - Sp, 03648-020, Brasil",Vila Matilde,Apartamento,2227
39,1,0,Rua Maria Paula,Bela Vista,Apartamento,1615
127,4,2,Rua Matias Aires,Consolação,Apartamento,11220
38,1,0,Rua Riskallah Jorge,Centro,Apartamento,2174
300,4,4,Rua Cordilheiras,Bela Aliança,Casa,16420
54,2,1,Rua Santo Egídio,Santa Teresinha,Apartamento,2348
20,1,0,Rua José Lázaro Zanetti,Jardim Pinheiros,Studio e kitnet,1014
100,3,3,R. Antônio Guganis,Jardim São Paulo(zona Norte),Apartamento,5052
150,3,4,Rua Dona Dica,Jardim Tranqüilidade,Casa,9844
78,1,1,R. Mal. Barbacena,Jardim Anália Franco,Apartamento,5182
45,2,1,Rua Otto de Alencar,Cambuci,Apartamento,2993
145,4,3,Avenida Mascote,Vila Mascote,Apartamento,9767
52,1,0,Rua Professor Atílio Innocenti,Vila Nova Conceição,Apartamento,3117
90,1,0,Rua Pirineus,Campos Elíseos,Apartamento,3147
34,1,0,Avenida Rio Branco,Campos Elíseos,Apartamento,1509
40,1,1,Rua dos Buritis,Vila Parque Jabaquara,Apartamento,2576
24,1,1,Rua Benvinda Aparecida de Abreu Leme,Santana,Studio e kitnet,2307
84,4,2,Avenida Professor Sylla Mattos,Jardim Santa Cruz (sacomã),Apartamento,2324
60,2,1,Rua Lucrécia Maciel,Vila Guarani (z Sul),Apartamento,3090
39,2,0,Rua Álvaro de Carvalho,Bela Vista,Apartamento,4283
39,2,0,Rua Ribeirão Branco,Vila Bertioga,Apartamento,2661
120,5,1,Rua Clarence,Vila Cruzeiro,Casa,3700
80,3,1,Rua Urano,Aclimação,Apartamento,6028
63,3,1,Rua Vergueiro,Vila Firmiano Pinto,Apartamento,2732
69,2,1,Rua Praia do Castelo,Vila Mascote,Apartamento,3628
50,1,0,Rua Tamandaré,Liberdade,Apartamento,2321
120,3,2,Rua Izidro Ortiz,Jardim Guanca,Casa,3445
30,1,1,Rua José Piedade,Vila Dalila,Casa,769
44,1,0,Rua Albino Boldasso Gabril,Vila Cruzeiro,Apartamento,1391
35,1,1,Avenida General Valdomiro de Lima,Jabaquara,Apartamento,2314
42,2,1,Avenida dos Ourives,Parque Bristol,Apartamento,1962
270,4,3,Rua da Padroeira,Jardim Nordeste,Casa,6880
254,3,4,Rua Correggio,Vila Suzana,Apartamento,9658
226,3,2,Rua Santa Gregória,Cidade Dutra,Casa,5472
45,2,0,Avenida Júlio Buono,Vila Gustavo,Apartamento,1763
37,2,0,Rua Conde de Sarzedas,Liberdade,Apartamento,2304
90,2,1,Avenida Presidente Humberto de A. Castelo Branco,Vila Algusta,Apartamento,2672
55,1,0,Rua Isabel do Couto,Chora Menino,Casa,1289
60,2,0,Rua Alva,Chácara Belenzinho,Casa,1918
43,1,1,Rua Consolação,Consolação,Studio e kitnet,4125
270,4,2,Rua Paiaguás,Vila Congonhas,Casa,7306
50,2,1,Rua dos Turumãs,Vila Parque Jabaquara,Apartamento,2410
310,4,4,Rua João Teizen Sobrinho,Jardim Santa Helena,Casa,11390
38,1,0,Rua Barão de Iguape,Liberdade,Studio e kitnet,1492
44,2,1,Avenida Ajarani,Cidade Patriarca,Apartamento,2527
25,1,0,Avenida Vereador José Diniz,Santo Amaro,Apartamento,2717
48,1,0,Rua Vergueiro,Vila Mariana,Apartamento,2328
80,1,0,Rua Eduardo Pinheiro,Parque Continental,Casa,772
33,1,1,Rua Olímpia de Almeida Prado,Santa Cecília,Studio e kitnet,3636
48,2,1,Rua Coronel Donato,Vila Matilde,Apartamento,2074
35,1,0,Rua Doutora Neyde Apparecida Sollitto,Vila Clementino,Studio e kitnet,1216
260,4,3,Rua Nibe Perobelli,Rolinópolis,Casa,10780
50,1,0,Rua Adele Zarzur,Jardim São José (zona Norte),Casa,887
44,2,0,Rua Minérios Atômicos,Vila Antonieta,Apartamento,1606
60,1,0,Rua Pampa,Cidade Vargas,Apartamento,1554
56,1,1,Rua Professor Vahia de Abreu,Vila Olímpia,Apartamento,4269
38,1,1,Rua Francisco José da Silva,Vila Andrade,Apartamento,3629
60,1,0,Rua Parnaíba Paoliello,Jardim Oriental,Casa,1447
28,1,1,Rua Salto,Paraíso,Studio e kitnet,3566
120,1,0,Rua Marina,Pestana,Casa,914
69,3,1,Rua Alexandre Leví,Cambuci,Apartamento,3546
50,1,0,Avenida Engenheiro Saraiva de Oliveira,Jardim Taboão,Casa,1147
60,2,0,Rua Paraguai,Taboão,Casa,1165
77,3,2,Rua Ática,Campo Belo,Apartamento,4571
130,3,2,Rua Morgado de Mateus,Vila Mariana,Apartamento,5759
58,1,0,Travessa Antônio Barroca,Vila Cachoeira,Casa,1251
60,2,0,Rua Uhland,Vila Ema,Apartamento,1948
328,4,4,Alameda Franca,Jardim Paulista,Apartamento,19970
74,2,0,Rua País Natal,Jardim Filhos da Terra,Casa,959
60,2,1,Rua Haroldo Pacheco E Silva,Vila Ipojuca,Apartamento,3381
75,3,2,Rua Catulo da Paixão Cearense,Vila da Saúde,Apartamento,5068
60,2,1,Rua Eugênio Lorenzetti,Jardim Iris,Apartamento,3063
360,3,4,Alameda Peruíbe,Alphaville,Casa,14610
60,2,1,Rua Cananéia,Vila Valparaíso,Apartamento,2241
50,1,1,Rua José Luongo,Jardim Dinorah,Casa,938
32,1,0,Rua Coronel Gustavo Santiago,Vila Zilda,Studio e kitnet,2460
73,1,2,Rua Gilberto Sabino,Pinheiros,Apartamento,11210
75,3,1,Avenida Fagundes Filho,Vila Monte Alegre,Apartamento,3809
36,1,1,Avenida Rangel Pestana,Brás,Apartamento,2112
91,3,2,Rua Maestro Arturo de Angelis,Vila Comercial,Apartamento,5346
35,1,1,Rua Augusta,Consolação,Apartamento,4450
27,1,0,Rua Coronel Xavier de Toledo,República,Studio e kitnet,1581
32,1,0,Rua Torres da Barra,Água Branca,Apartamento,2177
25,1,0,Avenida Henrique Morize,Vila Formosa,Casa,1303
210,3,1,Rua Padre João Manuel,Cerqueira César,Apartamento,20220
61,2,1,João Barreto de Menezes,Vila Santa Catarina,Apartamento,3824
180,4,2,Rua Oscar Carmilo,Vila União,Casa,3386
41,1,1,Rua Cayowaá,Sumaré,Casa,3180
120,2,2,Rua Coronel Luiz Lobo,Vila Ré,Casa,2606
50,2,1,Avenida Nossa Senhora do Ó,Limão,Apartamento,3202
47,2,0,Rua Antônio de Godói,Santa Ifigênia,Studio e kitnet,3546
40,1,1,Rua Alves Guimarães,Pinheiros,Apartamento,4917
49,1,1,Rua Joaquim Afonso de Souza,Vila Celeste,Apartamento,2303
65,2,1,Rua Lagoa Verde,Vila Paulicéia,Casa,2606
69,2,1,Rua Lauriano Fernandes Júnior,Vila Leopoldina,Apartamento,6210
56,1,1,Rua Said Aiach,Paraíso,Apartamento,6458
100,3,0,Rua Vitória,Santa Efigênia,Apartamento,3814
45,1,1,Rua Apinajés,Perdizes,Apartamento,3540
50,2,1,Rua Mexicana,Vila Endres,Apartamento,2023
18,1,0,Rua Quatá,Vila Olímpia,Studio e kitnet,2813
35,1,0,Avenida Deputado Emílio Carlos,Limão,Studio e kitnet,975
120,3,2,Rua Romão Puiggari,Vila Moraes,Casa,3025
80,2,1,Rua Professor Roberto Cavalheiro Brisolla,Vila Santa Maria,Casa,2393
70,2,1,Rua Caquito,Vila São Geraldo,Apartamento,2557
45,1,0,Rua Mossamedes,Vila Santo Estevão,Casa,1060
74,3,2,Rua Dona Elisa,Barra Funda,Apartamento,7195
30,1,0,Rua das Carmelitas,Sé,Studio e kitnet,1371
95,2,0,Rua Arthur Baptistucci,Vila Santo Estéfano,Casa,1428
50,1,0,Avenida Amador Bueno da Veiga,Vila Fidelis Ribeiro,Casa,1199
40,1,0,Rua Guaianases,Campos Elíseos,Studio e kitnet,2099
59,2,2,Rua Cásper Líbero,Paulicéia,Apartamento,5714
170,3,3,Rua Cayowaá,Perdizes,Apartamento,10960
28,1,0,Rua Guaicurus,Água Branca,Studio e kitnet,2793
30,1,1,Avenida Rouxinol,Indianópolis,Studio e kitnet,5535
34,1,0,Rua do Lavapés,Cambuci,Studio e kitnet,1414
45,1,0,"Avenida Ipiranga, 1284 - Santa Ifigênia, São Paulo - Sp, 01039-000, Brasil",Santa Ifigênia,Apartamento,2257
73,2,1,Rua Campo Grande,Padroeira,Apartamento,2797
44,1,1,Rua Álvaro de Carvalho,Centro,Studio e kitnet,3462
30,1,0,Rua Azevedo Macedo,Vila Mariana,Studio e kitnet,4219
145,4,1,Rua Ambrosina de Macedo,Vila Mariana,Casa,6109
105,3,2,Rua Dona Elfrida,Chora Menino,Casa em condomínio,2712
24,1,0,Rua Filipe Galvão,Vila Granada,Apartamento,1038
70,2,0,Rua João Dias de Vergara,Jardim Olinda,Casa,938
50,2,1,Avenida Coronel Sezefredo Fagundes,Tucuruvi,Apartamento,2558
160,3,2,Rua Marechal Barbacena,Vila Regente Feijó,Apartamento,7298
80,2,2,Rua João Rudge,Casa Verde,Apartamento,5022
42,1,0,Praça Franklin Roosevelt,Consolação,Studio e kitnet,3967
244,3,4,Rua Critios,Vila Suzana,Apartamento,9981
42,1,1,Rua Doutor Augusto de Miranda,Vila Pompéia,Studio e kitnet,5959
36,1,1,Rua Gabriele D'annunzio,Campo Belo,Studio e kitnet,4232
38,1,0,Rua Pero Correia,Vila Mariana,Apartamento,2518
24,1,0,Rua 17 de Janeiro,Paraíso do Morumbi,Apartamento,1442
80,2,1,Avenida Brasil,Jardim Barueri,Apartamento,2949
300,3,3,Rua Raimundo Simão de Souza,Vila Suzana,Apartamento,19490
44,1,0,Rua Ascenso Dias Leme,Imirim,Apartamento,1490
28,1,0,Rua Oscar Cintra Gordinho,Liberdade,Studio e kitnet,1208
45,2,0,Rua João Mafra,Vila Brasílio Machado,Casa,1316
140,4,3,Rua Luiz Gomes de São Tiago,Vila Santa Catarina,Casa,4237
49,1,2,Avenida Marcos Penteado de Ulhôa Rodrigues,Tamboré,Apartamento,3833
64,3,1,Rua José Arzão,Vila Praia,Apartamento,2828
180,3,2,Rua Doutor Argemiro Couto de Barros,Chácara Inglesa,Casa,5379
80,2,0,Rua Domingos Magno,Vila Silveira,Casa,1616
35,1,0,Viela José Antônio Ferreira da Costa,Jardim das Flores,Casa,1108
48,1,0,Avenida Santo Amaro,Vila Nova Conceição,Apartamento,4644
39,2,0,Rua Turiassu,Perdizes,Apartamento,6089
294,4,5,Rua Professor Lúcio Martins Rodrigues,Jardim Leonor,Apartamento,13450
53,2,1,Rua Doutor Sérgio Meira,Barra Funda,Apartamento,3014
70,3,1,Rua Catuípe,Cidade Brasil,Casa,2111
48,2,1,Rua Guirá-acangatara,Jardim Sao Francisco (zona Leste),Apartamento,1856
50,1,0,Rua Urbano Duarte,Vila Baruel,Casa,1334
97,2,1,Rua Achilles Masetti,Paraíso,Apartamento,5066
87,3,1,Rua dos Buritis,Vila Parque Jabaquara,Apartamento,2783
80,2,2,Rua Samuel Palmer,Jardim Jabaquara,Casa,2898
60,2,1,Rua Amazonas,Osvaldo Cruz,Apartamento,2776
65,2,1,Praça Júlio Mesquita,Republica,Apartamento,6138
47,1,1,Rua Jaguaribe,Vila Buarque,Apartamento,5165
44,1,1,Rua Calixto da Mota,Vila Mariana,Studio e kitnet,5812
52,2,1,Rua Conselheiro Moreira de Barros,Lauzane Paulista,Apartamento,1999
70,2,1,Rua República do Togo,Jardim Peri Peri,Casa,2887
35,1,0,Rua Aguiar de Barros,Bela Vista,Apartamento,1608
28,1,0,Rua João Sbarai,Vila Gomes,Studio e kitnet,1290
68,3,1,Rua Áurea Batista dos Santos,Vila Morse,Apartamento,3304
46,2,1,Rua Cândida Franco de Barros,Itaberaba,Apartamento,2234
45,0,0,Rua Natividade Saldanha,São Lucas,Apartamento,1855
46,2,1,Rua Rego Barros,Jardim Vila Formosa,Apartamento,2115
160,3,1,Rua Caracaxá,Vila Nivi,Casa,2710
30,1,0,Rua Coelho Barradas,Parque da Vila Prudente,Apartamento,2362
118,3,2,Rua Joaquim Neves Monteiro,Jardim Ubirajara,Casa,3075
200,1,4,Rua Francisco Credentino,Jardim Satelite,Casa,2716
41,2,1,Rua Doutor Bento Teobaldo Ferraz,Várzea da Barra Funda,Apartamento,3168
16,1,0,Rua Humberto I,Vila Mariana,Studio e kitnet,3067
89,3,2,Rua Francisco da Lira,Tremembé,Apartamento,3916
50,2,1,Rua Francisco Coimbra,Penha de França,Apartamento,2563
52,2,1,Rua Mianos,Vila Mira,Apartamento,2014
145,3,3,Rua Ana Doll de Morais,Parque Mandaqui,Casa,4015
74,3,1,Avenida Marquês de São Vicente,Água Branca,Apartamento,5025
72,2,2,Rua Deputado Laércio Corte,Paraíso do Morumbi,Apartamento,2996
163,3,2,Rua Bernardino de Campos,Campo Belo,Casa,5715
53,2,1,Rua Glicério,Liberdade,Studio e kitnet,3074
53,2,1,Rua França,Parque das Nações,Apartamento,2535
75,2,1,Avenida 23 de Maio,Vila Mariana,Apartamento,4319
65,2,0,Avenida Alcântara Machado,Brás,Apartamento,1777
266,4,4,Rua Professor Campos de Oliveira,Jardim Taquaral,Apartamento,14300
44,2,0,Rua Dr. Fomm,Belenzinho,Apartamento,2478
50,1,1,Avenida Sabiá,Indianópolis,Apartamento,5019
60,1,0,Avenida Paes de Barros,Mooca,Apartamento,2152
209,3,2,Rua Fonseca da Costa,Bosque da Saúde,Casa,6674
37,2,0,Rua Alméria,Vila Granada,Apartamento,1568
34,1,1,Rua Delegado Everton,Bela Vista,Apartamento,2858
31,1,0,Rua Enótria,Vila Mazzei,Apartamento,1889
78,2,1,Rua Teodoro Sampaio,Pinheiros,Apartamento,6462
34,1,0,Rua Helena Zerrener,Liberdade,Studio e kitnet,1096
60,2,1,Rua Doutor Carlos Aldrovandi,Jardim Parque Morumbi,Apartamento,3196
100,3,2,Rua Barão de Tramandaí,Vila Alpina,Casa,3127
128,3,2,Rua Xavier Gouveia,Parque Colonial,Apartamento,6396
70,1,0,Rua Galeão Coutinho,Vila Marina,Casa,1262
37,2,1,Avenida Rotary,Vila das Bandeiras,Apartamento,2012
53,2,1,Rua Lázaro Suave,City Bussocaba,Apartamento,3837
85,2,0,Rua Vichy,Vila Baruel,Apartamento,2243
160,3,3,Rua Harmonia,Sumarezinho,Apartamento,15270
285,3,4,Rua João Nápoles Alvim,Jardim das Laranjeiras,Casa,5607
80,3,2,Rua Fradique Coutinho,Pinheiros,Apartamento,7444
450,4,4,Rua Acarituba,Santo Amaro,Casa,19750
76,3,1,Rua Itajaí,Mooca,Apartamento,5319
138,3,3,Avenida Parkinson,Alphaville Empresarial,Apartamento,16280
60,1,0,Rua Antônio Rodrigues dos Ouros,Jardim Teresa,Casa,897
27,1,0,Avenida Sapopemba,Jardim Adutora,Apartamento,1730
157,3,1,Rua Manoel da Nóbrega,Paraíso,Apartamento,7892
90,2,1,Rua Nossa Senhora Conceição Aparecida,Quitaúna,Apartamento,2131
34,1,0,Rua Pixibás,Vila Gustavo,Casa,1112
45,2,0,Alameda Glete,Campos Elíseos,Apartamento,1852
41,2,0,Rua Edvard Carmilo,Jardim Celeste,Apartamento,1548
57,2,1,Rua Itza,Jardim Modelo,Apartamento,4135
65,2,0,Avenida Jabaquara,Mirandópolis,Apartamento,2917
45,1,0,Rua Eugênia de Carvalho,Vila Matilde,Casa,1094
82,3,2,Rua Jaci,Chácara Inglesa,Apartamento,4503
85,2,0,Rua Panamericana,Taboão,Casa,1568
300,4,1,Rua Oiti,Água Rasa,Casa,8861
550,4,5,Rua Guarapuã,Jardim Franca,Casa,7397
60,2,0,Rua José Rangel de Camargo,Parque Peruche,Apartamento,1388
70,3,1,Rua Tapuias,Socorro,Apartamento,4113
40,1,0,Rua Jaceguai,Bela Vista,Apartamento,3116
60,2,0,Rua José Paulino de Araújo,Vila Constancia,Apartamento,2063
25,1,0,Rua Gravataí,Consolação,Studio e kitnet,3616
59,2,1,Avenida Doutor Altino Arantes,Vila Clementino,Apartamento,4130
150,3,2,"Rua Conde de Porto Alegre, 606, Campo Belo",Campo Belo,Casa,4761
90,2,1,Rua Diana,Perdizes,Apartamento,4114
100,2,1,Rua Pamplona,Jardim Paulista,Apartamento,6124
59,1,1,Alameda Ministro Rocha Azevedo,Cerqueira César,Apartamento,5014
64,2,2,Rua João Gomes Batista,Jardim Cidália,Casa,2489
115,3,2,Rua dos Buritis,Vila Parque Jabaquara,Apartamento,6062
50,2,1,Rua Aristódemo Gazzotti,Vila das Belezas,Apartamento,3085
63,2,1,Rua Amazonas da Silva,Vila Guilherme,Apartamento,10990
30,1,0,Rua Doutor Almeida Lima,Mooca,Studio e kitnet,2284
57,1,1,Rua Doutor Ênio Monte Alegre,Vila Emir,Studio e kitnet,936
72,3,0,Rua Orfanato,Vila Prudente,Apartamento,2851
85,3,2,Rua Itapiru,Vila da Saúde,Apartamento,4717
98,1,0,Rua Almirante Marques Leão,Bela Vista,Apartamento,7493
60,1,0,Rua Santo Amaro,Bela Vista,Apartamento,2490
34,2,1,Rua Praia do Cerejo,Vila Paulista,Apartamento,2728
74,2,1,Rua German Burmeinster,Vila Nova Mazzei,Apartamento,2566
23,1,0,Rua Correia Dias,Paraíso,Studio e kitnet,4061
37,1,0,Rua Capitao Avelino Carneiro,Penha de França,Apartamento,2017
90,2,1,Rua Guatemala,Vila Engenho Novo,Casa,2352
90,2,1,Avenida Damasceno Vieira,Vila Mascote,Apartamento,4326
205,4,3,Rua Inhambú,Vila Uberabinha,Apartamento,10580
50,1,0,Rua Abolição,Bela Vista,Studio e kitnet,1766
47,2,1,Rua Heitor Penteado,Sumarezinho,Apartamento,3070
62,2,1,Rua Duarte de Azevedo,Santana,Apartamento,2327
55,1,0,Rua Estefânia Louro,Tucuruvi,Apartamento,1746
138,3,2,Rua Itapacuraí,Paraíso do Morumbi,Casa,6433
53,2,2,Rua Bimbarra,Vila Formosa,Apartamento,3808
69,2,0,Rua Basílio da Cunha,Vila Deodoro,Apartamento,1885
24,1,0,Rua Azevedo Marques,Santa Cecilia,Studio e kitnet,1283
55,2,1,Rua Itanhaém,Vila Prudente,Apartamento,2968
34,1,0,Rua Guaianases,Campos Elíseos,Apartamento,1127
47,2,1,Rua Luiz Vieira de Souza,Taboão,Apartamento,2294
46,2,1,Rua Giacomo Cozzarelli,Vila Santa Teresa (zona Sul),Apartamento,1738
52,2,1,Rua José Estevão de Magalhães,Vila Campestre,Apartamento,2950
60,2,0,Rua Itaoca,Chácara Inglesa,Casa,1862
68,2,1,Avenida Hilário Pereira de Souza,Centro,Apartamento,4028
110,4,2,Rua Marechal Hermes da Fonseca,Santana,Apartamento,9663
250,3,2,Rua Fortuna de Minas,Jardim Arize,Casa,4170
180,3,1,Rua Antônio Carlos,Consolação,Apartamento,6466
130,3,3,Rua Doutor Goulart Penteado,Vila Diva (zona Leste),Apartamento,6232
54,2,0,Rua Açaí,Jardim Santa Maria,Apartamento,1804
75,2,2,Rua Giovanni Boltraffio,Vila Santa Teresa (zona Sul),Apartamento,2057
26,1,0,Rua São Francisco,Sé,Apartamento,1448
38,1,0,Rua Dante Alighieri,Vila Prudente,Casa,1408
60,2,0,Avenida Coronel José Pires de Andrade,Vila Vera,Casa,1455
51,2,1,Rua José de Oliveira Coelho,Vila Andrade,Apartamento,3497
45,2,0,Rua Professora Maria de Lourdes Souza Nogueira,Vila Gea,Apartamento,1534
79,2,0,Praça Marechal Deodoro,Santa Cecilia,Apartamento,3026
68,2,1,Rua Correia de Lacerda,Jardim Vila Formosa,Apartamento,2308
40,1,1,Rua Maestro Cardim,Bela Vista,Apartamento,3133
147,2,0,Avenida São João,Centro,Apartamento,3704
51,1,0,Rua dos Andradas,Santa Efigênia,Apartamento,1615
64,1,0,Rua Nobel Almeida Kuke,Parque Continental Ii,Casa,1267
52,2,0,Avenida Salgado Filho,Jardim Cristin Alice,Apartamento,1388
75,2,0,Rua João Dias Teixeira,Chácara Belenzinho,Casa,1385
60,2,1,Avenida Padre Vicente Melillo,Umuarama,Apartamento,2787
137,3,1,Rua Haddock Lobo,Cerqueira César,Apartamento,14610
46,2,1,Rua Domingos Ataide,Parque Reboucas,Apartamento,1797
150,3,2,Rua Rosária Musarra,Vila California(zona Sul),Casa,4900
42,2,0,Rudge,Bom Retiro,Apartamento,2216
96,2,1,Rua Doutor Eduardo de Souza Aranha,Vila Olímpia,Apartamento,5534
64,3,2,Rodovia Raposo Tavares,Jardim Adhemar de Barros,Apartamento,3706
183,3,2,Rua Serranos,Vila do Bosque,Casa,3905
48,2,0,Rua Padre Antônio de Gennaro Casa,Vila Cristália,Casa,933
46,1,0,Praça Doutor Mário Margarido,Liberdade,Studio e kitnet,2252
96,3,2,Rua Doutor Miguel Vieira Ferreira,Jardim Zaira,Apartamento,4645
32,1,0,Rua Álvaro de Carvalho,Bela Vista,Studio e kitnet,1660
55,2,1,Rua Leopoldo de Bulhões,Indianópolis,Apartamento,5804
54,2,1,Avenida Raimundo Pereira de Magalhães,Jardim Iris,Apartamento,2900
35,1,0,Rua Grécia,Taboão,Casa,687
24,1,0,Rua Ipojuca,Cidade Mãe do Céu,Studio e kitnet,2697
52,2,1,Rua Jaracatiá,Jardim Umarizal,Apartamento,2514
50,1,0,Rua Íon Andresco,Vila Progresso (zona Norte),Casa,848
38,1,1,Avenida Miruna,Indianópolis,Studio e kitnet,4019
28,1,0,Rua Joaquim dos Santos Andrade,Sé,Studio e kitnet,1016
62,2,1,Rua Brás Sangiovanni,Vila Monte Alegre,Apartamento,2984
30,1,0,Rua Benfica,Vila Medeiros,Casa,782
184,4,3,Alameda dos Guaiós,Planalto Paulista,Apartamento,11440
28,1,0,Rua Helena Zerrener,Liberdade,Apartamento,1169
149,3,4,Rua Padre Paulo Canelles,Vila Adalgisa,Casa,4170
62,3,1,Rua Conselheiro Moreira de Barros,Lauzane Paulista,Apartamento,2387
24,1,0,Alameda Iraé,Indianópolis,Studio e kitnet,4017
82,2,1,"Bela Vista, São Paulo - Sp, 01321-001, Brasil",Bela Vista,Apartamento,8438
39,2,1,Rua Esmeraldino Cavalcanti Torres,Vila Isolina Mazzei,Apartamento,2544
52,2,1,Rua Tabatinguera,Sé,Apartamento,2090
76,3,1,Rua Bragança Paulista,Vila Cruzeiro,Apartamento,4983
126,3,0,Rua Ministro Ferreira Alves,Perdizes,Apartamento,6661
50,2,1,Rua Serra da Bocaina,Quarta Parada,Apartamento,2981
90,3,2,Rua Marfim,Jardim Santa Cruz (campo Grande),Casa em condomínio,3534
150,1,1,Rua Antônio Pereira Mendes,Jardim Prudência,Apartamento,2183
96,2,2,Avenida Giovanni Gronchi,Vila Andrade,Apartamento,5812
85,1,0,Rua Dona Brígida,Vila Mariana,Apartamento,4684
72,2,1,Rua Doutor Paulo Nogueira Filho,Butantã,Apartamento,2383
130,4,3,Rua Taváres Bastos,Pompeia,Apartamento,8746
77,3,2,Rua Marquês de Valença,Alto da Mooca,Apartamento,4555
31,1,1,Rua Doutor Melo Alves,Cerqueira César,Apartamento,5205
136,2,2,Rua Alagoas,Centro,Apartamento,5864
204,3,2,Rua Paschoal Garófalo,Vila Califórnia(zona Sul),Casa,3302
107,2,2,Avenida Copacabana,Empresarial 18 do Forte,Apartamento,6397
180,3,3,Rua Volta Redonda,Campo Belo,Apartamento,18650
30,1,1,Rua Leôncio de Carvalho,Paraíso,Studio e kitnet,6353
63,2,1,Rua Cásper Líbero,Paulicéia,Apartamento,1869
150,3,3,Rua Francisco Marcondes Vieira,Jardim Lar Sao Paulo,Apartamento,10540
64,2,1,Rua Professor Arnaldo João Semeraro,Jardim Santa Emilia,Apartamento,2060
90,3,1,Rua Coronel Artur Godói,Vila Mariana,Casa,4544
26,1,0,Rua Agostinho Rodrigues Filho,Indianópolis,Studio e kitnet,4225
50,2,1,Rua Jaime Costa,Vila Camilópolis,Apartamento,1478
53,2,1,Rua da Meação,Vila Regente Feijó,Apartamento,3627
18,1,0,Rua Turiassu,Perdizes,Studio e kitnet,3813
28,1,1,Rua Américo Brasiliense,Chácara Santo Antônio (zona Sul),Apartamento,3835
33,1,0,Rua Miguel Arcanjo de Oliveira,Parque Paineiras,Apartamento,1133
40,1,0,Rua Cônego Luís Gonzaga Biazi,Carandiru,Studio e kitnet,1612
70,2,1,Rua Professor José Leite E Oiticica,Vila Gertrudes,Apartamento,7287
106,2,1,Rua Cruz de Malta,Parada Inglesa,Apartamento,4760
65,2,2,Avenida Sebastião Henriques,Vila Siqueira (zona Norte),Apartamento,3073
25,1,0,Rua Barão de Tatuí,Vila Buarque,Studio e kitnet,1616
80,3,1,Rua Guaimbé,Mooca,Apartamento,3227
200,3,4,Rua Visconde de Ourem,Jardim Aeroporto,Casa,4780
150,4,2,Rua Miguel Masi Neto,Vila Suzana,Casa,4021
52,1,0,Rua Salvador Mota,Vila Industrial,Casa,983
108,3,2,Rua Florianópolis,Vila Bertioga,Apartamento,8510
72,3,2,Rua Corinto,Vila Indiana,Apartamento,4255
84,3,1,Rua das Perobas,Vila Parque Jabaquara,Apartamento,3237
132,3,3,Rua José de Oliveira Coelho,Vila Andrade,Apartamento,10250
82,2,3,Rua Doutor Maurílio Vergueiro Pôrto,Vila Morumbi,Apartamento,4422
48,2,1,Rua João Simões de Souza,Parque Reboucas,Apartamento,3462
130,3,2,Rua Abdo Ambuba,Vila Andrade,Apartamento,4075
69,2,1,Alameda Grajaú,Alphaville Industrial,Apartamento,4176
110,3,2,Rua Armando D'almeida,Jardim Rizzo,Casa,3767
43,1,1,Rua Monsenhor Passaláqua,Bela Vista,Apartamento,2809
80,2,1,Avenida Itaboraí,Bosque da Saúde,Apartamento,3018
58,2,1,Rua Frei Manuel Calado,Vila Marari,Apartamento,2258
329,4,3,Rua Joaquim José Esteves,Santo Amaro,Apartamento,26550
155,3,2,Rua Comendador Miguel Calfat,Vila Nova Conceição,Apartamento,9710
80,1,1,Alameda Santos,Cerqueira César,Apartamento,5629
23,1,0,Rua da Consolação,República,Studio e kitnet,3226
30,1,0,Rua Jaime Rodrigues,Jardim Sabara,Studio e kitnet,1165
20,1,0,Rua Alberto Moreira Batista Filho,Jardim Japao,Apartamento,996
70,2,0,Rua Aristides Viadana,Parque Residencial da Lapa,Apartamento,2909
48,2,1,Rua Arnaldo Cintra,Vila Moreira,Apartamento,2387
25,1,0,Rua Genebra,Bela Vista,Apartamento,3792
45,1,0,Alameda Joaquim Eugênio de Lima,Jardim Paulista,Apartamento,3608
40,1,0,Rua Antônio Hélio de Azevedo Marques,Vila Inglesa,Casa,1441
78,1,1,Rua Barão do Triunfo,Brooklin,Apartamento,16560
150,3,2,Avenida Iraí,Indianópolis,Casa,6830
40,1,0,Rua Dom José de Barros,República,Apartamento,2309
39,1,1,Rua Flórida,Cidade Monções,Apartamento,4344
200,3,4,Rua Urbano da Silva,Vila Santa Edwiges,Casa,4090
30,1,0,Avenida da Liberdade,Liberdade,Studio e kitnet,1814
102,4,2,Rua Jorge Rizzo,Pinheiros,Apartamento,7030
74,2,2,Rua Nilo,Aclimação,Apartamento,7757
80,2,2,Alameda Ministro Rocha Azevedo,Cerqueira César,Apartamento,5483
35,1,0,Rua Padre Isidoro,Vila Nova York,Apartamento,1363
25,1,0,Rua Bartira,Perdizes,Apartamento,3620
40,1,1,Rua Fiandeiras,Vila Olímpia,Apartamento,4009
18,1,0,Rua Oscar Freire,Pinheiros,Studio e kitnet,3947
72,3,2,Avenida Interlagos,Jardim Umuarama,Apartamento,4386
202,3,3,Alameda América,Tamboré,Apartamento,16000
32,1,0,Rua Frederico Abranches,Vila Buarque,Studio e kitnet,1683
148,3,2,Rua Martins Fontes,Consolação,Apartamento,10080
80,2,1,Rua Doutor Eduardo de Souza Aranha,Vila Nova Conceição,Apartamento,5159
40,1,0,Rua Tenente Coronel José Joaquim Correia de Arruda,Vila Portuguesa,Casa em condomínio,1322
64,1,1,Alameda Lorena,Jardim Paulista,Apartamento,4154
235,4,3,Rua Cambaquara,Jardim São Paulo,Casa,11880
82,2,2,Rua César Vallejo,Real Parque,Apartamento,4376
50,1,1,Avenida Jacutinga,Indianópolis,Apartamento,5572
26,1,0,Rua São Francisco,Sé,Studio e kitnet,1473
40,1,0,Rua Bela Cintra,Consolação,Apartamento,3898
45,1,0,Rua Doutor Nogueira Martins,Vila da Saúde,Casa,1563
52,1,0,Rua Sepetiba,Siciliano,Apartamento,2796
24,1,0,Rua João Antônio de Andrade,Jardim Frei Galvão,Casa,678
35,1,0,Rua Luís de Melo Maia,Vila Pedra Branca,Casa,1262
82,2,0,Rua Fradique Coutinho,Pinheiros,Casa,4614
70,2,0,Rua Elias de Sousa Pinto,Tremembé,Casa,1475
383,3,3,Alameda Joaquim Eugênio de Lima,Jardim Paulista,Apartamento,12640
56,3,1,Avenida João Simão de Castro,Vila Sabrina,Apartamento,1644
35,1,0,Rua Francisca Emilia,Vila Firmiano Pinto,Casa,1304
41,1,1,Rua Nazira Carone,Jardim Ampliação,Studio e kitnet,2542
67,2,1,Rua Duarte de Azevedo,Santana,Apartamento,2462
74,2,2,Rua das Monções,Jardim Sílvia,Apartamento,3942
27,1,0,Rua Ministro Godói,Perdizes,Studio e kitnet,3325
250,4,3,Avenida Mauro Marques da Silva,Vila Antônio,Casa,4345
41,1,1,Rua Ezequiel Freire,Santana,Apartamento,2985
44,2,0,Rua Doutor Bento Teobaldo Ferraz,Várzea da Barra Funda,Apartamento,2685
38,1,1,Rua Marie Nader Calfat,Panamby,Studio e kitnet,2465
260,3,4,Rua Sincorá,Jardim Umuarama,Casa,4660
130,3,1,Alameda Itu,Jardim Paulista,Apartamento,7587
90,3,0,Avenida Paes de Barros,Mooca,Apartamento,2353
64,3,1,Rua Eugene Carriere,Jardim das Vertentes,Apartamento,5882
60,1,1,Alameda Grajaú,Alphaville Industrial,Apartamento,5240
80,2,2,Rua Hermann Teles Ribeiro,Vila Invernada,Casa,2578
39,1,0,Rua Francisco Artassio,Jardim das Laranjeiras,Casa,1147
29,2,0,Rua Dr. Fomm,Belenzinho,Apartamento,2151
50,1,0,Rua Zike Tuma,Jardim Ubirajara,Casa,975
48,1,1,Rua Doutor Jesuíno Maciel,Campo Belo,Apartamento,4809
63,2,0,Rua Conselheiro Nébias,Campos Elíseos,Apartamento,3376
53,2,1,Rua Antares,Cidade Satelite Santa Barbara,Apartamento,1393
250,2,3,Rua Doutor Heitor Pereira Carrilho,Vila Albertina,Casa,4941
127,3,3,Rua Padre Raposo,Mooca,Apartamento,9843
65,2,1,Avenida dos Imarés,Indianópolis,Apartamento,7067
90,2,1,Rua Tenente Sylvio Fleming,Vila Bonilha,Casa,1733
220,3,2,Alameda Lorena,Jardim Paulista,Apartamento,14590
70,2,1,Rua Carlo Pallavicino,Jardim Vivan,Apartamento,1559
70,1,2,R. João Baldinato,Vila Suzana,Apartamento,4175
45,1,0,Rua Cônego Vicente Miguel Marino,Barra Funda,Casa,1743
40,1,0,Rua Amaral Gurgel,Vila Buarque,Studio e kitnet,1463
40,1,0,Rua Professor Antônio Filgueiras de Lima,Rio Pequeno,Apartamento,993
39,1,0,Avenida Duque de Caxias,Santa Efigênia,Studio e kitnet,1558
40,1,0,Rua Barão do Rio Branco,Santo Amaro,Apartamento,1667
53,1,2,Rua Quatá,Vila Olímpia,Studio e kitnet,6101
150,3,2,Rua Canto do Junco,Santana,Casa,8662
50,2,1,Rua das Palmeiras,Gopoúva,Apartamento,2078
90,1,1,Rua Visconde da Luz,Vila Nova Conceição,Apartamento,10500
68,2,1,Rua Peixoto Gomide,Jardim Paulista,Apartamento,5054
36,1,1,Rua Correia de Lemos,Chácara Inglesa,Studio e kitnet,2800
65,2,2,Rua Diana,Perdizes,Apartamento,6353
69,3,1,Rua Nossa Senhora da Saúde,Vila das Mercês,Apartamento,4161
31,1,0,Rua Barão de Loreto,Vila São José,Apartamento,1696
33,2,0,Rua João Alfredo,Santo Amaro,Apartamento,3646
22,1,0,Rua Augusta,Consolação,Apartamento,3245
198,3,2,Avenida Parkinson,Alphaville Empresarial,Apartamento,13280
35,1,0,Rua Bento Freitas,República,Apartamento,2853
154,3,0,Rua Capitão Lorena,Vila Invernada,Casa,4147
26,1,0,Rua Ituri,Vila Formosa,Apartamento,1466
267,2,1,Rua Conselheiro Moreira de Barros,Lauzane Paulista,Casa,2233
60,1,1,Avenida Senador Vergueiro,Anchieta,Apartamento,1813
33,1,1,Avenida Santo Amaro,Brooklin,Studio e kitnet,4227
150,3,2,Rua Alves de Almeida,Chácara Belenzinho,Casa em condomínio,3255
54,1,0,Avenida Celso Garcia,Brás,Apartamento,1678
79,3,2,Rua Tremembé,Rudge Ramos,Apartamento,2658
52,2,1,Rua Francisco de Paula Pereira Pachêco,Jardim Odete,Apartamento,1793
140,2,1,Rua Doutor Luís Carlos,Vila Aricanduva,Casa em condomínio,3267
80,2,1,Rua Uxi,Jardim Santa Maria,Casa,1842
27,1,0,Rua Doutor Clemente Jobim,Jardim da Glória,Studio e kitnet,2365
62,2,1,Rua Corinto,Vila Indiana,Apartamento,3278
46,1,1,Avenida Rouxinol,Indianópolis,Apartamento,4402
55,2,1,Travessa Píres,Vila Pires,Apartamento,2104
70,2,1,Rua dos Cafezais,Vila Santa Catarina,Casa,2438
80,2,1,Rua Petrobrás,Vila Antonieta,Casa,1718
76,2,3,Rua Nagasaki,Taboão,Casa,5320
41,2,1,Avenida Portugal,Centro,Apartamento,3778
29,1,0,Rua Guaicurus,Água Branca,Apartamento,2327
28,1,0,Avenida Pires do Rio,Jardim Norma,Casa,1040
200,2,2,Rua Dona Maria Bráulio,Jardim Peri,Casa,1603
45,1,1,Rua Henrique Fausto Lancellotti,Nova Piraju,Apartamento,5467
40,1,0,Rua Simão de Tolêdo Piza,Água Rasa,Casa,990
424,3,4,Rua Barão de Campos Gerais,Real Parque,Apartamento,21320
70,3,1,Avenida Parada Pinto,Santa Inês ,Apartamento,2866
70,2,0,Rua Corrientes,Jardim Peri,Apartamento,2699
40,1,0,Avenida Rio Branco,Campos Elíseos,Studio e kitnet,1570
61,2,1,Rua Bonifácio Veronese,Jardim Jaqueline,Apartamento,2951
50,1,0,Rua Manuel de Faria Dória,Vila Paulistania,Casa,834
170,3,2,Rua Professor José Geraldo de Lima,Vila Tiradentes,Casa,5050
408,4,4,Rua Roger Chaffee,Interlagos,Casa,8027
25,1,0,Rua Major Sertório,Vila Buarque,Apartamento,3046
27,1,0,Rua Miguel Mota,Vila Canero,Studio e kitnet,1225
130,2,2,Rua Pedro Bitolo,Rudge Ramos,Casa,2219
48,2,1,Rua Josef Kryss,Parque Industrial Tomas Edson,Apartamento,6247
115,2,3,Rua Antônio Florêncio dos Santos,Jardim Panorama (zona Leste),Casa,3127
119,2,0,Rua dos Jacintos,Mirandópolis,Casa,3471
60,2,1,Avenida Tietê,Campestre,Casa,1849
28,1,0,Rua João José Pacheco,Jardim Vila Mariana,Studio e kitnet,3049
43,1,1,Rua Gomes de Carvalho,Vila Olímpia,Apartamento,4330
88,2,1,Avenida Raimundo Pereira de Magalhães,Jardim Iris,Apartamento,3220
35,2,0,Rua Flora,Brás,Apartamento,2237
81,1,1,Rua Pamplona,Jardim Paulista,Apartamento,4373
42,1,0,Rua Elza Guimarães,Vila Amalia (zona Norte),Apartamento,1356
72,2,2,Rua Ribeiro de Barros,Vila Anglo Brasileira,Apartamento,7035
38,1,0,Avenida São João,Santa Cecilia,Studio e kitnet,1779
50,1,1,Rua Doutor Plínio Barreto,Bela Vista,Apartamento,3836
150,3,1,Rua das Sempre-vivas,Jardim das Acácias,Casa,5812
151,3,2,Rua Comendador Miguel Calfat,Vila Nova Conceição,Apartamento,10520
67,3,1,Rua Voluntários da Pátria,Santana,Apartamento,3813
56,2,1,Rua Francisco Tapajós,Vila Santo Estefano,Apartamento,2988
55,2,1,Rua Franklin Magalhães,Vila Santa Catarina,Apartamento,3113
60,3,1,Avenida Mandaqui,Limão,Apartamento,3566
20,1,0,Rua Antônio Fóster,Vila Socorro,Studio e kitnet,1308
65,2,1,Rua Oneyda Alvarenga,Vila da Saúde,Apartamento,2528
44,1,1,Rua Gaivota,Moema,Apartamento,3504
42,2,1,Rua Atibaia,Vila Valparaíso,Apartamento,2430
58,3,1,Rua Tietê,Rudge Ramos,Apartamento,2151
52,2,0,Rua Gustavo da Silveira,Vila Santa Catarina,Apartamento,2345
45,1,2,Rua Joaquim Norberto,Vila Paulicéia,Apartamento,2853
70,3,1,Rua Conrado Mazzeo,Jardim Luísa,Apartamento,2233
100,3,1,Rua Itavuru,Planalto Paulista,Apartamento,3588
40,1,0,Rua Clemente Álvares,Lapa,Studio e kitnet,2161
58,2,2,Rua da Imprensa,Vila São José (ipiranga),Apartamento,4593
200,3,4,Rua Bento Gonçalves,Jardim Analia Franco,Casa,4852
60,1,1,Rua Santo Amaro,Bela Vista,Apartamento,2749
15,1,0,Rua das Palmeiras,Campos Elíseos,Studio e kitnet,2387
80,3,1,Rua José Rafaeli,Socorro,Apartamento,2948
52,2,1,Rua Doutor Raul da Rocha Medeiros,Tatuapé,Apartamento,4672
68,3,2,Rua Coronel Francisco de Oliveira Simões,Paraíso do Morumbi,Apartamento,2905
50,2,0,"R. Evans, São Paulo - Sp, 03648-020, Brasil",Vila Matilde,Apartamento,2019
55,2,1,Rua Ernesto Capelari,Parque Santos Dumont,Apartamento,3210
200,3,1,Rua Armando Ramos Filho,Moinho Velho,Casa,2669
39,2,0,Rua João Marchiori,Cidade Patriarca,Apartamento,1708
86,3,2,Rua da Meação,Vila Regente Feijó,Apartamento,4664
200,2,3,Avenida Engenheiro Caetano Álvares,Limão,Casa,2427
220,3,2,Rua Tenente Chantré,Vila Diva (zona Leste),Casa,4200
92,3,2,Avenida Doutor Cardoso de Melo,Vila Olímpia,Apartamento,7141
28,1,0,Avenida Nossa Senhora do Lorêto,Vila Medeiros,Studio e kitnet,1038
65,2,1,Rua Cavour,Vila Prudente,Apartamento,4365
140,3,2,Rua Padre Francisco João de Azevedo,Lauzane Paulista,Apartamento,5654
95,1,2,Rua Girassol,Vila Madalena,Apartamento,8610
53,1,1,Rua José Feliciano,Vila Mascote,Apartamento,4745
34,1,0,Rua Alcides Alves,Casa Verde Alta,Casa,969
152,2,2,Rua Lima,Chácara Belenzinho,Casa,2346
60,1,0,Mafalda,Chácara Belenzinho,Casa,1430
125,2,0,Rua Doutor Zuquim,Santana,Apartamento,2247
50,2,1,Rua Bruno Cavalcanti Feder,Quinta da Paineira,Apartamento,2321
82,3,2,Rua Alencar Araripe,Jardim Santa Cruz (sacomã),Apartamento,3859
64,3,1,Via Transversal Sul,Novo Osasco,Apartamento,2299
90,3,0,Avenida Manuel Pímentel,Jardim Planalto,Casa,1768
25,1,0,Rua Doutor Ângelo Vita,Tatuapé,Studio e kitnet,2534
150,3,2,Rua Padre Chico,Santo Amaro,Casa em condomínio,3966
95,2,2,Travessa Limoeiro,Água Fria,Casa,2395
33,1,0,Rua Ministro Godói,Perdizes,Studio e kitnet,2808
100,3,1,Rua Lino Coutinho,Ipiranga,Casa,5376
41,1,1,Avenida Vereador José Diniz,Santo Amaro,Apartamento,4047
54,2,1,Rua Bonifácio Veronese,Jardim Jaqueline,Apartamento,2269
56,2,1,Rua Manuel Pitta,Vila Pita,Apartamento,2376
62,2,1,Avenida Delmar,Alphaville Empresarial,Apartamento,3478
75,2,1,Rua Anhanguera,Barra Funda,Apartamento,3976
40,1,1,Rua Doutor Penaforte Mendes,Bela Vista,Studio e kitnet,2150
60,1,0,Rua João Pimentel,Parque Peruche,Casa,1346
124,3,2,Rua Aziz Jabur Maluf,Vila Clementino,Casa,8160
31,1,0,Rua Francisca Miquelina,Bela Vista,Apartamento,1604
59,3,1,Rua Elza Guimarães,Vila Amalia (zona Norte),Apartamento,1958
50,2,1,Rua Bom Jesus,Vila Regente Feijó,Apartamento,3112
37,1,0,Rua Togo,Jardim Japão,Studio e kitnet,1273
110,2,1,Rua Artur Barreiros,Jardim Ester,Casa,3440
25,1,1,Rua Avanhandava,Bela Vista,Studio e kitnet,3791
54,2,1,Rua Vinte E Oito de Setembro,Vila Dom Pedro I,Apartamento,3374
42,1,0,Rua Francisco Coelho dos Santos Filho,Jardim Kuabara,Casa,1259
200,3,2,Rua Batinga,Vila Nova Mazzei,Casa,3901
50,1,0,Rua Tenente Paulo Alves,Vila Vera,Casa,1460
65,2,0,Rua Amália de Noronha,Pinheiros,Apartamento,3384
60,1,0,Rua Cristóvão Bezerra Dantas,Parque Vitoria,Casa,1222
164,3,2,Rua Armando Barreto,Jardim Colombo,Casa em condomínio,4913
92,3,2,Rua Joana D'arc,Vila Cláudia,Apartamento,3534
55,2,0,Rua Saturnino dos Santos,Vila Firmiano Pinto,Apartamento,2438
220,3,2,Rua Alice Blanche,Lauzane Paulista,Casa,4925
201,3,4,Rua Carlos Steinen,Paraíso,Apartamento,10730
62,3,1,Rua Alexandre Levi,Cambuci,Apartamento,3193
62,2,1,Rua Manguaba,Jardim Umuarama,Apartamento,2491
84,3,2,Rua Trajano Reis,Jardim das Vertentes,Apartamento,4333
52,2,1,Avenida Agenor Couto de Magalhães,Jardim Regina,Apartamento,2700
125,2,2,Avenida Conselheiro Rodrigues Alves,Vila Mariana,Apartamento,8837
41,1,0,Rua Paula Ney,Vila Mariana,Apartamento,4462
27,1,0,Rua Capitão Leovigildo Silvério Gomes dos Reis,Planalto Paulista,Apartamento,1568
95,2,1,Avenida Interlagos,Jardim Marajoara,Apartamento,4612
64,2,2,Rua Professor Ciridião Buarque,Vila Anglo Brasileira,Apartamento,5722
117,4,2,Avenida Aprigio Bezerra da Silva,Chácara Agrindus,Apartamento,5457
58,2,1,Rua Antônio Xavier de Matos,Engenheiro Goulart,Apartamento,1895
45,2,0,Rua Bernardino Vergueiro,Penha de França,Apartamento,1498
11,1,0,Avenida Brigadeiro Luís Antônio,Bela Vista,Apartamento,3000
110,3,2,Rua Tetsuaki Misawa,Vila Clementino,Casa,5813
54,1,1,Rua Bonnard,Alphaville Empresarial,Apartamento,5508
65,1,1,Rua Afonso Bandeira de Melo,Campo Belo,Apartamento,3964
84,2,2,Rua Manacá,Jardim das Flores,Casa,3287
55,2,1,Rua Karlina Reiman Wandabeg,Jardim Monte Kemel,Apartamento,2458
67,3,1,Rua dos Buritis,Jardim Oriental,Apartamento,2631
40,1,0,Rua Sabbado D’ângelo,Itaquera,Apartamento,4354
85,2,1,Rua Cravinhos,Jardim Paulista,Apartamento,9209
48,1,1,Rua Luís Coelho,Consolação,Studio e kitnet,3692
62,1,0,Av Ipiranga,Centro,Apartamento,2033
150,3,2,Avenida Itaberaba,Itaberaba,Casa,3648
103,3,2,Rua Correggio,Vila Suzana,Apartamento,6693
103,3,2,Rua Getúlio Soares da Rocha,Jardim das Acacias,Apartamento,8243
32,1,0,Rua Otto de Alencar,Liberdade,Apartamento,1811
56,3,1,Rua Dom Estevão Pimentel,Chácara Belenzinho,Apartamento,2937
80,3,2,Rua Minerva,Perdizes,Apartamento,5214
63,2,1,Rua Manuel Cherem,Vila Paulista,Apartamento,4502
37,2,0,Rua Ponte Pensa,Parada Inglesa,Apartamento,1949
45,2,1,Rua das Palmeiras,Vila Buarque,Apartamento,2721
48,2,1,Rua Angatuba,Vila Sao Pedro,Apartamento,2796
50,1,0,Rua Esmeralda Monteiro,Vila Campestre,Casa,999
40,1,1,Rua Alexandre Benois,Vila Andrade,Apartamento,2599
37,2,0,Rua Professor Arnaldo João Semeraro,Jardim Santa Emília,Apartamento,1800
21,1,0,Rua Humberto I,Vila Mariana,Studio e kitnet,4053
190,2,1,Rua Anália Franco,Vila Regente Feijó,Casa,2664
33,1,0,Rua Helena Zerrener,Liberdade,Apartamento,1836
55,1,0,Avenida Cásper Líbero,Santa Ifigênia,Apartamento,1753
30,2,0,Rua José Silvano Filho,Jardim Lucia,Studio e kitnet,893
60,1,1,Rua Laudelino Vieira de Campos,Jardim Felicidade (zona Oeste),Casa,2562
50,1,1,Rua Maestro Cardim,Bela Vista,Apartamento,3543
130,3,1,Rua Coronel Joviniano Brandão,Vila Prudente,Apartamento,3828
40,1,1,Rua da Meação,Vila Regente Feijó,Apartamento,2484
31,1,0,Alameda dos Jurupis,Moema,Studio e kitnet,4403
128,2,0,Rua Haddock Lobo,Cerqueira César,Apartamento,9622
52,1,2,Alameda Ministro Rocha Azevedo,Cerqueira César,Apartamento,10150
35,1,0,Rua Ibirajá,Vila Guarani (z Sul),Apartamento,2649
37,2,0,Rua Asdrúbal do Nascimento,Bela Vista,Apartamento,4523
44,2,1,Rua Sansão Alves dos Santos,Cidade Monções,Apartamento,4385
14,1,0,Rua Major Rubéns Florentino Vaz,Vila Pirajussara,Studio e kitnet,1818
147,3,2,Rua das Paineiras,Jardim dos Lagos,Casa,3542
100,1,1,Avenida Miguel Estefno,Vila da Saúde,Casa em condomínio,1652
64,2,1,Rua Doutor Mário de Moura E Albuquerque,Jardim Monte Kemel,Apartamento,3422
70,2,2,Rua Cachoeira da Ilha,Vila Carmosina,Apartamento,2049
60,2,1,Rua Paulo Castaldelli,Parque Continental I,Apartamento,1479
95,3,2,Rua dos Jequitibás,Campestre,Apartamento,3448
80,2,0,Rua Constantino Sérgio,Jardim Palmares (zona Sul),Casa,1438
30,1,1,Rua dos Pinheiros,Pinheiros,Apartamento,4760
243,4,2,Rua Imperial,Santo Antônio,Casa,4064
117,5,0,Rua Marselhesa,Vila Mariana,Casa,6164
174,3,2,Alameda Franca,Jardim Paulista,Apartamento,9851
54,2,0,Rua Bacada,Vila Medeiros,Casa,1333
200,3,2,Rua Baltazar Soares,Cidade Dutra,Casa,6871
30,1,1,Rua Guaraiuva,Cidade Monções,Casa,2538
60,3,1,Rua Simão Lopes,Vila Moraes,Apartamento,2347
45,1,0,Avenida Amador Bueno da Veiga,Penha de França,Casa,1086
75,2,1,Rua Xavier Gouvêia,Campo Belo,Apartamento,5205
14,1,0,Rua das Nhandirobas,Jabaquara,Studio e kitnet,1520
52,2,1,Avenida Dória,Campo Belo,Apartamento,4101
35,1,0,Rua Barão de Itapetininga,República,Studio e kitnet,1727
75,2,1,Rua Recanto Feliz,Campanário,Casa,1763
120,2,2,Rua Freire de Andrade,Jardim Vila Galvão,Casa,2136
42,2,0,Rua Tanque Velho,Vila Nivi,Casa em condomínio,1625
43,2,1,Rua Intendência,Belenzinho,Apartamento,2392
80,2,2,Rua Doutor Raphael de Oliveira Pirajá,Jardim Santos Dumont,Casa,2389
59,2,1,Rua Caetanópolis,Jaguaré,Apartamento,2752
65,2,1,Avenida Nossa Senhora do Sabará,Vila Emir,Apartamento,2464
33,1,0,Rua Domingos de Morais,Vila Mariana,Apartamento,3105
200,4,2,Rua Camélias,Parque Assunção,Casa,3918
52,1,0,Avenida Santo Amaro,Moema,Apartamento,5140
26,1,0,Rua Rêgo Freitas,República,Studio e kitnet,1644
100,3,1,Alameda Santos,Jardim Paulista,Apartamento,5794
270,4,6,Rua Inocêncio da Silva,Vila Sonia,Casa,8225
43,2,1,Avenida Celso Garcia,Belenzinho,Apartamento,2936
62,2,1,Rua Marte,Jardim Tupanci,Apartamento,3245
75,3,2,Avenida Aratãs,Indianópolis,Apartamento,6614
50,2,1,Rua Professor Alves Pedroso,Cangaíba,Apartamento,1810
81,2,1,Avenida Professor Alfonso Bovero,Pompeia,Apartamento,3873
40,2,0,Avenida dos Ourives,Jardim São Saverio ,Apartamento,1741
59,2,0,Rua Piracuama,Pompeia,Apartamento,3851
42,1,1,Rua Baltazar da Veiga,Vila Nova Conceição,Apartamento,5390
111,3,1,Alameda Franca,Jardim Paulista,Apartamento,12580
71,2,2,Rua Alayde de Souza Costa,Itaquera,Casa,2606
80,2,0,Rua Ana Benvinda de Andrade,Santana,Casa,2173
69,3,1,Rua Domingos José Sapienza,Vila Amália (zona Norte),Apartamento,2085
38,1,0,Alameda Jaú,Jardim Paulista,Studio e kitnet,8325
30,1,1,Rua Anhaia,Bom Retiro,Studio e kitnet,2830
30,1,0,Rua Ministro Godói,Perdizes,Apartamento,3372
60,2,0,Rua Fernando Torquato,Sapopemba,Casa em condomínio,1609
179,3,1,Alameda Lorena,Jardim Paulista,Apartamento,16590
54,2,1,Rua Alencar Araripe,Sacomã,Apartamento,1914
200,3,2,Rua Capitão Raimundo Barros Nascimento,Km 18,Casa,3983
280,5,2,Rua Rio Verde,Jardim Peri,Casa,4628
48,1,1,Praça Júlio Mesquita,Santa Efigênia,Apartamento,3840
78,2,1,Avenida General Olímpio da Silveira,Santa Cecília,Apartamento,3515
132,3,0,Rua Rafael Jurado Navas,Parque Santos Dumont,Casa,2655
390,5,4,Rua Francisco Cioffi,Vila Bertioga,Casa,11170
135,3,2,Rua Antônio Vieira de Medeiros,Pinheiros,Casa,5733
80,2,0,Rua Dionísio da Costa,Vila Mariana,Apartamento,2363
115,3,2,Rua das Aningas,Jardim Oriental,Apartamento,5777
92,2,1,Rua Monte Alegre,Perdizes,Apartamento,5750
61,2,1,Rua dos Caciques,Vila da Saúde,Apartamento,3342
70,3,2,Avenida Tarumã,Vila Pierina,Casa em condomínio,2287
52,2,0,Rua Terra Roxa,Cidade Mãe do Céu,Casa em condomínio,2460
45,2,1,Avenida Marcondes de Brito,Chácara Seis de Outubro,Apartamento,2738
90,2,1,Rua Capote Valente,Pinheiros,Apartamento,5234
42,1,2,Rua Voluntários da Pátria,Santana,Studio e kitnet,2996
85,2,2,Rua Elias Antonio Zogbi,Santo Amaro,Apartamento,6777
70,2,0,Rua País Natal,Jardim Filhos da Terra,Casa,6255
207,2,2,Rua Manoel Antônio Pinto,Paraisópolis,Apartamento,4984
200,2,1,Rua Bartolomeu Rodrigues,Parque São Luís,Casa,2189
50,2,0,Rua José Luna,Jardim Vazani,Apartamento,2042
70,1,0,Rua Gaspar Ricardo Júnior,Barra Funda,Casa,2026
49,2,1,Rua Professor José Soares de Mello,Jardim Centenario,Apartamento,1832
35,1,0,Rua Emília Bandeira de Melo,Imirim,Casa,992
45,2,1,Rua Jorge Americano,Alto da Lapa,Apartamento,3346
35,1,0,Rua Professor João Simões,Vila Santo Estefano,Studio e kitnet,1135
90,2,2,Rua Comendador Elias Assi,Caxingui,Casa,5812
97,3,2,Rua Doutor Bacelar,Vila Clementino,Apartamento,7267
57,2,1,Rua Antônieta Leitão,Freguesia do Ó,Apartamento,2519
85,3,1,Rua Serra de Juréa,Cidade Mãe do Céu,Apartamento,5000
60,2,1,Rua Professor Aprígio Gonzaga,São Judas,Apartamento,2914
29,1,0,Rua Barão de Loreto,Vila São José,Apartamento,1619
182,2,4,Rua Francisca Júlia,Santana,Apartamento,12020
30,2,0,Rua Luiz Antônio Gonçalves,Vila Campanela,Studio e kitnet,1352
250,2,1,Rua Artur Dias,Cursino,Casa,3603
72,3,1,Rua Ângelo Bertini,Jardim Celeste,Apartamento,2961
32,0,0,Rua Natividade Saldanha,São Lucas,Studio e kitnet,1532
50,1,0,Rua Maia Lelo,Vila Paulo Silas,Casa,1788
186,3,3,Rua Ituxi,Saúde,Apartamento,7981
94,2,2,Avenida Marcos Penteado de Ulhôa Rodrigues,Tamboré,Apartamento,8509
40,1,0,Avenida Prestes Maia,República,Apartamento,2080
46,2,1,Rua Cândida Franco de Barros,Freguesia do Ó,Apartamento,2532
42,1,0,Rua Jaguaribe,Consolação,Apartamento,2134
160,3,2,Rua Cezar Zama,Santana,Apartamento,7871
50,2,0,Rua Durvalino Blanco,Vila Aurora (zona Norte),Casa,1673
350,4,3,Rua José dos Santos Júnior,Campo Belo,Casa,15940
35,1,0,Rua Oásis,Jardim Oriental,Casa,1339
300,5,3,Rua Almaquio Dinis,Vila Babilônia,Casa,6046
55,2,0,"R. Evans, São Paulo - Sp, 03648-020, Brasil",Vila Matilde,Apartamento,2124
44,2,0,Rua Catarina Vieira,Vila Dalila,Apartamento,2559
160,2,2,Rua Casa do Ator,Vila Olímpia,Apartamento,10400
38,1,0,Avenida Ipiranga,Santa Ifigênia,Apartamento,1898
82,1,1,Avenida Presidente Juscelino Kubitschek,Vila Nova Conceição,Apartamento,13920
30,1,0,Rua Ouvidor Portugal,Vila Monumento,Casa,1241
35,1,0,Rua Capitão Pacheco E Chaves,Vila Prudente,Studio e kitnet,1512
33,1,1,Rua Domingos Paiva,Brás,Apartamento,2223
57,1,0,Rua Rafael de Proença,Vila Nova das Belezas,Casa,969
320,4,4,Rua Anete Queiroz Lacerda,Butantã,Casa,5304
45,2,0,Rua Bicudo de Brito,Vila Guarani,Apartamento,1794
155,3,1,Avenida Angélica,Consolação,Apartamento,9967
31,1,0,Av. Gen. Valdomiro de Lima,Jabaquara,Apartamento,1744
163,3,3,Rua Fábio Lopes dos Santos Luz,Vila Andrade,Apartamento,14470
50,1,1,Rua Elza Delphino Ribeiro,Vila Mafra,Casa,1535
31,1,1,Rua Alves Guimarães,Pinheiros,Studio e kitnet,3983
28,1,0,Avenida Sapopemba,Jardim Planalto,Apartamento,1411
40,2,0,Avenida João Caiaffa,Jardim Taboão,Apartamento,1858
50,2,1,Rua Correia de Lemos,Chácara Inglesa,Apartamento,2885
196,3,2,Rua Jorge Tibiriçá,Vila Mariana,Casa,5275
63,3,1,Avenida João Pessoa,Jardim Utinga,Apartamento,2095
47,1,0,Rua Quirino de Andrade,Centro,Apartamento,2792
85,3,1,Rua São Maurício,Vila Galvão,Casa,2402
50,2,0,Rua Doutor Sanareli,Vila Prudente,Casa,1747
45,1,0,Rua Francisco Coelho dos Santos Filho,Jardim Kuabara,Casa,1285
60,2,1,Rua Paranapanema,Vila da Saúde,Apartamento,3355
60,2,1,Rua Mariquinha Viana,Água Fria,Casa em condomínio,1981
75,3,2,Rua Pedro Inacio de Araujo,Vila São Silvestre,Apartamento,3653
170,3,4,Rua Torrinha,Tatuapé,Apartamento,13520
60,2,1,Avenida Alfredo Maluf,Vila Alto de Santo André,Apartamento,1963
40,1,0,Rua Taciba,Vila Babilonia,Apartamento,1175
78,1,2,Alameda Casa Branca,Jardim Paulista,Apartamento,5530
70,2,1,Avenida Iraí,Indianópolis,Apartamento,3949
35,1,0,Rua Sete de Abril,República,Studio e kitnet,1890
72,2,2,Rua Delegado Moraes Novaes,Vila Andrade,Apartamento,3919
120,3,2,Rua Manuel da Nóbrega,Paraíso,Apartamento,7985
37,1,1,Avenida Paulista,Bela Vista,Apartamento,3604
20,1,0,Avenida Corifeu de Azevedo Marques,Butantã,Studio e kitnet,1266
76,3,2,Rua Barão do Bananal,Vila Pompéia,Apartamento,4904
31,1,1,Rua Leais Paulistanos,Ipiranga,Apartamento,2304
62,3,2,Rua Alexandre Benois,Vila Andrade,Apartamento,3602
20,1,1,Rua Coronel Mursa,Brás,Apartamento,2886
45,1,0,Avenida do Café,Vila Guarani,Apartamento,2619
40,1,1,Rua São Vicente de Paulo,Santa Cecília,Studio e kitnet,2527
36,1,0,Rua Doutor Nicolau de Sousa Queirós,Vila Mariana,Studio e kitnet,3081
70,2,1,Avenida Diógenes Ribeiro de Lima,Alto da Lapa,Apartamento,2955
385,4,6,Alameda das Tulípas,Alphaville,Apartamento,16550
47,2,1,Rua Santa Isabel do Rio Negro,Jardim Íris,Apartamento,2899
29,1,0,Avenida Ipiranga,República,Studio e kitnet,2142
180,3,0,Rua Salvador Nunes,Ayrosa,Casa,2032
45,1,1,Rua Araquã,Bela Vista,Apartamento,3193
140,3,2,Rua Doutor Roberto Mercatelli,Barra Funda,Casa,4057
83,3,2,Avenida Albert Bartholome,Jardim das Vertentes,Apartamento,4590
37,1,1,Avenida Salgado Filho,Centro,Studio e kitnet,2661
72,2,2,Rua Tupinambás,Vila Alzira,Apartamento,3474
80,2,1,Rua Coronel Antônio de Sá Barreto,Vila Elze,Casa,1723
75,3,2,Rua Cavour 399 Apto 124 B/a,Vila Prudente,Apartamento,3648
70,2,1,Rua Cayowaá,Perdizes,Apartamento,4702
34,1,1,Rua Bom Pastor,Ipiranga,Apartamento,3121
20,1,1,Viaduto Nove de Julho,Centro,Studio e kitnet,2789
45,2,1,Rua Dragões da Independência,Tucuruvi,Apartamento,2298
500,5,4,Rua Cristóvão Pereira,Campo Belo,Casa,16590
80,3,2,Estrada das Lágrimas,São José,Apartamento,4344
125,2,1,Alameda Franca,Jardim Paulista,Apartamento,5441
42,1,0,Rua Catarina Vieira,Vila Dalila,Apartamento,2247
41,1,1,Avenida Bussocaba,Umuarama,Apartamento,2627
455,4,4,Avenida Giovanni Gronchi,Vila Andrade,Apartamento,9789
40,1,0,Rua Cipriano Barata,Ipiranga,Apartamento,1224
40,1,0,Rua Celeste Fernandes Dalphorno,Jardim Rosana,Casa,949
75,3,1,Rua Professor Arnaldo João Semeraro,Jardim Santa Emilia,Apartamento,2501
37,2,1,Rua Dona Ana Néri,Cambuci,Apartamento,1740
30,1,0,Rua Sargento Estanislau Custódio,Instituto de Previdência,Apartamento,1342
144,3,0,Rua Francisco de Carvalho Melo,Jardim Agu,Casa,4365
25,1,0,Rua Frei Caneca,Consolação,Studio e kitnet,3393
125,2,0,Rua Pinheiro Preto,Jardim Santa Cecília,Casa,1833
76,2,1,Rua José Antônio Coelho,Vila Mariana,Apartamento,3781
20,1,0,Rua Marajó,Brás,Studio e kitnet,1143
88,2,1,Rua George Ohm,Cidade Monções,Apartamento,9249
34,2,0,Rua Doutor Morais Dantas,Vila Barbosa,Apartamento,1724
30,1,0,Rua Lima E Silva,Ipiranga,Casa,887
320,3,5,Rua Antônio Júlio dos Santos,Fazenda Morumbi,Apartamento,8031
106,3,2,Alameda Joaquim Eugênio de Lima,Jardim Paulista,Apartamento,12490
350,3,4,Rua Padre Mário Fontana,Parque da Mooca,Casa,15710
38,1,0,Rua Barra Mansa,Jardim Franca,Apartamento,1552
74,3,2,Avenida Sargento Geraldo Sant'ana,Jardim Taquaral,Apartamento,3414
42,2,0,Rua Maria do Carmo,Vila Alpina,Apartamento,2211
36,2,1,Avenida Sargento Geraldo Sant’ana,Jardim Taquaral,Apartamento,4199
31,1,0,Rua Vieira de Morais,Campo Belo,Studio e kitnet,5284
59,1,1,Rua Luís Correia de Melo,Vila Cruzeiro,Studio e kitnet,5228
33,1,0,Rua Santo Amaro,Bela Vista,Studio e kitnet,1594
26,1,1,Rua Diogo Moreira,Pinheiros,Studio e kitnet,6584
67,2,1,Rua do Arraial,Vila Gumercindo,Apartamento,3293
150,3,1,Rua Nanau,Água Fria,Casa,3526
34,1,1,Avenida Túlio Teodoro de Campos,Vila Paulista,Apartamento,2774
25,1,0,Rua Genebra,Bela Vista,Studio e kitnet,3271
45,2,1,Rua Ana Soares Barcelos,Vila Venditti,Apartamento,2264
37,1,1,Rua Gabriele D'annunzio,Campo Belo,Studio e kitnet,4276
40,2,0,Rua Anacleto,Vila Isolina Mazzei,Apartamento,1722
143,3,2,Rua da Paz,Chácara Santo Antônio,Apartamento,10130
70,2,0,Viela Altair,Jardim Palmira,Casa,1072
30,1,0,Avenida Ipiranga,República,Studio e kitnet,1978
48,2,1,Rua Urbano da Silva,Vila Santa Edwiges,Apartamento,2029
40,2,1,Av. Salgado Filho,Jardim Iporanga,Apartamento,1326
130,2,2,Rua Cotonificio Adelina,Belenzinho,Casa,3220
20,1,0,Rua Santa Madalena,Liberdade,Studio e kitnet,883
26,1,0,Rua Ministro Godói,Perdizes,Studio e kitnet,3499
100,2,2,Rua Bernardina Gonçalves Hahne,Instituto de Previdencia,Casa,4691
85,1,1,Rua Rio Grande,Vila Mariana,Apartamento,3865
63,2,0,Rua Bresser,Brás,Apartamento,2091
24,1,0,Rua Belila,Parque Guarani,Studio e kitnet,819
43,1,0,Rua Brás Lourenço,Vila Mariana,Studio e kitnet,1263
30,1,1,Alameda Lorena,Jardim Paulista,Studio e kitnet,4463
74,2,1,Avenida Doutor Cardoso de Melo,Vila Olímpia,Apartamento,7208
260,3,4,Rua Reims,Jardim das Laranjeiras,Casa,5495
158,4,3,Rua Domingos Leme,Vila Nova Conceição,Apartamento,16230
42,2,1,Rua Atuaí,Penha de França,Apartamento,2197
40,1,0,Rua Primícias,Chácara Califórnia,Apartamento,1760
60,3,0,Avenida Padre Lourenço,Vila Dalila,Casa,1544
43,2,1,Rua Vacaria,Vila Planalto,Apartamento,1419
52,2,1,Rua Viêira Pinto,Vila Aricanduva,Apartamento,2488
77,3,2,Rua Andaraí,Vila Floresta,Apartamento,3689
17,1,0,Rua José Alves Dantas,Vila Gomes,Studio e kitnet,1298
180,4,2,Rua Iracema Senna Cerqueira dos Santos,Cidade Intercap,Casa,3716
19,1,0,Rua Ouvidor Portugal,Vila Monumento,Apartamento,1125
114,2,1,Rua Haddock Lobo,Cerqueira César,Apartamento,7000
75,2,1,Rua Corcovado,Parque Residencial da Lapa,Apartamento,2797
50,1,1,Rua Gabriele D’annunzio,Brooklin,Apartamento,5416
80,2,1,Avenida do Cursino,Vila das Merces,Apartamento,3126
28,1,0,Rua Aurora,República,Studio e kitnet,3093
25,1,0,Rua Martinho Gonçalves,Parque Casa de Pedra,Casa,576
31,1,0,Rua Ibituruna,Parque Imperial,Casa,1680
75,1,0,Avenida Casa Verde,Casa Verde,Apartamento,3463
39,1,0,Rua Francisca Miquelina,Bela Vista,Studio e kitnet,3164
55,2,1,Rua Cardeal Arcoverde,Pinheiros,Apartamento,4862
89,2,2,Rua Maracanã,Vila Ipojuca,Apartamento,8999
140,3,3,Travessa Carlos Antônio Sussmann,Vila Yara,Casa,4781
35,1,0,Rua Rubens Sverner,Chácara Santo Antônio (zona Sul),Studio e kitnet,2510
42,2,0,Rua Crato,Jardim Nordeste,Apartamento,1346
180,2,2,Rua Augusto Farina,Butantã,Casa,4520
25,1,0,Rua Alfredo Pujol,Santana,Studio e kitnet,2598
63,2,1,Alameda dos Arapanés,Moema,Apartamento,8048
40,1,0,Rua Sedan,Utinga,Casa em condomínio,864
47,2,1,Avenida Curió,Campanário,Apartamento,2447
98,2,1,Rua Tupi,Santa Cecília,Apartamento,5716
60,2,1,Rua Major Freire,Vila Monte Alegre,Apartamento,3460
100,2,2,Augusta,Bela Vista,Apartamento,16390
75,3,1,Rua Jaguarete,Casa Verde,Apartamento,3220
41,1,1,Rua Haddock Lobo,Cerqueira César,Apartamento,17930
68,2,1,Rua Pais Leme,Pinheiros,Apartamento,12160
22,1,0,Rua João José Pachêco,Jardim Vila Mariana,Studio e kitnet,2909
69,1,2,Rua João Baldinato,Vila Suzana,Studio e kitnet,3551
42,2,1,Rua Paschoalina Belloti,Jardim City,Apartamento,1751
115,3,2,Rua Marino Navarro,Jardim Patente Novo,Casa,3503
40,2,0,Avenida dos Ourives,Jardim Sao Saverio,Apartamento,1918
100,4,2,Rua Marina Crespi,Mooca,Apartamento,5958
40,2,0,Rua Virgínia,Vila Carrao,Apartamento,1808
230,5,3,Rua Abílio Soares,Paraíso,Apartamento,17390
40,2,0,Rua Alexandrino da Silveira Bueno,Cambuci,Apartamento,2007
168,4,3,Rua Abílio Soares,Paraíso,Apartamento,16510
230,4,2,Rua Professor Oliveira Fausto,Alto da Mooca,Casa,5942
30,1,0,Rua Mil Oitocentos E Vinte E Dois,Ipiranga,Casa,1353
116,2,1,Rua Santo Amaro,Bela Vista,Apartamento,6932
33,1,0,Rua Avelino Lopes,Centro,Apartamento,1875
50,2,1,Rua Pires de Almeida,Vila Pita,Apartamento,2149
50,1,1,Rua Antônio de Macedo Soares,Campo Belo,Apartamento,4029
22,1,0,Rua Manifesto,Ipiranga,Studio e kitnet,1205
150,3,2,Rua Colônia da Glória,Vila Mariana,Apartamento,8015
50,1,0,Rua Debret,Vila São José,Studio e kitnet,2289
56,1,0,Rua Conselheiro Ramalho,Bela Vista,Apartamento,2631
205,4,5,Rua Charles Chaplin,Vila Suzana,Apartamento,13950
47,2,1,Rua Arnaldo Cintra,Vila Moreira,Apartamento,5643
35,1,0,Rua Assuero Roque,Vila Roque,Apartamento,1344
34,1,1,Rua Paim,Bela Vista,Studio e kitnet,3247
45,1,0,Rua Conselheiro Nébias,Campos Elíseos,Apartamento,5154
45,2,0,Rua Leôncio da Costa Vieira,Jardim Piqueroby,Apartamento,3350
90,2,1,Rua Antônio Cardoso,Jardim Terezópolis,Casa,1500
200,3,1,Rua Doutor Cândido Espinheira,Perdizes,Casa,6413
200,4,3,Rua Doutor Amando Franco Soares Caiuby,Parque Bairro Morumbi,Apartamento,7002
156,4,1,Rua Abílio Barbosa Lima,Jardim Ester Yolanda,Casa,4165
57,1,1,Rua Lucinda Rabêlo,Vila Milton,Apartamento,1597
55,2,1,Rua Coronel Diogo,Jardim Glória,Apartamento,3828
43,2,0,Avenida Fortaleza da Conceição,Vila Costa Melo,Apartamento,1933
30,1,0,Rua Doutor Carlos Guimarães,Catumbi,Casa,938
71,3,1,Avenida Doutor Guilherme Dumont Vilares,Jardim Londrina,Apartamento,2895
30,1,0,Rua Almirante Marques de Leão,Bela Vista,Apartamento,2436
64,3,1,Rua Brentano,Vila Leopoldina,Apartamento,3840
35,1,1,Rua Doutor Zuquim,Santana,Apartamento,2450
75,2,1,Rua Doutor Djalma Pinheiro Franco,Vila Santa Catarina,Apartamento,2534
49,2,0,"R. Evans, São Paulo - Sp, 03648-020, Brasil",Vila Matilde,Apartamento,2746
40,1,1,Rua Álvaro Guimarães,Bela Vista,Studio e kitnet,5172
31,2,1,Rua Doutor Vicente Giacaglini,Vila Bela,Apartamento,2252
35,1,0,Rua Aurora,República,Studio e kitnet,3549
213,5,2,Rua Engenheiro Jorge Oliva,Vila Mascote,Casa,7205
62,2,2,Rua Gabriel dos Santos,Santa Cecília,Apartamento,4495
140,3,2,Rua Emílio do Lago,Jardim Vila Formosa,Casa,2906
99,2,1,Rua Japurá,República,Apartamento,2948
40,1,0,Rua Luiz Antônio Gonçalves,Vila Campanela,Studio e kitnet,1457
52,2,0,Rua Toledo Barbosa,Belenzinho,Apartamento,2430
220,4,3,Rua Antônio Canero,Mooca,Casa,3987
40,2,0,Praça Alberto Lion,Cambuci,Apartamento,2834
83,2,2,Avenida Giovanni Gronchi,Vila Andrade,Apartamento,4435
100,3,2,Rua Arco-verde,Vila Guilhermina,Casa,2602
47,2,1,Rua Xiró,Jardim das Laranjeiras,Apartamento,2441
172,3,3,Rua Azevedo Soares,Vila Gomes Cardim,Apartamento,14970
62,1,0,Rua Vereador Pedro Brasil Bandecchi,Vila Amélia,Apartamento,1797
33,1,1,Rua Pires de Campos,Alto da Mooca,Apartamento,2787
54,2,1,Avenida Rio de Janeiro,Vila Bremen,Apartamento,1649
130,2,1,Rua Aléssio de Paolis,Vila do Castelo,Casa em condomínio,2879
45,1,1,Rua Bela Cintra,Consolação,Apartamento,3017
150,2,2,Rua Doutor Alcídes da Costa Vidigal,Centro,Casa,4499
385,3,3,Rua Manuel Jacinto,Vila Morse,Casa,9207
120,2,2,Rua Dom Lúcio de Sousa,Vila Gumercindo,Casa,3527
37,2,0,Rua Serra de Jairé,Quarta Parada,Apartamento,2678
22,0,0,Rua João José Pacheco,Jardim Vila Mariana,Studio e kitnet,2808
16,1,0,Avenida Mazzei,Vila Nova Mazzei,Casa,970
32,1,0,Rua Herculano de Freitas,Bela Vista,Apartamento,3721
25,1,0,Rua Glória do Goitá,Vila Independencia,Apartamento,1620
59,1,0,Rua Mauá,Centro,Apartamento,1716
30,1,0,Rua Esmeraldino Cavalcanti Torres,Vila Isolina Mazzei,Casa em condomínio,1595
37,1,0,Avenida Prestes Maia,República,Apartamento,2559
130,2,1,Rua Itararé,Vila Alzira,Apartamento,2523
121,3,0,Rua Tabapuã,Itaim Bibi,Apartamento,4774
61,2,1,Rua Padre Lebret,Jardim Leonor,Apartamento,6183
78,3,2,Rua Professor Tranquilli,Vila Mariana,Apartamento,9624
80,3,0,Rua Dona Vitória Speers,Vila Formosa,Casa,2285
501,5,5,Rua Professor Egas Moniz,Jardim Londrina,Casa,15410
64,2,1,Rua Doutor Jesuíno Maciel,Campo Belo,Apartamento,3592
98,2,2,Avenida Parkinson,Alphaville Empresarial,Apartamento,9240
110,4,4,Rua Dom Carlos Gouveia,Vila Continental,Casa,4691
70,2,1,Rua Umburetama,Ipiranga,Casa,1983
90,3,0,Alameda Barão de Limeira,Santa Efigênia,Apartamento,2477
80,3,2,Rua Poetisa Colombina,Jardim Bonfiglioli,Apartamento,4665
40,1,0,Rua Chile,Vila Santa Luzia,Studio e kitnet,1350
38,1,1,Avenida Leôncio de Magalhães,Jardim São Paulo,Studio e kitnet,2310
51,1,0,Viaduto Nove de Julho,Centro,Apartamento,1845
108,3,2,Rua Marc Chagall,Água Branca,Apartamento,9310
150,3,2,Rua Alsácia,Jardim Aeroporto,Casa,3961
50,2,1,Avenida Estados Unidos,Parque das Nações,Apartamento,2552
70,1,0,Rua Aurora,Santa Efigênia,Apartamento,2273
80,3,2,Avenida Celso Garcia,Tatuapé,Apartamento,3785
65,2,1,Avenida Júlio Prestes,Vila Galvão,Apartamento,2110
41,1,0,Rua dos Carmelitas,Sé,Apartamento,1358
55,2,1,Rua Antônio Júlio dos Santos,Morumbi,Apartamento,2019
63,3,1,Rua Adolfo Reile,Jardim Celeste,Apartamento,3396
45,1,0,Rua Dom José Maurício,Carandiru,Apartamento,1452
100,3,1,Rua Antônio Dias da Silva,Vila Amalia (zona Norte),Casa,3697
48,2,1,Rua Francisco Foot,Jd Tranquilidade ,Apartamento,1302
156,3,3,"Alameda Jaú - Jardim Paulista, São Paulo - Sp, Brasil",Jardim Paulista,Apartamento,16390
28,1,0,Rua Manuel Cueva,Jardim Satelite,Casa,990
59,2,2,Rua Epaminondas Melo do Amaral,Sítio do Mandaqui,Apartamento,2393
167,4,1,Rua Doutor Diogo de Faria,Vila Clementino,Apartamento,5087
50,2,0,Rua Evaldo Calabrez,Vila Princesa Isabel,Casa,874
200,3,3,Rua Guaçui,Alto da Mooca,Casa,7336
193,3,1,Rua Branco de Araújo,Chácara Santo Antônio (zona Sul),Casa,3558
30,1,0,Rua José Soares de Azevedo,Vila Santa Luzia,Studio e kitnet,853
75,2,3,Rua Isidoro Favaro,Rio Pequeno,Casa,2301
175,3,3,Rua Antônio Henriques Cardoso,Vila Bruna,Casa,4069
51,2,1,Rua Alexandre Leví,Cambuci,Apartamento,2784
58,1,0,Rua Manoel Dutra,Bela Vista,Apartamento,2689
98,2,1,Rua Doutor Artur Rudge Ramos,Vila Caminho do Mar,Casa,1841
60,2,0,Rua Tanque Velho,Vila Nivi,Casa,1472
22,1,0,Rua Padre Luiz da Grã,Saúde,Casa,993
92,3,1,Rua Mussa Kuraien,Parque Mandaqui,Apartamento,2293
97,1,2,Avenida dos Parques,Tamboré,Apartamento,7100
53,2,1,Rua Willis Roberto Banks,Parque Maria Domitila,Apartamento,2153
69,2,1,Avenida Thomas Edison,Barra Funda,Apartamento,4705
30,1,2,Rua Brigadeiro Tobias,Centro,Studio e kitnet,1982
69,2,1,Rua Haroldo Pacheco E Silva,Vila Ipojuca,Apartamento,3176
56,2,1,Rua Izabel Velho,Freguesia do Ó,Apartamento,2636
60,2,0,Rua Américo Garibaldi,Vila Arruda,Casa,1423
50,2,1,Rua Santa Carolina,Vila São Pedro,Apartamento,2403
68,2,3,"Est. Velha da Penha, 88 - Tatuapé, São Paulo - Sp, 03090-020, Brasil - Cond. Residencial Aldeia dos Pássaros",Tatuapé,Apartamento,3311
50,1,0,Alameda Joaquim Eugênio de Lima,Jardim Paulista,Apartamento,3882
140,2,1,Travessa Angelina Fernandes,Penha de França,Casa,2668
30,1,0,Rua da União,Vila Mariana,Apartamento,2078
50,2,1,Rua Jaguarete,Casa Verde,Apartamento,3977
49,2,1,Rua Belchior de Azevedo,Vila Leopoldina,Apartamento,3489
160,3,2,Rua Álvaro Rodrigues,Vila Cordeiro,Apartamento,9649
100,3,2,Avenida Moema,Planalto Paulista,Apartamento,8847
50,1,1,Avenida Jurema,Moema,Apartamento,4679
60,2,1,Avenida José Lopes Lázaro,Presidente Altino,Casa,3935
110,3,2,Rua Tiangua,Vila Mascote,Apartamento,7318
30,1,1,Rua da Consolação,Cerqueira César,Studio e kitnet,3455
93,2,1,Rua Martiniano de Carvalho,Bela Vista,Apartamento,4648
46,2,1,Avenida Raimundo Pereira de Magalhães,Jardim Íris,Apartamento,2055
72,2,0,Rua Pires da Mota,Aclimação,Casa,2502
105,3,1,Rua Lisboa,Pinheiros,Apartamento,13580
29,1,0,Praça Ministro Costa Manso,Liberdade,Studio e kitnet,1445
120,2,2,Rua Artur Bernardes,Vila Invernada,Casa,2578
34,1,0,Rua da Consolação,Consolação,Studio e kitnet,2911
27,1,0,Rua da Consolação,República,Apartamento,2901
38,1,1,Rua Pascal,Campo Belo,Studio e kitnet,3891
55,2,1,Rua Hemisfério,Chácara Belenzinho,Casa em condomínio,2064
55,2,2,Avenida Giovanni Gronchi,Vila Andrade,Apartamento,3666
65,2,1,Rua Doutor Sérgio Meira,Barra Funda,Apartamento,3774
33,1,1,"Rua Topázio, 701 - Vila Mariana, São Paulo - Sp, Brasil",Vila Mariana,Studio e kitnet,3868
69,2,1,Rua Sebastião Andrade Bonani,Jardim Prudência,Casa,2244
62,2,3,Rua Amazonas,Centro,Apartamento,3958
60,2,0,Rua Tristão de Oliveira,Vila Gumercindo,Casa,1726
100,2,0,Rua Jaroslav Hajek,Jardim Moreira,Apartamento,1662
60,2,1,Rua Itapeva,Bela Vista,Apartamento,3909
30,1,0,Largo do Arouche,República ,Studio e kitnet,4217
22,1,0,Rua Desembargador Aragão,Vila Mariana,Apartamento,3293
176,3,3,Rua Pensilvânia,Cidade Monções,Apartamento,17780
209,4,2,Rua Jovina Maria de Jesus,Jardim das Acácias,Casa,7722
250,3,1,Rua Diogo de Oliveira Neves,Terceira Divisão de Interlagos,Casa,2058
100,3,2,Rua Maria Cândida,Vila Guilherme,Casa,3009
28,1,1,Rua Adolfo Gordo,Campos Elíseos,Apartamento,2311
33,1,0,Avenida Ipiranga,República,Studio e kitnet,2519
80,2,0,Praça Dirceu de Lima,Casa Verde,Casa,3129
30,1,1,Rua Maria Zélia,Piqueri,Casa,1624
50,1,1,Rua Nicolau Barreto,Vila Cordeiro,Apartamento,6258
115,3,2,Alameda Itu,Jardim Paulista,Apartamento,18860
83,3,2,Avenida Ômega,Empresarial 18 do Forte,Apartamento,6592
40,1,0,Rua Florânia,Vila Nair,Casa,1427
49,1,1,Rua Santo Antônio,Bela Vista,Studio e kitnet,4137
44,2,1,Rua Guaratuba,Vila Guarani (z Sul),Apartamento,2400
50,2,0,Rua Friedrich Von Voith,Jardim Sao Joao (jaragua),Apartamento,2506
87,3,1,Avenida Deputado Emílio Carlos,Limão,Apartamento,3144
100,3,1,Rua Afonso de Freitas,Paraíso,Apartamento,13970
54,2,1,Avenida Cupecê,Cidade Ademar,Apartamento,2831
31,1,0,Rua Cavour,Vila Prudente,Apartamento,1661
37,1,0,Rua Epitácio Pessoa,República,Apartamento,1934
86,2,0,Rua Augusta,Consolação,Apartamento,5169
40,1,0,Rua Almirante Ari Parreiras,Jardim Vergueiro,Casa,859
27,1,1,Rua Ibitirama,Vila Prudente,Studio e kitnet,2681
293,5,5,Rua Caramuru,Parque Monte Alegre,Casa em condomínio,9993
30,1,0,Avenida Miruna,Indianópolis,Apartamento,3609
64,1,0,Rua Santa Madalena,Liberdade,Apartamento,2658
96,2,1,Rua Itanhaém,Vila Prudente,Casa,2357
33,1,0,Rua Acaraú,Bela Vista,Apartamento,2681
76,2,0,Rua Mateus Grou,Pinheiros,Apartamento,3976
102,3,2,Rua Marcus Pereira,Vila Suzana,Apartamento,4420
67,2,1,Rua Nelson Gama de Oliveira,Vila Andrade,Apartamento,3638
38,1,0,Rua Rubens Sverner,Chácara Santo Antônio (zona Sul),Studio e kitnet,2457
35,1,1,Rua Comendador Yamamoto,Jardim Trussardi,Casa,1671
162,1,2,Avenida Mascote,Vila Mascote,Apartamento,6827
43,2,0,Avenida Vila Ema,Vila Ema,Apartamento,1948
24,1,0,Rua Bento Freitas,República,Studio e kitnet,3458
193,4,4,Rua Conceição Marcondes Silva,Vila Congonhas,Apartamento,17930
272,4,3,Rua Realengo,Alto de Pinheiros,Apartamento,18240
105,3,1,Alameda Itu,Cerqueira César,Apartamento,12640
45,2,0,Rua Manuel Leiroz,Vila Penteado,Apartamento,1863
62,2,1,Avenida Raimundo Pereira de Magalhães,Jardim Marilu,Apartamento,2112
25,1,0,Rua Tabatinguera,Sé,Studio e kitnet,2445
30,1,0,Rua Doutora Neyde Apparecida Sollitto,Vila Clementino,Studio e kitnet,1402
74,2,1,Avenida João Pessoa,Lauzane Paulista,Apartamento,2258
44,2,1,Rua Marie Nader Calfat,Jardim Ampliação,Apartamento,2398
120,3,2,Rua Tapendi,Vila Catupia,Casa,3649
77,2,0,Avenida Nove de Julho,Bela Vista,Apartamento,2793
60,3,1,Rua Xingu,Vila Valparaíso,Apartamento,2291
120,3,1,Alameda dos Araés,Planalto Paulista,Casa,4012
275,3,4,Rua das Rosas,Parque Assunção,Casa,7466
49,2,1,Rua Glicério,Liberdade,Apartamento,2997
310,3,1,Avenida São Luís,Centro Histórico de São Paulo,Apartamento,7578
72,2,1,Rua Ourânia,Vila Madalena,Apartamento,5200
51,1,1,Avenida Ômega,Empresarial 18 do Forte,Apartamento,3816
210,3,4,Rua José Pereira de Castro,Vila Hermínia,Casa,4342
400,4,5,Rua Heitor Ariente,Jardim das Vertentes,Casa,12050
72,2,1,Avenida Aratãs,Indianópolis,Apartamento,5555
38,2,1,Rua Paschoalina Belloti,Jardim City,Apartamento,1893
50,1,2,Rua Gregório Ferro,Jardim Raposo Tavares,Casa,1108
50,1,0,Rua Dom Vilares,Vila das Merces,Casa,1298
50,2,1,Rua Itza,Jardim Modelo,Apartamento,2178
78,1,0,Rua Vitória,Santa Efigênia,Apartamento,1579
66,2,1,Rua Kansas,Brooklin Paulista,Apartamento,7980
54,2,1,Avenida Condessa Elizabeth de Robiano,Jardim America da Penha,Apartamento,2757
102,2,2,Rua Bicudo Cortês,Vila Anglo Brasileira,Casa,3315
38,2,0,Rua Visconde de Parnaíba,Jardim Brasília (zona Norte),Apartamento,2496
64,1,1,Rua Foz do Jutaí,Vila Água Funda,Casa,1668
20,1,0,Rua Claudino José Branco,Jardim Maraba,Studio e kitnet,654
80,2,1,Avenida Mendonça Drumond,Jardim Maringá,Casa,1928
50,1,0,Rua Cipriano Barata,Ipiranga,Apartamento,2278
70,2,2,Rua Anália Franco,Vila Regente Feijó,Apartamento,6354
200,2,1,Rua Marília de Dirceu,Jardim Aeroporto,Casa,8398
25,1,0,Rua Maracanã,Vila Ipojuca,Studio e kitnet,1762
136,3,2,Rua Brasil,Rudge Ramos,Apartamento,4833
27,1,0,Rua Paulo Martinez,Jardim Seckler,Apartamento,925
56,2,1,Rua Charles Darwin,Vila Santa Catarina,Apartamento,2202
36,1,1,Rua Casa do Ator,Vila Olímpia,Studio e kitnet,4955
35,1,0,Alameda Riberio da Silva,Campos Elíseos,Studio e kitnet,1978
70,2,0,Rua Teresa,Quarta Parada,Casa,1438
54,2,1,Rua Mercedes Lopes,Vila Santana,Apartamento,2619
60,2,1,Estrada Velha da Penha,Tatuapé,Apartamento,3138
24,1,0,Avenida Regente Feijó,Vila Regente Feijó,Studio e kitnet,1402
35,1,0,Rua Doutor Mário Vicente,Vila Dom Pedro I,Casa,2037
152,3,2,Rua da Mooca,Mooca,Apartamento,9808
85,2,1,Rua Branca Raposo,Jardim Carlu,Casa,2169
42,1,1,Rua Maria Otília,Vila Regente Feijó,Studio e kitnet,4283
22,1,0,Rua Ministro Godói,Perdizes,Studio e kitnet,3050
59,1,0,Rua Doutor Washington Pedro Lanzzelotti,Novo Osasco,Casa,1251
40,2,0,Rua John Speers,Jardim Helian,Apartamento,3266
29,1,0,Rua Ribeirão Branco,Vila Bertioga,Apartamento,2661
42,1,1,Rua Nossa Senhora Acheropita,Vila Santa Clara,Casa,1715
61,2,1,Rua Pascal,Campo Belo,Apartamento,5427
34,1,0,Avenida Professor Luiz Ignácio Anhaia Mello,Vila Graciosa,Studio e kitnet,1547
42,1,1,Rua Santo Elias,Parque São Jorge,Apartamento,2555
98,2,2,Rua Flórida,Cidade Monções,Apartamento,10330
100,3,1,Rua Clélia,Lapa,Apartamento,3914
43,1,0,Avenida Nove de Julho,Bela Vista,Apartamento,1756
52,2,1,Rua Alessandro Alberti,Jardim Celeste,Apartamento,1905
25,1,0,Rua Manuel Ribas,Vila Campanela,Studio e kitnet,1288
34,1,1,Rua Paim,Bela Vista,Apartamento,3881
40,2,0,Rua Afonso Pena,Bom Retiro,Apartamento,3794
200,2,1,Rua Obadia,Novo Osasco,Casa,1730
19,1,0,Rua Francisca Miquelina,Bela Vista,Studio e kitnet,2379
86,2,1,Rua Vasconcelos Drumond,Vila Monumento,Apartamento,3657
20,1,0,Rua Sargento Jeter Augusto Pereira,Parque Novo Mundo,Casa,792
200,4,3,Rua Afonso de Freitas,Paraíso,Apartamento,12370
138,3,2,Avenida Senador Casemiro da Rocha,Mirandópolis,Apartamento,10610
50,2,0,Rua Leite Penteado,Vila Medeiros,Apartamento,1395
75,3,2,Rua Custódio de Oliveira,Vila Suzana,Apartamento,4176
29,1,0,Avenida Ipiranga,Santa Cecilia,Studio e kitnet,1306
84,2,1,Rua Estilo Barroco,Santo Amaro,Apartamento,4706
55,3,1,Rua Judith Passald Esteves,Vila Sonia,Apartamento,3190
46,1,1,Rua Professor Vasconcelos Sarmento,Vila Ré,Apartamento,2165
47,1,1,Avenida Vereador José Diniz,Santo Amaro,Apartamento,3526
100,3,1,Rua Doutor Eduardo de Souza Aranha,Vila Nova Conceição,Apartamento,6642
60,1,1,Rua Henrique Neri Ramos,Saúde,Casa,968
58,2,2,Rua Ernesto Capelari,Parque Santos Dumont,Apartamento,2685
48,2,1,Rua Marie Nader Calfat,Jardim Ampliacao,Apartamento,2801
28,1,0,Rua Rêgo Freitas,República,Apartamento,2960
56,1,0,Rua João de Godói Moreira,Socorro,Casa,1720
30,1,0,Rua Afonso Bandeira de Melo,Campo Belo,Studio e kitnet,1461
175,3,3,Rua Eunice Weaver,Jardim Anália Franco,Casa,5633
59,2,1,Rua Professor Demóstenes B. Figueira Marques,Cambuci,Apartamento,2247
47,1,1,Rua Bonnard,Alphaville Empresarial,Apartamento,5147
60,1,0,Avenida Abílio Pereira de Almeida,Vila São Domingos,Casa,980
104,3,2,Rua José Gonçalves,Vila Andrade,Apartamento,9472
80,2,0,Rua Mucajaí,Indianópolis,Casa,3458
150,2,2,Rua Jacaiobi,Vila Prudente,Casa,2773
87,2,2,Rua Antônio Morais Barros,Vila Zilda,Apartamento,6093
40,1,1,Rua Padre Carvalho,Pinheiros,Apartamento,5557
155,3,3,Avenida Doutor Guilherme Dumont Vilares,Jardim Londrina,Apartamento,5530
98,3,1,Avenida Sapopemba,Vila Regente Feijó,Apartamento,4208
40,2,1,Rua Turiassu,Perdizes,Apartamento,3738
70,3,1,Avenida Interlagos,Interlagos,Apartamento,2766
230,4,2,Rua Teixeira de Abreu,Jardim Itapeva,Casa,11030
430,5,6,Rua Francisco Leitão,Parque Monte Alegre,Casa em condomínio,15780
81,3,2,Rua José Flávio,Penha de França,Apartamento,3892
32,1,0,Rua Capote Valente,Pinheiros,Studio e kitnet,4661
44,1,0,Rua Doutor Teodoro Baima,República,Apartamento,1574
200,3,2,Rua Doutor James Ferraz Alvim,Vila Suzana,Apartamento,8911
48,1,0,Rua Major Freire,Vila Monte Alegre,Apartamento,2652
51,2,1,Rua Joaquim Oliveira Freitas,Vila Mangalot,Apartamento,1572
65,1,1,Rua Dante Alighieri,Jardim Nossa Senhora Aparecida,Casa em condomínio,1842
50,2,1,Rua Carlos Bigatti,Jardim Castelo,Apartamento,1854
232,3,4,Rua Paulo de Avelar,Vila Dom Pedro Ii,Casa,6664
220,4,4,Rua Beta,Jardim Santa Cruz (sacomã),Casa,3386
73,3,1,Av Dr Bernardino B F Carvalho,Vila Talarico,Apartamento,2600
40,1,0,Rua Manoel Cruz,Vila Ernesto,Studio e kitnet,2677
70,3,1,Avenida Engenheiro Heitor Antônio Eiras Garcia,Rio Pequeno,Apartamento,2155
30,1,0,Rua Humberto I,Vila Mariana,Studio e kitnet,5587
61,2,1,Rua Eugênio de Freitas,Vila Guilherme,Apartamento,3533
42,1,2,Rua da Consolação,Consolação,Apartamento,7082
179,3,4,Rua Ampére,Jardim Tabatinga,Casa,3758
76,3,2,Rua Elizabeth Barbegian Baldinato,Vila Suzana,Apartamento,4189
41,1,1,Rua José Antônio Coelho,Vila Mariana,Apartamento,3794
384,3,5,Rua Luís César Pannain,Lapa,Casa,17140
94,1,2,Rua Padre Lebret,Jardim Leonor,Apartamento,5384
39,1,1,Rua Eugênio de Medeiros,Pinheiros,Apartamento,4551
42,1,0,Avenida Onze de Junho,Vila Clementino,Apartamento,3422
60,2,1,Rua Tupi,Vila Valparaiso,Apartamento,2122
37,1,1,Rua Brigadeiro Galvão,Barra Funda,Apartamento,3835
150,3,1,Rua Ângelo David Thomé,Rudge Ramos,Apartamento,3156
100,1,1,Alameda Itu,Cerqueira César,Apartamento,4677
55,2,1,Rua Santa Marcela,Jardim Roberto,Apartamento,2192
385,4,5,Rua Vitoantonio Del Vecchio,Parque da Mooca,Casa,9503
136,3,1,Rua Padre João Manuel,Cerqueira César,Apartamento,11650
60,2,0,Rua Carapocaia,Vila Isolina Mazzei,Casa,1678
28,1,0,Avenida Álvaro Ramos,Água Rasa,Studio e kitnet,1169
35,1,1,Rua Genebra,Bela Vista,Studio e kitnet,1782
49,1,0,Rua Palestra Itália,Perdizes,Apartamento,5931
34,2,0,Praça Alberto Lion,Cambuci,Apartamento,1829
150,3,2,Rua José Buono,Jaçanã,Casa,3137
36,1,0,Rua Baronesa Itu,Santa Cecília,Studio e kitnet,3858
55,1,0,Rua Doutor Tomás Carvalhal,Paraíso,Apartamento,5467
80,2,0,Avenida Miguel Frias E Vasconcelos,Jaguaré,Apartamento,4187
116,2,1,"R. Santo Amaro - Bela Vista, São Paulo - Sp, Brasil",Bela Vista,Apartamento,4125
143,3,4,Rua Francisco Carlos de Souza,Sítio Morro Grande,Casa,3455
46,1,0,Rua Cônego José Norberto,Jardim da Saúde,Casa,983
80,2,1,Rua Almirante Noronha,Jardim São Paulo,Apartamento,2600
59,3,1,Rua Pasquale Gallupi,Morumbi,Apartamento,1900
57,2,0,Rua da Mooca,Mooca,Apartamento,2697
77,2,0,Praça Marechal Deodoro,Santa Cecília,Apartamento,2448
22,1,0,Rua Humberto I,Vila Mariana,Apartamento,3259
30,1,0,Praça Doutor Pereira do Rego,Cidade Patriarca,Casa,679
27,1,0,Rua Professor Doutor José Marques da Cruz,Jardim das Acacias,Studio e kitnet,4153
38,1,1,Rua Santo Antônio,Bela Vista,Apartamento,4290
36,2,1,Avenida Rotary,Vila das Bandeiras,Apartamento,2074
350,4,4,Rua Professor Alexandre Correia,Jardim Vitória Régia,Apartamento,17480
107,3,2,Rua Corgie Assad Abdalla,Vila Sônia,Apartamento,8865
46,2,1,Avenida do Oratório,Jardim Angela (zona Leste),Apartamento,2071
60,1,0,Rua Itamonte,Vila Medeiros,Casa,1199
114,2,0,Rua Ribeiro de Lima,Bom Retiro,Apartamento,3388
16,1,0,Rua Doutor Eduardo de Magalhães Gouveia,Jardim Luísa,Casa,834
40,1,0,Rua Planeta,Chácara Belenzinho,Casa,1093
39,1,1,Avenida Alberto Augusto Alves,Vila Andrade,Apartamento,3052
42,2,0,Rua João Ventura Batista,Vila Guilherme,Apartamento,2319
260,4,5,Avenida Itacira,Planalto Paulista,Casa,11710
50,1,0,Rua Jaíba,Vila Nair,Casa,1448
89,2,2,Alameda Yayá,Jardim Aida,Apartamento,4103
136,3,3,Avenida Pasteur,Vila Nova Savoia,Casa,5247
50,1,0,Rua César Penna Ramos,Vila Santa Maria,Casa,1213
65,2,2,Rua Iquiririm,Butantã,Apartamento,4246
250,1,5,Rua Antônio Pires de Campos,Vila Ema,Casa,5091
50,2,1,Rua dos Aliados,Vila São Pedro,Apartamento,2581
31,1,0,Rua Paulo Martinez,Jardim Seckler,Apartamento,872
250,3,4,Rua Félix de Sousa,Vila Congonhas,Casa,6755
48,1,1,Rua Álvaro de Carvalho,Centro,Apartamento,3127
300,3,2,Rua João Gomes Batista,Jardim Cidália,Casa,4561
78,2,1,Rua Antônio de Proença,Piqueri,Apartamento,3189
30,1,0,Avenida Ipiranga,Centro Histórico de São Paulo,Studio e kitnet,2367
40,1,1,Rua Tupi,Santa Cecília,Apartamento,4015
136,3,2,Rua dos Cafezais,Vila Santa Catarina,Apartamento,8403
122,1,2,Rua Professor Sousa Barros,Vila Guarani (z Sul),Apartamento,5792
155,3,3,Rua Antônio de Macedo Soares,Campo Belo,Apartamento,16860
55,2,0,Rua Doutor César,Santana,Apartamento,2716
76,2,1,Rua Doutor César,Santana,Apartamento,4120
300,4,6,Rua Leonardo de Fássio,Jardim Santa Helena,Casa,9157
100,2,0,Rua Newton Prado,Bom Retiro,Apartamento,5764
29,1,0,Rua Isaura Abad Giacomelli,Jardim Aurelia,Studio e kitnet,1920
34,1,1,Rua João Bizarro da Nave,Vila Diva (zona Leste),Casa,1460
37,1,0,Rua Apiacás,Perdizes,Studio e kitnet,3521
50,2,0,Rua Orleães,Jardim Vila Formosa,Casa,1511
70,3,0,Rua Osiris Magalhães de Almeida,Jardim Monte Kemel,Apartamento,3474
141,0,0,Rua Graúna,Vila Uberabinha,Casa,7208
112,3,2,Rua Doutor Silvino Canuto Abreu,Vila Congonhas,Apartamento,5017
51,2,0,Rua Coremu,Vila Esperança,Apartamento,1624
106,2,1,Rua João Rafael Jafet,Interlagos,Casa,2710
35,1,1,Rua Gerivatiba,Butantã,Studio e kitnet,5057
25,1,1,Rua Alvorada,Vila Olímpia,Studio e kitnet,4610
393,4,6,Avenida José Galante,Vila Suzana,Apartamento,14210
75,1,2,Rua Barreiro da Raiz,Vila Nova Carolina,Casa,1041
120,2,2,Rua Arco-verde,Vila Guilhermina,Casa,3355
42,1,0,Praça Júlio Mesquita,Santa Efigênia,Studio e kitnet,1547
80,2,0,Rua Caxiúna,Vila Celeste,Casa,1455
65,2,1,Rua Alvorada,Vila Olímpia,Apartamento,4681
98,3,2,Avenida Macuco,Moema,Apartamento,11480
26,1,0,Rua Joaquim Afonso de Souza,Casa Verde Alta,Apartamento,1022
50,1,0,Travessa Santa Joaquina,Vila Mangalot,Casa,1227
45,2,1,Rua Heitor Peixoto,Cambuci,Apartamento,2853
70,2,2,Rua Anhumas,Vila São João Batista,Casa em condomínio,2884
320,5,4,Rua Miosótis,Jardim das Flores,Casa,9791
230,4,3,Avenida Pedro Bueno,Jabaquara,Casa,9413
29,1,0,Avenida São João,Campos Elíseos,Studio e kitnet,1342
50,2,1,Rua Aquiles Jovane,Jardim Celeste,Apartamento,1881
60,1,0,Avenida Duque de Caxias,Campos Elíseos,Apartamento,2514
51,1,0,Rua Doutor Clóvis de Oliveira,Vila Progredior,Apartamento,2389
42,1,1,Rua Bandeira Paulista,Itaim Bibi,Apartamento,9736
30,1,0,Rua Tenente Sotomano,Jardim Brasil (zona Norte),Casa,812
38,2,1,Rua Pangaré,Vila Butantã,Apartamento,2572
42,1,0,Avenida Brigadeiro Luís Antônio,Bela Vista,Apartamento,2101
49,2,1,Rua Martim Burchard,Brás,Apartamento,2006
60,2,1,Rua Iguaré,Tatuapé,Apartamento,2083
45,1,0,Rua Martiniano de Carvalho,Bela Vista,Studio e kitnet,2818
60,2,0,Rua Engenheiro Gutierrez,Jardim Monjolo,Casa,1480
42,1,0,Avenida Bosque da Saúde,Saúde,Casa,2235
290,4,5,Avenida José Galante,Vila Suzana,Apartamento,15390
62,2,1,Rua Senador César Lacerda Vergueiro,Sumarezinho,Apartamento,7806
30,1,0,Rua Major Diogo,Bela Vista,Studio e kitnet,2087
38,0,0,Rua Natividade Saldanha,São Lucas,Studio e kitnet,1688
100,2,0,Rua Antônio Rodrigues Passos,Jardim Cidade Pirituba,Casa,1676
120,2,1,Rua da Consolação,Cerqueira César,Apartamento,8190
62,1,0,Rua Rafael de Proença,Vila Nova das Belezas,Casa,969
125,3,3,Rua Francisco Bernardino,Piqueri,Casa,3075
26,1,0,Rua Conselheiro Furtado,Liberdade,Studio e kitnet,2566
120,3,1,Rua Nancy Silva Cabral,Parque Continental Ii,Casa,2551
60,2,2,Rua Oboé,Vila Nossa Senhora de Fátima,Apartamento,1949
100,2,1,Rua Bueno Brandão,Vila Nova Conceição,Apartamento,7132
130,3,1,Avenida Rebouças,Pacaembu.,Apartamento,5908
15,1,0,Rua João Burjakian,Lauzane Paulista,Studio e kitnet,591
55,1,1,Rua Brigadeiro Tobias,Centro,Apartamento,3527
10,1,0,Rua Valentim Magalhães,Água Rasa,Studio e kitnet,1506
50,1,0,Rua Viela,Vila Moreira,Casa,1285
25,1,0,Alameda Iraé,Indianópolis,Studio e kitnet,4373
42,1,0,Rua Doutor Fábio Montenegro,Vila Guilhermina,Apartamento,2325
50,2,1,Rua Santa Izabel,Vila Augusta,Apartamento,2254
70,1,2,Rua Joaquim Guarani,Jardim das Acácias,Apartamento,6303
70,3,1,Avenida Engenheiro Armando de Arruda Pereira,Vila do Encontro,Apartamento,2904
53,2,1,Avenida dos Minuanos,Vila Aricanduva,Apartamento,1575
150,2,2,Rua Nossa Senhora das Dores,Vila Formosa,Casa,2443
60,1,1,Rua Guaipá,Vila Leopoldina,Casa,2671
34,2,0,Rua Miguel Arcanjo de Oliveira,Parque das Paineiras,Apartamento,1299
65,3,1,Rua Ibituruna,Parque Imperial,Apartamento,3235
40,2,0,Rua Itapajé,Vila Nova Cachoeirinha,Casa,1301
43,1,1,Rua Natingui,Vila Madalena,Apartamento,4379
210,3,4,Rua Luís Correia de Melo,Vila Cruzeiro,Apartamento,15450
65,2,0,Avenida Júlio de Mesquita,Bela Vista,Casa,2010
39,1,0,Rua Domingos Paiva,Brás,Apartamento,2950
70,2,0,Rua Doutor Penaforte Mendes,Bela Vista,Casa,3127
47,1,1,Rua Sansão Alves dos Santos,Cidade Monções,Apartamento,5841
120,2,2,Rua Indiana,Brooklin Paulista,Casa,4336
54,2,0,Avenida João Paulo da Silva,Vila da Paz,Apartamento,2238
131,3,3,Rua Doutor Goulart Penteado,Vila Diva (zona Leste),Apartamento,7235
41,2,0,Rua Voltolino,Água Rasa,Apartamento,2227
37,1,0,Rua Álvaro de Carvalho,Centro,Studio e kitnet,2566
70,2,1,Rua Vitório Tafarello,Km 18,Apartamento,3859
43,1,1,Rua Itaiteva,Jardim Ampliação,Studio e kitnet,2067
55,1,0,Rua Domingos da Fonseca,Parque da Mooca,Apartamento,2451
35,1,0,Avenida Rio Branco,Campos Elíseos,Apartamento,1580
51,2,1,Avenida Buenos Aires,Vila Buenos Aires,Apartamento,1820
27,1,0,Rua Togo,Jardim Japão,Apartamento,1215
29,1,0,Rua Rego Freitas,República,Apartamento,2426
39,1,0,Rua Fernando Dondon,Tatuapé,Studio e kitnet,3369
30,1,0,Rua Xambicá,Vila Leopoldina,Casa,1370
150,3,2,Rua das Rosas,Mirandópolis,Casa,6735
169,3,3,Rua Marcos Lopes,Vila Nova Conceição,Apartamento,19320
300,3,2,Rua Arthur Azevedo,Recanto das Rosas,Casa,3920
55,1,0,Rua Fraiburgo,Cidade Líder,Casa,1041
73,1,0,Rua Iberê da Costa Franco,Vila Libanesa,Casa,907
140,3,2,Rua Sebastião Gonçalves,Vila Albano,Casa,2814
96,2,1,Rua Gilberto Sampaio,Jardim São Paulo(zona Norte),Apartamento,2948
45,1,0,Rua Machado Dutra,Jardim Vila Carrao,Casa,1042
394,4,6,Rua Xiró,Jardim das Laranjeiras,Casa,8719
79,3,2,Rua Madre Emilie de Villeneuve,Vila Santa Catarina,Apartamento,4030
60,2,0,Rua Siqueira Bueno,Belenzinho,Apartamento,1683
83,2,1,Rua Gopouva,Vila Capitao Rabelo,Apartamento,2073
105,3,1,Rua Heitor Penteado,Sumarezinho,Apartamento,6691
42,1,0,Rua Maragojipe,Vila Antonina,Apartamento,1498
57,2,1,Rua dos Jatobás,Vila Parque Jabaquara,Apartamento,2506
180,3,2,Rua Ministro Ferreira Alves,Perdizes,Casa,4317
142,3,3,Praça João Correa Lemos,Vila Sao Vicente,Apartamento,7229
45,1,0,Rua Doutor José Gustavo Nunes,Parque Edu Chaves,Casa,1335
35,1,0,Rua Paim,Bela Vista,Apartamento,3526
56,2,2,Rua Cananéia,Vila Valparaíso,Apartamento,2869
220,3,3,Avenida Ceci,Planalto Paulista,Casa em condomínio,5933
35,1,1,Rua Atica,Jardim Brasil (zona Sul),Apartamento,2524
35,1,0,Rua Professor Antônio Filgueiras de Lima,Rio Pequeno,Studio e kitnet,1013
84,2,1,Rua Alves Guimarães,Pinheiros,Apartamento,6044
89,2,1,Rua Piauí,Santo Antônio,Apartamento,3100
40,1,1,Rua Desembargador Aragão,Vila Mariana,Studio e kitnet,5471
80,2,3,Rua Acarembó,Vila Alpina,Casa,3548
56,2,1,Rua Jacaré-copaíba,Vila Marina,Apartamento,1845
72,2,1,Rua Oliveira Catrambi,Jardim Vila Formosa,Apartamento,6577
350,5,3,Rua Barra Mansa,Jardim Franca,Casa,6418
35,1,0,Rua Bolívar Ribeiro Boaventura,Jardim Penha,Apartamento,1038
62,3,1,Rua Ernest Renan,Morumbi,Apartamento,2465
56,2,1,Rua Angá,Vila Formosa,Apartamento,3081
120,3,1,Avenida Renata,Chácara Belenzinho,Casa,2806
47,1,1,Rua Major Quedinho,Centro,Apartamento,4258
57,1,1,Avenida Duque Caxias,Campos Elíseos,Studio e kitnet,1834
70,1,1,Rua João Baldinato,Vila Suzana,Apartamento,4273
80,2,2,Rua Darwin,Jardim Santo Amaro,Apartamento,4513
139,2,2,Rua Cocais,Jardim Oriental,Casa,3169
26,1,0,Rua Washington Luís,Centro Histórico de São Paulo,Studio e kitnet,2046
62,2,1,Rua Carneiro Leão,Brás,Apartamento,4432
230,3,2,Rua Ângelo Viêira de Brito,Jardim Lar Sao Paulo,Casa,6213
53,2,1,Avenida Dória,Vila Alexandria,Apartamento,4032
60,2,1,Rua Francisco Tapajós,Vila Santo Estéfano,Apartamento,3564
60,2,1,Rua Francisco Tapajós,Vila Santo Estefano,Apartamento,5089
57,2,1,Rua Antônio Guarmerino,Jardim Celeste,Apartamento,2058
40,1,0,Avenida Belisário Pena,Vila Maria Alta,Casa,1013
90,3,1,Rua Murutinga do Sul,Chácara Santo Antônio (zona Leste),Apartamento,3428
54,3,1,Rua Camargo,Paulicéia,Apartamento,1794
180,3,2,Rua Crixás,Santana,Casa,4845
296,3,1,Rua Oscar Freire,Cerqueira César,Apartamento,12620
43,1,1,Rua da Esperança,Vila Medeiros,Apartamento,2187
37,1,0,Rua Doutor Clemente Jobim,Jardim da Gloria,Apartamento,3258
30,1,0,Rua dos Gusmões,Santa Efigênia,Studio e kitnet,1102
42,1,0,Rua Doutor Almeida Lima,Brás,Apartamento,2300
49,1,0,Rua Martiniano de Carvalho,Bela Vista,Apartamento,1883
55,2,1,Avenida Cupecê,Jardim Prudência,Apartamento,2426
52,2,0,Rua Gema,Campanário,Apartamento,1247
50,1,0,Rua Sargento Agostinho Ferreira,Vila Maria,Casa,900
34,1,0,Rua Clemente Pereira,Ipiranga,Casa,1499
45,2,1,Rua Lagoa de Dentro,Vila Silvia,Apartamento,1602
30,1,1,Rua Salto,Paraíso,Studio e kitnet,4652
78,3,1,Rua Abrahão Calux,Vila Moinho Velho,Apartamento,4063
110,2,0,Rua Euclides Pacheco,Vila Gomes Cardim,Casa,2636
64,3,1,Rua Hipódromo,Mooca,Apartamento,3567
50,1,1,Praça Júlio Mesquita,Santa Efigênia,Apartamento,4782
158,2,1,Rua Curituba,Parque São Jorge,Casa,2926
40,1,0,Rua 24 de Maio,República,Studio e kitnet,1338
60,2,1,Rua Augusto de Mendonça,Vila Dalila,Apartamento,1551
50,1,1,Rua Professor José Leite E Oiticica,Vila Gertrudes,Apartamento,8505
60,2,0,Rua João Bizarro da Nave,Vila Diva (zona Leste),Apartamento,2775
90,3,1,Rua do Paraíso,Paraíso,Casa,3624
30,1,1,Rua Doutor Penaforte Mendes,Bela Vista,Apartamento,2341
52,2,1,Rua Ancara,Utinga,Apartamento,1994
80,2,0,Rua Pirizal,Vila Carmosina,Casa,1793
39,1,0,Rua Urbano da Silva,Vila Jaguara,Apartamento,1610
145,3,4,Rua Otávio de Moura,Vila Carolina,Casa,6391
85,3,2,Rua Antônio Guedes da Silva,Gopouva,Casa,1981
465,4,4,Rua Pereira Leite,Vila Madalena,Casa,15810
60,1,0,Rua do Gasômetro,Brás,Studio e kitnet,1408
32,1,1,Rua Santa Justina,Vila Olímpia,Studio e kitnet,5432
99,2,0,Rua Francisca Miquelina,Bela Vista,Apartamento,3504
70,2,2,Rua José Carlos de Toledo Piza,Jardim Parque Morumbi,Apartamento,3566
49,1,1,Rua Bandeira Paulista,Itaim Bibi,Apartamento,6347
35,2,0,Rua João Pereira,Lapa,Apartamento,2920
135,3,3,Rua Tuiucuê,Jardim da Saúde,Apartamento,5688
50,2,1,Rua Domingos da Fonseca,Parque da Mooca,Apartamento,2310
65,2,2,Rua Joaquim Ferreira,Água Branca,Apartamento,5381
35,1,0,Rua Doutor Cesário Mota Júnior,Vila Buarque,Apartamento,1805
66,2,2,Rua Boa Vista,Vila Camilopolis,Casa,2700
42,1,0,Rua São Domingos,Bela Vista,Apartamento,2365
55,2,0,Rua Abel Ramos,Vila Maria Alta,Casa,1740
68,2,1,Rua da Consolação,Cerqueira César,Apartamento,7476
51,2,1,Rua Antônio Guarmerino,Parque do Estado,Apartamento,1811
138,2,2,Rua Dráusio,Paulicéia,Casa,2398
40,2,0,Rua Sabbado D’ângelo,Itaquera,Apartamento,4354
31,1,1,Rua Cunha Gago,Pinheiros,Apartamento,3151
105,3,1,Avenida Brigadeiro Luís Antônio,Jardim Paulista,Apartamento,5530
58,2,1,Avenida Curió,Campanário,Apartamento,1831
140,2,2,Rua Alberto Leal,Jabaquara,Casa,3877
30,1,0,Rua Trapiche,Vila Matilde,Apartamento,1588
70,2,1,Avenida Ômega,Empresarial 18 do Forte,Apartamento,9131
30,1,0,Rua Augusto Farina,Jardim Bonfiglioli,Studio e kitnet,1338
146,3,2,Rua Madre Cabrini,Vila Mariana,Apartamento,6091
84,2,1,Rua Abdo Ambuba,Vila Andrade,Apartamento,3400
44,1,0,Rua Mituto Mizumoto,Sé,Apartamento,1594
160,3,3,Rua Pedralva,Alto de Pinheiros,Apartamento,9709
80,2,0,Rua Padre Venâncio de Resende,Vila Bandeirantes,Casa,1296
64,2,1,Avenida Padre Antônio José dos Santos,Cidade Monções,Apartamento,5539
84,3,2,Rua João Simões de Souza,Vila Suzana,Apartamento,5589
38,1,1,Avenida Rebouças,Pinheiros,Apartamento,4116
202,3,3,Rua Maria Otília,Tatuapé,Apartamento,8997
40,1,1,Avenida Nove de Julho,Bela Vista,Apartamento,2966
38,2,0,Rua Custódio de Mendonça,Santana,Apartamento,3785
118,3,1,Avenida Engenheiro Armando de Arruda Pereira,Jabaquara,Apartamento,3285
66,2,2,Avenida Interlagos,Jardim Umuarama,Apartamento,3041
40,1,0,Rua Custódio de Mendonça,Santana,Apartamento,3785
200,3,3,Rua das Grumixamas,Jardim Oriental,Apartamento,8462
160,3,2,Rua Batista Caetano,Aclimação,Apartamento,8029
126,2,2,Avenida Sargento Geraldo Sant'ana,Jardim Taquaral,Apartamento,6585
230,4,6,Rua Orlando Pinto Ribeiro,Vila Campo Grande,Casa,5020
150,3,1,Rua Jotacá,Vila Picinin,Casa,2026
45,1,1,Rua Professor Tamandaré Toledo,Itaim Bibi,Apartamento,4900
43,1,0,Rua José Medina Zavalla,Vila Araguaia,Casa,647
34,1,0,Rua Michael Faraday,Cidade Monções,Casa,1557
23,1,0,Rua Florêncio de Abreu,Centro Histórico de São Paulo,Studio e kitnet,2275
30,1,0,Rua Lopes da Costa,Chácara São João,Casa em condomínio,1157
68,3,1,Rua Cayowaá,Perdizes,Apartamento,4182
250,3,4,Rua Hercília,Vila Matilde,Casa,3432
58,2,1,Rua Jacaré Copaíba,Vila Marina,Apartamento,2270
80,1,2,Rua Bandeira Paulista,Itaim Bibi,Apartamento,11360
24,1,0,Rua Doutor Nicolau de Sousa Queirós,Vila Mariana,Studio e kitnet,3333
225,4,3,Rua Capibaribe,Jardim Aeroporto,Casa,8014
50,2,1,Rua das Municipalidades,Ipiranga,Apartamento,2202
120,3,3,Rua Professor José Horácio Meirelles Teixeira,Vila Suzana,Apartamento,5173
325,4,2,Rua Professora Haidée Silva Martins,Jardim Campo Grande,Casa,8340
45,2,1,Rua Vicenzo Paciullo,Jardim Las Vegas,Apartamento,2193
36,1,0,Rua Gil de Oliveira,Chácara Seis de Outubro,Studio e kitnet,1628
85,3,1,Rua Pedro Gomes Cardim,Vila Progredior,Apartamento,4636
28,1,1,Rua Casa do Ator,Vila Olímpia,Studio e kitnet,4728
290,3,4,Rua Doutor Oscar Monteiro de Barros,Vila Suzana,Apartamento,14950
49,2,1,Avenida do Taboão,Taboão,Apartamento,1594
135,3,0,Rua Juatuba,Sumarezinho,Casa,8167
67,3,1,Rua Luís Antônio dos Santos,Santa Teresinha,Apartamento,3453
64,3,2,Rua Doutor Luiz Migliano,Vila Suzana,Apartamento,2887
38,2,1,Avenida Sapopemba,Jardim Utinga,Apartamento,1382
32,1,0,Avenida Rangel Pestana,Brás,Apartamento,2249
270,3,3,Rua Nunes Ferreira Filho,Vila Cavaton,Casa,6910
25,1,0,Rua Amaral Gurgel,Vila Buarque,Studio e kitnet,1427
49,1,1,Rua Venezuela,Taboão,Apartamento,1230
48,2,1,Avenida Miguel Yunes,Usina Piratininga,Apartamento,2169
40,1,0,Rua Florindo Braglia,Jardim São Paulo(zona Norte),Casa,2041
37,2,0,Rua Wilson Ribeiro Bonfim,Vila Inglesa,Apartamento,1802
60,2,0,Rua Oscar Freire,Pinheiros,Apartamento,3701
40,0,1,Avenida Brigadeiro Luís Antônio,Bela Vista,Studio e kitnet,3556
126,3,2,Rua Veríssimo Cardoso,Jardim Maristela,Casa,3085
82,2,1,Rua Havana,Taboão,Casa,1225
67,3,1,Rua Dr. Laerte Sertuba,Vila Suzana,Apartamento,2364
60,2,1,Avenida Baltazar Santana,Jardim Planalto,Apartamento,1647
260,4,6,Travessa Mário Antônio Correia,Tucuruvi,Casa,10350
53,2,1,Rua Relíquia,Jardim das Laranjeiras,Apartamento,3300
107,3,2,Rua Guilherme Rehder,Parque Jabaquara,Casa,3743
64,2,1,Rua Engenheiro Prudente,Vila Monumento,Apartamento,4371
37,1,0,Rua Guarapuava,Mooca,Apartamento,2324
140,2,0,Rua Marechal Barbacena,Vila Regente Feijó,Casa,3181
180,3,2,Rua Itaperima,Vila Graciosa,Casa,2586
38,1,0,Rua Campêlo,Vila Nova Mazzei,Apartamento,1537
39,2,1,Avenida Condessa Elizabeth de Robiano,Jardim América da Penha,Apartamento,2378
55,2,1,Rua Fábio,Chácara Belenzinho,Apartamento,1610
56,2,1,Rua Dona Antônia de Queirós,Consolação,Apartamento,5139
41,1,0,Avenida Ipiranga,República,Apartamento,2538
30,1,0,Rua Amazonas,Osvaldo Cruz,Casa,1242
53,2,1,Rua Adelino de Almeida Castilho,Tatuapé,Apartamento,3600
48,2,1,Rua José de Figueiredo Seixas,Imirim,Apartamento,2274
31,1,0,Rua Gravataí,Consolação,Apartamento,3576
70,2,1,Avenida Nova Cantareira,Tucuruvi,Apartamento,3094
24,1,0,Rua da Consolação,República,Studio e kitnet,3287
200,2,1,Alameda Tietê,Cerqueira César,Casa em condomínio,15330
47,1,1,Rua Humberto I,Vila Mariana,Apartamento,4198
61,2,1,Rua Camargo,Butantã,Apartamento,5538
96,3,2,Alameda Amazonas,Alphaville Industrial,Apartamento,6716
38,1,0,Rua Engenheiro Aubertin,Lapa de Baixo,Studio e kitnet,1641
42,1,1,Rua Joinville,Vila Mariana,Apartamento,4323
120,3,2,Rua José Zappi,Vila Prudente,Casa,4195
140,2,1,Rua Padre João Manuel,Cerqueira César,Apartamento,18560
72,3,1,Rua Canuto Saraiva,Mooca,Apartamento,3988
25,1,0,Avenida Cásper Líbero,Centro Histórico de São Paulo,Studio e kitnet,3112
400,4,5,Rua Conde Prates,Parque da Mooca,Casa,16390
70,3,0,Rua Costa Aguiar,Ipiranga,Casa,4597
78,3,2,Avenida Sebastião Davino dos Reis,Jardim Tupanci,Apartamento,4504
36,1,0,Rua Glória do Goitá,Vila Independencia,Apartamento,1986
45,1,1,Avenida Vereador José Diniz,Santo Amaro,Apartamento,3069
44,1,1,Rua Augusta,Consolação,Studio e kitnet,7063
54,2,1,Rua Cisplatina,Ipiranga,Apartamento,2740
100,2,0,Travessa Caldeira Filho,Jardim Brasil (zona Norte),Casa,1668
130,3,2,Rua Inhambu,Vila Uberabinha,Apartamento,11460
180,4,4,Rua José de Almeida Soares,Vila Sonia,Casa,4240
77,2,2,Rua Carneiro da Cunha,Vila da Saúde,Apartamento,3647
280,4,3,Rua Doutor Ernesto Moreira,Mooca,Casa,7102
150,3,2,Rua Pedro Cubas,Piqueri,Casa,4592
150,3,2,Rua Guarará,Jardim Paulista,Apartamento,10310
40,1,1,Rua Doutor Seng,Bela Vista,Apartamento,4632
32,1,0,Rua Buturuna,Jardim Clímax,Casa em condomínio,865
120,2,1,Rua Mil Oitocentos E Vinte E Dois,Ipiranga,Casa,4170
34,1,0,Rua da Bonança,Freguesia do Ó,Casa,1616
40,1,1,Alameda Ministro Rocha Azevedo,Cerqueira César,Apartamento,4589
46,1,1,Rua Estado de Israel,Vila Clementino,Apartamento,5235
180,3,3,Rua Professor José Horácio Meirelles Teixeira,Vila Suzana,Apartamento,5744
179,2,2,Rua Álvaro Anes,Santa Maria,Casa,3808
45,1,1,Avenida Gago Coutinho,Santa Maria,Casa,984
68,3,2,Avenida Vereador Abel Ferreira,Vila Regente Feijó,Apartamento,3105
125,4,2,Rua Doutor Luiz Migliano,Jardim Vazani,Apartamento,7681
44,1,1,Rua Calixto da Mota,Vila Mariana,Apartamento,5848
26,1,0,Rua Dutra Rodrigues,Luz,Studio e kitnet,1656
105,3,3,Rua São Gil,Tatuapé,Apartamento,7117
64,1,1,Alameda Purús,Alphaville Industrial,Apartamento,5447
31,1,0,Avenida Rudge,Bom Retiro,Apartamento,1750
50,1,0,Avenida Celso Garcia,Tatuapé,Apartamento,2755
40,1,0,Rua Marcos Arruda,Belém,Apartamento,1420
75,2,0,Rua Joaquim Carlos,Brás,Apartamento,1803
76,3,1,Rua Azém Abdalla Azém,Jardim Bonfiglioli,Apartamento,8974
25,1,0,Rua Marquês Itu,Vila Buarque,Studio e kitnet,2526
61,2,1,Rua Rio Grande do Sul,Santo Antônio,Apartamento,3164
32,1,0,Rua Antonio Eduardo,Jardim Modelo,Casa,1042
75,2,1,Rua James Stolz,Vila Ema,Apartamento,2021
350,3,4,Rua do Aclamado,Jardim Sao Bento,Casa,9810
70,0,0,Rua Marilândia,Freguesia do Ó,Casa,3152
60,2,1,Rua Conselheiro Cotegipe,Belenzinho,Apartamento,4048
50,2,1,Rua Joaquim Morais,Vila Santa Catarina,Apartamento,2353
72,2,1,Rua Bom Sucesso,Cidade Mãe do Céu,Casa,2831
30,1,0,Largo General Osório,Santa Ifigênia,Studio e kitnet,1425
67,2,2,Avenida Estados Unidos,Parque das Nações,Apartamento,5257
108,3,2,Rua Antero de Quental,Vila Santa Clara,Casa,4558
24,1,0,Avenida São João,Santa Cecília,Studio e kitnet,1560
50,1,0,Rua Cascavel,Jardim Danfer,Casa,1285
62,2,1,Rua Diogo Vaz,Cambuci,Apartamento,2716
150,3,2,Rua Tasuke Uematsu,Taboão,Casa,2761
36,1,1,Rua Treze de Outubro,Novo Osasco,Casa,1158
230,3,4,Rua Antônio Dare,Vila Cavaton,Casa,4291
146,3,2,Rua Bahia,Higienópolis,Apartamento,8847
56,1,0,Rua Luís Alardo de Menezes,Vila Califórnia,Apartamento,1228
49,1,0,Rua Itapuí,Vila Arriete,Studio e kitnet,1139
60,1,2,Rua Padre Lebret,Jardim Leonor,Apartamento,5381
120,3,2,Rua Cancioneiro de Évora,Santo Amaro,Casa,5225
47,1,0,Rua Heitor Penteado,Sumarezinho,Apartamento,2589
83,3,2,Rua Paracatu,Parque Imperial,Apartamento,5433
40,1,1,Rua General Nestor Passos,Jardim Paraíso,Apartamento,2811
75,1,1,Rua Nova Fátima,Jardim Santa Bárbara,Casa,1145
40,1,0,Avenida da Liberdade,Liberdade,Studio e kitnet,3066
66,3,1,Rua Duque Costa,Interlagos,Apartamento,4005
30,1,0,Rua Realismo,Jardim Cidália,Casa,922
60,1,1,Rua Durvalino Trevisan,Parque Continental,Casa,1502
240,3,3,Rua Araguari,Vila Uberabinha,Apartamento,16440
40,1,1,Avenida Duque de Caxias,Campos Elíseos,Apartamento,3189
190,3,3,Avenida Ceci,Planalto Paulista,Casa,5270
45,2,1,Rua Francisco Foot,Jardim Tranqüilidade,Apartamento,1292
45,2,1,Rua Antônio Júlio dos Santos,Fazenda Morumbi,Apartamento,2934
130,3,1,Avenida 23 de Maio,Paraíso,Apartamento,14830
102,2,2,Rua Cajaíba,Vila Pompéia,Apartamento,8325
60,2,1,Rua Seis de Junho,Chácara Mafalda,Casa,2208
115,2,0,Rua Teodoro Sampaio,Pinheiros,Apartamento,8152
63,2,1,Rua Lacedemônia,Jardim Brasil (zona Sul),Apartamento,2908
48,2,1,Rua Azevedo Júnior,Brás,Apartamento,2928
100,3,0,Rua Cícero Dantas,Parque Cisper,Casa,2606
60,2,2,Rua Pitinga,Vila Lucia,Apartamento,3141
90,2,1,Rua Doutor Joaquim D'aquino Fonseca,Sítio do Mandaqui,Casa,1563
400,3,4,Rua do Boqueirão,Saúde,Casa,9668
29,1,0,Rua Barão de Loreto,Vila São José,Studio e kitnet,1619
64,2,2,Rua Heitor Peixoto,Cambuci,Apartamento,6065
105,2,1,Rua São Benedito,Santo Amaro,Casa,4760
29,0,0,Rua Natividade Saldanha,São Lucas,Studio e kitnet,1452
60,2,1,Avenida Cásper Líbero,Vila Osasco,Apartamento,3102
110,2,0,Rua Alberto Filipini,Umuarama,Casa,1964
50,1,0,Rua José Gonçalves Gomide,Vila Guilherme,Apartamento,803
360,4,4,Alameda Itanhaém,Alphaville,Casa em condomínio,15400
48,1,1,Rua Dr. Rubens Meireles,Várzea da Barra Funda,Apartamento,4023
69,3,2,Rua Silva Teles,Pari,Apartamento,4112
160,3,2,Rua José Manuel da Fonseca Júnior,Vila Matilde,Casa,5381
65,2,1,Rua Professor Sousa Barros,Vila Guarani (z Sul),Apartamento,2865
57,2,1,Rua Antonieta de Morais,Vila Matilde,Apartamento,2536
50,1,0,Rua Rosário do Sul,Jardim Maringá,Casa,1249
45,1,0,Rua Pires da Mota,Aclimação,Apartamento,2161
120,2,0,Rua do Boqueirão,Vila da Saúde,Casa,1891
36,1,1,Rua Águas Formosas,Jardim Brasil (zona Norte),Apartamento,1694
56,1,0,Avenida Celso Garcia,Tatuapé,Apartamento,1807
70,2,2,Rua Itapiru,Saúde,Apartamento,4913
160,2,3,Rua Bartolomeu Diniz,Lauzane Paulista,Casa,5255
50,2,0,Rua Anhumas,Vila Ema,Casa,1261
24,1,0,Rua Bela Cintra,Consolação,Studio e kitnet,3315
45,2,1,Rua Nova Brasília,Jardim Dona Sinhá,Apartamento,1527
83,3,0,Rua Casa Forte,Água Fria,Apartamento,2784
60,2,0,Alameda Ribeiro da Silva,Campos Elíseos,Apartamento,1978
36,1,0,Rua Laerte,Vila Mariza Mazzei,Casa,1042
300,3,4,Rua Professor José Ferraz de Arruda Júnior,Interlagos,Casa,5133
15,1,0,Rua Potunduva,Vila Mariana,Studio e kitnet,1735
200,3,2,Rua Domingos da Fonseca,Parque da Mooca,Apartamento,17480
25,1,0,Rua Domingos Maza,Vila Boacava,Casa em condomínio,834
30,1,0,Rua Doutor Fábio Montenegro,Vila Guilhermina,Apartamento,1700
39,1,0,Rua Doutor Artur Zapponi,Parque Sao Luis,Studio e kitnet,1235
80,3,1,Rua Arnaldo Pedroso D'horta,Vila Elze,Casa,1042
38,1,0,Rua Manuel Leiroz,Vila Penteado,Apartamento,1702
112,3,1,"Alameda Casa Branca - Jardim Paulista, São Paulo - Sp, Brasil",Jardim Paulista,Apartamento,5950
36,1,0,Rua Guarapuava,Mooca,Apartamento,2281
110,2,2,Rua Irapé,Cidade Mãe do Céu,Casa,3930
45,2,0,Rua Durval Fontoura Castro,Vila Paulista,Casa,1563
91,4,0,Rua Filipe de Alcaçova,Pinheiros,Casa,3748
100,2,0,Rua Marcolino Vaz Figueira,Jardim das Esmeraldas,Casa,1661
60,3,1,Rua Glicério,Liberdade,Apartamento,3920
84,2,1,Rua Salim Izar,Vila Progredior,Apartamento,5019
190,3,3,Rua Tamarataca,Mooca,Apartamento,10430
75,3,1,Avenida Industrial,Campestre,Apartamento,4639
35,1,0,Rua Capote Valente,Pinheiros,Apartamento,5751
72,2,1,Rua Deolinda Rodrigues,Jardim Ester,Apartamento,3383
60,1,0,Rua Joaquim Carlos,Jardim Brasília (zona Norte),Apartamento,2148
45,2,0,Rua Joaquim Rosa da Silva,Jardim Colorado,Apartamento,1317
15,1,0,Avenida São Miguel,Vila Marieta,Studio e kitnet,1187
67,2,1,Rua Peixoto Gomide,Jardim Paulista,Apartamento,4551
65,2,0,Rua Caeté-açu,Vila Paulicéia,Casa,2294
60,2,1,Rua Padre Machado,Bosque da Saúde,Apartamento,3508
60,2,0,Rua Torquato Tasso,Vila Prudente,Casa,1773
55,2,1,Rua Mogi Mirim,Vila Bertioga,Apartamento,2886
235,4,3,Rua Vespasiano de Oliveira,Vila Elvira,Casa em condomínio,10880
90,1,1,Rua Pedro de Toledo,Vila Clementino,Apartamento,5472
168,3,3,Avenida Francisco Matarazzo,Água Branca,Apartamento,13830
25,1,0,Ministro Godói,Perdizes,Apartamento,2731
30,1,0,Rua Maia Lelo,Vila Paulo Silas,Casa,1422
58,2,0,Rua Barão de Tramandaí,Vila Alpina,Apartamento,2197
172,4,3,Fábia,Vila Romana,Apartamento,10420
50,2,1,Rua Glória do Goitá,Jardim Independência (são Paulo),Apartamento,2046
250,0,3,Rua Dom Armando Lombardi,Vila Progredior,Casa,10290
52,2,1,Rua Doutor Albuquerque Lins,Santa Cecília,Apartamento,2613
35,1,0,Rua Artur Bernardes,Vila Invernada,Apartamento,1643
35,1,0,Avenida Brigadeiro Luís Antônio,Bela Vista,Apartamento,1868
76,2,1,Rua Oliveira Catrambi,Jardim Vila Formosa,Studio e kitnet,6577
44,1,0,Rua Joaquim Nunes Teixeira,Vila Plana,Apartamento,1648
40,2,0,Rua Guaranésia,Vila Maria,Apartamento,1963
22,1,0,Rua Rubens Sverner,Chácara Santo Antônio (zona Sul),Studio e kitnet,1991
74,3,1,Rua Anastácio de Souza Pinto,Nossa Senhora do O,Apartamento,3444
67,3,1,Rua Márcia Angélica Lopes,Parque Sao Francisco,Casa em condomínio,1136
90,2,0,Avenida Rio Branco,Campos Elíseos,Apartamento,3489
44,2,0,Rua Coronel Gustavo Santiago,Vila Zilda,Studio e kitnet,2799
34,1,1,Rua Consolação,Consolação,Studio e kitnet,3830
35,1,1,Rua dos Pinheiros,Pinheiros,Studio e kitnet,4567
35,2,0,Avenida Brigadeiro Luís Antônio,Bela Vista,Apartamento,3491
132,3,3,Rua Doutor José de Andrade Figueira,Vila Suzana,Apartamento,7877
60,2,1,Rua Mercedes Lopes,Vila Santana,Apartamento,2477
130,3,0,Rua Dom Francisco de Sousa,Centro,Apartamento,4644
30,1,1,Rua Marquês Itu,Vila Buarque,Studio e kitnet,2884
57,2,1,Rua Santa Maria Goretti,Utinga,Apartamento,1775
73,3,2,Avenida Miguel Frias E Vasconcelos,Jaguaré,Apartamento,4196
98,3,1,Rua José de Camargo,Vila Mariana,Apartamento,4007
138,3,2,Rua João Cachoeira,Vila Nova Conceição,Apartamento,18140
80,3,1,Rua Nanuque,Vila Leopoldina,Casa,3207
50,1,0,Rua Merino,Jardim Julieta,Casa,907
89,3,2,Avenida Otacílio Tomanik,Butantã,Apartamento,4474
40,1,1,Rua Correia Dias,Paraíso,Apartamento,4878
30,1,0,Viela Renaldo Laporta,Vila Aurora (zona Norte),Casa,521
43,2,0,Rua Tomé de Lara,Tucuruvi,Apartamento,2227
37,2,0,Rua Costa Barros,Vila Alpina,Apartamento,1724
46,1,0,Avenida Muzambinho,Vila Fachini,Casa,1279
50,2,1,Rua Campos Sales,Brás,Apartamento,2571
85,2,1,Rua da Consolação,Cerqueira César,Apartamento,7427
140,3,3,Rua Winifred,Vila Carrão,Casa,3945
55,2,1,Avenida Henriqueta Mendes Guerra,Centro,Apartamento,3879
60,1,0,Rua Atílio Lofredo,Padroeira,Casa,736
48,2,1,Avenida Yervant Kissajikian,Vila Constanca,Apartamento,2511
88,2,1,Alameda Casa Branca,Jardim Paulista,Apartamento,5904
32,2,0,Rua Santo Antônio,Bela Vista,Apartamento,2020
185,3,3,Rua São Paulo Antigo,Real Parque,Apartamento,9403
34,0,0,Rua Azevedo Marques,Santa Cecília,Studio e kitnet,1563
56,2,1,Rua Rio Verde,Vila Bruna,Apartamento,2469
70,2,1,Rua Guaraja,Vila Mazzei,Apartamento,2131
92,2,1,Rua Doutor Fausto Ribeiro de Carvalho,Rudge Ramos,Apartamento,2768
176,4,2,Rua Olídio Rocato,Bonfim,Casa,2974
146,3,1,Alameda Campinas,Jardim Paulista,Apartamento,6155
39,2,0,Rua João Graeber,São Lucas,Apartamento,4001
53,2,0,Rua São Serapião,Vila Ré,Apartamento,1519
28,1,0,Rua Vergueiro,Vila Mariana,Studio e kitnet,3742
67,3,2,Rua Ernani Pinto,Vila Maria Alta,Apartamento,3301
45,1,0,Rua Mamede Rocha,Vila Palmares,Casa,1065
60,1,0,Rua Paulo Maldi,Tucuruvi,Casa,2063
185,3,2,Rua Padre Leonel Franca,Vila Prudente,Casa,3857
54,2,1,Rua Augusto Blasi,Jardim Celeste,Apartamento,1485
69,2,1,Rua Avanhandava,Bela Vista,Apartamento,3281
60,2,1,Rua Luís Correia de Melo,Vila Cruzeiro,Apartamento,4999
250,4,5,Rua Acruás,Campo Belo,Casa,13960
120,3,3,Rua Águas da Prata,Vila Palmeiras,Casa,2826
89,3,3,Rua Artur,Imirim,Apartamento,4043
35,2,0,Rua do Bosque,Barra Funda,Apartamento,2568
260,3,4,Avenida José Muniz Ribeiro,Vila Paranaguá,Casa,5587
55,2,1,Rodovia Raposo Tavares,Jardim Olympia,Apartamento,2489
400,4,4,Rua Barão Serro Largo,Vila Regente Feijó,Casa,9924
40,1,0,Rua Maria Dias Hog,Parque Continental Ii,Casa,780
42,1,1,Rua Euclides Pacheco,Vila Gomes Cardim,Apartamento,3047
35,1,1,Rua Carlos Petit,Vila Mariana,Studio e kitnet,3950
52,2,1,Avenida Duque de Caxias,Campos Elíseos,Apartamento,3766
27,1,0,Avenida Thomas Edison,Barra Funda,Apartamento,1877
60,2,1,Alameda São Caetano,Santa Paula,Apartamento,2866
70,3,1,Rua Carneiro da Cunha,Vila da Saúde,Apartamento,3519
50,1,0,Rua Galeão Coutinho,Vila Marina,Casa,919
70,2,1,Rua Ferreira de Araújo,Pinheiros,Apartamento,9284
72,2,1,Rua Gama Lobo,Vila Dom Pedro I,Apartamento,5023
62,2,1,Rua dos Buritis,Jardim Oriental,Apartamento,2799
34,1,0,Rua Jordânia,Vila Guilhermina,Apartamento,1244
41,1,1,Rua Marie Nader Calfat,Jardim Ampliação,Apartamento,2634
36,1,1,Rua Baronesa de Itu,Vila Buarque,Studio e kitnet,5852
124,4,2,Rua Indiana,Brooklin,Apartamento,17630
48,2,1,Rua Vinte E Dois de Agosto,Vila Bela Vista (zona Norte),Apartamento,3524
34,1,0,Avenida Brigadeiro Luís Antônio,Bela Vista,Studio e kitnet,1592
84,3,2,Avenida Professor Francisco Morato,Vila Sônia,Apartamento,4349
60,1,0,Rua Upaiama,Vila São Geraldo,Casa,1111
73,2,1,Rua Lisboa,Cerqueira César,Apartamento,4765
59,3,1,Avenida Yervant Kissajikian,Vila Constança,Apartamento,2573
72,2,1,Rua Fiandeiras,Itaim Bibi,Apartamento,5486
70,2,0,Rua Emboaçava,Parque da Mooca,Casa,2734
65,2,1,Rua Deodate Pereira Rezende,Jaguaribe,Apartamento,2477
51,2,0,Avenida Vila Ema,Vila Ema,Apartamento,1832
160,4,2,Rua Geremia Lunardelli,Jardim Peri Peri,Casa,5309
32,2,1,Rua Valson Lopes,Vila Butantã,Apartamento,3285
67,3,1,Rua Deputado Emílio Carlos,Vila Campesina,Apartamento,4832
55,2,0,Alameda Barão de Piracicaba,Campos Elíseos,Apartamento,2010
36,1,1,Rua Ascencional,Jardim Ampliação,Apartamento,2749
89,2,2,Rua João Simões de Souza,Parque Reboucas,Apartamento,5430
44,1,1,Rua Desembargador Guimarães,Água Branca,Apartamento,4241
40,1,0,Rua Sebastião Martins,Jardim Bonfiglioli,Casa,1355
60,1,0,Rua Doutor Solon Fernandes,Vila Rosália,Apartamento,1342
85,3,1,Rua José Rafaeli,Socorro,Apartamento,2491
200,4,4,Rua Cândido Lacerda,Vila Regente Feijó,Apartamento,12090
50,2,0,Rua José Antônio Coelho,Vila Mariana,Apartamento,3148
85,2,0,Rua Intendência,Brás,Apartamento,2374
47,1,1,Rua do Tramway,Parada Inglesa,Apartamento,2829
25,1,0,Rua Doutor Ângelo Vita,Vila Zilda,Studio e kitnet,2633
38,2,0,Rua Visconde de Parnaíba,Brás,Apartamento,2514
39,1,1,Rua Ouro Branco,Jardim Paulista,Apartamento,3420
52,2,1,Rua Melo Peixoto,Tatuapé,Apartamento,2559
172,3,2,Rua Balthazar da Veiga,Vila Nova Conceição,Apartamento,14520
200,3,3,Rua Potá,Vila Formosa,Casa,3831
65,1,1,Rua Pamplona,Bela Vista,Apartamento,4862
56,2,1,Rua Terceiro-sargento João Soares de Faria,Parque Novo Mundo,Apartamento,1905
76,2,2,Rua Sansão Alves dos Santos,Cidade Monções,Apartamento,7588
35,1,0,Travessa Primeiro-sargento-polícia Militar Raul Fernandes das Neves Neto,Vila Gustavo,Casa,915
20,1,0,Rua Professor João Simões,Vila Santo Estefano,Studio e kitnet,1031
60,1,0,Rua Mafalda,Chácara Belenzinho,Casa,1513
110,3,2,Rua Tobias Monteiro,Parque Jabaquara,Casa,2959
55,1,1,Avenida Santa Catarina,Vila Mascote,Apartamento,2831
68,2,1,Rua José Benedito Salinas,Jardim Itapeva,Apartamento,3101
32,1,0,Rua Henrique Sertório,Tatuapé,Studio e kitnet,2598
127,2,2,Alameda Franca,Jardim Paulista,Apartamento,6599
20,1,0,Rua Artemis,Vila Babilônia,Casa,772
18,1,0,Viaduto Nove de Julho,Centro,Studio e kitnet,3092
88,2,2,Rua Pedro Gomes Cardim,Vila Progredior,Apartamento,5422
44,2,1,Rua Alvorada,Vila Olímpia,Apartamento,5124
36,1,1,Rua Galvão Bueno,Liberdade,Studio e kitnet,5462
56,1,0,Avenida Rio Branco,Campos Elíseos,Studio e kitnet,1558
40,1,0,Rua Santo Amaro,Bela Vista,Studio e kitnet,1442
65,2,1,Rua Aguiar de Barros,Bela Vista,Apartamento,8170
35,1,0,Rua Irmã Filomena,Vila Nova Carolina,Apartamento,2235
70,2,2,Rua Sansão Alves dos Santos,Cidade Monções,Apartamento,6018
130,3,2,Rua Rio Espera,Vila Rio de Janeiro,Casa,3943
28,1,0,Rua Doutor Nicolau de Sousa Queirós,Vila Mariana,Studio e kitnet,3431
140,3,2,Rua Augusto Farina,Butantã,Casa,4186
40,1,1,Rua Augusta,Consolação,Apartamento,4888
400,6,2,Rua Doutor Renan Basto,Vila Guarani,Casa,8965
30,1,0,Rua Paulo Célso Costa,Vila Mariana,Casa,638
30,1,0,Avenida Santo Albano,Vila Vera,Casa,1107
85,2,0,Rua do Erário,Vila Bertioga,Casa,1815
202,3,3,Alameda América,Alphaville Empresarial,Apartamento,15020
32,1,0,Rua Manoel Cruz,Vila Ernesto,Studio e kitnet,2459
54,2,1,Avenida Itaberaba,Nossa Senhora do Ó,Apartamento,2518
360,5,4,Alameda dos Antúrios,Residencial Seis (alphaville),Casa em condomínio,12560
46,1,0,Rua Barão de Tatuí,Vila Buarque,Apartamento,1794
150,3,2,Rua Quilombo,Jardim Santa Cecília,Casa,2388
44,2,1,Rua Savério Quadrio,Jardim Amaralina,Apartamento,1600
40,1,0,Rua Tabatinguera,Sé,Apartamento,1296
62,2,0,Rua Dona Veridiana,Vila Buarque,Apartamento,3732
80,1,1,Rua Conselheiro Elias de Carvalho,Vila Santa Catarina,Casa,2498
55,2,0,Rua Batataes,Jardim Paulista,Apartamento,6176
58,2,1,Rua Paulistânia,Vila Madalena,Apartamento,6220
27,1,0,Avenida Rebouças,Cerqueira César,Studio e kitnet,4447
18,1,0,"Rua Kalil Nader Habr - Vila Santo Estefano, São Paulo - Sp, Brasil",Vila Santo Estéfano,Casa,635
75,3,2,Avenida Miguel Yunes,Usina Piratininga,Apartamento,3902
160,2,4,Rua Jaboticabal,Vila Bertioga,Apartamento,14690
32,1,1,Rua General Chagas Santos,Vila da Saúde,Apartamento,3593
230,3,1,Rua Aprigio Rego Lopes,Jabaquara,Casa,4779
25,1,0,Rua Sampson,Brás,Studio e kitnet,1086
27,1,0,Rua General Jardim,Vila Buarque,Studio e kitnet,3576
35,1,0,Rua Martins Fontes,Centro Histórico de São Paulo,Apartamento,1995
140,3,2,Avenida Marcos Penteado de Ulhôa Rodrigues,Tamboré,Apartamento,10780
150,3,2,Rua Morro Alto,Vila Santa Maria,Casa,3562
142,3,2,Rua Vieira de Morais,Campo Belo,Casa,6845
70,3,1,Rua Jupi,Santo Amaro,Apartamento,4607
72,3,1,Rua Sousa Lima,Barra Funda,Apartamento,5523
27,1,1,Rua Sena Madureira,Vila Clementino,Studio e kitnet,4317
50,2,0,Rua Doutor Mário de Campos,Americanópolis,Casa em condomínio,1335
57,1,1,Alameda Madeira,Alphaville Industrial,Apartamento,5612
144,3,2,Rua Manuel Álvares da Costa,Jardim Ester Yolanda,Casa,4150
75,3,1,Rua Manuel de Soveral,Jardim São Paulo(zona Norte),Apartamento,3211
168,3,3,Avenida Oiapoque,Alphaville Centro Industrial E Empresarial/alphaville.,Apartamento,11240
30,1,0,Rua Herval,Belenzinho,Apartamento,2069
38,1,1,Rua Cônego Vicente Miguel Marino,Barra Funda,Apartamento,2953
36,2,0,Rua Leôncio da Costa Vieira,Jardim Piqueroby,Studio e kitnet,3038
85,2,2,Rua Augusto dos Anjos,Melville Empresarial Ii,Apartamento,6726
36,1,0,Rua Vicente Pereira de Assunção,Vila Constança,Apartamento,1196
24,1,0,Rua Caramuru,Vila da Saúde,Apartamento,2845
54,2,1,Rua Augusta Santel,Jardim Celeste,Apartamento,2756
68,2,2,Rua Jaci,Chácara Inglesa,Apartamento,4063
40,1,1,Rua Martins Fontes,Centro,Apartamento,3668
72,2,1,Rua Aroaba,Vila Leopoldina,Apartamento,6800
49,1,1,Avenida Rebouças,Pinheiros,Apartamento,6998
70,2,2,Rua dos Aliados,Vila Sao Pedro,Apartamento,2727
50,1,0,Rua José Codina,Jardim São Silvestre,Casa,938
40,1,0,Rua Dom Meinrado,Jardim Monjolo,Casa,1070
47,1,1,Rua Afonso Braz,Vila Nova Conceição,Apartamento,5476
45,2,0,Rua Barão de Iguape,Liberdade,Apartamento,2159
51,2,0,Praça Conceição do Herval,Chácara Santo Antônio (zona Leste),Apartamento,1598
67,1,0,Rua Antonio Avelino Neves,Jardim Valéria,Casa,832
110,3,2,Rua Doutor José de Andrade Figueira,Vila Suzana,Apartamento,5431
70,2,0,Rua Santa Ângela,Vila Palmeiras,Apartamento,1430
20,1,0,Rua Vale da Perdiz,Jardim Miriam,Casa,677
36,1,0,Rua Jorge Augusto,Vila Centenário,Apartamento,1734
115,3,2,Rua Cipriano Barata,Ipiranga,Apartamento,8907
62,2,1,Rua dos Americanos,Barra Funda,Apartamento,4100
70,1,0,Rua Doutor César Castiglioni Júnior,Casa Verde,Casa,2089
146,3,2,Rua José Lopes Dias,Jardim São Luís,Casa,2846
52,2,1,Rua Professor Arnaldo João Semeraro,Jardim Santa Emília,Apartamento,3406
250,4,3,Rua São Dario,Jardim Bonfiglioli,Casa,4525
250,3,3,Rua Carnaíba,Vila Diva,Casa,4320
97,3,1,Rua Marselha,Jaguaré,Apartamento,2669
180,3,1,Rua Caconde,Jardim Paulista,Apartamento,18400
45,2,1,Via Transversal Sul,Novo Osasco,Apartamento,1178
78,1,0,Praça Carlos Gomes,Liberdade,Apartamento,1762
38,1,1,Avenida Leôncio de Magalhães,Jardim São Paulo,Apartamento,2622
99,2,1,Rua do Oratório,Mooca,Apartamento,2819
80,3,1,Rua Heitor Penteado,Sumarezinho,Apartamento,4067
69,2,1,Rua Casa do Ator,Vila Olímpia,Apartamento,3970
40,1,0,Travessa Cleto da Silva,Jardim Pedro José Nunes,Casa,642
110,3,0,Rua Ministro Godói,Perdizes,Apartamento,6480
54,2,1,Rua da Glória,Liberdade,Apartamento,3715
51,1,1,Rua Sansão Alves dos Santos,Cidade Monções,Apartamento,8101
40,1,0,Rua Adolfo Lima Barros,Cidade Líder,Casa,1116
40,1,0,Rua Debret,Vila São José (ipiranga),Studio e kitnet,2268
76,1,0,Rua Forte William,Jardim Fonte do Morumbi,Apartamento,10200
45,1,0,Rua Francisca Miquelina,Bela Vista,Studio e kitnet,3157
100,3,1,Rua Haddock Lobo,Jardim Paulista,Apartamento,6349
28,1,1,Alameda Jaú,Jardim Paulista,Studio e kitnet,4224
35,1,0,Praça Doutor Mário Margarido,Liberdade,Studio e kitnet,1195
70,2,0,Rua Antonieta,Boa Vista,Casa,1561
33,1,0,Rua Martins Fontes,Bela Vista,Studio e kitnet,1664
70,2,0,Rua Paracatu,Parque Imperial,Apartamento,2292
60,2,0,Avenida Brigadeiro Luís Antônio,Bela Vista,Apartamento,2603
56,2,1,Avenida Alberto Fontana,Jardim Celeste,Apartamento,2152
48,2,0,Rua Maciel Monteiro,Vila Santa Teresa (zona Leste),Apartamento,1953
45,1,1,Rua Maracaí,Aclimação,Apartamento,4005
77,2,2,Rua Diego de Castilho,Panamby,Apartamento,5427
62,3,1,Avenida dos Ourives,Parque Bristol,Apartamento,2162
20,1,0,Rua Sargento Jeter Augusto Pereira,Parque Novo Mundo,Studio e kitnet,682
50,2,1,Rua Sousa Coutinho,Sacomã,Apartamento,2980
350,4,2,Rua das Aroeiras,Jabaquara,Casa,6090
121,2,2,Avenida Melchert,Chácara Seis de Outubro,Casa em condomínio,3674
36,1,1,Rua Barão de Tatuí,Vila Buarque,Studio e kitnet,2277
50,2,0,Rua Martim Burchard,Jardim Brasília (zona Norte),Apartamento,3841
60,2,0,Rua Antônio Dare,Vila Cavaton,Casa,1437
300,3,4,Rua Moacir Miguel da Silva,Jardim Bonfiglioli,Casa,4300
76,3,1,Rua Gomes de Carvalho,Vila Olímpia,Apartamento,8455
78,2,1,Rua Baronesa de Itu,Santa Cecilia,Apartamento,5369
160,3,2,Rua Coronel Higino Borges dos Santos,Santana,Casa,5738
45,2,1,Rua Quixadá,Vila Invernada,Apartamento,2707
46,2,1,Rua Glicério,Liberdade,Apartamento,2934
50,2,0,Avenida Jardim Japão,Jardim Brasil,Apartamento,1194
82,3,2,Avenida Celso Garcia,Brás,Casa,3017
30,1,0,Rua Manoel Oliveira Gonçalves,Jardim Jaçanã,Casa,509
59,2,1,Rua Domiciano Leite Ribeiro,Vila Guarani (z Sul),Apartamento,2968
160,3,2,Avenida Professor Vicente Rao,Santo Amaro,Casa,3584
62,2,1,Rua Alzira,Vila Alzira,Apartamento,3970
70,2,1,Rua Campo Grande,Padroeira,Apartamento,2797
100,3,2,Rua Teffé,Santa Maria,Apartamento,3989
55,2,1,Rua George Smith,Lapa,Apartamento,3932
35,1,0,Rua Dª. Elias Chaves,Campos Elíseos,Studio e kitnet,1495
74,3,2,Avenida Interlagos,Jardim Umuarama,Apartamento,5193
27,1,0,Rua da Consolação,Jardim Paulista,Studio e kitnet,3204
32,1,1,Rua Batataes,Jardim Paulista,Apartamento,3842
60,1,0,Avenida da Água Funda,Taboão,Casa,833
388,4,4,Avenida José Galante,Vila Suzana,Apartamento,13440
80,2,1,Rua Loureiro,Jardim Santa Maria,Casa,1355
100,3,2,Rua Padre João Manuel,Cerqueira César,Apartamento,18500
140,4,2,Rua Relógio de Sol,Parque Residencial da Lapa,Casa,5380
61,2,1,Rua da Mooca,Mooca,Apartamento,6170
43,2,1,Rua Dom José Marcondes,Jardim Almanara,Apartamento,2313
39,2,0,Rua Leôncio da Costa Vieira,Jardim Piqueroby,Studio e kitnet,3246
90,2,0,Rua Anápolis,Vila Augusta,Casa,1593
89,2,0,Rua Correggio,Vila Suzana,Apartamento,4853
201,3,5,Rua Barão de Jaceguai,Campo Belo,Apartamento,19100
180,3,4,Rua Pinto Serva,Jardim Taboao,Casa,4983
44,1,1,Rua Cajaíba,Vila Pompéia,Apartamento,3913
65,3,2,Rua Alfredo Mendes da Silva,Jardim Jussara,Apartamento,2704
65,2,1,Avenida Cupecê,Jardim Prudência,Apartamento,3027
38,1,1,Rua Salém Bechara,Centro,Apartamento,2959
250,3,2,Rua Aureliano do Amaral,Vila Nova Esperança,Casa,2690
110,2,1,Rua Murilo Furtado,Parque Vitoria,Casa,2108
275,3,2,Rua Guanás,Vila Sônia,Casa,8373
34,1,0,Rua Riskallah Jorge,Centro,Studio e kitnet,1420
131,3,0,Rua Cupiara,Água Rasa,Casa,3397
120,2,1,Rua Comendador Gil Pinheiro,Chácara Califórnia,Casa,1926
150,4,2,Rua Doutor Ivo Define Frasca,Vila Olímpia,Apartamento,15480
38,1,1,Alameda Lorena,Jardim Paulista,Apartamento,4087
56,2,1,Rua das Seringueiras,Vila Parque Jabaquara,Apartamento,3293
64,2,1,Rua Manuel Leiroz,Vila Penteado,Apartamento,3631
105,3,2,Rua Marechal Barbacena,Tatuapé,Apartamento,6335
100,2,2,Rua Lacedemônia,Jardim Brasil (zona Sul),Apartamento,4900
50,1,1,Rua General Florêncio,Quitaúna,Casa,2731
37,1,1,Rua Ouro Branco,Jardim Paulista,Apartamento,5403
56,2,2,Rua Júlio Sayago,Vila Ré,Casa em condomínio,1954
70,1,0,Rua Pierre de Beranger,Campo Grande,Casa,1525
40,2,0,Rua Jaguariaíva,Vila Guilhermina,Apartamento,1907
62,2,1,Rua Guiratinga,Chácara Inglesa,Apartamento,4411
28,1,0,Rua Voluntários da Pátria,Santana,Apartamento,2329
56,2,2,Rua João Mafra,Vila Brasílio Machado,Apartamento,2700
57,2,1,Rua Doutor Alfredo de Castro,Barra Funda,Apartamento,4143
50,2,1,Avenida Guarulhos,Vila Venditti,Apartamento,1936
38,2,0,Rua Brigadeiro Tobias,Centro Histórico de São Paulo,Apartamento,2433
250,3,2,Rua Amaro Guerra,Vila São Francisco (zona Sul),Casa,5733
92,3,2,Rua Sousa Reis,Vila Indiana,Apartamento,4355
20,1,0,Largo General Osório,Santa Efigênia,Studio e kitnet,1516
62,1,0,Rua São Francisco,Sé,Apartamento,1822
215,3,4,Rua Domingos Lopes da Silva,Morumbi,Apartamento,9473
50,1,0,Rua Gregório de Morais Rego,Jardim Consórcio,Casa,1040
37,1,0,Avenida Cupecê,Jardim Prudência,Apartamento,2279
49,2,1,Avenida Parada Pinto,Vila Nova Cachoeirinha,Apartamento,2199
62,2,1,Avenida José Júlio,Jaguaribe,Apartamento,1973
26,1,0,Avenida Alberto Augusto Alves,Vila Andrade,Studio e kitnet,3322
60,1,1,Rua Mair,Parque Maria Luiza,Casa,1336
50,1,1,Rua da Consolação,Consolação,Apartamento,3351
70,3,1,Rua Antonieta Leitão,Nossa Senhora do Ó,Apartamento,3503
25,1,0,Rua Oscar Cintra Gordinho,Liberdade,Apartamento,1921
40,1,1,Rua Schilling,Vila Leopoldina,Apartamento,3791
240,3,5,Rua Lorena,Vila Alice,Casa,3729
55,2,1,Rua Delegado Moraes Novaes,Vila Andrade,Apartamento,2825
36,1,0,Avenida Dedo de Deus,Vila Formosa,Apartamento,1524
146,3,0,Rua Caetano Pinto,Brás,Apartamento,3708
70,2,0,Rua General Júlio Marcondes Salgado,Campos Elíseos,Apartamento,2762
35,1,0,Rua São Paulo,Sé,Apartamento,2416
168,3,4,Rua Turmalina,Jardim dos Camargos,Casa,6588
147,3,2,Rua Mennucci,Jabaquara,Casa,5886
60,4,1,Avenida Etiópia,Vila Morellato,Casa,2339
170,3,2,Rua Luís Carlos Paraná,Jardim Cidália,Casa,4082
70,2,1,Avenida Madame Curie,Jardim Dourado,Apartamento,1684
160,4,1,Rua Kabul,Parque da Lapa,Casa,6022
100,3,0,Rua Bélgica,Parque das Nações,Casa,2919
80,1,2,Rua Deputado Laércio Corte,Paraíso do Morumbi,Apartamento,7477
31,1,0,Rua Melo Alves,Cerqueira César,Studio e kitnet,4762
55,2,1,Rua das Lobélias,Vila Bela,Apartamento,2294
101,3,2,Rua Dom Armando Lombardi,Vila Progredior,Apartamento,5125
48,1,0,Rua Barata Ribeiro,Bela Vista,Studio e kitnet,3079
150,3,1,Alameda Lorena,Jardim Paulista,Apartamento,7971
40,1,0,Rua João Adolfo,Centro Histórico de São Paulo,Studio e kitnet,1708
160,3,2,Rua Poconé,Vila Floresta,Casa em condomínio,3476
64,3,1,Rua Manuel Cherem,Vila Paulista,Apartamento,3263
30,1,0,Rua Mandioré,Vila Formosa,Studio e kitnet,901
32,1,0,Rua Domingos Paiva,Brás,Apartamento,2557
28,1,0,Rua Valson Lopes,Vila Butantã,Apartamento,2189
180,3,4,Rua Ministro Heitor Bastos Tigre,Jardim Monte Kemel,Casa,4025
66,3,1,Av. Padre Arlindo Vieira,Jardim Maria Estela,Apartamento,2915
55,2,1,Rua Luís Filipe Alberti,Jardim Maringá,Apartamento,1925
73,3,1,Avenida Cupecê,Jardim Prudência,Apartamento,3008
70,1,1,Rua São Benedito,Santo Amaro,Apartamento,5670
150,4,2,Rua Professor José Horácio Meirelles Teixeira,Vila Suzana,Apartamento,12150
180,3,2,Rua do Estilo Barroco,Chácara Santo Antônio (zona Sul),Casa,8143
60,2,1,Rua Silva Teles,Pari,Apartamento,4385
40,2,1,Rua Estônia,Parque das Nações,Apartamento,1971
70,2,1,Rua Cláudio,Água Branca,Apartamento,4639
63,3,1,Avenida Ajarani,Cidade Patriarca,Apartamento,2316
98,2,2,Rua Doutor Bacelar,Vila Clementino,Apartamento,12930
470,3,6,Rua Gabriel Quadros,Barro Branco (zona Norte),Casa,10960
135,2,2,Rua Coronel Francisco de Oliveira Simões,Paraíso do Morumbi,Apartamento,7311
196,3,3,Avenida Ômega,Alphaville,Apartamento,11200
24,1,0,Rua Doutor Ângelo Vita,Tatuapé,Studio e kitnet,2600
74,3,1,Avenida Doutor Guilherme Dumont Vilares,Jardim Londrina,Apartamento,3604
63,2,1,Rua Ipiranga,Jardim Aeroporto,Apartamento,6161
115,2,1,Rua Professor Macedo Soares,Vila Mariana,Casa,4075
31,1,0,Rua Doutor Luís Barreto,Bela Vista,Apartamento,1511
80,3,2,Rua Tutóia,Vila Mariana,Apartamento,6645
51,2,1,Rua Amâncio Pedro de Oliveira,Vila Maracanã,Apartamento,2868
67,1,0,Rua Conselheiro Brotero,Barra Funda,Casa,2499
184,3,1,Avenida Ipiranga,República,Apartamento,13550
100,3,1,Alameda Joaquim Eugênio de Lima,Jardim Paulista,Apartamento,5536
75,2,1,Rua São João da Bocaina,Chácara Mafalda,Casa,2076
51,2,1,Rua Ingaíbos,Vila Formosa,Apartamento,2557
40,1,0,Rua Raiz da Serra,Vila Parque Jabaquara,Casa,1376
35,1,1,Rua São Miguel,Bela Vista,Apartamento,3296
36,1,0,Avenida Agua Funda,Vila Guarani (z Sul),Casa,1222
16,1,0,Rua Iguatinga,Santo Amaro,Studio e kitnet,1850
48,2,1,Rua Leandro Teixeira,Paraisópolis,Apartamento,1848
450,5,1,Rua Antônio Carlos,Consolação,Apartamento,15330
83,2,2,Rua José da Silva Ribeiro,Vila Andrade,Apartamento,4512
50,1,1,Rua Luís Asson,Vila Buenos Aires,Casa,1540
92,2,1,Rua Tucuna,Pompeia,Apartamento,5973
80,2,0,Avenida Lasar Segall,Vila Celeste,Apartamento,4954
125,3,3,Rua das Camélias,Parque Assunção,Casa em condomínio,4702
70,1,3,Rua Fidalga,Pinheiros,Apartamento,7637
54,2,1,Rua Dom Macário,Saúde,Apartamento,1587
61,2,1,Rua Antônio Júlio dos Santos,Fazenda Morumbi,Apartamento,3003
75,2,0,Avenida Jurucê,Indianópolis,Apartamento,3811
75,1,0,Avenida Ipiranga,Centro,Apartamento,3033
29,1,0,Rua Guaicurus,Água Branca,Studio e kitnet,2679
71,2,2,Rua Nossa Senhora de Fátima,Santa Paula,Apartamento,4536
540,4,4,Rua Cajaíba,Vila Pompéia,Apartamento,13820
38,1,0,Rua Jaceguai,Bela Vista,Apartamento,2389
28,1,0,Rua Frei Walter Kempt,Vila Tolstoi,Studio e kitnet,857
26,1,0,Rua Vale da Perdiz,Jardim Miriam,Casa,761
88,2,0,Avenida Brigadeiro Luís Antônio,Sé,Apartamento,3116
397,4,3,Rua Vitória Régia,Jardim das Flores,Casa,8748
106,3,1,Rua Cardoso de Almeida,Perdizes,Apartamento,4918
45,1,1,Rua Professor Tamandare Toledo,Itaim Bibi,Apartamento,5515
34,1,0,Rua Doutor Fábio Montenegro,Vila Guilhermina,Apartamento,1972
50,2,0,Rua Tabatinguera,Sé,Apartamento,2015
55,2,1,Rua Ouvidor Peleja,Vila Mariana,Apartamento,3649
66,2,1,Rua Doutor Alfredo de Castro,Barra Funda,Apartamento,4147
118,2,0,Praça da Bandeira,Centro Histórico de São Paulo,Apartamento,3726
42,2,0,Rua Costa Barros,Vila Alpina,Apartamento,1921
48,1,0,Rua Rocha,Bela Vista,Apartamento,5693
35,2,1,Rua Dr Moraes Dantas,Vila Barbosa,Apartamento,1899
48,2,2,Rua Martim Afonso de Souza,Vila Pires,Apartamento,2024
25,1,0,Viela Renaldo Laporta,Vila Romero,Casa,907
40,1,0,Rua Curuçá,Vila Maria Baixa,Apartamento,1646
48,2,1,Rua José da Costa de Andrade,Jardim Santa Terezinha (zona Leste),Apartamento,1438
80,1,1,Rua Ministro Mário Carneiro,Vila Santa Teresa,Casa,1147
84,2,0,Rua Euclides de Andrade,Jardim Vera Cruz,Apartamento,3877
90,2,2,Rua Aratiba,Vila Endres,Casa,2626
200,4,2,Rua Folha de Hera,Parque Guarani,Casa,3613
73,2,2,Rua Pedro Colaço,Piqueri,Apartamento,2895
84,2,1,Rua Cláudio Aparecido Oliveira,Jardim Roberto,Apartamento,3337
62,3,1,Rua Rubem de Souza,Vila Inglesa,Apartamento,2335
49,2,1,Rua Doutor Milton Cotrim Sonzzini,Vila Guarani (zona Sul),Casa,1680
33,1,1,Rua Santa Justina,Vila Olímpia,Studio e kitnet,4658
25,1,0,Rua da Glória,Liberdade,Studio e kitnet,1323
75,3,2,Rua Cabo João Teruel Fregoni,Ponte Grande,Apartamento,3584
81,3,2,Rua Giovani Recordati,Parque São Domingos,Apartamento,4535
70,2,1,Avenida Marechal Mario Guedes,Jaguaré,Apartamento,3686
38,1,0,Rua dos Estudantes,Sé,Studio e kitnet,2061
60,2,0,Rua Frei Caneca,Consolação,Apartamento,3974
47,1,1,Rua Padre Lebret,Jardim Leonor,Apartamento,11350
41,1,0,Avenida Ipiranga,República,Studio e kitnet,1980
109,2,2,Rua Rosália de Castro,Vila Campestre,Casa,1981
32,1,0,Rua Iguará,Vila Alpina,Studio e kitnet,1477
377,4,5,Rua República do Iraque,Brooklin Paulista,Casa,14290
112,3,2,Rua Antônio Júlio dos Santos,Fazenda Morumbi,Apartamento,4319
67,2,1,Rua Fidélis Papini,Vila Prudente,Apartamento,2866
25,1,0,Rua Pacajás,Vila Cosmopolita,Apartamento,819
42,2,0,Rua Bom Sucesso,Cidade Mãe do Céu,Apartamento,1974
67,2,1,Rua Dias da Silva,Vila Maria,Apartamento,3932
15,1,0,Rua Frei Inácio da Conceição,Vila São Luís(zona Oeste),Studio e kitnet,1549
150,2,1,Rua Conceição Marcondes Silva,Vila Congonhas,Casa,3708
40,1,1,Rua Álvaro Rodrigues,Vila Cordeiro,Apartamento,4453
98,3,1,Avenida Paes de Barros,Mooca,Apartamento,3889
156,3,2,Avenida Parkinson,Alphaville Empresarial,Apartamento,8116
33,2,0,Avenida Tarumã,Vila Pierina,Apartamento,1533
34,1,1,Rua Marie Nader Calfat,Jardim Ampliação,Studio e kitnet,2409
110,2,2,Rua Doutor Miranda de Azevedo,Vila Anglo Brasileira,Apartamento,17340
76,2,1,Rua João Vitorino de Souza,Jardim Caravelas,Apartamento,3775
52,2,1,Rua Padre José Vieira de Matos,Conjunto Habitacional Padre Manoel da Nóbrega,Apartamento,1590
25,1,0,Rua Bento Freitas,República,Studio e kitnet,2441
39,1,0,Rua Santo Amaro,Bela Vista,Apartamento,3951
63,2,2,Rua dos Jequitibás,Campestre,Apartamento,3447
55,1,1,Rua Leandro Dupré,Vila Clementino,Apartamento,3108
180,3,1,Rua Haddock Lobo,Cerqueira César,Apartamento,14320
152,4,2,Alameda Jaú,Jardim Paulista,Apartamento,16300
40,1,0,Rua João Álvares da França,Freguesia do Ó,Apartamento,1678
51,1,1,Rua Martins Fontes,Centro,Apartamento,3929
58,2,1,Avenida Professor Luiz Ignácio Anhaia Mello,Vila Prudente,Apartamento,4760
92,3,2,Rua Capitão Rabelo,Jardim São Paulo,Apartamento,5694
230,3,2,Rua Maria Pais de Barros,Vila Marari,Casa,3669
56,2,1,Rua Marie Nader Calfat,Jardim Ampliação,Apartamento,2788
57,1,1,Rua Margarida Stach,Vila Ema,Casa,1616
45,2,0,Avenida General Olímpio da Silveira,Santa Cecília,Apartamento,2247
45,2,1,Rua Carlos Magalhães,Parque Reboucas,Apartamento,2086
46,2,1,Rua Cabo João Teruel Fregoni,Ponte Grande,Apartamento,2856
23,1,0,Rua Tapari,Vila Esperança,Apartamento,2110
64,2,1,Rua Paratiba,Jardim Nordeste,Apartamento,1921
82,2,2,Rua Antônio Baião,Vila Santa Clara,Casa em condomínio,3769
80,1,1,Rua Pedro Nunes,Jardim Dona Sinha,Casa,1430
28,1,0,Rua Doutora Neyde Apparecida Sollitto,Vila Clementino,Studio e kitnet,1216
75,2,1,Rua Werner Goldberg,Jardim Tupanci,Apartamento,4133
25,1,0,Rua Stela Marina,Brooklin,Apartamento,3884
47,2,1,Avenida Professora Virgília Rodrigues Alves de Carvalho Pinto,Jardim Leonor Mendes de Barros,Apartamento,2884
88,2,2,Rua Norma Pieruccini Giannotti,Barra Funda,Apartamento,8137
80,3,2,Rua Santo Irineu,Bosque da Saúde,Apartamento,4814
137,3,1,Rua Conselheiro Rodrigues Alves,Vila Mariana,Apartamento,7276
50,1,0,Rua Coronel José Lopes de Toledo,Vila Antonieta,Casa,1370
52,1,1,Rua Itapeva,Bela Vista,Apartamento,4134
42,1,0,Rua Lácio,Vila Formosa,Casa em condomínio,2373
160,3,1,Avenida Conselheiro Rodrigues Alves,Vila Mariana,Apartamento,11370
62,2,1,Avenida Flora,Bussocaba,Apartamento,2120
100,4,2,Avenida Moema,Planalto Paulista,Apartamento,8772
40,2,1,Avenida dos Ourives,Jardim São Savério,Apartamento,1850
28,1,0,Rua Nhamunda,Vila Dalila,Casa,1206
74,2,2,Sp-270 Km 15,Jardim Arpoador,Apartamento,4668
50,2,2,Rua Gradaú,Vila Bela,Apartamento,3231
100,3,2,Rua Flórida,Cidade Monções,Apartamento,7874
63,2,0,Rua dos Carmelitas,Sé,Apartamento,2020
23,1,0,Rua Ministro Godói,Perdizes,Apartamento,3297
112,3,2,Rua Cristianópolis,Água Rasa,Apartamento,4893
60,1,0,Rua Marquês de Maricá,Jardim Santa Cruz (sacomã),Casa,1457
48,2,0,Rua Ponte Pensa,Parada Inglesa,Apartamento,2366
130,3,2,Rua François Carlier,Vila Santa Teresa (zona Sul),Casa,4011
70,3,0,Avenida Coronel Sezefredo Fagundes,Tucuruvi,Casa,2034
30,1,0,Rua Bento Freitas,República,Studio e kitnet,2424
32,1,0,Avenida Mutinga,Jardim Libano,Casa,1112
25,1,1,Rua Benvinda Aparecida de Abreu Leme,Santana,Studio e kitnet,2622
170,3,1,Alameda Lorena,Jardim Paulista,Apartamento,12600
28,1,0,Rua Formosa,Jardim Flor da Montanha,Apartamento,851
92,3,1,Rua Botocudos,Vila Anastácio,Casa,3635
68,1,1,Rua Taguá,Liberdade,Studio e kitnet,2102
50,2,0,Rua Haddock Lobo,Cerqueira César,Apartamento,4396
28,1,0,Rua Santos Reis,Ipiranga,Studio e kitnet,1262
24,1,0,Rua Serra de Jairé,Quarta Parada,Studio e kitnet,1920
60,3,1,Rua Crubixa,Vila Araguaia,Apartamento,2204
70,2,1,Rua Antonieta,Picanço,Apartamento,1971
35,1,1,Rua Ministro Nélson Hungria,Vila Tramontano,Apartamento,2537
38,1,1,Rua São Vicente de Paulo,Santa Cecilia,Studio e kitnet,3066
49,2,0,Rua Brigadeiro Tobias,Centro Histórico de São Paulo,Apartamento,2103
25,1,0,Rua Apiacás,Pompeia,Apartamento,4130
115,3,1,Rua Joaquim Roseira,Jardim Novo Taboao,Apartamento,5396
69,2,1,Rua Luís Góis,Mirandópolis,Apartamento,3010
35,1,0,Rua Jota Carlos,Jardim Brasil (zona Norte),Casa,842
58,2,1,Rua Francisco Valente,Jardim Ester Yolanda,Apartamento,2546
80,2,1,Rua Turiassu,Perdizes,Apartamento,7090
23,1,0,Rua Santa Maria do Cambuca,Vila Tolstoi,Studio e kitnet,883
106,2,1,Alameda Santos,Cerqueira César,Apartamento,6761
34,2,0,Avenida Cupecê,Jardim Prudência,Apartamento,2239
71,2,1,Rua Diogo Vaz,Cambuci,Apartamento,2910
70,3,2,Rua Malebranche,Jardim Vila Mariana,Apartamento,5719
50,1,0,Travessa Antônio Bernacchi,Parada Inglesa,Casa,1407
73,2,1,Rua Cristiano Viana,Cerqueira César,Apartamento,7231
50,1,0,Rua Dragões da Independência,Tucuruvi,Casa,1254
69,2,2,Rua Hercília,Vila Matilde,Casa,2731
29,1,0,Rua da Consolação,Consolação,Studio e kitnet,2228
25,1,0,Avenida Brigadeiro Luís Antônio,Bela Vista,Apartamento,3414
40,2,1,Rua Cachoeira do Arari,Vila Leonor,Apartamento,1721
65,2,1,Avenida Washington Luís,Santo Amaro,Apartamento,2964
167,2,2,Rua Imbituba,Vila Prudente,Apartamento,5445
40,1,0,Travessa Ferreira Guimarães,Vila Brasil,Casa,990
126,2,2,Rua Mil Oitocentos E Vinte E Dois,Ipiranga,Casa,4067
28,1,0,Rua dos Andradas,Santa Ifigênia,Studio e kitnet,1180
50,1,1,Rua Dom João Maria Ogno,Vila Matilde,Casa,1824
80,2,0,Alameda Itu,Jardim Paulista,Apartamento,5591
50,1,0,Avenida Carlos Ferreira Endres,Vila Endres,Apartamento,1000
130,3,2,Rua Santa Gertrudes,Chácara Santo Antônio (zona Leste),Casa,5099
62,2,1,Rua Oneyda Alvarenga,Vila da Saúde,Apartamento,2979
45,2,1,Rua José da Costa de Andrade,Cidade Líder,Apartamento,1854
71,2,0,Rua Ezequiel Freire,Santana,Apartamento,2639
53,2,1,Rua Achiles Beline,Padroeira,Apartamento,2087
412,5,2,Rua Professora Ana de Andrade Santana,Jardim Leonor,Casa,16520
135,3,1,Rua Doutor Melo Alves,Cerqueira César,Apartamento,8513
54,2,1,Rua Cananéia,Jardim Sílvia,Apartamento,2518
65,2,1,Avenida Doutor Cardoso de Melo,Vila Olímpia,Apartamento,5611
35,2,0,Rua Amandaú,Tucuruvi,Apartamento,2976
71,2,1,Rua das Uvaias,Vila da Saúde,Apartamento,4043
95,3,2,Rua Marialva,Cidade Patriarca,Casa,3502
580,5,5,Rua Itatinga,Pacaembu,Casa,12180
35,1,0,Rua Maragojipe,Vila Antonina,Apartamento,1322
109,3,0,Rua Bela Cintra,Consolação,Apartamento,12070
200,2,1,Rua Afonso de Freitas,Paraíso,Apartamento,7929
50,2,2,Avenida Rio de Janeiro,Vila Bremen,Apartamento,1750
78,3,2,Rua Santa Leocádia,Vila Isolina Mazzei,Apartamento,3400
80,2,1,Rua Gomes Nogueira,Ipiranga,Casa,2440
45,2,1,Rua Firmiano Cardoso,Chácara Cruzeiro do Sul,Apartamento,1853
65,1,2,Rua Manoel Simões,Jardim Sao Saverio,Casa,1720
50,1,0,Rua Arnaldo Alvernaz Nunes,Jardim Sao Jose,Casa,1025
25,1,0,Rua Turiassu,Perdizes,Studio e kitnet,3947
100,3,1,Rua Belfort Matos,Vila Constança,Casa,2710
30,1,0,Rua Luiz Antônio Gonçalves,Vila Campanela,Studio e kitnet,1248
57,2,1,Rua Achiles Belline,Padroeira,Apartamento,2284
28,1,0,Avenida São João,República,Studio e kitnet,1493
70,3,1,Rua Coronel Rodovalho,Penha de França,Apartamento,3272
54,2,1,Rua Joaquim Antunes,Pinheiros,Apartamento,6343
40,1,0,Rua Joel Jorge de Melo,Vila Mariana,Casa,2214
60,1,0,Avenida Antônio Manograsso,Vila Formosa,Casa,1193
115,2,2,Rua Angatuba,Vila Sao Pedro,Casa,4335
74,2,0,Rua Emília Marengo,Vila Regente Feijó,Apartamento,3075
43,1,1,Rua Marquesa de Santos,Vila Dom Pedro I,Studio e kitnet,3293
20,1,0,Rua Isabel Dias,Mooca,Apartamento,1611
28,1,0,Avenida da Liberdade,Liberdade,Studio e kitnet,4438
45,2,1,Rua Glicerio,Liberdade,Apartamento,3283
100,2,2,Rua João de Sousa Dias,Campo Belo,Apartamento,6325
69,2,1,Rua Américo Samarone,Vila Moinho Velho,Apartamento,2937
80,2,1,Rua Guaravera,Vila Domitila,Casa,2085
87,3,1,Rua Soldado Thomás Antônio Machado,Vila Esplanada,Casa,2016
270,4,4,Rua Doutor James Ferraz Alvim,Vila Suzana,Apartamento,13390
60,2,1,Alameda dos Guaiós,Planalto Paulista,Apartamento,5301
92,2,1,Rua Amaral Gurgel,Centro,Apartamento,3426
58,3,1,Rua Pernambucana,Conceição,Apartamento,2599
48,1,1,Rua Pais de Araújo,Itaim Bibi,Apartamento,5394
122,3,1,Avenida Aprígio Bezerra da Silva,Chácara Agrindus,Apartamento,4364
41,2,1,Rua Embaúba,Vila Sacadura Cabral,Apartamento,1458
95,3,3,Rua Diamante Preto,Vila Gomes Cardim,Apartamento,6239
49,2,1,Rua Alexandre Benois,Vila Andrade,Apartamento,3462
134,3,2,Rua Doutor Clementino,Belenzinho,Apartamento,11200
37,1,0,Rua Rei Alberto,Parque Edu Chaves,Casa,990
50,1,1,Praça Barão de Itaqui,Vila Gomes Cardim,Apartamento,3435
66,2,2,Rua Desembargador Dalmo do Valle Nogueira,Vila Suzana,Apartamento,4132
140,3,3,Rua Cataguás,Vila Congonhas,Apartamento,8274
35,1,1,Rua Il Sogno Di Anarello,Vila Mariana,Apartamento,3804
80,2,1,Rua André Natale,Jardim Popular,Casa em condomínio,2220
122,4,2,Rua Pantaleão Brás,Jardim Ester,Casa,8919
80,1,1,Rua Dom Paulo Pedrosa,Real Parque,Apartamento,4206
63,1,2,Rua Urano,Aclimação,Apartamento,4961
30,1,0,Rua Miguel Rachid,Vila Paranagua,Apartamento,1047
20,1,0,Rua Oscar Freire,Pinheiros,Apartamento,4395
62,1,1,Rua Marquês de Itu,Vila Buarque,Apartamento,3834
39,2,1,Avenida Cangaíba,Cangaíba,Apartamento,1482
25,1,0,Avenida Cásper Líbero,Centro,Studio e kitnet,2571
64,2,1,Rua Rússia,Vila Santa Luzia,Apartamento,3025
32,1,0,Avenida Vila Ema,Vila Ema,Apartamento,1640
72,2,1,Rua Antônio Píres,Vila Albertina,Apartamento,3801
35,1,0,Praça Princesa Isabel,Santa Cecilia,Apartamento,1829
80,2,1,Rua Charles Darwin,Vila Santa Catarina,Apartamento,2276
134,2,2,Avenida Ômega,Empresarial 18 do Forte,Apartamento,14320
120,2,2,Rua Frei Caneca,Consolação,Apartamento,5747
70,3,1,Rua Poetisa Colombina,Jardim Bonfiglioli,Apartamento,4716
69,2,1,Alameda Lorena,Jardim Paulista,Apartamento,5280
110,1,1,Rua Zurich,Suiço,Casa,2092
42,2,1,Rua Teodoro Sampaio,Pinheiros,Apartamento,3251
32,1,1,Rua Paris,Sumaré,Studio e kitnet,3854
74,3,2,Rua Descampado,Vila Vera,Apartamento,4913
65,1,1,Rua Henrique Fausto Lancelotti,Vila Congonhas,Apartamento,4329
85,2,1,Rua Antônio Artoni,Vila Vera,Casa,2177
280,3,2,Rua Heitor Ariente,Vila Sonia,Casa,4210
74,2,1,Rua Gomes de Carvalho,Vila Olímpia,Apartamento,4476
37,1,1,Rua Major Diogo,Bela Vista,Apartamento,3578
40,1,0,Rua Caparaó,Vila Formosa,Casa,1251
140,2,1,Rua Egeu,Jardim Regina Alice,Casa,2373
79,3,1,Rua Marselha,Jaguaré,Apartamento,2984
175,3,3,Rua Nestor Teixeira Forte,Tucuruvi,Casa,5308
112,3,1,Rua Ângelo Sangirardi,Jardim Palmares (zona Sul),Casa,3075
20,1,0,Rua Professor Ari Bouzan,Butantã,Studio e kitnet,937
53,1,0,Rua Glicério,Liberdade,Apartamento,1458
15,1,1,Rua Doutor Alvares Teixeira,Jardim Tango,Casa,15640
35,1,1,Avenida Jabaquara,Mirandópolis,Apartamento,2597
40,1,0,Rua Antônio Clemente,Jardim Sao Paulo(zona Norte),Apartamento,1989
43,2,1,Avenida Brigadeiro Faria Lima,Cocaia,Apartamento,2158
72,2,1,Rua João Francisco de Moura,Vila Campo Grande,Apartamento,2764
83,3,2,Rua Pereira Barreto,Santo Amaro,Apartamento,6017
260,3,3,Rua Joaquim Ferreira,Água Branca,Apartamento,15540
122,3,2,Alameda Terras Altas,Tamboré,Apartamento,8828
45,1,0,Rua Pedro de Castro Velho,Jardim Iva,Casa,1014
39,1,1,Rua Coronel Jordão,Vila Guilherme,Apartamento,2841
38,1,0,Rua Juquis,Indianópolis,Apartamento,3477
25,1,0,Rua Marcelo Muller,Jardim Independência,Studio e kitnet,758
37,1,2,Rua Janguruçu,Parque da Mooca,Studio e kitnet,2318
87,3,2,Rua Bárbara Heliodora,Vila Romana,Apartamento,5356
65,2,1,Rua Doutor Nicolau Alberto Defina,Jardim da Saúde,Apartamento,1949
362,5,3,Rua Afonso de Oliveira Santos,Vila Suzana,Apartamento,8582
34,1,1,Avenida Amador Bueno da Veiga,Penha de França,Apartamento,2214
50,1,1,Rua Doutor Luiz Migliano,Jardim Caboré,Apartamento,4886
37,1,1,Rua Gerivatiba,Butantã,Apartamento,6528
70,1,0,Rua Municipal,Fundação,Casa,1563
169,3,3,Rua Turiassu,Perdizes,Apartamento,19900
55,2,0,Avenida Jardim Japão,Jardim Brasil,Apartamento,1194
95,3,1,Avenida Cásper Líbero,Vila Osasco,Apartamento,2296
60,1,0,Rua Oratório,Jardim Sônia Maria,Casa,1599
200,4,6,Rua Agudos Grandes,Vila Gustavo,Casa,5406
79,3,1,Rua Sapetuba,Butantã,Apartamento,7285
50,2,1,Rua Cuiabá,Vila Alzira,Apartamento,2603
35,1,0,Rua Tenente Otávio Gomes,Aclimação,Apartamento,1331
275,4,3,Avenida Ireré,Planalto Paulista,Casa,12840
80,3,1,Rua Itapiru,Vila da Saúde,Apartamento,4576
59,2,1,Rua Dona Tecla,Jardim Flor da Montanha,Apartamento,3606
100,3,1,Rua Doutor Plínio Barreto,Bela Vista,Apartamento,3574
39,1,1,Rua Dois de Julho,Ipiranga,Apartamento,2991
160,3,3,Rua Demóstenes,Campo Belo,Apartamento,9168
166,3,3,Rua Roma,Lapa,Apartamento,14550
104,3,1,Rua Nazaré Paulista,Vila Madalena,Apartamento,6975
217,3,4,Rua Doutor Miranda de Azevedo,Vila Anglo Brasileira,Casa,15100
50,2,1,Rua Santa Leocádia,Vila Isolina Mazzei,Casa em condomínio,2081
64,2,1,Rua da Consolação,Consolação,Apartamento,6029
33,1,0,Avenida Benigno Carrera,Vila Campestre,Studio e kitnet,1454
41,1,0,Rua Rego Freitas,República,Studio e kitnet,3299
100,2,1,Rua Alambique,Vila Gustavo,Apartamento,1795
91,3,2,Rua Carmo do Rio Verde,Jardim Caravelas,Apartamento,6729
40,1,0,Rua Comendador Armando Pereira,Parque Casa de Pedra,Casa em condomínio,1189
20,1,0,Rua Francisca Miquelina,Bela Vista,Studio e kitnet,2096
64,2,1,Rua Domingos de Santa Maria,Vila Guarani (z Sul),Apartamento,2940
140,3,2,Avenida Marcos Penteado de Ulhoa Rodrigues,Tamboré,Apartamento,8033
45,1,0,Rua José de Oliveira,Parque Peruche,Apartamento,1486
58,1,1,Rua Francisco Leitão,Pinheiros,Apartamento,5667
43,1,1,Rua do Paraíso,Paraíso,Apartamento,4450
70,2,0,Rua Rainha Vitória Eugênia,Vila Campestre,Casa,1522
40,1,0,Rua Fernão Albernaz,Vila Nova Savoia,Casa em condomínio,1165
28,1,0,Rua Joaquim Floriano,Itaim Bibi,Apartamento,5873
27,1,0,Rua Vinte E Oito de Setembro,Vila Dom Pedro I,Studio e kitnet,2256
200,2,2,Rua Doutor José de Andrade Figueira,Vila Suzana,Apartamento,5112
60,2,1,Rua Santa Marcela,Jardim Roberto,Apartamento,2231
161,3,4,Rua Monte Aprazível,Vila Nova Conceição,Apartamento,19850
60,2,2,Rua Cônego José Norberto,Vila Brasílio Machado,Apartamento,3957
61,2,2,Rua Doutor Maurício de Lacerda,São Judas,Apartamento,3628
40,1,0,Rua Baía Grande,Vila Alpina,Casa,1067
40,1,0,Rua Forte da Barra,Jardim Santa Efigenia,Casa,1188
70,2,0,Rua Silvino de Godoy,Jardim Cidade Pirituba,Casa,1721
40,1,0,Avenida Brigadeiro Luís Antônio,Bela Vista,Apartamento,2577
50,2,1,Avenida João de Barros,Socorro,Apartamento,3562
217,3,5,Rua Paiaguás,Vila Congonhas,Apartamento,22640
111,3,2,Rua Percílio Neto,Vila Gumercindo,Apartamento,16290
26,1,0,Rua Mil Oitocentos E Vinte E Dois,Ipiranga,Casa,1283
250,4,2,Rua Justino Nigro,Interlagos,Casa,4900
62,2,0,Rua Susana Rodrigues,Santo Amaro,Apartamento,2096
180,3,2,Rua Coronel Meireles 462 Casa 11 Penha Vila Lais,Vila Laís,Casa em condomínio,4122
35,1,1,Avenida Nove de Julho,Bela Vista,Apartamento,6120
120,2,1,Rua Guilherme Asbahr Neto,Chácara Monte Alegre,Casa,4816
29,1,1,Rua Pedroso Alvarenga,Itaim Bibi,Studio e kitnet,6404
338,4,3,Rua Joaquim José Esteves,Santo Amaro,Apartamento,24540
43,2,0,Rua Fani Lerner,Parque Nações Unidas,Apartamento,1402
45,1,0,Avenida Marechal Eurico Gaspar Dutra,Santana,Casa,1226
240,3,4,Rua Chamantá,Vila Prudente,Casa,4086
36,1,0,Rua Guaperuvu,Vila Aricanduva,Apartamento,1501
26,1,0,Rua Engenheiro Bianor,Butantã,Apartamento,3738
69,2,1,Rua São Diogo,Vila Araguaia,Casa em condomínio,2293
70,2,1,Alameda Joaquim Eugênio de Lima,Jardim Paulista,Apartamento,5601
135,3,2,Rua Fradique Coutinho,Pinheiros,Apartamento,10130
62,2,0,Rua Marcelo Homem de Melo,Quarta Parada,Casa,2594
58,2,1,Rua Alves Guimarães,Pinheiros,Apartamento,6147
58,2,1,Avenida Amador Bueno da Veiga,Penha de França,Apartamento,3476
26,1,0,Avenida Vila Ema,Vila Ema,Apartamento,2012
125,3,2,Rua Oliveira Alves,Ipiranga,Apartamento,8070
34,2,0,Rua Antônio de Barros,Vila Carrão,Apartamento,1768
60,3,1,Avenida Joaquina Ramalho,Vila Guilherme,Apartamento,3845
70,3,1,Rua São João Batista,Cambuci,Apartamento,2844
109,3,2,Rua Luiz Seráphico Júnior,Jardim Caravelas,Apartamento,8084
19,1,0,Rua Ouvidor Portugal,Vila Monumento,Studio e kitnet,1126
60,2,1,Rua Emília Marengo,Vila Regente Feijó,Apartamento,3044
50,1,1,Rua Campos Bicudo,Jardim Europa,Studio e kitnet,5415
125,4,2,Rua Daniel José Pereira,Rio Pequeno,Casa em condomínio,4334
98,2,0,Rua Tabatinguera,Sé,Apartamento,3250
72,2,1,Rua Guararapes,Brooklin Paulista,Apartamento,5187
37,1,0,Rua Leôncio da Costa Vieira,Jardim Piqueroby,Apartamento,1428
37,1,0,Rua Doutor Penaforte Mendes,Bela Vista,Studio e kitnet,2539
90,2,1,Rua Matias Pacheco,Vila Palmeiras,Casa,2189
122,2,0,Rua Caconde,Jardim Paulista,Apartamento,5114
36,1,0,Rua Engenheiro Jean Buff,Jardim Paraíso,Apartamento,2119
100,2,2,Rua Camé,Mooca,Apartamento,4557
22,1,0,Rua Francisco Alves,Vila Romana,Casa,1124
60,2,1,Rua Palacete das Águias,Vila Alexandria,Apartamento,3130
36,1,0,Rua José Getúlio,Liberdade,Apartamento,2911
30,1,1,Rua José Teles da Conceição,Cipava,Studio e kitnet,1038
68,2,1,Rua Ibitirama,Vila Prudente,Apartamento,2176
110,3,1,Rua Santa Justina,Vila Olímpia,Apartamento,5409
260,4,3,Rua Antônio Gebara,Planalto Paulista,Casa,9823
54,2,1,Rua Taubaté,Vila Fernandes,Apartamento,3172
39,1,1,Praça da República,República,Studio e kitnet,2896
38,2,0,Rua Alexandrino da Silveira Bueno,Cambuci,Apartamento,2068
74,1,0,Rua Antônio Benedito Machado Florence,Jardim Cidade Pirituba,Casa,1668
216,3,4,Rua São José,Santo Amaro,Apartamento,9954
27,1,1,Rua Maria Carolina,Jardim Paulistano,Studio e kitnet,5779
300,3,3,Rua Luciano Fernandes,Jardim Divinolandia,Casa,2584
51,2,1,Rua Lucrécia Maciel,Jabaquara,Apartamento,3555
250,3,1,Rua Primeira Cruz,Parque Independencia,Casa,2403
46,1,0,Largo São José do Maranhão,Maranhão,Casa,1843
35,1,0,Avenida Padres Olivetanos,Vila Esperança,Apartamento,1497
344,4,4,Alameda das Camélias,Alphaville,Casa em condomínio,13640
175,3,3,Vespasiano,Vila Romana,Casa,7870
34,1,0,Rua Tabatinguera,Liberdade,Apartamento,1381
212,3,2,Avenida Ômega,Melville Empresarial Ii,Apartamento,17610
150,3,0,Rua Domingos Fasolari,Casa Verde,Casa,3314
125,2,3,Avenida Nova Independência,Brooklin,Apartamento,11960
80,2,1,Rua Cajaíba,Pompeia,Apartamento,3924
47,1,2,Rua Bonnard,Alphaville Empresarial,Apartamento,3900
275,4,3,Rua Karl Czernick,Santo Amaro,Casa,6024
50,2,1,Rua Major Dantas Cortez,Vila Gustavo,Apartamento,2371
131,4,3,Rua Cupiara,Vila Santa Clara,Casa,3398
37,1,1,Rua Comendador Miguel Calfat,Vila Nova Conceição,Apartamento,3990
104,3,1,Rua Paraíba do Sul,Vila Rosália,Casa,2160
52,1,1,Rua Vieira de Morais,Campo Belo,Studio e kitnet,5149
100,3,1,Rua Mario Amaral,Paraíso,Apartamento,8899
51,1,1,Avenida Ômega,Melville Empresarial I E Ii,Apartamento,4322
180,3,2,Rua Caetanos,Vila Regente Feijó,Casa,8472
36,1,1,Rua Pascal,Campo Belo,Studio e kitnet,3999
35,1,0,Rua Cambembé,Cidade Mãe do Céu,Casa,1863
72,2,0,Avenida Lacerda Franco,Cambuci,Apartamento,3082
64,2,1,Avenida Ítalo Brasileiro Piva,Picanço,Apartamento,5174
80,2,1,Praça Visconde de Sousa Fontes,Parque da Mooca,Apartamento,5002
58,1,1,Rua Domingos Lopes da Silva,Vila Suzana,Apartamento,4331
42,1,1,Rua Estado de Israel,Vila Clementino,Apartamento,2455
30,1,0,Largo do Arouche,República,Apartamento,2627
232,4,2,Rua Henri Dunant,Santo Amaro,Casa,11190
34,1,1,Rua Eugênio de Medeiros,Pinheiros,Apartamento,5677
59,2,1,Rua Doutor Alfredo de Castro,Barra Funda,Apartamento,4224
107,3,1,Alameda Jaú,Jardim Paulista,Apartamento,9022
110,3,2,Rua Costa Aguiar,Ipiranga,Casa,5993
29,1,0,Rua Josef Kryss,Parque Industrial Tomas Edson,Apartamento,2206
30,1,1,Alameda Jaú,Jardim Paulista,Studio e kitnet,4387
49,2,1,Rua Alfredo Jorel,Jardim Celeste,Apartamento,2280
70,2,0,Rua Verônica,Vila dos Andrades,Casa em condomínio,1472
32,1,1,Rua Doutor Albuquerque Lins,Santa Cecilia,Apartamento,3903
65,2,1,Rua Simão de Toledo Piza,Vila Libanesa,Casa,1844
24,1,0,Rua dos Estudantes,Sé,Studio e kitnet,2028
22,1,0,Rua Nossa Senhora da Saúde,Jardim Previdencia,Casa,1263
130,2,2,Rua Michigan,Cidade Monções,Apartamento,16270
25,1,0,Rua Florindo Braglia,Jardim São Paulo(zona Norte),Casa em condomínio,1622
32,1,1,Alameda Eduardo Prado,Campos Elíseos,Studio e kitnet,1714
140,3,3,Rua René Zamlutti,Jardim Vila Mariana,Apartamento,6701
51,2,1,Avenida Lacerda Franco,Cambuci,Apartamento,3640
43,2,2,Av Leonardo da Vinte,Vila Nogueira,Apartamento,3341
50,1,0,Rua Comendador Armando Pereira,Parque Casa de Pedra,Casa em condomínio,1063
53,2,1,Rua Cipriano Barata,Ipiranga,Apartamento,3563
55,2,1,Avenida Yervant Kissajikian,Vila Constança,Apartamento,2221
25,1,0,Rua Girassol,Vila Madalena,Apartamento,3508
39,2,0,Rua Martim Burchard,Brás,Apartamento,2993
70,2,0,Rua Paulo Vidigal Vicente de Azevedo,Vila Siqueira (zona Norte),Apartamento,2812
96,2,2,Avenida Mofarrej,Vila Leopoldina,Apartamento,7795
50,2,0,Rua Agostinho Beltrano,Tremembé,Casa,915
145,3,2,Rua João Perestrello,Vila Nova Mazzei,Casa,3154
70,2,1,Avenida Belisário Pena,Vila Maria Alta,Apartamento,3131
82,2,2,Rua João Antônio de Oliveira,Mooca,Apartamento,5570
30,1,1,Avenida Sanatório,Jardim Modelo,Casa,1114
4,1,0,Travessa Santa Filomena,Vila Campo Grande,Casa,641
100,2,3,Rua dos Macaxás,Vila Nair,Casa,3863
30,1,0,Avenida Professor José Maria Alkmin,Jardim Ester,Casa,1251
42,1,1,Avenida São João,Santa Cecília,Studio e kitnet,2354
45,1,1,Rua Coronel Luís de Faria E Sousa,Vila do Encontro,Casa,1765
33,1,0,Avenida Rangel Pestana,Jardim Brasília (zona Norte),Apartamento,2273
77,2,2,Rua Amaral Gama,Santana,Apartamento,5374
80,3,2,Avenida Flora,Jaguaribe,Apartamento,2744
25,1,0,Rua Caetano Pinto,Brás,Apartamento,1267
340,4,3,Rua Joaquim José Esteves,Santo Amaro,Apartamento,18890
48,2,1,Rua Giacomo Cozarelli,Vila Santa Teresa (zona Sul),Apartamento,1523
70,1,0,Rua das Gamboas,Vila Mazzei,Casa,1303
31,1,0,Rua Torres da Barra,Água Branca,Apartamento,2129
35,1,0,Rua Hassib Mofarrej,Vila Leopoldina,Studio e kitnet,3208
70,2,1,Rua Joaquim Távora,Vila Mariana,Apartamento,5027
76,2,1,Rua Itajaí,Mooca,Apartamento,5612
64,3,1,Rua Doutor Laerte Setúbal,Vila Suzana,Apartamento,4195
56,2,1,Avenida Itaberaba,Nossa Senhora do Ó,Apartamento,2918
83,2,1,Avenida Divino Salvador,Planalto Paulista,Casa,4197
178,3,4,Rua Pontins,Santana,Apartamento,10920
27,1,0,Avenida Rubem Berta,Indianópolis,Studio e kitnet,3998
100,3,2,Rua Benjamin Costa,Jardim Aeroporto,Casa,3961
120,2,2,Rua Chafic Maluf,Santo Amaro,Casa,5977
42,1,1,Rua Genebra,Bela Vista,Studio e kitnet,5284
52,1,2,Rua Capote Valente,Pinheiros,Apartamento,5820
42,2,1,Rua Franklin do Amaral,Imirim,Apartamento,2345
52,2,0,Rua Augusta,Consolação,Apartamento,3683
101,3,2,Rua Vitória Régia,Campestre,Apartamento,5215
80,2,1,Rua Nelson Gama de Oliveira,Vila Andrade,Apartamento,4195
125,3,5,Rua Jose Ferreira Brandao,Jardim do Papai,Casa,3898
24,1,0,Rua Stela Marina,Brooklin Paulista,Studio e kitnet,3567
51,2,1,Rua João Avelino Pinho Mellão,Paraisópolis,Apartamento,3236
40,2,1,Rua Taquarituba,Jabaquara,Casa,1042
35,1,1,Rua Atuaí,Vila Esperança,Studio e kitnet,2182
89,2,2,Rua Jaboticabal,Vila Bertioga,Apartamento,4470
42,2,1,Rua Doutor Fleury Silveira,Vila Santa Maria,Apartamento,2109
70,2,1,Avenida Professora Ida Kolb,Jardim das Laranjeiras,Apartamento,3558
36,1,0,Praça Doutor Mário Margarido,Liberdade,Studio e kitnet,1274
45,1,1,"Rua Haddock Lobo, 804",Cerqueira César,Apartamento,5143
110,2,1,Rua José Maria Lisboa,Jardim Paulista,Apartamento,14600
30,1,0,Rua Santo Amaro,Bela Vista,Apartamento,1983
45,2,0,Rua Martim Burchard,Brás,Apartamento,2048
33,1,0,Rua Domingos Maza,Vila Boacava,Casa em condomínio,1147
35,1,0,Alameda Barros,Santa Cecilia,Apartamento,2519
35,1,1,Rua Carolina Soares,Vila Diva (zona Norte),Apartamento,2914
40,1,0,Avenida José Joaquim Seabra,Jardim Ivana,Studio e kitnet,1211
41,1,1,Rua Doutor Penaforte Mendes,Bela Vista,Apartamento,4278
33,1,0,Rua Major Quedinho,República,Apartamento,1607
25,1,0,Rua Ministro Godói,Perdizes,Apartamento,3494
81,2,1,Rua das Flechas,Vila Santa Catarina,Apartamento,7703
90,1,0,Rua Doutor Mário Ferraz,Jardim Europa,Apartamento,11560
36,1,1,Rua Janguruçu,Parque da Mooca,Studio e kitnet,2485
77,2,1,Alameda Franca,Jardim Paulista,Apartamento,6653
106,3,2,Rua Doutor Antônio Bento,Santo Amaro,Apartamento,8572
220,4,6,Rua dos Comerciários,Cidade Vargas,Casa,10930
48,2,1,Avenida Doutor Washington Luíz,Rudge Ramos,Apartamento,2129
65,2,2,Avenida Lins de Vasconcelos,Vila Mariana,Apartamento,5451
64,3,1,Avenida Raimundo Pereira de Magalhães,Jardim Íris,Apartamento,3758
44,1,1,Rua dos Jacintos,Mirandópolis,Apartamento,2809
230,4,5,Rua Gregório Zucchini,Jardim Olympia,Casa em condomínio,5957
109,3,2,Rua Domingos Fasolari,Casa Verde,Apartamento,8620
45,2,1,Rua do Oratório,Mooca,Apartamento,3138
65,1,1,Rua Sebastião Gonçalves Silva,Casa Verde,Casa,1647
325,4,4,Rua Pereira Leite,Alto de Pinheiros,Casa,12610
50,2,0,Rua Abílio Pedro Ramos,Vila Nilo,Casa,1093
35,1,0,Rua Professor Raul Briquet,Vila Libanesa,Casa,1122
149,3,2,Rua Senador César Lacerda Vergueiro,Sumarezinho,Apartamento,16080
64,2,1,Rua Tenente Sylvio Fleming,Vila Bonilha,Apartamento,1950
91,3,0,Avenida Jaguaré,Jaguaré,Apartamento,3164
82,2,1,Rua Santo Irineu,Bosque da Saúde,Casa,3680
46,1,0,Rua Riskallah Jorge,Centro,Studio e kitnet,1929
49,2,0,Rua Flora,Brás,Apartamento,2091
60,3,1,Rua Demerval da Fonseca,Jardim Santa Terezinha (zona Leste),Apartamento,1697
22,1,0,Rua Tapari,Vila Esperança,Studio e kitnet,2262
30,1,0,Rua Marquês de Itu,Vila Buarque,Studio e kitnet,1418
127,2,1,Rua Abílio Soares,Paraíso,Apartamento,5743
34,1,0,Rua Bucuituba,Vila Margarida,Apartamento,1216
28,1,0,Rua Aurora,Santa Efigênia,Studio e kitnet,2551
75,2,1,Avenida 11 de Junho,Vila Clementino,Apartamento,4187
24,1,1,Alameda Mamoré,Alphaville Industrial,Studio e kitnet,3508
38,2,1,Rua Valson Lopes,Vila Butantã,Apartamento,3435
40,2,1,Avenida Curió,Campanário,Apartamento,2312
43,2,1,Avenida Deputado Emílio Carlos,Limão,Apartamento,1882
105,2,3,Rua Almansa,Vila Andrade,Apartamento,9965
25,1,0,Rua Augusta,Cerqueira César,Casa,1726
64,2,0,Rua Antônio Carlos,Consolação,Apartamento,7367
32,1,0,Avenida Rio Branco,Campos Elíseos,Apartamento,1800
57,2,1,Rua Carlos Belmiro Correia,Parque Peruche,Casa,2306
50,2,1,Rua das Águias Reais,Vila Cardoso Franco,Apartamento,1212
63,2,1,Rua Bertioga,Chácara Inglesa,Apartamento,4263
134,3,2,Rua Buritis,Vila Parque Jabaquara,Apartamento,11500
300,3,0,Rua Solimões,Barra Funda,Casa,2859
65,2,1,Rua Doutor Nelson da Veiga,Vila Nova Mazzei,Casa em condomínio,3479
255,4,3,Avenida Parkinson,Alphaville Empresarial,Apartamento,14980
56,2,1,Rua José Paolone,Santa Paula,Apartamento,3547
23,1,0,Avenida Vereador José Diniz,Santo Amaro,Studio e kitnet,3667
294,4,2,Rua Professor Lúcio Martins Rodrigues,Jardim Leonor,Apartamento,18110
50,1,0,Rua Vitório Tafarello,Km 18,Casa,813
77,2,1,Rua Oliveira Catrambi,Jardim Vila Formosa,Studio e kitnet,6577
58,2,1,Rua Rubéns de Souza Araújo,Vila Mangalot,Apartamento,2363
65,2,0,Rua Adalgisa,Vila Nilo,Casa,1199
148,2,1,Rua Oscar Freire,Pinheiros,Apartamento,6523
45,1,1,Rua Borges Lagoa,Vila Clementino,Apartamento,5317
57,2,1,Avenida Miguel Stéfano,Bosque da Saúde,Apartamento,2884
64,2,1,Avenida Professor José Maria Alkmin,Jardim Ester,Apartamento,2532
140,3,3,"R. Conselheiro Moreira de Barros - Santana, São Paulo - Sp, Brasil",Santana,Apartamento,5203
28,1,0,Rua Pedro Vicente,Luz,Studio e kitnet,1656
60,2,1,Rua Doutor Plínio Barreto,Bela Vista,Apartamento,6504
91,2,2,Rua Salgueiral,Jardim Cidália,Casa,5193
42,2,0,Rua José Getúlio,Liberdade,Apartamento,2112
70,3,1,Rua Cajaíba,Vila Pompéia,Apartamento,4150
22,1,0,Rua Hipódromo,Brás,Studio e kitnet,1454
15,1,0,Avenida Doutor Ezequiel Campos Dias,Jardim Jussara,Apartamento,1132
300,3,3,Rua Marcus Pereira,Vila Suzana,Apartamento,5787
39,1,1,Rua Sampaio Viana,Paraíso,Studio e kitnet,5109
110,2,1,Rua Bela Cintra,Consolação,Apartamento,5608
58,2,2,Rua Latif Fakhouri,Vila Santa Catarina,Apartamento,3333
250,3,6,Rua Baltazar da Silveira,Vila Pereira Cerca,Casa,5472
98,3,1,Rua Haddock Lobo,Cerqueira César,Apartamento,12550
50,1,0,Viaduto Nove de Julho,Centro,Apartamento,2288
38,1,0,"Rua Turiuba, 114, Água Fria",Água Fria,Casa em condomínio,1367
45,1,1,Rua Joaquim Ferreira,Água Branca,Apartamento,4233
40,1,0,Rua Serra de Jairé,Quarta Parada,Apartamento,3185
35,1,1,Rua Conde de São Joaquim,Bela Vista,Apartamento,2490
92,2,0,Rua da Matriz,Santo Amaro,Apartamento,2417
200,5,3,Rua Cayowaá,Perdizes,Apartamento,11670
30,1,0,Avenida Nove de Julho,Bela Vista,Studio e kitnet,2342
260,4,4,"Campo Belo, São Paulo - Sp, 04610-001, Brasil",Campo Belo,Apartamento,16930
125,2,1,Rua João Cachoeira,Vila Nova Conceição,Apartamento,6066
60,3,0,Rua Tenente Ubirajara Monory,Jabaquara,Apartamento,2734
36,1,0,Rua João Burjakian,Lauzane Paulista,Apartamento,966
23,1,0,Avenida Junta Mizumoto,Jardim Peri Peri,Casa em condomínio,1734
72,3,1,Rua Queriri,Chácara Califórnia,Apartamento,3651
66,1,1,Rua Kansas,Brooklin Paulista,Apartamento,8143
108,2,1,Rua Mazzini,Aclimação,Apartamento,5244
36,1,0,Rua Capitão-mor Jerônimo Leitão,Centro Histórico de São Paulo,Studio e kitnet,2144
90,2,2,Rua Sebastião Paes,Campo Belo,Apartamento,5000
250,2,2,Rua Agop Kerimian,Vila Celeste,Casa,2277
20,1,0,Rua Valdomiro Lôbo da Costa,Vila das Mercês,Apartamento,962
37,1,1,Rua Dona Antônia de Queirós,Consolação,Apartamento,3588
40,1,0,Rua Armando Ramos Filho,Moinho Velho,Apartamento,1347
60,2,0,"Rua Quedas , 315",Vila Isolina Mazzei,Casa em condomínio,2785
48,1,0,Rua Doutor Caetano Estellita Pernet,Jardim Haia do Carrao,Casa,876
44,1,0,R. Santo Antônio,Bela Vista,Apartamento,2419
87,3,2,Rua Borba Gato,Santo Amaro,Apartamento,5335
25,1,0,Rua Abaitara,Vila Mesquita,Casa,936
75,3,1,Rua das Palmeiras,Gopoúva,Apartamento,3320
54,2,1,Rua Solidônio Leite,Vila Ivone,Apartamento,1810
27,1,0,Avenida Vila Ema,Vila Ema,Apartamento,1327
45,2,0,Rua Major Sertório,Vila Buarque,Apartamento,4183
55,2,1,Rua Azevedo Soares,Vila Gomes Cardim,Apartamento,4271
80,2,1,Rua São Gil,Tatuapé,Casa,2398
37,1,0,Avenida Prestes Maia,Centro,Apartamento,1986
90,1,0,Rua Salvador Mastropietro,Vila Prudente,Casa,1704
64,2,2,Rua Mercedes Salano Castineiras,Jardim Patente Novo,Apartamento,2595
41,1,1,Rua Enótria,Vila Mazzei,Apartamento,2212
50,2,1,Rua Floro de Oliveira,Jardim Adriana,Apartamento,1547
90,3,1,Rua Bacarira,Chácara Santo Antônio (zona Leste),Casa,2710
135,3,3,Rua Doutor Goulart Penteado,Vila Diva (zona Leste),Apartamento,9480
97,3,2,Rua Abraão Miguel do Carmo,Vila Monte Alegre,Apartamento,4297
100,2,1,Rua do Oratório,Mooca,Casa,4170
37,1,0,Rua Vinte E Quatro de Maio,República,Apartamento,1435
70,2,1,Rua Vicenzo Paciulo,Jardim Gracinda,Apartamento,2935
72,2,2,Rua Alexandre Levi,Cambuci,Apartamento,4598
89,4,2,Rua Guaratuba,Vila Guarani (zona Sul),Apartamento,17110
67,2,1,Avenida Professor Francisco Morato,Butantã,Apartamento,5739
120,3,2,Rua Alto Taquari,Jardim Vista Linda,Casa,2606
200,3,2,Rua Júlio Diniz,Vila Olímpia,Casa,8027
50,2,1,Avenida Varsóvia,Vila Metalurgica,Apartamento,4463
22,1,0,Rua Davi Hume,Vila Mariana,Apartamento,3527
45,1,0,Rua Jumana,Mooca,Apartamento,2242
90,2,1,Rua Frei Mont’alverne,Vila Aricanduva,Casa,3648
50,1,0,Rua Professor João Simões,Vila Santo Estéfano,Casa,1232
34,1,0,Rua Jaceguai,Bela Vista,Apartamento,2284
34,1,1,Rua Doutor Olavo Egídio,Santana,Apartamento,3116
26,1,0,Rua Bela Cintra,Consolação,Studio e kitnet,3927
42,1,1,Rua Bela Cintra,Consolação,Studio e kitnet,3958
98,2,2,Rua Professor Vital Palma E Silva,Jardim Europa,Apartamento,8245
35,1,1,Rua Gerivatiba,Butantã,Apartamento,7148
58,2,1,Avenida Brigadeiro Luís Antônio,Bela Vista,Apartamento,5436
50,1,0,Avenida Ultramarino,Lauzane Paulista,Casa,1042
58,2,2,Rua Paulo de Avelar,Vila Dom Pedro Ii,Apartamento,3623
39,1,1,Rua Ascencional,Jardim Ampliação,Apartamento,3323
33,1,1,Rua Vitoantonio Del Vecchio,Parque da Mooca,Apartamento,4629
40,1,1,Avenida Nove de Julho,Jardim Paulista,Apartamento,4862
42,1,0,Alameda Ribeiro da Silva,Campos Elíseos,Studio e kitnet,1605
100,3,2,Rua Antônio Gebara,Vila da Saúde,Casa,4236
65,2,2,Rua Percílio Neto,Vila Gumercindo,Apartamento,3418
56,2,2,Rua dos Americanos,Barra Funda,Apartamento,4417
57,2,1,Rua Carlos Belmiro Correia,Parque Peruche,Apartamento,2408
90,3,2,Rua Gomes Leal,Vila Dionisia,Casa,2085
39,2,1,Avenida Cipriano Rodrigues,Vila Formosa,Apartamento,2319
170,3,2,Avenida Professora Virgília Rodrigues Alves de Carvalho Pinto,Jardim Leonor Mendes de Barros,Casa em condomínio,3701
57,2,1,Avenida Edmundo Amaral,Piratininga,Apartamento,1973
85,2,2,Rua Catulo da Paixão Cearense,Vila da Saúde,Apartamento,5438
20,1,0,Rua Visconde de Aguiar Toledo,Vila Congonhas,Casa,2387
51,1,0,Rua Humaitá,Bela Vista,Apartamento,1968
68,2,1,Rua Doutor Orlando Zamitti Mammana,Jardim Paraíso,Apartamento,5041
350,4,5,Rua Comendador Gabriel Calfat,Jardim Leonor,Casa,16640
80,2,1,Rua Pirizal,Vila Carmosina,Casa,1896
68,1,0,Rua Conde de Irajá,Vila Mariana,Apartamento,2648
367,6,4,Alameda dos Araés,Planalto Paulista,Casa,9270
115,2,2,Avenida Braz Leme,Santana,Apartamento,7084
140,4,2,Rua Camundo,Planalto Paulista,Casa,6409
75,2,2,Rua Antônio Aggio,Jardim Ampliação,Apartamento,3994
85,2,1,Rua Guatemala,Vila Engenho Novo,Casa,2532
90,2,1,Rua Manoel Augusto Ferreirinha,Nova Gerty,Apartamento,3914
33,1,1,Rua Coronel Luís Barroso,Santo Amaro,Apartamento,3379
70,3,1,Rua Kalil Nader Habr,Vila Santo Estefano,Casa,2293
84,3,1,Rua Itajaí,Mooca,Apartamento,4681
113,3,2,Avenida Arruda Botelho,Alto de Pinheiros,Apartamento,10740
37,1,0,Rua Albino Boldasso Gabril,Vila Cruzeiro,Casa,1551
48,2,1,Rua Aquiles Jovane,Jardim Celeste,Apartamento,2017
96,3,0,Rua Doutor Albuquerque Lins,Santa Cecília,Apartamento,4610
45,2,1,Rua Henrique Casela,Jardim América da Penha,Apartamento,1754
50,2,0,Rua Helena Zerrener,Liberdade,Apartamento,1863
47,1,1,Avenida Brigadeiro Luís Antônio,Jardim Paulista,Apartamento,4120
20,1,0,Rua Doutor Teodoro Baima,República,Apartamento,2912
80,2,0,Avenida Maestro Villa-lobos,Vila Gustavo,Casa,1475
47,2,1,Rua Rio Verde,Vila Bruna,Apartamento,2374
220,3,4,Rua Domingos Lopes da Silva,Vila Suzana,Apartamento,8191
34,2,1,Rua São Bernardo,Cidade Mãe do Céu,Apartamento,2330
20,1,0,Rua Rêgo Freitas,República,Studio e kitnet,2523
23,1,0,Rua Tapari,Vila Esperança,Studio e kitnet,2005
181,4,2,Rua Maria Béu Nunes,Jardim Kuabara,Casa,4146
24,1,0,Rua da Consolação,República,Apartamento,2934
65,2,0,Rua Gargaú,Jardim Planalto,Casa,834
59,2,1,Rua Domiciano Leite Ribeiro,Vila Guarani (zona Sul),Apartamento,3533
107,3,1,Avenida Paes de Barros,Mooca,Apartamento,3353
40,1,0,Rua Vitor Costa,Bosque da Saúde,Casa,1495
48,1,1,Avenida dos Parques,Centro de Apoio I (alphaville),Studio e kitnet,3784
103,2,1,Rua Rui Barbosa,Vila Osasco,Casa,4152
120,2,1,Alameda Ministro Rocha Azevedo,Cerqueira César,Apartamento,9423
100,3,2,Rua Lacedemônia,Jardim Brasil (zona Sul),Apartamento,4461
125,2,2,Alameda Cores da Mata,Tamboré,Apartamento,9070
240,4,4,Rua dos Buritis,Jardim Oriental,Casa,10480
61,2,1,Rua Alba,Vila Parque Jabaquara,Apartamento,2296
30,1,0,Avenida Escragnolle Dória,Jardim Vila Formosa,Casa,1355
50,2,1,Avenida Gaivota Preta,Jardim Valeria,Apartamento,1788
50,1,2,Rua Arruda Alvim,Pinheiros,Apartamento,5006
44,2,1,Rua Yayá,Canhema,Apartamento,2701
80,2,1,Rua Doutor José de Queirós Aranha,Vila Mariana,Apartamento,3198
104,3,1,Rua Doutor José Carlos de Toledo Piza,Jardim Parque Morumbi,Apartamento,7476
120,4,0,Rua Murutinga,Jardim Oriental,Casa,5522
69,1,0,Rua Francisco Borges,Bom Retiro,Apartamento,2020
56,1,1,Alameda dos Jurupis,Moema,Apartamento,5884
67,3,1,Avenida Sebastião Henriques,Vila Siqueira (zona Norte),Apartamento,3817
29,1,0,Avenida São João,República,Apartamento,1792
46,1,2,Rua do Paraíso,Paraíso,Studio e kitnet,4304
40,1,0,Rua Ouricuri,Vila Formosa,Casa em condomínio,834
150,3,1,Rua Bela Cintra,Consolação,Apartamento,7949
35,1,0,Rua Conselheiro Furtado,Liberdade,Studio e kitnet,1923
57,2,1,Rua Angá,Vila Formosa,Apartamento,2902
52,2,1,Avenida Nova Cantareira,Tucuruvi,Apartamento,2425
63,2,0,Avenida Tiradentes,Jardim das Nações,Apartamento,1962
40,1,1,Rua Carolina Soares,Vila Diva (zona Norte),Apartamento,2962
150,2,2,Rua Chamantá,Vila Prudente,Casa,5058
28,1,0,Rua Amadis,Ipiranga,Apartamento,1418
170,2,2,Alameda Lorena,Jardim Paulista,Apartamento,9960
26,1,0,Rua Tabatinguera,Sé,Apartamento,1339
70,2,1,Avenida Brumado de Minas,Jardim Independência (são Paulo),Casa,1960
50,1,0,Rua Santa Archélia,Jardim Casablanca,Casa,938
60,2,2,Rua das Aroeiras,Jardim,Apartamento,2857
50,2,2,Rua Abdo Ambuba,Vila Andrade,Apartamento,3084
79,3,2,Rua Marquês de Valença,Alto da Mooca,Apartamento,4228
38,1,1,Avenida Gago Coutinho,Santa Maria,Casa,932
45,1,1,Rua Castilho,Brooklin Paulista,Apartamento,4250
52,1,1,Rua Marechal Hermes da Fonseca,Santana,Apartamento,2004
60,2,1,Rua Liestal,Lauzane Paulista,Apartamento,2569
128,2,2,Rua Édison,Campo Belo,Apartamento,9901
69,2,2,Rua Tonelero,Vila Ipojuca,Apartamento,5350
55,1,0,Rua Santa Isabel,Vila Buarque,Apartamento,2112
57,2,1,Rua Aimberê,Sumaré,Apartamento,5646
56,2,0,Praça Conceição do Herval,Chácara Santo Antônio (zona Leste),Apartamento,1618
145,4,2,Rua França Pinto,Vila Mariana,Apartamento,9027
34,2,0,Rua Amaral Gurgel,Vila Buarque,Apartamento,3271
56,2,1,Avenida Salgado Filho,Centro,Apartamento,1522
12,1,0,Rua Renato,Vila Ré,Studio e kitnet,987
220,2,0,Alameda Arlíndo Farias,Jardim Pazini,Casa,2576
82,2,1,Rua Geishofer,Jardim Baruch,Apartamento,1617
70,2,1,Rua Doutor Oscár Bernardes,Vila Palmares,Casa,1380
330,3,2,Rua Maratona,Vila Alexandria,Casa,6335
55,2,1,Avenida Yervant Kissajikian,Vila Constancia,Apartamento,2591
198,3,3,Rua Mangaratú,Casa Verde,Casa,3324
53,2,1,Rua Glicério,Liberdade,Apartamento,3375
249,4,4,Rua Álvaro Alvin,Cipava,Casa,7897
22,1,0,Avenida Roque Petroni Júnior,Jardim das Acácias,Studio e kitnet,4521
120,2,1,Rua Cinco de Outubro,Americanópolis,Casa,1924
182,4,3,Rua Professor Lúcio Martins Rodrigues,Vila Sonia,Apartamento,13050
175,2,2,Marcos Pereira,Jardim Leonor,Apartamento,3258
45,1,0,Rua General Glicério,Centro,Apartamento,1854
72,3,1,Rua Tapari,Vila Esperança,Apartamento,4000
82,1,2,Avenida José Galante,Vila Suzana,Apartamento,6225
33,1,0,Avenida do Oratório,Jardim Angela (zona Leste),Apartamento,1100
90,2,1,Rua Padre Sabóia de Medeiros,Vila Maria Alta,Casa,1713
28,1,0,Rua Joaquim Távora,Vila Mariana,Studio e kitnet,3876
60,2,0,Rua Francisco Vieira Bueno,Vila Primavera,Casa,1467
310,5,6,Avenida Giovanni Gronchi,Morumbi,Casa,13790
26,1,0,Rua Fernão Dias,Pinheiros,Apartamento,3948
30,1,0,Rua do Lavapés,Cambuci,Apartamento,1850
32,1,0,Rua Helena Zerrener,Liberdade,Studio e kitnet,1255
73,3,2,Rua Abagiba,Vila da Saúde,Apartamento,4018
10,1,0,Rua das Palmeiras,Vila Buarque,Studio e kitnet,2136
46,2,1,Via Transversal Sul,Novo Osasco,Apartamento,2193
30,1,1,Avenida Jamaris,Planalto Paulista,Studio e kitnet,3728
130,3,3,Rua Joana Avancini Prado,Jardim Lallo,Casa,2710
28,1,0,Rua Mariano Procópio,Ipiranga,Apartamento,3370
169,3,0,Rua Santo Amaro,Bela Vista,Apartamento,3843
100,2,6,Rua Gonçalo Pires,Vila Sonia,Casa,3542
65,2,0,Rua Senador César Lacerda Vergueiro,Sumarezinho,Apartamento,3355
85,2,2,Rua Doutor Nicolau de Sousa Queirós,Vila Mariana,Apartamento,17190
19,1,0,Rua Coronel Mursa,Brás,Casa em condomínio,2216
38,1,0,Rua Princesa Isabel,Brooklin Paulista,Apartamento,3151
85,2,1,Rua Maria Antônia,Vila Buarque,Apartamento,4469
22,1,0,Avenida Senador Queirós,Centro Histórico de São Paulo,Studio e kitnet,2321
20,1,0,Rua Freire Farto,Jabaquara,Casa,1170
47,2,1,Rua Artur Rodrigues Alcântara,Jardim Vila Galvão,Apartamento,2861
150,3,1,Rua Guarará,Jardim Paulista,Apartamento,9806
37,1,0,Praça Pedro Lessa,Centro Histórico de São Paulo,Studio e kitnet,3010
49,2,1,Rua Professor Luis Eulálio de Bueno Vidigal,Centro,Apartamento,3057
62,2,1,Avenida Joaquina Ramalho,Vila Guilherme,Apartamento,2948
160,3,3,Avenida Pompéia,Pompeia,Casa,4950
200,3,0,Rua Panônia,Jardim Colombo,Casa em condomínio,3536
62,2,1,Rua Alves de Almeida,Chácara Belenzinho,Casa em condomínio,2479
86,2,1,Rua Diana,Perdizes,Apartamento,3763
63,2,1,Rua Domingos Afonso,Vila Santa Clara,Apartamento,5607
50,2,0,Rua das Heras,Vila Lucia,Apartamento,1878
160,3,1,Rua Carapocaia,Vila Isolina Mazzei,Casa,3056
110,3,2,Rua Campos Belos,Vila Rosalia,Casa,5462
80,1,1,Rua Padre João Manuel,Cerqueira César,Apartamento,7754
330,3,3,Rua São José,Santo Amaro,Apartamento,18150
35,1,0,Avenida Junta Mizumoto,Jardim Peri Peri,Apartamento,2587
166,3,3,Rua Benedita Aparecida Nogueira,Cidade Intercap,Casa,3465
34,1,1,Rua Eugênio de Medeiros,Pinheiros,Studio e kitnet,5582
52,1,0,Rua Brigadeiro Tobias,Centro Histórico de São Paulo,Apartamento,1638
20,1,0,Rua Aguiar de Barros,Bela Vista,Studio e kitnet,2489
200,3,1,Rua Iracema Senna Cerqueira dos Santos,Cidade Intercap,Casa,2731
70,2,1,Rua Consolação,Cerqueira César,Apartamento,4858
50,1,0,Rua Princesa Isabel,Canhema,Casa,830
62,2,1,Avenida da Paz,Jardim São Judas Tadeu,Apartamento,2337
52,2,1,Avenida Guarulhos,Ponte Grande,Apartamento,2761
50,1,0,Rua Canuto do Val,Vila Buarque,Apartamento,3328
200,3,4,Rua Doutor Saulo de Castro Bicudo,Jardim Maria Rita,Casa,4200
34,2,0,Rua São Quirino,Vila Guilherme,Apartamento,1858
130,3,1,Avenida 23 de Maio,Vila Mariana,Apartamento,7591
340,4,6,Alameda Campinas,Alphaville,Casa em condomínio,17190
100,2,3,Rua Professora Gioconda Mussolini,Vila Gomes,Casa,4583
60,2,0,Rua Aurélia,Vila Romana,Casa,2005
40,1,0,Rua Francisco Shigueki Nomura,Imirim,Apartamento,890
78,3,2,Rua Padre Feliciano Domingues,Jardim Mariliza,Apartamento,6433
40,1,1,Alameda Ministro Rocha Azevedo,Cerqueira César,Studio e kitnet,7591
68,2,1,Rua Heitor Peixoto,Cambuci,Apartamento,5860
25,1,0,Rua Amaral Gurgel,Vila Buarque,Apartamento,2831
25,1,0,Avenida Jabaquara,Mirandópolis,Studio e kitnet,3176
24,1,0,Avenida Álvaro Ramos,Belenzinho,Studio e kitnet,2378
220,3,4,Rua Luiz Antônio Gonçalves,Vila Campanela,Casa,2326
60,2,0,Rua Albion,Lapa,Casa,2554
199,4,2,Rua Flávio Iazzetti,Parque dos Principes,Casa,7510
57,1,1,Rua Dona Antônia de Queirós,Consolação,Apartamento,5464
70,2,0,Avenida João Dias,Santo Amaro,Apartamento,3116
53,1,1,Rua Jaceru,Vila Gertrudes,Apartamento,5404
130,3,1,Rua Palestina,Vila Mascote,Casa,4311
28,1,0,Praça da República,República,Studio e kitnet,3211
42,1,1,Rua Danúbio Azul,Jardim Guanca,Casa,1092
59,2,1,Rua Leopoldo Miguez,Cambuci,Apartamento,2397
250,4,2,Rua Marituba,Chácara Monte Alegre,Casa,11030
98,2,2,Rua Doutor Luiz Migliano,Jardim Caboré,Apartamento,6044
42,1,0,Avenida Joaquina Ramalho,Vila Guilherme,Studio e kitnet,1677
67,2,1,Rua Tapiraí,Vila Isolina Mazzei,Apartamento,3695
42,2,1,Rua Antônio de Almeida Naves,Cidade dos Bandeirantes,Apartamento,2706
125,2,1,Rua Luís Simões,Piqueri,Casa,2502
65,2,1,Avenida Coronel Francisco Júlio César Alfieri,Vila São Paulo,Apartamento,2562
70,3,2,Avenida Miguel Estefno,Saúde,Apartamento,4999
75,2,2,Avenida Brigadeiro Luís Antônio,Jardim Paulista,Apartamento,6992
70,1,2,Rua Alexandre Benois,Vila Andrade,Apartamento,3728
105,2,1,Rua Coronel Oscar Porto,Paraíso,Apartamento,5861
92,2,2,Avenida Delmar,Alphaville Empresarial,Apartamento,7141
135,3,4,Rua Corinto de Toledo,Parque Jabaquara,Casa,7051
45,1,0,"Jaguaré, São Paulo - Sp, 05334-080, Brasil",Jaguaré,Casa,834
43,1,1,Rua Estado de Israel,Vila Clementino,Apartamento,5248
175,3,2,Alameda Afonso Schmidt,Santa Teresinha,Casa,4141
60,2,0,Rua Piraçununga,Vila Bertioga,Studio e kitnet,1393
40,2,0,Rua Dom Joaquim de Oliveira,Cidade Patriarca,Apartamento,1708
34,2,0,Rua Amandaú,Parada Inglesa,Apartamento,2246
85,2,1,Rua Algarobeira,Vila Iório,Casa,2191
400,4,4,Rua República do Iraque,Brooklin Paulista,Casa em condomínio,18690
124,3,2,Rua Montes Aureos,Penha de França,Apartamento,4283
55,2,1,Rua Nelson Gama de Oliveira,Vila Andrade,Apartamento,3836
63,2,1,Avenida do Cursino,Vila Moraes,Apartamento,2993
50,2,0,Rua Tenente Coronel José Joaquim Correia de Arruda,Vila Portuguesa,Casa,1576
50,2,1,Rua Coronel Francisco Júlio César Alfieri,Vila Sao Paulo,Apartamento,2134
25,1,0,Rua Valson Lopes,Vila Butantã,Apartamento,2602
65,2,1,Avenida Interlagos,Jardim Marajoara,Apartamento,3992
39,1,0,Rua Rego Freitas,República,Apartamento,1865
95,2,1,Rua São Benedito,Santo Amaro,Apartamento,3540
96,3,2,Rua Brigadeiro Galvão,Barra Funda,Apartamento,8146
212,4,3,Rua Nelson,Vila Isolina Mazzei,Casa,3910
162,3,3,Avenida Jandira,Indianópolis,Apartamento,13570
67,2,1,Avenida Celso Garcia,Tatuapé,Apartamento,5716
200,3,2,Rua Bela Cintra,Consolação,Apartamento,21700
60,2,1,Rua Joaquim Ferreira,Água Branca,Apartamento,4686
83,2,1,Rua Tucunduva,Vila São Vicente,Apartamento,2802
55,2,1,Rua Coronel Bento Bicudo,Piqueri,Apartamento,2075
65,2,2,Avenida Flora,Jaguaribe,Apartamento,3002
31,1,0,Rua Aldeia Paracanti,Vila Ré,Apartamento,2394
55,2,1,Rua Barata Ribeiro,Bela Vista,Apartamento,3835
51,2,1,Avenida Escola Politécnica,Lajeado,Apartamento,2549
142,3,2,Rua Caraíbas,Pompeia,Apartamento,10210
140,3,0,Rua Sebastião Paes,Nova Piraju,Casa,4092
180,4,4,Rua Plínio Salgado,Jardim Peri Peri,Casa,6035
50,2,1,Avenida Presidente Joao Goulart,Umuarama,Apartamento,2718
56,2,1,Rua Djalma Pessolato,Interlagos,Apartamento,3653
198,3,3,Avenida Cásper Líbero,Vila Osasco,Casa,4368
70,2,0,Rua Aurélia,Vila Romana,Casa,2726
172,3,4,Rua Maria Názaro da Silva,Sítio Morro Grande,Casa,4313
38,1,0,Avenida Marcondes de Brito,Chácara Seis de Outubro,Apartamento,1397
31,1,0,Rua Francisca Miquelina,Bela Vista,Studio e kitnet,1613
50,2,0,Rua Ministro Roberto Cardoso Alves,Jardim Novo Santo Amaro,Apartamento,2350
62,1,0,Rua Nestor Pestana,Consolação,Apartamento,2515
20,1,0,Rua Maria Pais de Barros,Vila Marari,Studio e kitnet,588
50,2,1,Avenida Leonardo da Vinci,Vila Guarani (z Sul),Apartamento,2416
200,3,2,Alameda Canto dos Passaros,Centro Empresarial Tamboré,Apartamento,14760
111,3,0,Rua Desembargador Bandeira de Mello,Santo Amaro,Apartamento,2678
110,2,1,Rua Claudino Barbosa,Macedo,Casa,3232
60,3,1,Rua Pederneiras,Vila Palmares,Apartamento,2214
48,1,0,Rua Alexandre Gusmão,Vila Socorro,Casa,1012
30,1,0,Rua Professor João Simões,Vila Santo Estéfano,Casa,992
44,1,0,Rua Asdrúbal do Nascimento,Bela Vista,Studio e kitnet,1639
33,1,0,Praça Carlos Gomes,Centro,Studio e kitnet,1710
29,1,1,Rua Engenheiro Bianor,Butantã,Studio e kitnet,3392
37,2,0,Rua Doutor Sérgio Meira,Barra Funda,Apartamento,2620
58,2,1,Rua Curiá,Jardim Sabara,Apartamento,4145
54,2,1,Rua Paulo Andrighetti,Alto do Pari,Apartamento,3150
120,2,2,Rua Vinte E Oito de Setembro,Vila Dom Pedro I,Casa,3691
34,1,0,Rua General Jardim,Vila Buarque,Apartamento,3094
112,2,3,Alameda Campinas,Jardim Paulista,Apartamento,16580
360,6,4,Rua Vieira de Morais,Campo Belo,Casa,7366
100,3,0,Rua das Gloxíneas,Cidade Nova São Miguel,Casa,1355
120,2,2,Rua Padre Lebret,Jardim Leonor,Apartamento,5836
43,1,0,Rua Conselheiro Nébias,Campos Elíseos,Studio e kitnet,1403
400,3,3,Rua Carlos de Mesquita,Jardim Jussara,Casa,10570
90,1,1,Rua Cristiano Viana,Cerqueira César,Apartamento,6579
90,2,1,Rua Manuel Vaz,Jardim Consórcio,Casa em condomínio,4755
207,4,3,Rua Conselheiro Moreira de Barros,Santana,Apartamento,10920
57,2,0,Rua Guaianazes,Campos Elíseos,Apartamento,2018
56,2,1,Rua Mozart,Vila Rosália,Apartamento,2685
48,1,2,Avenida Doutor Guilherme Dumont Vilares,Jardim Londrina,Apartamento,2947
80,3,2,Rua Carlos Weber,Vila Leopoldina,Apartamento,4874
27,1,0,Rua São Severiano,Vila Santana,Studio e kitnet,1439
33,1,0,Rua Doutor Vila Nova,Vila Buarque,Studio e kitnet,2793
60,1,2,Rua Haddock Lobo,Cerqueira César,Apartamento,8184
200,4,2,Rua Baxiúva,Jardim Novo Santo Amaro,Casa,4365
110,4,2,Avenida Interlagos,Interlagos,Apartamento,3997
82,2,1,Rua José Maciel Neto,Jardim Maria Rosa,Apartamento,2373
40,1,1,Rua General Júlio Marcondes Salgado,Campos Elíseos,Apartamento,2568
72,2,0,Avenida Nova Cantareira,Tucuruvi,Apartamento,3078
32,2,0,Avenida Vila Ema,Vila Ema,Apartamento,1622
45,1,0,Avenida André Ramalho,Parque João Ramalho,Apartamento,1155
50,2,0,Avenida Guarulhos,Ponte Grande,Apartamento,1844
60,1,0,Rua Glicério,Liberdade,Apartamento,1530
82,2,1,Rua Otávio Lima Mendes,Jardim Rosa de Franca,Casa,1507
74,2,0,Rua Major Quedinho,Centro,Apartamento,2238
33,1,1,Avenida Jabaquara,Mirandópolis,Apartamento,2736
48,2,1,Rua Heitor Penteado,Sumarezinho,Apartamento,3558
45,1,0,Avenida Rangel Pestana,Brás,Apartamento,1674
50,2,0,Rua Almirante Brasil,Mooca,Apartamento,3766
75,2,2,Rua do Símbolo,Jardim Ampliacao,Apartamento,3334
312,5,3,Rua Brigadeiro Gavião Peixoto,Lapa,Casa,11190
52,2,1,Rua Nova Brasília,Jardim Dona Sinhá,Apartamento,1733
11,2,1,Rua Antônio Ribeiro Macedo,Vila Bancária,Apartamento,1286
200,4,3,Rua Professor Dias Castejon,Jardim Monte Kemel,Casa,5763
55,2,1,Rua Artur Prado,Bela Vista,Apartamento,4936
37,2,0,Rua Doutor Fontes de Resende,Vila Dalila,Apartamento,1760
60,2,1,Rua Piratininga,Brás,Apartamento,2968
33,1,1,Rua Teodoro Sampaio,Pinheiros,Apartamento,2741
55,2,1,Rua Henrique Casela,Jardim América da Penha,Apartamento,1825
26,1,0,Rua Manoel Dutra,Bela Vista,Studio e kitnet,2114
59,2,1,Avenida Salgado Filho,Centro,Apartamento,1524
80,1,0,Rua Cristiano Viana,Cerqueira César,Apartamento,3983
32,1,0,Rua Conselheiro Ramalho,Bela Vista,Studio e kitnet,2176
54,2,1,Rua Marquês de Lages,Vila das Merces ,Apartamento,3015
54,2,0,Rua Comprida,Vila Mazzei,Apartamento,1866
36,2,0,Rua do Bosque,Barra Funda,Apartamento,2568
63,2,2,Rua Vicente Amato Sobrinho,Jaraguá,Casa em condomínio,1572
57,2,2,Avenida Monte Celeste,Vila Santa Maria,Apartamento,2648
45,2,1,Rua Clóvis Beviláqua,Jardim Vista Alegre,Apartamento,1488
81,3,1,Avenida Ministro Petrônio Portela,Vila Amélia,Apartamento,4394
60,2,1,Rua Pio Xii,Liberdade,Apartamento,4119
35,2,0,Avenida Nordestina,Cidade Nova São Miguel,Apartamento,1512
50,1,0,Rua Santa Germana,Vila Buenos Aires,Casa em condomínio,1140
148,2,2,Rua Doutor Luiz Migliano,Jardim Vazani,Apartamento,9114
49,1,0,R. João Adolfo,Centro,Apartamento,1681
40,1,1,Rua Dona Antônia de Queirós,Consolação,Apartamento,3664
50,1,0,Rua Francisco Giuliani,Vila Brasilina,Casa,1386
48,1,1,Rua Bela Cintra,Consolação,Apartamento,3597
32,1,0,Rua Vinte E Quatro de Maio 188,Centro Histórico de São Paulo,Apartamento,1928
400,6,5,Rua Franco Alfano,Jardim Vazani,Casa,8136
42,1,1,Rua Visconde Parnaíba,Brás,Apartamento,2995
32,1,0,Rua Pedroso,Bela Vista,Apartamento,1526
24,1,0,Rua Cristiano Viana,Cerqueira César,Studio e kitnet,3691
79,2,1,Rua Conchilia,Vila Albertina,Casa,2919
60,1,1,Alameda Campinas,Jardim Paulista,Apartamento,6796
98,3,2,Rua Jocelyn Bennaton,Vila Nova Caledônia,Casa,4281
86,3,2,Rua Natal,Vila Bertioga,Apartamento,4438
40,1,0,Rua Carlos dos Santos,Jardim Brasil (zona Norte),Casa em condomínio,938
57,2,2,Rua Taquaruçu,Parque Jabaquara,Apartamento,3088
34,1,1,Rua Ciridião Durval,Vila Paulista,Apartamento,2148
127,3,2,Rua Nhandeara,Vila Carrão,Apartamento,5924
60,1,1,Rua São Bernardo,Cidade Mãe do Céu,Casa,1713
41,2,1,R Emília Pilon,City Bussocaba,Apartamento,1796
125,2,1,Rua Planalto dos Acantilados,Parque Santa Madalena,Casa,1876
150,3,2,Avenida Pedro Bueno,Jabaquara,Casa,3912
30,1,0,Rua Manuel Leiroz,Vila Penteado,Casa,1282
30,1,0,Rua João Gomes Batista,Jardim Cidália,Apartamento,1698
29,1,0,Avenida Mazzei,Vila Mazzei,Apartamento,1255
250,3,3,Rua Conde Luiz Zunta,Jardim Santa Cruz (campo Grande),Casa,2898
192,4,2,Rua Francisca Emília,Vila Firmiano Pinto,Casa,5337
280,3,4,Alameda das Boninas,Mirandópolis,Apartamento,11380
73,3,1,Rua Edmundo Juventino Fuentes,Parque Tomas Saraiva,Apartamento,2824
28,1,0,Rua Bartholomeu do Canto,Vila Palmeiras,Apartamento,1773
42,2,1,Rua Herculano de Freitas,Bela Vista,Apartamento,4771
55,2,1,Avenida Curió,Campanário,Apartamento,2076
12,1,0,Rua Borges Lagoa,Vila Clementino,Studio e kitnet,1613
185,3,2,Rua São Benedito,Santo Amaro,Apartamento,10430
27,1,0,Avenida Cásper Líbero,Centro,Studio e kitnet,2577
69,2,1,Rua Joseph Nigri,Várzea da Barra Funda,Apartamento,5684
40,1,0,Praça Doutor Mário Margarido,Liberdade,Apartamento,1381
35,1,1,Rua Professor José Horácio Meirelles Teixeira,Vila Suzana,Studio e kitnet,2340
30,1,1,Rua Lisboa,Pinheiros,Studio e kitnet,4091
62,1,0,Rua Conde de São Joaquim,Bela Vista,Apartamento,3603
21,1,0,Rua Messias dos Reis Costa,Vila Nova Cachoeirinha,Studio e kitnet,935
132,2,2,Rua das Pitangueiras,Jardim,Casa,3394
37,1,1,Avenida Salgado Filho,Centro,Apartamento,2238
63,2,2,Rua Aracuípe,Jardim Prudência,Apartamento,5320
75,2,0,Praça Quatorze Bis,Bela Vista,Apartamento,4035
80,2,1,Rua Simão Álvares,Pinheiros,Apartamento,6122
75,2,1,Rua Isidoro de Laet,Água Fria,Casa,2165
36,2,0,Avenida Doutor Felipe Pinel,Vila Pirituba,Apartamento,1848
45,2,1,Avenida Professor Miguel Franchini Neto,Loteamento City Jaragua,Apartamento,2522
65,2,1,Rua Ibirajá,Vila Guarani (z Sul),Apartamento,3459
300,3,6,Rua Pantojo,Vila Regente Feijó,Casa,10330
37,1,0,Rua Abelardo Pinto,Centro,Studio e kitnet,1688
40,2,1,Rua Petrobrás,Vila Antonieta,Apartamento,1587
98,1,1,Rua Harmonia,Vila Madalena,Apartamento,12640
80,2,0,Rua Vinte E Oito de Setembro,Vila Dom Pedro I,Casa,2502
63,2,2,Rua Regino Aragão,Vila Moinho Velho,Apartamento,3512
125,2,1,Rua Joaquim Norberto,Santana,Casa,5472
125,3,2,Rua Barão de Capanema,Cerqueira César,Apartamento,10980
150,4,2,Rua da Gávea,Vila Maria,Casa,4742
60,1,0,Rua Dona Amélia Rufina,Vila Água Funda,Casa,1460
78,3,1,Rua Engenheiro Antônio Jovino,Vila Andrade,Apartamento,3286
61,2,1,Avenida Vila Ema,Vila Prudente,Apartamento,3251
30,1,0,Rua Conselheiro Ramalho,Bela Vista,Studio e kitnet,1785
48,2,1,Rua Catumbi,Catumbi,Studio e kitnet,3539
49,2,0,Avenida Morais Costa,Vila Industrial,Apartamento,2269
35,1,1,Rua Campevas,Perdizes,Apartamento,2837
265,3,5,Avenida Álvaro Ramos,Quarta Parada,Casa,9043
85,3,1,Rua Elias Antônio Zogbi,Santo Amaro,Apartamento,6680
316,4,5,Rua Corgie Assad Abdalla,Vila Sônia,Casa,8919
130,3,2,Rua José Gonçalves Galeão,Jardim Avelino,Apartamento,7521
39,1,0,Rua Doutor Luís Barreto,Bela Vista,Apartamento,1823
35,1,0,Rua Soldado Paulo Emídio Pereira,Jardim Japao,Casa,809
55,2,1,Rua Celso Ramos,Vila Andrade,Apartamento,3508
71,3,2,Rua Francisco Bayardo,Perdizes,Apartamento,6017
38,1,0,Rua Antônio Tavares Velho,Jardim Raposo Tavares,Studio e kitnet,980
62,2,1,Avenida Miguel Yunes,Usina Piratininga,Apartamento,3549
250,3,2,Rua Japuruchitá,Alto da Mooca,Casa,6455
100,3,0,Rua João Rudge,Casa Verde,Casa,2285
115,2,2,Rua Doutor Antônio Barbosa Bueno,Vila Sônia,Casa,5420
39,1,1,Rua Fábio Lopes dos Santos Luz,Vila Andrade,Studio e kitnet,3772
120,3,2,Rua Jorge Fares,Jardim São Luís,Casa em condomínio,4851
40,2,1,Rua Carlos Magalhães,Parque Reboucas,Apartamento,2615
32,2,0,Rua Edvard Carmilo,Jardim Celeste,Apartamento,1569
400,4,3,Rua Guapiaçu,Vila Clementino,Casa,16640
36,1,1,Rua Anhaia,Bom Retiro,Studio e kitnet,3579
58,2,1,Rua Cachoeira do Sul,Jaguará,Apartamento,2532
55,1,1,Rua Pamplona,Jardim Paulista,Apartamento,3956
50,1,0,Rua Cristóvão Bezerra Dantas,Parque Vitória,Casa,601
151,3,2,Rua José Maria Lisboa,Jardim Paulista,Apartamento,14380
50,2,1,Rua Ibaial,Chácara do Vovó,Apartamento,1599
51,1,1,Rua Jaceru,Vila Gertrudes,Apartamento,4438
102,3,1,Rua Doutor Fausto Ferraz,Bela Vista,Apartamento,8678
55,2,1,Avenida Parada Pinto,Vila Nova Cachoeirinha,Apartamento,3803
57,2,1,Avenida Emílio Ribas,Jardim Tijuco,Apartamento,2568
95,2,0,Rua Nova Jerusalém,Chácara Santo Antônio (zona Leste),Apartamento,2227
40,1,1,Rua Vergueiro,Vila Mariana,Apartamento,4862
28,1,0,Rua Luís Gama,Cambuci,Apartamento,2014
55,2,1,Rua Santa Izabel,Vila Augusta,Studio e kitnet,3053
268,4,2,Avenida Angélica,Consolação,Apartamento,8707
30,1,0,Rua Brigadeiro Tobias,Centro,Studio e kitnet,2905
254,3,3,Rua Carlos Steinen,Paraíso,Apartamento,14910
56,2,1,Rua Antero de Quental,Vila Santa Clara,Apartamento,3246
80,2,2,Rua Adolfino de Arruda Castanho,Vila Dinorah,Casa,2694
60,1,1,Rua Doutor Mário Ferraz,Jardim Paulistano,Apartamento,7581
208,5,2,Avenida Adolfo Coelho,Lauzane Paulista,Casa,4526
136,3,1,Rua Bela Cintra,Consolação,Apartamento,7083
35,1,0,Rua Silveira Bueno,Chácara Califórnia,Studio e kitnet,1651
92,2,2,Rua Josefina Luíse de Moraes,Jardim Maria Rosa,Casa,2518
74,3,2,Rua Manoel Bernardo Medeiros,Macedo,Apartamento,3338
240,3,3,Rua Monte Alto,Cidade Mãe do Céu,Casa,5025
90,3,0,Rua Salvador Sala,Piqueri,Casa,1704
110,3,2,Rua Dália,Jardim das Flores,Casa,4350
135,3,2,Rua Ascenso Ribeiro,Vila Morse,Casa,4305
38,2,0,Rua Valson Lopes,Vila Butantã,Apartamento,3435
29,1,0,Avenida Guapira,Tucuruvi,Apartamento,2527
90,3,0,Rua Tonelero,Vila Ipojuca,Casa,2751
52,2,0,Avenida Basiléia,Lauzane Paulista,Apartamento,2079
240,3,2,Rua Marechal Deodoro,Santo Amaro,Apartamento,14550
34,1,1,Rua Doutor Chibata Miyakoshi,Paraíso do Morumbi,Studio e kitnet,4613
107,2,1,Avenida Nova Cantareira,Tucuruvi,Apartamento,2496
130,3,1,Avenida Lins de Vasconcelos,Cambuci,Casa,4028
25,1,0,Rua das Dálias,Vila Bela,Apartamento,1344
170,1,2,Avenida Barão de Monte Mor,Real Parque,Apartamento,10740
99,3,2,Rua Serra de Botucatu,Vila Gomes Cardim,Apartamento,7451
50,1,1,Rua Padre Lebret,Jardim Leonor,Studio e kitnet,10550
49,1,0,Rua Domingos Paiva,Brás,Apartamento,5158
220,3,3,Rua Apuru,Vila Prudente,Casa,2542
56,1,0,Rua Bom Pastor,Ipiranga,Apartamento,3276
90,2,0,Rua Pedro de Resende,Tatuapé,Casa,2488
40,1,0,Rua Doutor Nogueira Martins,Vila da Saúde,Casa,2085
240,6,3,Avenida Doutor Alberto de Oliveira Lima,Vila Tramontano,Casa,6509
103,2,1,Rua Marcus Pereira,Vila Suzana,Apartamento,4596
45,1,1,Alameda Joaquim Eugênio de Lima,Jardim Paulista,Apartamento,3986
35,2,0,Rua Luiz Porrio,Bela Vista,Apartamento,2577
58,2,1,Rua Coronel Pedro Dias de Campos,Chácara Seis de Outubro,Casa em condomínio,3070
417,6,3,Rua Francisco Polito,Vila Prudente,Casa,12150
110,2,1,Rua do Manifesto,Ipiranga,Casa,3040
67,2,1,Rua Macaé,Jardim Barbosa,Apartamento,2160
90,2,1,Rua José Debieux,Santana,Apartamento,3506
47,2,1,Rua Professor José Soares de Mello,Jardim Centenário,Apartamento,1696
20,1,0,Rua José de Sampaio Leite,Jardim Oriental,Studio e kitnet,997
36,1,0,Rua Galeno de Castro,Jurubatuba,Apartamento,3068
50,2,1,Rua Inhambú,Vila Uberabinha,Apartamento,4077
250,3,3,Rua Francisco Preto,Vila Morse,Casa,6407
44,2,0,Rua Daniel de Toledo,Vila Hebe,Apartamento,1892
245,3,1,Alameda Itu,Jardim Paulista,Apartamento,8184
180,4,4,Rua Padre Leonel Franca,Vila Libanesa,Casa,6302
30,1,0,Rua Fernando Dondon,Tatuapé,Studio e kitnet,1662
41,1,0,Rua Correia de Lemos,Chácara Inglesa,Apartamento,2871
48,2,1,Rua Epaminondas Melo do Amaral,Sítio do Mandaqui,Apartamento,2314
29,1,0,Rua Antônia Soveral,Chácara Santo Antônio (zona Leste),Apartamento,1292
35,1,1,Rua Santa Júlia,Vila Carrao,Casa,1438
200,5,2,Avenida Águas de São Pedro,Vila Paulicéia,Casa,4655
132,2,2,Rua Doutor José de Sá,Santo Amaro,Casa,6830
58,3,1,Rua Doutor Gomes Ferraz,Vila Pereira Barreto,Apartamento,2699
80,2,0,Rua Curupace,Mooca,Apartamento,2043
46,2,1,Rua Italina,Vila Carmosina,Apartamento,2221
58,1,0,Rua Mauá,Centro,Studio e kitnet,1804
63,2,1,Rua Marquês Lages,Vila Moraes,Apartamento,3790
41,1,1,Rua Maria Otília,Vila Regente Feijó,Apartamento,3464
50,2,0,Rua Galiléia,Casa Verde Média,Casa,1351
30,1,0,Rua Avanhandava,Bela Vista,Studio e kitnet,1708
285,3,6,Avenida Embaixador Cavalcanti de Lacerda,Jardim Bonfiglioli,Casa,5696
220,3,2,Rua Queluz,Jardim Paulista,Apartamento,12530
110,3,2,Rua Professor Djalma Bento,Jardim Luanda,Casa,3840
260,4,2,Rua Professor Nova Gomes,Vila Madalena,Casa,15900
64,2,1,Alameda Itapecuru,Alphaville Industrial,Apartamento,4698
12,1,0,Rua das Palmeiras,Vila Buarque,Apartamento,2855
35,1,0,Avenida Doutor Francisco Mesquita,Jardim Ibitirama,Apartamento,1930
218,3,2,Alameda Lorena,Jardim Paulista,Apartamento,18830
100,2,0,Avenida da Aclimação,Aclimação,Apartamento,4609
40,2,0,Rua Tenente Heli Câmara,Freguesia do Ó,Casa em condomínio,1472
128,2,2,Alameda Ministro Rocha Azevedo,Cerqueira César,Apartamento,18620
55,1,1,Avenida Luiz Dumont Villares,Jardim São Paulo,Apartamento,5623
45,1,1,Rua Tucuna,Perdizes,Apartamento,3450
85,3,2,Avenida Duquesa de Goiás,Real Parque,Apartamento,4625
117,3,1,Avenida Paes de Barros,Mooca,Apartamento,3789
40,1,1,Rua Doutor Zuquim,Santana,Apartamento,2295
135,4,4,Rua Alcantarilla,Vila Andrade,Apartamento,5907
62,3,1,Rua João Biancalana,Paulicéia,Apartamento,2319
36,1,0,Avenida Sapopemba,Vila Regente Feijó,Casa,1057
60,1,0,Rua Amarais,Vila Carrão,Casa,1492
36,1,1,Rua Martino Pesenti,Conjunto Habitacional Teotonio Vilela,Casa,938
25,2,0,Rua Joaquim Rodrigues Costa,Vila Maria Alta,Casa,1043
102,3,2,Rua Geraldo de Mendonça Mello,Vila Isa,Apartamento,5167
60,2,1,Rua Almeida Brandão,Vila Guilhermina,Casa,1677
109,3,2,Alameda Sombreiro,Adalgisa,Apartamento,8620
88,2,0,Avenida Lacerda Franco,Cambuci,Apartamento,3485
61,1,0,Rua Doutor Bettencourt Rodrigues,Sé,Apartamento,2003
45,1,0,Rua Tamandaré,Liberdade,Studio e kitnet,1982
70,3,2,Rua Doutor Martins de Oliveira,Jardim Londrina,Apartamento,4389
30,1,1,Rua Barão de Santo Ângelo,Jardim do Tiro,Apartamento,1398
54,1,1,Rua Quatá,Vila Olímpia,Studio e kitnet,4201
100,3,1,Rua Manuel da Nóbrega,Paraíso,Apartamento,6443
45,1,1,Rua Conde de São Joaquim,Bela Vista,Apartamento,3227
84,3,2,Rua Senador César Lacerda Vergueiro,Sumarezinho,Apartamento,7851
26,1,0,Rua General Jardim,Vila Buarque,Apartamento,2360
39,2,0,Rua Almeida Brandão,Vila Guilhermina,Apartamento,2089
70,2,0,Rua Teerã,Parque da Lapa,Casa,2409
103,3,2,Rua Antônio Júlio dos Santos,Fazenda Morumbi,Apartamento,5434
135,3,2,Rua Maestro João de Souza Lima,Jardim Líbano,Casa,3543
41,2,1,Rua Dona Ana Neri,Cambuci,Apartamento,2575
36,1,0,Rua General Jardim,Vila Buarque,Studio e kitnet,1565
60,3,0,Avenida Brumado de Minas,Jardim Independência (são Paulo),Casa,1563
70,2,0,Praça Júlio Mesquita,Santa Efigênia,Apartamento,4135
135,3,2,Rua Caminho do Pilar,Vila Gilda,Apartamento,8335
37,1,0,Rua João Manuel,Chácara Califórnia,Apartamento,1790
40,1,1,Rua Washington Luís,Centro Histórico de São Paulo,Apartamento,2650
31,1,0,Avenida Leôncio de Magalhães,Jardim São Paulo,Studio e kitnet,2412
52,2,1,"R. Bonnard, 2- Alphaville Empresarial, Barueri - Sp, 06414, Brasil",Alphaville Empresarial,Apartamento,3739
45,2,0,Avenida João Paulo da Silva,Vila da Paz,Apartamento,2647
31,1,0,Rua Anhaia,Bom Retiro,Studio e kitnet,4071
52,1,0,Rua Antônio Tavares,Aclimação,Apartamento,2577
40,1,1,Alameda Jaú,Jardim Paulista,Studio e kitnet,5327
110,2,2,Rua Bica de Pedra,Vila Anglo Brasileira,Casa,3651
92,2,0,Alameda Santos,Cerqueira César,Apartamento,4627
80,2,0,Rua Aguaçaí,Pari,Casa,2722
30,2,0,Rua Itararé,Bela Vista,Apartamento,1898
41,2,1,Rua Coelho Barradas,Parque da Vila Prudente,Apartamento,3246
90,2,2,Rua Halionore,Vila Prudente,Casa,2830
229,3,2,Rua Caramuru,Saúde,Casa,4428
98,3,2,Rua Princesa Isabel,Vila Guiomar,Apartamento,2499
138,4,4,Rua Azevedo Soares,Vila Gomes Cardim,Apartamento,7556
97,3,2,Rua Capitão Otávio Machado,Chácara Santo Antônio (zona Sul),Apartamento,5229
68,3,1,Rua Valson Lopes,Vila Butantã,Apartamento,3305
37,2,0,Rua Lagoa do Campelo,Itaquera,Apartamento,1647
350,4,2,Rua Jorge Chammas,Vila Mariana,Casa,6893
156,3,2,Rua Assungui,Vila Gumercindo,Casa,5681
80,2,2,Rua Ana Demerson,Vila Mariana,Casa,3613
67,3,2,Rua Horácio Alves da Costa,Jardim Nosso Lar,Apartamento,4774
26,1,0,Rua Doutor Cesário Mota Júnior,Vila Buarque,Studio e kitnet,2710
50,1,0,Rua Alberto José da Mota,Vila Sao Luiz (valparaizo),Casa,1047
63,1,1,Rua Dias da Silva,Vila Maria Baixa,Apartamento,4867
73,2,1,Rua Iguatemi,Itaim Bibi,Apartamento,4991
43,1,1,Avenida Portugal,Centro,Apartamento,3894
42,1,1,Rua Brigadeiro Tobias,Centro Histórico de São Paulo,Apartamento,2476
65,1,0,Rua Vergueiro,Vila Firmiano Pinto,Apartamento,1787
96,3,1,Alameda Grajaú,Alphaville Industrial,Apartamento,4035
57,1,1,Rua Vieira de Morais,Campo Belo,Apartamento,5198
65,2,1,Rua Nebraska,Brooklin Novo,Apartamento,4692
125,2,4,Rua Manuel Simões de Medeiros,Vila Paulo Silas,Casa,2782
300,4,6,Rua Jaguarão,Cidade Vargas,Casa,6298
50,2,1,Rua Avinhao,Jardim das Maravilhas,Apartamento,1606
35,2,0,Rua Amaral Gurgel,Vila Buarque,Apartamento,2308
50,2,1,"Rua Fortunato Ferraz, 320 - Vila Anastácio, São Paulo - Sp, 05093-000, Brasil",Vila Anastácio,Apartamento,3148
38,2,1,Rua Jubair Celestino,Presidente Altino,Apartamento,2892
33,1,0,Avenida Cupecê,Jardim Prudência,Apartamento,1359
49,2,1,Rua Atuaí,Vila Esperança,Apartamento,2860
40,2,0,Rua Cavour,Vila Prudente,Apartamento,2121
60,2,1,Av. Gen. Valdomiro de Lima,Jabaquara,Apartamento,2879
94,2,3,Rua Cecilia,Vila Esperança,Casa,2762
420,4,2,Rua das Jabuticabeiras,Cidade Jardim,Casa,20380
91,2,2,Avenida dos Imarés,Moema,Apartamento,8331
59,2,1,Rua Eugênio Lorenzetti,Jardim Iris,Apartamento,3434
48,1,1,Rua Araguari,Moema,Apartamento,5568
50,2,1,Rua Vicente Alves da Silva,Jardim Roberto,Apartamento,3022
65,2,1,Rua Doutor Elias Chaves,Campos Elíseos,Apartamento,3223
38,1,1,Rua Ouro Branco,Jardim Paulista,Apartamento,3249
36,2,1,Rua São Quirino,Vila Guilherme,Apartamento,2243
43,1,0,Avenida Mariana Caligiori Ronchetti,Jardim Peri,Casa,684
85,2,1,Rua Sebastião Paes,Campo Belo,Apartamento,4192
44,1,1,Avenida Portugal,Jardim Bela Vista,Apartamento,4854
42,1,1,Rua Fiandeiras,Vila Olímpia,Apartamento,4056
96,2,2,Avenida Doutor Guilherme Dumont Vilares,Jardim Londrina,Apartamento,6086
50,1,1,Avenida Raimundo Pereira de Magalhães,Jardim Íris,Apartamento,3161
37,1,0,Rua Pérsia,Parque das Nações,Apartamento,985
65,2,1,Rua João Agostinho,Vila Paulistania,Casa,1460
35,1,0,Rua Bela Cintra,Consolação,Apartamento,3824
70,1,1,Rua Ouvidor Peleja,Vila Mariana,Casa,2290
86,2,2,Rua Dom Estevão Pimentel,Chácara Belenzinho,Casa em condomínio,2720
28,1,1,Rua da Consolação,Cerqueira César,Studio e kitnet,3255
30,1,0,Rua Cunha Horta,Consolação,Apartamento,1695
42,1,0,Avenida Cásper Líbero,Centro,Studio e kitnet,2194
33,1,0,Rua Aurora,Santa Efigênia,Studio e kitnet,1339
152,3,2,Rua Princesa Isabel,Brooklin Paulista,Apartamento,9774
250,4,5,Rua Luís de França Júnior,Vila Nova Caledonia,Casa em condomínio,13210
102,2,0,Rua São João Batista,Cambuci,Apartamento,2221
64,2,1,Rua Dom Constantino Barradas,Vila Gumercindo,Apartamento,4130
61,1,2,Alameda Itapecuru,Alphaville Centro Industrial E Empresarial/alphaville.,Apartamento,3619
51,2,1,Rua das Palmeiras,Gopoúva,Apartamento,1657
44,2,1,Avenida Curió,Campanário,Apartamento,2266
40,1,0,Viaduto Dona Paulina,Centro Histórico de São Paulo,Studio e kitnet,1843
59,2,1,Rua Campos Vergueiro,Vila Anastácio,Apartamento,3538
300,3,5,Rua General Calado,Vila Regente Feijó,Casa,6521
77,3,2,Avenida Tucunaré,Tamboré,Apartamento,3102
378,6,3,Avenida Inácio Cunha Leme,Jardim Ipanema (zona Sul),Casa,12350
58,2,1,Rua Aristides Jofre,Casa Verde Alta,Apartamento,1942
280,3,3,Rua França Carvalho,Alto da Mooca,Casa,7906
230,4,4,Rua Tapuitinga,Vila Mafra,Casa,5745
156,2,1,Rua Laudelino Vieira de Campos,Jardim Felicidade (zona Oeste),Casa,4864
119,3,1,Rua Bela Cintra,Consolação,Apartamento,13300
375,4,4,Rua José Oscar Abreu Sampaio,Jardim Anália Franco,Apartamento,19260
85,2,1,Rua Sepetiba,Siciliano,Casa em condomínio,4161
20,1,0,Rua Canindezinho,Jardim das Vertentes,Studio e kitnet,1008
20,1,0,Rua Dom Sebastião do Rego,Vila Gumercindo,Casa,1147
36,1,1,Rua Visconde de Parnaíba,Brás,Apartamento,2754
43,1,1,Rua Doutor Veiga Filho,Santa Cecilia,Apartamento,3298
119,3,0,Rua Paes de Andrade,Aclimação,Casa,3958
87,1,2,Rua Padre Lebret,Jardim Leonor,Apartamento,6010
15,1,0,Rua Rodrigo Vieira,Jardim Vila Mariana,Studio e kitnet,1232
49,2,1,Rua Arnaldo Cintra,Vila Moreira,Apartamento,2636
60,1,1,Rua Jaíba,Vila Nair,Apartamento,1633
100,3,2,Rua Sincorá,Jardim Umuarama,Apartamento,4504
55,2,0,Rua Oscar Freire,Cerqueira César,Apartamento,5097
43,1,0,Rua Alaor Bronzone,Jardim Casablanca,Apartamento,1360
40,1,0,Rua Doutor Artur Zapponi,Parque Sao Luis,Studio e kitnet,1235
45,1,1,Rua Augusto dos Anjos,Melville Empresarial I E Ii,Apartamento,4046
178,3,2,Rua Cláudio Mendonça,Parque Jabaquara,Casa,3297
26,1,0,Rua Dutra Rodrigues,Luz,Apartamento,1656
50,1,0,Avenida Francisco Vieira Bueno,Vila Primavera,Casa,922
62,1,2,Rua Henrique Sertório,Tatuapé,Studio e kitnet,3740
27,1,0,Rua Vinte E Oito de Setembro,Vila Dom Pedro I,Apartamento,2681
45,2,0,Avenida Doutor Bernardino Brito Fonseca de Carvalho,Vila Talarico,Apartamento,1722
34,1,0,Rua Doutor Almeida Lima,Mooca,Apartamento,2352
100,3,3,Rua João Francisco de Moura,Campo Grande,Casa,2815
80,2,1,Rua Ibitirama,Vila Prudente,Apartamento,1814
240,3,3,Rua Correia de Almeida,Jabaquara,Casa,5457
183,4,4,Rua José Justino Pereira,Água Fria,Casa,5512
39,1,0,Avenida Duque de Caxias,Campos Elíseos,Studio e kitnet,2390
54,2,1,Avenida Professor Sylla Mattos,Jardim Santa Cruz (sacomã),Apartamento,1859
102,3,2,Rua José Pereira de Carvalho,Vila Lageado,Apartamento,6332
70,2,0,Rua José Zappi,Vila Prudente,Casa,2265
36,2,0,Rua Clementine Brenne,Morumbi,Apartamento,2055
60,1,0,Rua Francisco Pedro do Amaral,Jaguaré,Casa,1325
58,2,1,Rua Cidade Lion,Jardim Anny,Apartamento,2450
76,2,1,Rua Maracá,Vila Guarani (z Sul),Apartamento,5103
170,3,2,Alameda Mamoré,Alphaville Industrial,Apartamento,8169
81,3,1,Rua Augusto dos Anjos,Melville Empresarial Ii,Apartamento,6038
40,2,0,Avenida Engenheiro Heitor Antônio Eiras Garcia,Jardim Esmeralda,Apartamento,1958
76,1,2,Avenida José Galante,Vila Suzana,Apartamento,9086
57,2,2,Rua Salvador Caruso,Vila Ipojuca,Apartamento,3809
24,1,0,Rua Vilar de Figos,Vila Nova das Belezas,Apartamento,1637
85,2,0,Rua Orfanato,Vila Prudente,Apartamento,2175
110,2,0,Largo do Paissandu,Centro,Apartamento,2533
52,1,0,Rua Paulo Martinez,Jardim Seckler,Apartamento,1093
40,2,0,Rua Doutor Bento Teobaldo Ferraz,Várzea da Barra Funda,Apartamento,2782
55,2,1,Avenida Itaboraí,Bosque da Saúde,Apartamento,3396
220,4,4,Avenida José Galante,Vila Andrade,Apartamento,11800
40,1,0,Rua dos Andradas,Santa Ifigênia,Studio e kitnet,1354
59,2,1,Rua Balsa,Freguesia do Ó,Apartamento,3335
370,4,5,Rua Conde de Porto Alegre,Campo Belo,Casa,17160
60,2,1,Rua Barros Sobrinho,Vila Ema,Apartamento,3898
29,1,1,Rua Renascença,Vila Congonhas,Apartamento,4276
100,3,2,Rua Ministro Jesuíno Cardoso,Chácara Itaim,Casa em condomínio,7908
124,2,1,Rua Caruso,Vila Alpina,Casa,2666
48,1,1,Avenida Aratãs,Indianópolis,Apartamento,2830
35,1,1,Rua Serra de Bragança,Vila Gomes Cardim,Studio e kitnet,3151
30,1,0,Rua dos Povoadores,Vila Antonina,Apartamento,1608
360,3,3,Avenida Radialista Manoel de Nóbrega,Adalgisa,Casa,5924
50,2,1,Rua Tomé Portes,Vila Dom Pedro Ii,Apartamento,5300
25,1,0,Rua Luiz Antônio Gonçalves,Vila Campanela,Studio e kitnet,1248
37,1,0,Rua Mossoró,Vila Nova,Casa em condomínio,938
12,1,2,Rua Cândido Lacerda,Vila Regente Feijó,Apartamento,9499
328,3,4,Rua Conselheiro Moreira de Barros,Santana,Apartamento,14560
34,2,0,Rua Ulisses Cruz,Tatuapé,Apartamento,2246
41,1,1,Rua Maria Zélia,Piqueri,Casa,1624
75,1,1,Rua Brasília,Rudge Ramos,Casa,1112
60,2,0,Avenida das Cerejeiras,Jardim Japao,Apartamento,1950
65,2,0,Rua Leôncio de Carvalho,Paraíso,Apartamento,3484
37,1,0,Rua Amandaú,Parada Inglesa,Apartamento,2916
34,1,0,Rua Alméria,Vila Granada,Apartamento,1386
109,1,1,Rua da Consolação,Cerqueira César,Apartamento,8595
39,2,0,Rua Engenheiro Américo da Graça Martins,Jardim Monte Azul,Apartamento,1999
67,2,2,Rua Croata,Lapa,Apartamento,6694
40,1,1,Rua Martim Afonso,Belenzinho,Apartamento,2220
49,1,1,Rua Major Quedinho,Centro,Apartamento,4887
153,3,0,Rua Martins Fontes,Centro,Apartamento,5006
55,1,0,Rua Doutor César,Santana,Apartamento,2035
42,1,0,Avenida Washington Luís,Santo Amaro,Apartamento,1950
55,1,0,Travessa Nossa Senhora das Neves,Vila Gustavo,Casa,1595
30,1,0,Rua Conselheiro Furtado,Liberdade,Studio e kitnet,2682
40,2,0,Avenida Júlio Buono,Vila Gustavo,Apartamento,1762
47,1,0,Rua Álvaro de Carvalho,Centro Histórico de São Paulo,Apartamento,4171
49,2,1,Avenida Benjamin Harris Hunnicutt,Portal dos Gramados,Apartamento,2338
41,1,0,Rua Martinho Prado,Bela Vista,Apartamento,1929
26,1,0,Travessa Gaspar Brebos,Vila Pereira Barreto,Casa,990
26,1,0,Rua Rego Freitas,República,Apartamento,2105
40,1,1,Rua Barralhara,Cidade Antônio Estevão de Carvalho,Casa,1502
136,1,1,Alameda Joaquim Eugênio de Lima,Jardim Paulista,Apartamento,8898
100,1,1,Rua Osiris Magalhães de Almeida,Jardim Londrina,Casa,2686
50,1,1,Rua Guarará,Jardim Paulista,Apartamento,6739
125,3,1,Alameda Franca,Jardim Paulista,Apartamento,8059
83,2,1,Rua Aurélia,Vila Romana,Apartamento,5061
57,2,0,Avenida Diógenes Ribeiro de Lima,Alto de Pinheiros,Apartamento,3505
54,1,0,Rua Adolfo Schnabel,Vila Ema,Apartamento,1962
26,1,0,Rua Artur Prado,Bela Vista,Studio e kitnet,3600
47,0,1,Rua Adalberto Kemeny,Parque Industrial Tomas Edson,Apartamento,3190
164,2,2,Rua Paulo Orozimbo,Cambuci,Apartamento,6664
41,1,1,Rua Clemente Pereira,Ipiranga,Apartamento,2798
45,2,1,Rua Padre Manuel Bernardes,Vila Nova Manchester,Apartamento,2602
40,2,0,Rua Sousa Rocha,Chácara Belenzinho,Apartamento,1447
189,4,2,Rua Cambuci do Vale,Cidade Dutra,Apartamento,10580
90,4,2,Rua Visconde de Itaboraí,Vila Azevedo,Apartamento,6985
82,1,2,Alameda Tietê,Cerqueira César,Studio e kitnet,10720
57,2,2,Rua Edward Joseph,Vila Suzana,Apartamento,2159
130,2,2,Rua Maria Pais de Barros,Vila Marari,Casa,2924
73,2,1,Rua Conde de São Joaquim,Bela Vista,Apartamento,3142
25,1,0,Rua Carlos Petit,Vila Mariana,Studio e kitnet,3058
43,1,1,Rua Alves Guimarães,Pinheiros,Apartamento,4865
302,4,3,Rua das Flechas,Vila Santa Catarina,Casa,7423
44,2,1,Estrada das Violetas,Santa Maria,Apartamento,1383
30,1,1,Rua Martiniano de Carvalho,Bela Vista,Apartamento,3161
30,1,0,Avenida Jabaquara,Mirandópolis,Studio e kitnet,3534
42,1,1,Rua Henrique Fausto Lancellotti,Nova Piraju,Apartamento,5242
32,1,1,Alameda Eduardo Prado,Campos Elíseos,Apartamento,1952
40,2,0,Rua Tomé de Lara,Tucuruvi,Apartamento,2284
70,2,0,Rua Bom Sucesso,Cidade Mãe do Céu,Casa,2301
83,2,2,Rua Tebas,Jardim Brasil (zona Sul),Apartamento,7246
44,2,1,Rua Francisco Rossano,Sítio da Figueira,Apartamento,1958
72,2,1,Rua Conde Prates,Parque da Mooca,Apartamento,4012
146,3,2,Rua Francisco Preto,Vila Morse,Apartamento,7262
92,3,0,Rua Doutor José de Queirós Aranha,Vila Mariana,Apartamento,5079
50,2,0,Avenida Nove de Julho,Bela Vista,Apartamento,2018
47,2,1,Rua Guirá-acangatara,Jardim São Francisco (zona Leste),Apartamento,2189
101,2,0,Rua País Natal,Jardim Filhos da Terra,Apartamento,7987
380,4,4,Rua Jacatirão,Santo Amaro,Casa,12130
60,2,1,Rua Cidade de Bagdá,Vila Mira,Apartamento,2193
65,2,1,Rua Salvador Tolezano,Parque Mandaqui,Apartamento,2183
53,2,0,Rua José Bernardo Pinto,Vila Guilherme,Apartamento,1547
54,1,1,Rua Bandeira Paulista,Itaim Bibi,Apartamento,5611
47,1,1,Avenida Padre Lebret,Jardim Leonor,Apartamento,5152
170,4,3,Avenida Washington Luís,Santo Amaro,Apartamento,7937
27,1,0,Avenida Piassanguaba,Planalto Paulista,Casa,1343
179,3,2,Largo Senador Raul Cardoso,Vila Mariana,Apartamento,10990
25,1,0,Marcelo Muller,Jardim Independência,Studio e kitnet,779
212,3,2,Avenida Pau Brasil,Cidade das Flores,Casa,6107
47,2,1,Rua Jucuruçu,Parada Xv de Novembro,Apartamento,1414
60,2,0,Avenida Moaci,Planalto Paulista,Casa,2747
39,2,1,Rua Ribeirão Branco,Vila Bertioga,Apartamento,2823
30,1,0,Rua Major Quedinho,Centro,Studio e kitnet,2319
157,3,2,Rua São Benedito,Santo Amaro,Apartamento,6306
220,3,3,Rua General Calado,Vila Regente Feijó,Apartamento,7618
130,3,2,Rua Alexandre Rider,Jardim Raposo Tavares,Casa,3311
25,1,1,Rua Barata Ribeiro,Bela Vista,Apartamento,2282
42,1,0,Rua Doutor Falcão Filho,Centro Histórico de São Paulo,Apartamento,1538
130,6,3,Rua Antônio Pinto do Rêgo Freitas,Jardim Boa Vista (zona Oeste),Studio e kitnet,3200
106,2,1,Rua Treze de Maio,Bela Vista,Apartamento,11470
50,2,1,Rua Alexandre Rapin,Jardim Sao Saverio,Apartamento,1770
58,2,1,Rua Mercedes Salano Castineiras,Jardim Patente Novo,Apartamento,2459
90,2,2,Rua Mateus García,Vila Irmãos Arnoni,Casa em condomínio,2827
151,2,0,Rua Caminha de Amorim,Alto de Pinheiros,Casa,16140
34,2,0,Rua Antônio Gomes Ferreira,Parque Fongaro,Studio e kitnet,1360
30,1,0,Rua Bartira,Perdizes,Studio e kitnet,3765
50,2,1,Rua Almirante Brasil,Mooca,Apartamento,2424
380,4,2,Rua Moxei,Lapa de Baixo,Casa,3800
37,1,1,Rua Casa do Ator,Vila Olímpia,Studio e kitnet,4620
42,1,1,Avenida Vereador José Diniz,Santo Amaro,Apartamento,4101
370,3,3,Rua Coronel João Gabi,Jabaquara,Casa,7581
100,3,3,Avenida Coronel Sezefredo Fagundes,Tucuruvi,Apartamento,2581
150,3,1,Alameda Franca,Jardim Paulista,Apartamento,11310
197,2,3,Rua Afonso Célso Figueiredo,Jardim Montreal,Casa,3898
56,2,1,Rua Vergueiro,Vila Firmiano Pinto,Apartamento,2552
45,1,0,Rua Bandeira Paulista,Itaim Bibi,Apartamento,7584
49,1,0,Rua Tília,Jardim das Flores,Casa,974
26,1,0,Avenida Professor Ascendino Reis,Vila Clementino,Studio e kitnet,3366
60,2,1,Rua Nhu-guaçu,Nova Piraju,Apartamento,9157
35,1,0,Rua José Henrique,Vila Guilherme,Apartamento,1237
74,3,2,Avenida João Peixoto Viegas,Vila Constancia,Apartamento,3829
29,1,0,Rua Coronel Joaquim Antônio Dias,Tatuapé,Studio e kitnet,2208
26,1,0,Rua Adolfo Schnabel,Vila Ema,Apartamento,1488
80,2,0,Rua Doutor Seng,Bela Vista,Apartamento,3690
50,1,1,Rua Diogo Jácome,Vila Nova Conceição,Studio e kitnet,6681
49,2,1,Avenida Rio de Janeiro,Vila Bremen,Apartamento,1614
46,2,0,Rua Monsenhor Francisco de Paula,Vila Aricanduva,Apartamento,1928
34,1,0,Avenida Onze de Junho,Vila Clementino,Apartamento,2787
34,1,0,Rua Major Quedinho,Bela Vista,Studio e kitnet,2035
68,1,1,Avenida Nove de Julho,Bela Vista,Apartamento,2443
44,2,1,Rua Clodomiro de Oliveira,Parque Reboucas,Apartamento,3985
30,1,0,Rua Valdir Niemeyer,Sumaré,Studio e kitnet,5176
91,2,0,Rua da Consolação,Cerqueira César,Apartamento,5050
48,2,0,Rua Elza Guimarães,Vila Amália (zona Norte),Apartamento,1542
34,2,0,Rua Pires de Campos,Alto da Mooca,Apartamento,2334
52,2,1,Rua Martiniano de Carvalho,Bela Vista,Apartamento,5118
47,2,1,Rua Franklin do Amaral,Vila Nova Cachoeirinha,Apartamento,2765
38,2,0,Rua João Alfredo,Santo Amaro,Apartamento,2547
45,1,0,Avenida Rubens Fraga de Toledo Arruda,Engenheiro Goulart,Casa,1251
37,1,0,Rua Janguruçu,Parque da Mooca,Studio e kitnet,2318
112,2,1,Rua Manuel da Nóbrega,Paraíso,Apartamento,7656
38,1,0,Avenida Brigadeiro Luís Antônio,Bela Vista,Apartamento,1736
58,2,1,Avenida Cerejeiras,Jardim Japão,Apartamento,2571
195,4,1,Passagem Francisco Gomes de Morães,Vila Yolanda,Casa,2393
40,1,0,Rua Bueno de Andrade,Aclimação,Apartamento,2168
55,2,1,Rua Engenheiro José Bueno Bicalho,Jardim Vergueiro (sacomã),Apartamento,2204
44,2,1,Rua Doutor Fleury Silveira,Vila Santa Maria,Apartamento,2232
60,1,0,Rua Cajaíba,Vila Pompéia,Apartamento,2447
110,3,1,Rua Professora Jessie Martins Valdrigue,Jardim Oriental,Casa,3075
120,3,0,Rua Amarais,Vila Carrão,Casa,2744
100,2,2,Avenida José Galante,Vila Suzana,Apartamento,5401
90,3,2,Avenida dos Eucaliptos,Indianópolis,Apartamento,8302
54,1,1,Travessa Carlos Ramirez,Vila Água Funda,Casa,1563
75,2,2,Rua da Fonte,Jardim Bela Vista,Apartamento,3316
86,1,1,Avenida Ômega,Empresarial 18 do Forte,Apartamento,10150
19,1,0,Rua Barata Ribeiro,Bela Vista,Studio e kitnet,4654
40,1,1,Rua Baía Grande,Vila Bela,Casa,1177
100,2,0,Rua Izabel de Oliveira,Piqueri,Casa,1851
75,2,1,Avenida Elísio Teixeira Leite,Vila Brasilândia,Casa,2545
41,1,0,Rua dos Estudantes,Liberdade,Studio e kitnet,2118
25,1,0,Rua Ulisses Cruz,Tatuapé,Studio e kitnet,2286
33,1,0,Rua Ibitirama,Vila Prudente,Studio e kitnet,2612
72,2,1,Rua Cayowaá,Perdizes,Apartamento,5964
44,1,1,Rua Bartolomeu de Gusmão,Vila Mariana,Apartamento,2906
70,2,1,Avenida Conceição,Carandiru,Apartamento,5266
38,2,1,Rua Dona Vicentina Alegretti,Penha de França,Apartamento,1541
70,2,1,Avenida Mofarrej,Vila Leopoldina,Apartamento,4190
385,4,6,Alameda das Tulípas,Residencial Cinco (alphaville),Apartamento,15380
62,2,1,Avenida Jabaquara,Mirandópolis,Apartamento,5891
239,4,2,Rua Pedro Inácio Araujo,Vila São Silvestre,Casa em condomínio,5631
45,1,1,Rua Visconde Parnaíba,Brás,Apartamento,2831
67,1,1,Rua Visconde da Luz,Vila Nova Conceição,Apartamento,7391
124,2,1,Rua Doutor Jesuíno Maciel,Campo Belo,Apartamento,4719
38,1,0,Rua Shikazo Myai,Cidade São Francisco,Casa,1835
133,3,1,Rua Venâncio Aires,Pompeia,Apartamento,5193
250,3,3,Rua Sebastiana Vieira,Parque Mandaqui,Casa,4925
59,2,1,Rua Epaminondas Melo do Amaral,Sítio do Mandaqui,Apartamento,3357
56,1,2,Rua João Moura,Pinheiros,Apartamento,6708
107,3,2,Praça Xavier da Silveira,Vila Lúcia Elvira,Apartamento,9359
52,2,1,Rua Mexicana,Vila Endres,Apartamento,1889
80,3,1,Rua Murutinga do Sul,Chácara Santo Antônio (zona Leste),Apartamento,3472
130,3,0,Rua Jaboatão,Casa Verde,Casa,2773
25,1,0,Rua Girassol,Vila Madalena,Studio e kitnet,3334
90,2,1,Avenida do Cursino,Bosque da Saúde,Apartamento,4005
26,1,1,Alameda Santos,Cerqueira César,Apartamento,6635
350,2,1,Rua Saramenha,Sumaré,Casa,5875
86,2,2,Dr Djalma Pinheiro Frranco,Vila Mascote,Apartamento,4216
322,5,5,Rua Quariteré,Parque da Mooca,Casa,10110
42,1,0,Rua Pero Correia,Vila Mariana,Studio e kitnet,2027
220,4,2,Rua Tijuco Preto,Tatuapé,Casa,10990
30,2,1,Avenida Sargento Geraldo Sant’ana,Jardim Taquaral,Apartamento,3001
55,2,1,Rua Hungara,Vila Ipojuca,Apartamento,3964
53,2,2,Rua Olívio Basílio Marçal,Jardim Cirino,Apartamento,2706
200,3,2,Rua Tamoios,Campo Belo,Casa,3200
48,2,1,Rua Ituri,Vila Formosa,Apartamento,2060
132,3,1,Rua Bela Cintra,Consolação,Apartamento,13530
48,2,1,Avenida Tiradentes,Luz,Apartamento,3406
60,2,1,Rua Antonieta Leitão,Nossa Senhora do Ó,Apartamento,2322
58,1,0,Rua 24 de Maio,República,Apartamento,2304
36,1,0,Rua Joaquim Guarani,Jardim das Acacias,Apartamento,4290
180,3,2,Rua Mateus Nunes de Siqueira,Vila Marina,Casa,4325
38,1,0,Rua Professor Bourhan Helou,Jardim Ana Rosa,Casa,988
70,3,1,Rua Inês Pereira,Brooklin,Casa,2546
110,2,1,Rua Artur Tescaro,Santo Amaro,Casa,2814
200,3,3,Rua João de Sousa Dias,Campo Belo,Apartamento,13220
40,1,0,Rua Capitão José Machado,Jardim Primavera (zona Norte),Casa,1355
52,1,0,Rua Central,Parque Santo Antônio,Casa,934
100,2,1,Rua Caruaru,Vila Ester,Casa,2065
17,1,0,Rua Frei Caneca,Bela Vista,Studio e kitnet,3271
25,1,0,Rua Bueno de Andrade,Liberdade,Apartamento,1578
69,2,1,Rua Getúlio Soares da Rocha,Jardim das Acácias,Apartamento,7820
147,3,2,Rua Manuel da Nóbrega,Paraíso,Apartamento,11230
50,2,2,Avenida Pompéia,Vila Pompéia,Apartamento,3999
60,2,1,Rua Marie Nader Calfat,Jardim Ampliação,Apartamento,3728
264,3,3,Rua Dona Vitória Speers,Vila Formosa,Casa,5458
27,1,0,Rua Caramuru,Vila da Saúde,Apartamento,2782
50,2,1,Rua Caraputinga,Vila America,Apartamento,1960
72,2,1,Rua Paulo de Avelar,Vila Dom Pedro Ii,Apartamento,3512
397,3,2,Alameda Barretos,Alphaville,Casa em condomínio,16940
39,1,1,Rua das Tâmaras,Vila Paulista,Apartamento,2401
69,2,1,Rua Paulo Barreto,Vila Barreto,Apartamento,3405
154,4,3,Alameda Mamoré,Alphaville Industrial,Apartamento,7987
55,1,1,Rua Alberto Quatrine Bianchi,Vila Penteado,Casa,1417
55,1,1,Rua Bela Cintra,Consolação,Apartamento,4309
31,2,0,Rua Santo Antônio,Bela Vista,Apartamento,2613
26,1,0,Rua Doutor Ângelo Vita,Tatuapé,Studio e kitnet,2482
40,1,1,Rua Nova York,Brooklin,Apartamento,4699
77,3,1,Rua das Flechas,Vila Santa Catarina,Apartamento,2502
60,2,0,Rua Gil Vicente,Vila Dionisia,Casa,1271
20,1,0,Avenida Bosque da Saúde,Vila da Saúde,Studio e kitnet,1520
40,1,0,Rua Drava,Vila Moinho Velho,Casa,1012
72,3,1,Avenida Jaçanã,Guapira,Apartamento,3103
50,2,1,Avenida Mutinga,Vila Pirituba,Casa,1553
60,3,2,Rua Lagoa Panema,Vila Guilherme,Apartamento,7746
64,2,1,Rua Doutor Laerte Setúbal,Vila Suzana,Apartamento,2991
150,2,2,Rua Manuel Onha,Vila Oratório,Casa,3335
224,3,3,Alameda América,Tamboré,Apartamento,14060
45,2,0,Rua Capitão Lorena,Vila Invernada,Apartamento,2108
74,2,2,Avenida Miguel Yunes,Usina Piratininga,Apartamento,4612
70,3,0,Rua Mandu,Vila Granada ,Casa,3486
70,2,1,Rua Conselheiro Brotero,Santa Cecilia,Apartamento,3905
32,2,0,Rua Antônio Gomes Ferreira,Sacomã,Apartamento,1652
42,2,0,Rua José Manso,Vila Matilde,Apartamento,2759
140,2,2,Rua James Junqueira,Vila Trabalhista,Casa,2031
222,3,2,Rua Bela Cintra,Consolação,Apartamento,20920
50,1,1,Rua Indiana,Brooklin Paulista,Apartamento,3370
180,3,3,Rua Domingos da Fonseca,Parque da Mooca,Apartamento,6439
30,1,1,Rua Ciro Costa,Perdizes,Studio e kitnet,3141
150,3,2,Rua Monsenhor Magaldi,Jardim Promissão,Casa,4707
23,1,0,Rua Bento Freitas,República,Studio e kitnet,3153
55,2,0,"R. Evans, São Paulo - Sp, 03648-020, Brasil",Vila Matiilde,Apartamento,2124
40,1,0,Rua Agostinho Gomes,Ipiranga,Casa,1381
63,3,1,Avenida dos Ourives,Jardim São Savério,Apartamento,2018
29,1,0,Rua Barão de Iguape,Liberdade,Studio e kitnet,1967
43,2,0,Avenida dos Ourives,Jardim Sao Saverio,Apartamento,1700
181,3,3,Rua Tamarataca,Mooca,Apartamento,7848
51,2,1,Avenida Guarapiranga,Jardim das Flores,Apartamento,3545
40,1,0,Rua Santo Amaro,Bela Vista,Apartamento,2134
90,2,0,Rua dos Trilhos,Mooca,Apartamento,2482
38,2,0,Rua Visconde de Parnaíba,Mooca,Apartamento,3452
55,1,1,Rua Brigadeiro Tobias,Centro Histórico de São Paulo,Apartamento,3241
109,3,2,Rua Paulo Lício Rizzo,Centro,Apartamento,4524
42,1,1,Rua Canário,Moema,Apartamento,3689
140,3,2,Rua Manuel Gadelho,Vila Centenário,Casa,3648
95,3,2,Rua Paulo Izzo,Jardim Alzira,Casa,3562
26,1,1,Avenida Menotti Laudisio,Jardim Cidade Pirituba,Studio e kitnet,1734
40,1,1,Avenida Onze de Junho,Vila Clementino,Apartamento,2506
32,1,1,Rua Delegado Everton,Bela Vista,Apartamento,2482
35,1,0,Rua Tamandaré,Liberdade,Apartamento,1720
110,3,1,Rua Bagé,Vila Mariana,Apartamento,7880
55,1,0,Rua Asdrúbal do Nascimento,Bela Vista,Apartamento,1992
57,1,2,Rua Doutor Chibata Miyakoshi,Paraíso do Morumbi,Apartamento,3653
55,2,1,Rua Doutor Teodoro Quartim Barbosa,Vila São Francisco,Apartamento,3669
30,1,0,Rua Severino Soares,Vila Nova Mazzei,Apartamento,810
38,1,1,Rua Arapá,Vila Santa Catarina,Apartamento,2739
46,1,0,Rua General Argolo,Vila Invernada,Studio e kitnet,1503
50,2,0,Rua Diogo de Oliveira,Sítio do Morro,Apartamento,1852
28,1,0,Rua Aurora,Santa Ifigênia,Studio e kitnet,2717
80,2,1,Rua Arisugawa,Jardim Japao,Casa,2158
47,2,0,Rua do Córrego,Vila Carrão,Apartamento,2451
140,3,1,Rua Pascoa Campi,Anchieta,Casa,3217
60,2,1,Avenida Ministro Petrônio Portela,Vila Amélia,Apartamento,2064
42,1,1,Avenida Ômega,Empresarial 18 do Forte,Studio e kitnet,4170
65,1,0,Rua Assano,Jardim Japão,Casa em condomínio,967
51,1,1,Avenida Marcos Penteado de Ulhôa Rodrigues,Tamboré,Studio e kitnet,7406
150,3,2,Avenida Interlagos,Interlagos,Casa,3626
56,2,1,Rua Francisco Pereira,Vila Galvão,Apartamento,2624
160,3,3,Rua Antonio de Aguiar,Jardim Oriental,Casa,5960
25,1,0,Rua Cubatão,Vila Mariana,Studio e kitnet,4906
170,3,2,Rua Elias da Costa,Vila Carolina,Casa,2914
68,3,1,Rua Apinajés,Perdizes,Apartamento,6058
64,2,1,Rua Araguaia,Vila Curuca,Apartamento,4459
35,1,0,Avenida Duque de Caxias,Campos Elíseos,Studio e kitnet,1376
40,1,0,Rua Ângelo Pereira,Vila Talarico,Casa,1344
200,3,1,Rua Ibaiti,Vila Mafra,Casa,2707
47,1,0,Rua Fernão Marques,Vila Graciosa,Casa,1186
38,1,0,Rua Alméria,Vila Granada,Apartamento,1757
91,3,1,Avenida Santo Amaro,Vila Nova Conceição,Apartamento,4274
72,2,2,Avenida Jandira,Indianópolis,Apartamento,7953
40,1,1,Rua Otacílio de Albuquerque,Vila Maria Alta,Casa,992
20,1,0,Avenida Nossa Senhora da Assunção,Vila Butantã,Studio e kitnet,1390
18,1,0,Rua Frei Caneca,Consolação,Studio e kitnet,2962
48,1,1,Rua Professor Atílio Innocenti,Vila Nova Conceição,Apartamento,5189
68,2,1,Praça Miguel Ortega,Parque Assunção,Apartamento,2545
180,2,2,Rua Alberico Galvão Bueno,Vila Santo Estefano,Casa,2919
41,1,0,Rua dos Jacintos,Mirandópolis,Apartamento,3514
74,2,1,Avenida Valdemar Ferreira,Butantã,Apartamento,4224
49,2,1,Rua Guido Bonici,Jardim Belém,Apartamento,1995
460,4,3,Rua Doutor Cristiano de Sousa,Jardim Leonor,Casa,8831
50,2,0,Rua das Ameixeiras,Conjunto Residencial Jardim Canaã,Casa,1042
58,2,1,Avenida Moreira Guimarães,Indianópolis,Apartamento,2998
28,1,0,Avenida Maestro Villa-lobos,Vila Gustavo,Apartamento,1684
56,3,1,Avenida Mazzei,Vila Mazzei,Apartamento,2902
132,3,2,Rua Leonardo Cerveira Varandas,Paraíso do Morumbi,Apartamento,10220
60,2,1,Rua Doutor Olavo Egídio,Santana,Apartamento,4463
40,1,0,Rua Brigadeiro Tobias,Centro,Apartamento,1571
172,3,4,Rua Engenheiro Domício de L. Pacheco E Silva,Vila Campo Grande,Casa,3841
345,4,4,Rua Doutor Erasmo Teixeira de Assunção,Jardim Leonor,Casa,8996
70,2,3,Rua Dom Valentim,Jardim Colombo,Casa,2723
60,1,1,Rua Doutora Neyde Apparecida Sollitto,Vila Clementino,Apartamento,3626
145,4,3,Rua João Avelino Pinho Mellão,Fazenda Morumbi,Apartamento,5528
70,2,1,Avenida José Galante,Vila Suzana,Apartamento,3506
26,1,0,Rua Aurora,Santa Efigênia,Studio e kitnet,1569
98,3,2,Rua Alexandre Teixeira,Vila Euthalia,Casa,2516
46,2,1,Rua Maracanã-guaçu,Jardim São Francisco (zona Leste),Apartamento,1743
27,1,0,Rua dos Estudantes,Sé,Studio e kitnet,3393
125,2,1,"Santa Maria, Osasco - Sp, 06150-740, Brasil",Santa Maria,Casa em condomínio,3252
28,1,0,Avenida Jabaquara,Mirandópolis,Studio e kitnet,3642
38,1,0,Rua Bueno de Andrade,Aclimação,Apartamento,2363
75,3,2,Rua Doutor Oscar Monteiro de Barros,Vila Suzana,Apartamento,4111
110,2,2,Rua Helena Maria Vita Roso,Jardim das Vertentes,Casa,3648
70,2,1,Rua Olegário de Oliveira,Vila Buenos Aires,Casa,1449
70,2,1,Rua Bom Sucesso,Cidade Mãe do Céu,Casa,2831
41,1,0,Rua da Esperança,Vila Medeiros,Apartamento,2141
53,1,1,Rua Marechal Barbacena,Vila Regente Feijó,Apartamento,4894
33,1,0,Rua Helena Zerrener,Liberdade,Studio e kitnet,1388
60,1,0,Rua Silva Bueno,Ipiranga,Apartamento,1865
100,3,1,Rua Ida Boschetti,Vila Medeiros,Casa,2584
50,2,0,Avenida Maria José Vasconcellos Mankel,Vila Clarice,Casa,1355
50,1,1,Rua Carlos Magalhães,Parque Reboucas,Apartamento,2008
118,2,0,Avenida Ipiranga,Centro Histórico de São Paulo,Apartamento,5034
50,1,0,Rua José Jardim da Silveira,Jardim Taquaral,Apartamento,1671
90,3,2,Praça Alexandre Fleming,Mooca,Apartamento,4130
44,1,1,Av Eng. Armando de Arruda Pereira,Vila do Encontro,Apartamento,1863
27,1,0,Rua Francisca Miquelina,Bela Vista,Studio e kitnet,4032
86,2,2,Rua Silvestre Vasconcelos Calmon,Vila Pedro Moreira,Apartamento,3116
570,5,4,Rua Tobias Monteiro,Campo Belo,Casa,10200
90,1,0,Travessa Geraldo Ferraz,Vila Santista,Casa,1751
165,3,3,Rua Tuiuti,Tatuapé,Apartamento,11310
52,2,1,Rua Sargento Osvaldo,Vila Zilda,Apartamento,2888
365,3,4,Rua Canumá,Jardim dos Estados,Casa,17120
29,1,0,Rua Avanhandava,Bela Vista,Studio e kitnet,3206
30,1,0,"R. Dr. Almeida Lima, 835 - Mooca, São Paulo - Sp, 03164-000, Brasil",Mooca,Apartamento,3416
156,2,3,Rua Padre Aníbal Difrância,Jardim Mangalot,Casa,2445
42,2,1,Rua Edvard Carmilo,Jardim Celeste,Apartamento,2677
145,2,2,Rua Domingos Antonio Ciccone,Chácara Santo Antônio (zona Sul),Casa,7015
365,5,3,Rua Brigadeiro Gavião Peixoto,Lapa,Casa,13290
150,2,3,Rua Severínia,Tatuapé,Casa,3910
50,1,1,Rua Anhangüera,Barra Funda,Apartamento,3926
85,3,2,Rua Jaboticabal,Vila Bertioga,Apartamento,7122
200,4,3,Rua Antônio Bento,Jardim Paulista,Casa,12720
81,3,2,Rua Marquês Olinda,Vila Dom Pedro I,Apartamento,4268
54,1,0,Avenida Duque Caxias,Campos Elíseos,Apartamento,2574
165,3,2,Rua Copacabana,Santa Teresinha,Apartamento,5780
100,2,2,Rua Antônio Clemente,Jardim São Paulo(zona Norte),Casa em condomínio,3176
54,1,2,Rua Bonnard,Alphaville,Apartamento,7619
32,1,1,Rua Doutor Elias Chaves,Campos Elíseos,Apartamento,2023
147,5,3,Rua Sócrates,Vila Sofia,Apartamento,7634
194,3,3,Rua Brás de Arzão,Nova Piraju,Casa,5467
30,1,0,Avenida Duque de Caxias,Campos Elíseos,Studio e kitnet,1780
37,2,0,Rua Conde de Sarzedas,Sé,Apartamento,3516
41,1,0,Viaduto Nove de Julho,Centro,Studio e kitnet,1924
70,2,0,Rua Dr. Luiz Migliano,Jardim Vazani,Casa,3285
190,3,3,Rua Palacete das Águias,Vila Alexandria,Casa,8800
65,2,0,Rua do Lavapés,Cambuci,Apartamento,2220
15,1,0,Rua Franklin Magalhães,Vila Santa Catarina,Casa,846
53,2,1,Avenida Nova Cantareira,Tucuruvi,Apartamento,2746
40,1,1,Rua Doutor Guilherme Bannitz,Itaim Bibi,Apartamento,5934
58,2,1,Rua Capote Valente,Pinheiros,Apartamento,3510
18,1,0,Rua Tubarana,Vila Mariana,Studio e kitnet,2026
72,3,2,Avenida Miguel Yunes,Usina Piratininga,Apartamento,3847
160,4,3,Rua Professor José Horácio Meirelles Teixeira,Vila Suzana,Apartamento,15920
234,3,6,Rua Teofrasto,Vila Olinda,Casa,4493
70,1,0,Rua Lourdes Fernandes Grossmann,Vila Santo Estéfano,Casa,1552
116,3,2,Rua Vinte E Três de Outubro,Ferreira,Casa,4741
50,1,1,Rua Pintassilgo,Vila Uberabinha,Apartamento,3480
85,1,1,Rua Bela Cintra,Consolação,Apartamento,4798
43,2,1,Rua Cachoeiro de Itapemirim,Vila Matilde,Apartamento,2427
60,3,1,Rua Marieta Xavier,Jardim de Lorenzo,Casa,1476
29,1,0,Rua Joaquim Guarani,Jardim das Acácias,Studio e kitnet,3672
190,2,1,Rua Augusta,Consolação,Apartamento,11180
36,2,0,Rua Ribeirão Branco,Vila Bertioga,Apartamento,2661
30,1,0,Rua Domingos Maza,Vila Boacava,Casa em condomínio,1042
90,3,1,Avenida Rebouças,Pinheiros,Apartamento,5832
30,1,1,Alameda Mamoré,Alphaville Industrial,Apartamento,3162
70,2,2,Rua Floro de Oliveira,Jardim Adriana,Casa em condomínio,1878
53,1,1,Alameda Barros,Santa Cecília,Apartamento,2656
48,2,1,Estrada Itaquera Guaianazes,Itaquera,Apartamento,1697
38,2,0,Rua Serra de Jairé,Quarta Parada,Apartamento,3325
54,1,1,Rua Júlio de Menezes,Jardim da Gloria,Apartamento,2459
120,2,4,Rua Maria José de Jesus Miranda,Vila Iório,Casa,2710
38,1,1,Rua Bartolomeu de Torales,Vila Mazzei,Casa em condomínio,2058
50,2,0,Rua Teotônio de Oliveira,Vila Santa Virginia,Apartamento,1626
52,2,1,Rua Colômbia,Jardim America,Apartamento,2941
43,2,0,Avenida Rudge,Bom Retiro,Apartamento,3434
75,1,1,Rua Bagé,Vila Mariana,Apartamento,11290
127,2,2,Rua Abagiba,Saúde,Casa,2745
78,2,0,Rua João Crudo,Centro,Apartamento,3058
100,3,2,Rua Alonso Calhamares,Vila Regente Feijó,Apartamento,7777
32,1,0,Rua Bartira,Perdizes,Studio e kitnet,3308
47,2,1,Rua Loureiro da Cruz,Aclimação,Apartamento,4492
57,1,0,Rua Francisco Marengo,Tatuapé,Apartamento,2482
30,1,0,Rua Luiz Grassmann,Jardim Mirante,Apartamento,1734
273,3,6,Rua Manuel José de Almeida,Vila Cruz das Almas,Casa,4462
70,2,1,Rua Coronel Rodovalho,Penha de França,Apartamento,1977
120,4,3,Rua Ângelo Santi,Vila Friburgo,Casa,3791
82,2,2,Rua Flávio de Melo,Vila Mariana,Apartamento,5170
98,3,2,Rua Doutor Abelardo Vergueiro César,Vila Alexandria,Casa,4166
50,2,0,Rua Brigadeiro Godinho dos Santos,Vila Pirituba,Apartamento,4401
90,2,1,Rua Maracá,Jabaquara,Apartamento,4012
33,2,0,Rua Banharão,Vila Formosa,Studio e kitnet,1434
70,2,2,Rua Rio Preto,Vila Valparaíso,Apartamento,3366
52,2,1,Rua Benedito Faber,Lajeado,Apartamento,2869
58,2,1,Rua Doutor José de Queirós Aranha,Vila Mariana,Apartamento,3065
70,2,0,Alameda Ribeirão Preto,Bela Vista,Apartamento,3741
150,1,1,Rua Nanau,Água Fria,Casa,3527
50,1,1,Rua Fiandeiras,Vila Olímpia,Apartamento,4817
260,2,2,Rua Conselheiro Brotero,Santa Cecilia,Apartamento,10110
92,2,2,Rua Antônio do Campo,Pedreira,Casa,2985
35,2,0,R Nereu Rangel Pestana,Vila Parapuã,Apartamento,1563
80,2,2,Rua Susana Leger,Jardim Arizona,Casa,2715
51,2,1,Rua Visconde de Parnaíba,Brás,Apartamento,4254
51,2,1,Avenida Santa Inês,Parque Mandaqui,Apartamento,2715
46,2,0,Rua Josef Kryss,Parque Industrial Tomas Edson,Apartamento,3596
72,2,0,Rua Isidoro Kauffman,Parque Residencial Julia,Casa,3480
65,3,1,Rua Caetanópolis,Jaguaré,Apartamento,2850
90,2,1,Rua Professor Augusto Mondin,Jardim Santa Cruz (campo Grande),Casa,2021
135,3,2,Rua Doutor Antônio Bento,Santo Amaro,Apartamento,7506
53,2,0,Avenida Duque de Caxias,Campos Elíseos,Apartamento,2007
60,1,1,Rua Sargento José Spessoto,Vila Mariana,Casa,2647
86,3,1,Rua das Grumixamas,Vila Parque Jabaquara,Apartamento,3898
41,2,0,Rua Miguel Arcanjo de Oliveira,Parque Paineiras,Apartamento,1624
96,3,1,Avenida Doutor Altino Arantes,Vila Clementino,Apartamento,6059
56,2,1,"Vila Guarani, São Paulo - Sp, 04317-180, Brasil",Vila Guarani,Apartamento,3092
52,2,1,Rua Costa Barros,Sítio Pinheirinho,Apartamento,2043
60,2,1,Rua Jovina,Vila Mascote,Apartamento,3808
41,1,1,"R. Girassol - Vila Madalena, São Paulo - Sp, Brasil",Vila Madalena,Apartamento,4969
40,1,1,Alameda Lorena,Jardim Paulista,Apartamento,6955
66,2,1,Rua Alvorada,Vila Olímpia,Apartamento,5726
360,4,3,Rua Padre Raposo,Mooca,Apartamento,12810
70,1,0,Rua Avanhandava,Bela Vista,Apartamento,3657
290,3,2,Praça Ituzaingó,Vila Regente Feijó,Apartamento,9452
49,1,1,Avenida Marcos Penteado de Ulhôa Rodrigues,Tamboré,Studio e kitnet,3979
80,3,1,Avenida Doutor Ricardo Jafet,Ipiranga,Apartamento,2991
33,2,0,Avenida Mário Lopes Leão,Santo Amaro,Apartamento,2920
24,1,0,Rua Fernando Dondon,Tatuapé,Studio e kitnet,1964
46,2,1,Avenida Curió,Jardim Campanario,Apartamento,1816
30,1,1,Rua Muritiba,Vila Scarpelli,Casa,1068
160,3,3,Rua Caetanos,Vila Regente Feijó,Apartamento,17470
120,2,2,Praça Silveiras,Vila Paulicéia,Apartamento,7924
40,1,0,Rua das Imbiras,Vila Mazzei,Casa,1248
36,1,1,Rua Frederico Abranches,Vila Buarque,Apartamento,2283
55,1,0,Rua Alexandre Bening,Jardim Inga,Casa,671
37,1,0,Rua Lauro Muller,Vila Palmares,Apartamento,839
362,3,0,R. Agulha,Vila Libanesa,Casa,7212
59,2,1,Rua Vicenza,Vila Dom Pedro Ii,Apartamento,8839
32,1,1,Alameda dos Anapurus,Indianópolis,Studio e kitnet,6943
70,1,1,Rua Coronel Homero da Silveira,Parque Peruche,Casa,1655
65,3,1,Rua Alexandre Benois,Vila Andrade,Apartamento,3579
154,3,3,Rua Xavier Gouveia,Parque Colonial,Apartamento,16280
69,1,0,Rua Doutor Argemiro Couto de Barros,Chácara Inglesa,Casa,1563
41,1,2,Rua Marquesa de Santos,Vila Dom Pedro I,Apartamento,3425
102,2,2,Passagem João Batista de Araújo,Bonfim,Casa,3389
80,2,0,Avenida Alcântara Machado,Brás,Apartamento,1835
121,3,1,Rua São Miguel,Vila Alpina,Casa,4111
37,1,1,Rua Jorge Tibiriçá,Vila Mariana,Apartamento,4871
119,3,2,Rua Campevas,Perdizes,Apartamento,8785
70,3,1,Rua Itaici,Santa Teresinha,Apartamento,3383
70,2,1,Rua Ibiaporã,Cursino,Casa,2034
96,2,0,Rua Gabus Mendes,República,Apartamento,3489
50,2,0,Rua Caquito,Vila Sao Geraldo,Casa,1597
220,2,0,Avenida Dona Helena Pereira de Moraes,Parque do Morumbi,Apartamento,16620
63,3,1,Rua Soldado José Fernandes da Silva,Jardim Japão,Apartamento,4023
159,3,1,Rua José Maria Lisboa,Jardim Paulista,Apartamento,16620
64,2,1,Rua José Dias da Costa,Morumbi,Apartamento,1950
400,3,4,Rua Doutor Francisco Malta Cardoso,Jardim Cordeiro,Casa,16670
327,3,5,Avenida Ceci,Planalto Paulista,Casa,10750
48,2,1,Rua Achiles Belline,Padroeira,Apartamento,2352
55,2,0,Rua Vinte E Quatro de Dezembro,Vila Dom Pedro Ii,Apartamento,3843
44,1,0,Rua Catarina Vieira,Vila Dalila,Apartamento,2559
100,2,0,Rua Corypheu de Azevedo Marques,Jardim Paraventi,Casa,1423
42,2,0,Rua Professor Athanassof,Cidade Patriarca,Apartamento,1544
75,3,1,Rua Queriri,Chácara Califórnia,Apartamento,3066
50,1,1,Travessa Limoeiro,Água Fria,Casa,1042
28,1,1,Rua Vergueiro,Vila Mariana,Apartamento,4148
34,1,0,Rua 17 de Janeiro,Panamby,Studio e kitnet,2149
12,1,0,Rua Sarandira,Jaguaré,Casa,1181
64,3,2,Rua Piraçununga,Vila Bertioga,Apartamento,3565
200,3,3,Rua Professor Lúcio Martins Rodrigues,Jardim Leonor,Apartamento,12280
125,3,3,Rua Arapá,Vila Mascote,Apartamento,7317
80,2,1,Rua Virginópolis,Sacomã,Casa,2529
30,1,0,Avenida Sanatório,Jardim Modelo,Casa,1080
46,2,1,Rua Antônio Peres Paniágua,São Pedro,Apartamento,1402
80,2,0,Rua Ascânio,Chácara Mafalda,Casa,1646
35,1,0,Avenida Doutor Francisco Mesquita,Quinta da Paineira,Apartamento,2639
31,1,0,Rua Abadiânia,Vila Guilhermina,Apartamento,1367
54,2,0,Rua Elías Mussa Fajuri,Rio Pequeno,Apartamento,1467
50,2,0,Rua Santa Teresa de Jesus,Vila Santa Terezinha (zona Norte),Apartamento,1493
35,1,1,Avenida Doutor Francisco Mesquita,Quinta da Paineira,Apartamento,1877
70,2,1,Avenida Delmar,Alphaville Empresarial,Apartamento,6609
22,1,0,Rua Desembargador Aragão,Vila Mariana,Studio e kitnet,3526
110,3,1,Rua Doutor Francisco Figueiredo Barreto,Vila Anglo Brasileira,Casa,5909
360,3,4,Rua Ibiraporã,Jardim Londrina,Casa,6814
52,2,1,Rua Jaracatia,Jardim Umarizal,Apartamento,2622
55,2,2,Rua Olávo Leite,Vila Andrade,Apartamento,4020
310,4,4,Rua Décio Reis,Alto de Pinheiros,Casa,21050
75,1,0,Rua Vicente Prado,Bela Vista,Apartamento,2135
50,2,1,R. João Rossi,Jardim Cocaia,Apartamento,1962
52,1,0,Avenida Prestes Maia,Centro,Apartamento,1736
28,1,0,Avenida Nove de Julho,Bela Vista,Studio e kitnet,1441
97,2,1,Rua Caminho do Engenho,Ferreira,Casa,2398
80,3,0,Rua Dom Bosco,Mooca,Apartamento,1862
29,1,0,Praça Franklin Roosevelt,Consolação,Apartamento,3096
64,1,0,Largo Padre Péricles,Barra Funda,Apartamento,2259
35,1,0,Rua Doutora Neyde Apparecida Sollitto,Vila Clementino,Apartamento,1371
27,1,0,Rua Major Diogo,Bela Vista,Apartamento,1588
42,2,0,Rua Ingu,Guaiaúna,Apartamento,2249
74,2,2,Rua das Perobas,Vila Parque Jabaquara,Apartamento,2722
65,3,1,Avenida do Anastácio,São Domingos,Apartamento,2615
60,2,1,Rua Manuel Soeiro Ramirez,Jardim Mimar,Casa,1588
46,2,1,Rua Alexandre Benois,Vila Andrade,Apartamento,3562
59,1,0,Rua Cesário Ramalho,Cambuci,Apartamento,1793
80,2,0,Rua Padre João,Penha de França,Casa em condomínio,1616
230,3,4,Rua Vergel,Água Rasa,Casa,6378
87,3,2,Rua Araguaia,Vila Curuca,Apartamento,3756
39,1,1,Alameda Eduardo Prado,Campos Elíseos,Apartamento,1722
30,1,1,Praça da República,República,Studio e kitnet,3030
45,1,1,Avenida Brigadeiro Luís Antônio,Bela Vista,Apartamento,2734
141,3,2,Rua David Ben Gurion,Jardim Monte Kemel,Apartamento,10150
56,2,1,Rua Estero Belaco,Vila da Saúde,Apartamento,3367
22,1,1,Rua Augusta,Consolação,Studio e kitnet,2951
199,2,2,Avenida Braz Leme,Santana,Apartamento,7447
96,3,2,Rua Serra de Botucatu,Chácara Califórnia,Apartamento,6341
30,1,0,Largo Santa Cecília,Vila Buarque,Studio e kitnet,1464
116,3,1,Rua Adolfino de Arruda Castanho,Vila Dinorah,Casa,4170
69,2,2,Rua Anhanguera,Barra Funda,Apartamento,6182
50,2,0,Rua Salgueiro,Cidade Patriarca,Apartamento,1350
110,3,2,Rua Luís Carneiro,Vila Pereira Barreto,Apartamento,4025
42,1,1,Avenida Brigadeiro Luís Antônio,Bela Vista,Apartamento,3856
60,1,1,Rua Santa Maria Goretti,Vila Maria Alta,Casa,876
190,4,1,Rua Manuel da Nóbrega,Paraíso,Apartamento,7610
172,3,4,Rua Euclides de Andrade,Jardim Vera Cruz,Casa,7623
60,2,1,Maria Curupaiti,Vila Ester (zona Norte),Apartamento,2176
50,2,1,Avenida Yervant Kissajikian,Vila Constança,Apartamento,2036
250,3,2,Rua Dona Maria Custódia,Santa Teresinha,Casa,3661
100,2,0,Rua Taiaçupeba,Quinta da Paineira,Casa,1989
35,1,0,Rua Baronesa de Itu,Santa Cecília,Studio e kitnet,2915
82,2,1,Rua Oscar Freire,Cerqueira César,Apartamento,5269
100,2,1,Rua Engenheiro Luís Antônio Rantin Moutinho,Jardim Popular,Casa,2241
27,1,0,Rua Luiz Seráphico Júnior,Jardim Caravelas,Apartamento,2689
87,3,1,Rua Nicola Rollo,Vila Andrade,Apartamento,6475
124,3,4,Rua dos Caciques A,Vila da Saúde,Casa,5686
96,3,1,Rua Joaquim Antunes,Pinheiros,Apartamento,6535
69,2,1,Rua Coronel Irineu de Castro,Jardim Anália Franco,Apartamento,2793
80,3,0,Rua Augusto Viana de Castelo,Vila Basileia,Casa,1493
119,3,0,Alameda Santo Amaro,Santo Amaro,Apartamento,2685
50,1,0,Rua Potsdam,Vila Hamburguesa,Casa,2018
38,1,0,Rua Major Diogo,Bela Vista,Apartamento,2092
26,1,0,Rua Doutor Ângelo Vita,Vila Zilda,Apartamento,3709
41,1,0,Rua Castro Alves,Aclimação,Apartamento,1890
70,3,0,Alameda Yayá,Jardim Aida,Casa,2373
30,1,0,Rua Periatis,Vila Araguaia,Apartamento,1033
30,1,0,Rua Artemis,Vila Babilônia,Casa,1301
35,1,0,Rua Martiniano de Carvalho,Bela Vista,Studio e kitnet,1764
64,3,1,Rua Doutor Luiz Migliano,Jardim Caboré,Apartamento,3266
107,2,1,Rua Guararapes,Brooklin Paulista,Casa,4263
34,2,0,Rua Amandaú,Tucuruvi,Apartamento,2590
46,2,0,Rua Condeúba,Vila Carrão,Apartamento,1813
50,1,0,Rua Antônio André Rodrigues,Chácara Mafalda,Casa,1287
66,2,1,Rua Doutor Nicolau Alberto Defina,Jardim da Saúde,Apartamento,2235
187,4,2,Rua José Guilger Sobrinho,Santo Amaro,Casa,5874
48,1,1,Rua Bahia,Higienópolis,Apartamento,5927
50,2,0,Rua Professor Castro Pereira,Vila Baruel,Casa,2060
87,2,0,Rua Guaianases,Campos Elíseos,Apartamento,2123
38,2,0,Rua Guilherme Rudge,Vila Sao Geraldo,Apartamento,1664
45,1,1,Rua Juquis,Indianópolis,Apartamento,4522
100,3,0,Avenida Itaberaba,Nossa Senhora do O,Casa,1981
35,1,0,Rua Paulistânia,Vila Madalena,Apartamento,4232
24,1,0,Rua Doutor Cesário Mota Júnior,Vila Buarque,Studio e kitnet,1607
43,2,1,Rua Ribeirão Branco,Vila Bertioga,Apartamento,2890
74,2,2,Rua Vigário Albernaz,Vila Gumercindo,Apartamento,3951
106,3,1,Rua das Tambaíbas,Parque Jabaquara,Casa,3297
51,2,1,Rua Salvador Iacona,Vila Santa Catarina,Apartamento,3033
500,4,2,Avenida Manoel dos Reis Araújo,Jardim Marajoara,Casa,10950
54,1,1,Rua Jesuíno Arruda,Itaim Bibi,Apartamento,5141
45,1,1,Rua Carvalho de Freitas,Vila Andrade,Apartamento,4033
60,1,0,Rua Damásio Mascarenhas,Santana,Casa,2659
50,2,1,Rua Camarés,Carandiru,Apartamento,2489
120,2,1,Rua Sepetiba,Siciliano,Casa,3865
120,3,3,Rua Professor Gustavo Pires de Andrade,Parque da Vila Prudente,Casa,4808
24,1,0,Rua Doutor Cesário Mota Júnior,Santa Cecilia,Studio e kitnet,1863
58,2,2,Rua Judith,Vila Madalena,Apartamento,5562
200,4,2,Rua Ângelo Ricchiutti,Jardim Paraíso,Casa,6396
28,1,0,Alameda Ribeirão Preto,Bela Vista,Studio e kitnet,4561
50,2,1,Rua Padre Gualberto Lima,Parque Monteiro Soares,Apartamento,1978
48,2,1,Rua Carlos Bigatti,Jardim Castelo,Apartamento,1636
384,3,0,Rua Lair,Tremembé,Casa,11550
50,2,1,Rua Professora Nina Stocco,Jardim Catanduva,Apartamento,1815
30,1,0,Rua Tabatinguera,Sé,Apartamento,1313
50,2,0,Rua Rosa Mendes,Jardim Penha,Apartamento,1550
91,2,1,Rua Faustino Siqueira Franco,Vila Maricy,Apartamento,2172
82,2,2,Avenida Professor Francisco Morato,Vila Sônia,Apartamento,7074
32,1,0,Rua Miguel Arcanjo de Oliveira,Parque Paineiras,Apartamento,1133
67,3,2,Rua Bitencourt Sampaio,Vila Mariana,Apartamento,5439
110,3,1,Avenida Leôncio de Magalhães,Jardim São Paulo,Casa,4290
24,1,0,Rua Ricardo Avenarius,Paraíso do Morumbi,Apartamento,1245
57,2,1,Avenida Itaboraí,Bosque da Saúde,Apartamento,2710
50,2,1,Rua do Lucas,Brás,Apartamento,3578
70,3,1,Rua Mamud Rahd,Tremembé,Casa em condomínio,2185
55,2,1,Rua Doutor Raul da Rocha Medeiros,Tatuapé,Apartamento,4697
16,1,0,Avenida Sanatório,Jardim Modelo,Studio e kitnet,623
35,1,1,Rua Paim,Bela Vista,Apartamento,3930
86,1,2,Rua Samia Haddad,Vila Suzana,Studio e kitnet,7032
63,1,1,Praça Júlio Mesquita,Santa Efigênia,Apartamento,2214
42,2,0,Rua Intendência,Brás,Apartamento,2402
14,1,0,"R. das Nhandirobas - Jardim Oriental, São Paulo - Sp, Brasil",Jardim Oriental,Apartamento,1520
55,1,1,Rua Henri Dunant,Santo Amaro,Apartamento,6378
96,3,2,Rua Doutor Luiz Migliano,Morumbi,Apartamento,6757
25,1,0,Rua da Consolação,Consolação,Studio e kitnet,2898
78,2,0,Rua Lavradio,Barra Funda,Apartamento,2914
66,2,1,Rua Mauês,Vila Prado,Casa,3220
40,1,0,Rua Conselheiro Moreira de Barros,Santana,Apartamento,2271
75,2,0,Rua dos Patriotas,Ipiranga,Apartamento,2153
300,3,2,Rua Visconde de Aguiar Toledo,Vila Congonhas,Casa,6448
100,3,0,Rua Jean de La Huerta,Vila Brasilina,Casa,1889
48,1,1,Rua Haddock Lobo,Cerqueira César,Apartamento,6915
60,2,1,Rua Catão,Vila Romana,Apartamento,4511
72,1,0,Rua Glicério,Liberdade,Apartamento,2768
56,2,2,Rua Edmundo Amaral Valente,Parque Munhoz,Apartamento,2188
46,1,1,Avenida Eusébio Matoso,Pinheiros,Studio e kitnet,8101
63,3,1,Rua Marquês de Lages,Vila Moraes,Apartamento,1867
37,1,0,Avenida Engenheiro Armando de Arruda Pereira,Vila do Encontro,Apartamento,1073
40,2,0,Rua Itá,Vila Santos,Apartamento,1597
49,2,1,Rua Padre Estevão de Oliveira,Conjunto Habitacional Padre Manoel da Nobrega,Apartamento,1662
139,4,2,Rua General Syzeno Sarmento,Jardim Esmeralda,Casa,3961
50,1,0,Rua Miriam,Jardim da Gloria,Casa,1745
69,2,1,Avenida Divino Salvador,Planalto Paulista,Apartamento,5824
132,3,2,Rua Doutor Sodré,Vila Nova Conceição,Casa,9198
54,2,1,Rua Jacaré Copaíba,Jardim Peri,Apartamento,2292
85,2,0,Rua Hércules Florence,Centro,Apartamento,2434
40,2,0,"R. Evans, São Paulo - Sp, 03648-020, Brasil",Vila Matilde,Apartamento,2019
32,1,0,Rua Maria Borba,Vila Buarque,Studio e kitnet,1970
200,4,3,Rua Vilarinho,Vila Albertina,Casa,3294
239,3,2,Rua Professor Guilherme Belfort Sabino,Campininha,Casa,3578
94,3,1,Rua Capitão Teófilo,Centro,Apartamento,2926
96,1,2,Rua Doutor Paschoal Imperatriz,Vila Gertrudes,Apartamento,8281
74,2,1,Rua Tabatinguera,Sé,Apartamento,2452
45,1,0,Rua Joaquim Rodrigues Costa,Vila Maria Alta,Apartamento,1214
91,3,2,Rua Gregório de Matos,Vila Regente Feijó,Apartamento,4763
85,2,1,Rua Nancy Silva Cabral,Parque Continental Ii,Casa,2537
39,1,1,Rua Santo Amaro,Bela Vista,Studio e kitnet,3413
216,2,5,Rua Campo Largo,Vila Bertioga,Casa,2908
40,1,0,Rua Caçador de Esmeraldas,Vila São José,Casa,1350
40,1,0,Rua Vila Prudente,Vila Prudente,Casa,1025
70,2,0,Rua Costa Carvalho,Pinheiros,Apartamento,3361
140,3,2,Travessa Ferdinando Vaders,Vila Campo Grande,Casa,3335
70,2,1,Avenida Damasceno Vieira,Vila Mascote,Apartamento,3249
66,2,1,Rua Adalberto Kemeny,Parque Industrial Tomas Edson,Apartamento,4997
71,3,1,Rua Antônio Ribeiro de Morais,Vila Carbone,Apartamento,2212
26,1,0,Avenida Doutor Hugo Beolchi,Vila Guarani (z Sul),Apartamento,3093
130,2,1,Rua 21 de Abril,Brás,Apartamento,3005
125,3,4,Rua Martins Fernandes,Imirim,Casa,3284
140,3,1,Rua Dom Miguel Costa,Vila Gumercindo,Casa,3274
44,1,1,Alameda Campestre,Campestre,Apartamento,3369
50,2,1,Rua Cândida Franco de Barros,Itaberaba,Apartamento,3010
68,3,2,Rua Heitor de Souza Pinheiro,Super Quadra Morumbi,Apartamento,3190
70,2,1,Rua Orestes Barbosa,Jardim Paraventi,Casa,1768
60,2,1,Rua Bernardino Vergueiro,Penha de França,Apartamento,2133
5,1,0,Rua Mussumés,Vila Maria Alta,Casa,594
100,2,1,Rua Doutor Edmur de Castro Cotti,Jardim Rizzo,Casa,3874
64,2,1,Rua Uberlândia,Butantã,Apartamento,2628
55,2,1,Rua Francisco Pessoa,Vila Andrade,Apartamento,3430
39,1,1,Rua Mamanguape,Cidade Mãe do Céu,Apartamento,2205
65,2,1,Rua Tucuna,Perdizes,Apartamento,4978
30,1,0,Rua Nova Aurora,Vila Guilhermina,Apartamento,1812
70,2,2,Rua Heitor Peixoto,Cambuci,Apartamento,6036
69,3,2,Rua Doutor Ubaldo Franco Caiubi,Vila São Paulo,Apartamento,3009
128,3,2,Avenida Doutor Lino de Moraes Leme,Vila Paulista,Casa,2960
55,2,1,Rua Professor José Miziara,Santa Teresinha,Apartamento,2532
65,2,1,Avenida Álvaro Ramos,Belenzinho,Apartamento,3139
375,4,5,Rua José Oscar Abreu Sampaio,Jardim Anália Franco,Apartamento,17820
130,2,3,Rua Rocha Fraga,Cangaiba,Casa,3032
500,2,1,Rua Cocáis,Jardim Oriental,Casa,4092
30,1,1,Avenida Rio Branco,Campos Elíseos,Apartamento,1369
350,4,2,Rua Camargo Aranha,Pacaembu,Casa,11660
73,2,2,Rua Vapabussu,Jardim Aeroporto,Apartamento,6397
78,3,1,Rua Clímaco Barbosa,Cambuci,Apartamento,3137
26,1,0,Rua Azevedo Macedo,Vila Mariana,Apartamento,3768
76,3,1,Rua Manuel Álvares da Costa,Jardim Ester Yolanda,Apartamento,3207
170,4,2,Rua Alexandre Dumas,Santo Amaro,Apartamento,11290
50,1,0,Rua Galiléia,Casa Verde Média,Casa,957
28,1,0,Rua General Júlio Marcondes Salgado,Campos Elíseos,Studio e kitnet,2008
32,2,0,Avenida Sapopemba,Jardim Adutora,Apartamento,1789
38,2,0,Rua Anjo Custódio,Vila Formosa,Casa,1668
116,2,1,Rua George Smith,Lapa,Apartamento,4725
68,2,1,Rua Ana de Barros,Jardim Santa Inês,Apartamento,2655
73,3,1,Rua Falchi Gianini,Vila Prudente,Apartamento,4232
65,1,0,Rua Sebastião Martins,Jardim Bonfiglioli,Casa,1638
15,1,1,Avenida São Miguel,Vila Marieta,Studio e kitnet,1345
31,1,0,Rua Hermes de Moura Borges,Artur Alvim,Apartamento,1554
37,1,0,Alameda Barão de Limeira,Campos Elíseos,Studio e kitnet,1722
55,2,1,Rua Purpurina,Sumarezinho,Apartamento,7262
90,2,1,Rua Mendes Nunes,Vila Campestre,Casa,1652
235,3,4,Rua Brigadeiro Gama Barcelos,Parque Jabaquara,Casa,8040
33,1,0,Rua Antônio Carlos dos Santos,Cidade Patriarca,Studio e kitnet,1387
20,1,0,Avenida Corifeu de Azevedo Marques,Jd. Rio Pequeno,Apartamento,1662
41,2,0,Avenida Marginal,Vila Cristália,Apartamento,1558
203,3,4,Rua Sócrates,Vila Sofia,Apartamento,14000
20,1,0,Rua Voluntários da Pátria,Santana,Apartamento,2127
290,4,4,Rua João de Seixas,Campo Grande,Casa,9966
51,2,1,Rua Terceiro-sargento João Soares de Faria,Parque Novo Mundo,Apartamento,2175
42,1,1,Rua José Antônio Coelho,Vila Mariana,Studio e kitnet,2962
86,3,2,Rua Pedro Taques,Vila Principe de Gales,Apartamento,2593
217,3,4,Rua Engenheiro Roberto Mange,Cidade Maia,Casa,4751
30,1,0,Rua Padre Mariano Ronchi,Piqueri,Apartamento,1433
33,1,1,Alameda Rio Negro,Alphaville Industrial,Apartamento,5020
52,1,0,Rua Marechal Barbacena,Vila Regente Feijó,Apartamento,1814
38,1,1,Avenida Cauaxi,Alphaville Industrial,Studio e kitnet,3947
42,2,1,Rua Professor José Soares de Mello,Jardim Centenario,Apartamento,2224
68,3,1,Avenida Interlagos,Jardim Marajoara,Apartamento,3032
180,3,1,Rua Lauzane,Capela do Socorro,Casa,2919
38,1,1,Rua Capote Valente,Pinheiros,Apartamento,2950
54,1,1,Alameda Purús,Alphaville,Apartamento,3470
111,3,1,Rua Bela Cintra,Consolação,Apartamento,13570
160,3,3,Rua Marret,Vila Progresso,Casa,2690
35,1,0,Avenida do Estado,Cambuci,Apartamento,1870
80,2,1,Rua Etiópia,Parque das Nações,Casa,2091
34,1,1,Rua Padre Isidoro,Vila Nova York,Apartamento,1558
122,2,2,Rua da Consolação,Cerqueira César,Apartamento,8474
43,1,1,Rua Alexandre Benois,Vila Andrade,Apartamento,2591
80,3,1,Rua Girassol,Vila Madalena,Apartamento,5378
75,3,1,Rua Cuiabá,Alto da Mooca,Apartamento,4001
45,2,1,Rua Azevedo Júnior,Brás,Apartamento,2202
70,2,1,Rua Caiowaa,Perdizes,Apartamento,3555
40,1,0,Rua Galiléia,Casa Verde Média,Casa em condomínio,870
36,2,0,Rua Flora,Brás,Studio e kitnet,2007
120,3,2,Rua Maria Cuofono Salzano,Jardim Santo Antoninho,Casa,4388
137,3,2,Rua Gomes de Carvalho,Vila Olímpia,Apartamento,15800
55,2,1,Rua Tucuna,Pompeia,Apartamento,4820
55,2,0,Rua Aliança,Jardim de Lorenzo,Casa,1303
49,1,1,Rua São José,Santo Amaro,Apartamento,3228
45,2,0,Avenida Raimundo Pereira de Magalhães,Jardim Iris,Apartamento,3621
50,2,1,Rua Pedro Bellegarde,Chácara Califórnia,Apartamento,2740
120,3,2,Rua Rodrigo Lobato,Jardim Vera Cruz,Casa,5204
40,1,1,Rua Santo Amaro,Bela Vista,Apartamento,3524
350,3,1,Avenida São Luís,República,Apartamento,11430
108,3,1,Alameda Itu,Cerqueira César,Apartamento,11530
35,2,0,Rua Tenente Coronel Soares Neiva,Vila Aricanduva,Apartamento,1788
80,2,1,Rua Leônidas Freire,Vila Liviero,Casa,2706
63,0,0,Rua Doutor Albuquerque Lins,Santa Cecília,Studio e kitnet,2186
45,1,1,Rua das Perobas,Vila Parque Jabaquara,Apartamento,2600
87,2,2,Rua Tebas,Jardim Brasil (zona Sul),Apartamento,7492
30,0,0,Largo do Arouche,República,Studio e kitnet,1468
77,1,0,Rua Viana do Castelo,Vila Califórnia,Apartamento,1154
48,2,1,Rua Coronel Virgilio dos Santos,Vila Santa Edwiges,Apartamento,2009
50,2,0,Rua João Vieira da Silva,Vila Sabrina,Casa,761
70,1,0,Rua Ataliba Leonel,Vila Fidalgo,Casa,1438
38,1,1,Rua Bela Cintra,Consolação,Apartamento,3108
180,3,2,Rua Professor Campos Almeida,Jardim Bonfiglioli,Casa,5478
57,2,1,Rua Oliveira Catrambi,Jardim Vila Formosa,Apartamento,6577
25,1,0,Alfredo Pujol,Santana,Studio e kitnet,2558
60,2,1,Rua Alvorada do Norte,Vila Mangalot,Apartamento,3438
26,1,0,Rua Alfredo Pujol,Santana,Studio e kitnet,2940
26,1,0,Avenida Cásper Líbero,Centro Histórico de São Paulo,Studio e kitnet,2597
64,2,1,Rua Capote Valente,Pinheiros,Apartamento,10340
250,3,1,Rua Peixoto Gomide,Jardim Paulista,Apartamento,12120
260,3,2,Rua Convenção de Itu,Jardim Paulista,Apartamento,18740
70,2,1,Rua Sebastião Dias,Vila Zat,Casa,1526
95,3,0,Travessa Barra do Barão,Jardim Filhos da Terra,Casa,1147
170,3,1,Rua Pico Negro,Vila Regente Feijó,Casa,3799
15,1,0,Rua Coronel Ferreira Leal,Vila Gomes,Studio e kitnet,1239
35,1,0,Avenida Rangel Pestana,Jardim Brasília (zona Norte),Apartamento,2149
28,1,0,Rua Genebra,Bela Vista,Studio e kitnet,2185
49,1,1,Rua Desembargador Euclides da Silveira,Casa Verde,Apartamento,4188
30,1,0,Rua Francisco Fett,Vila Paulo Silas,Casa,967
58,2,1,Rua Doutor César,Santana,Apartamento,3143
51,2,1,Rua Carneiro Leão,Brás,Apartamento,2657
50,1,0,Rua Irmã Maria Amélia,Vila Pirituba,Casa,924
72,2,2,Rua Cajaíba,Vila Pompéia,Apartamento,8458
66,2,1,Avenida Raimundo Pereira de Magalhães,Jardim Iris,Apartamento,2212
165,3,1,Rua Guaiúba,Cidade Dutra,Casa,3449
100,3,2,Rua Nova dos Portugueses,Chora Menino,Casa,2771
38,1,0,Rua Branca Raposo,Jardim Carlu,Casa,1288
25,1,0,Rua Adolfo Schnabel,Vila Ema,Studio e kitnet,1352
27,1,0,Rua José Loureiro das Neves,Vila Cleonice,Studio e kitnet,1045
58,2,1,Avenida do Taboão,Taboão,Apartamento,1658
126,2,2,Rua Vianópolis,Vila Maria Alta,Casa,2256
70,1,0,Rua Alberto Gomes Leite,Vila Portuguesa,Casa,1168
60,2,1,Rua Doutor Gabriel Covelli,Parque Peruche,Casa,1780
87,2,2,Rua Doutor Sílvio Dante Bertacchi,Vila Sônia,Apartamento,3532
120,4,2,Rua Lituânia,Alto da Mooca,Casa,4841
53,1,0,Rua Conselheiro Furtado,Liberdade,Apartamento,2182
116,3,0,Rua Brigadeiro Tobias,Centro,Apartamento,4153
95,2,3,Rua Antonieta,Picanço,Casa,3299
78,2,1,Rua Olavo Bilac,Vila Sofia,Apartamento,3491
57,2,1,Rua Ibatiba,Vila Metalúrgica,Apartamento,2589
50,2,1,Rua Glicério,Liberdade,Apartamento,3745
60,1,2,Avenida Padre Lebret,Morumbi,Apartamento,7613
58,1,0,Rua Doutor Brasilio Machado,Santa Cecília,Apartamento,2459
35,1,0,Rua Abaíbas,Vila Palmeiras,Casa,853
48,1,1,Rua Luís Coelho,Consolação,Apartamento,4276
18,1,0,Rua Jabiru,Vila Nova Curuçá,Casa,625
200,3,5,Rua Caruso,Vila Alpina,Casa,5492
78,2,1,Avenida Jurema,Indianópolis,Apartamento,6119
30,1,0,Rua Coronel Cintra,Mooca,Studio e kitnet,1290
31,1,0,Rua Frei Caneca,Consolação,Apartamento,3146
42,1,0,Avenida Rio Branco,Campos Elíseos,Studio e kitnet,1533
71,3,1,Rua Henrique Chaves,Jardim Ester,Apartamento,3237
172,3,2,Avenida Padre Antônio José dos Santos,Cidade Monções,Apartamento,9696
120,4,1,Rua Umburetama,Ipiranga,Casa,4107
50,2,1,Avenida Príncipe de Gales,Vila Príncipe de Gales,Apartamento,2009
40,1,0,Rua Porto Alegre,Vila Bertioga,Studio e kitnet,1140
110,3,3,Rua Renéa Ferreira de Castilho,Super Quadra Morumbi,Casa,3825
43,2,0,Rua Ribeirão Branco,Vila Bertioga,Apartamento,2723
55,1,0,Avenida Washington Luís,Jardim Aeroporto,Apartamento,2064
44,1,1,Rua Baltazar Lisboa,Vila Mariana,Apartamento,4414
282,4,2,Avenida Maestro Alfredo Belardi,Padroeira,Casa,3366
315,3,3,Rua Peixoto Gomide,Jardim Paulista,Apartamento,16220
73,3,2,Rua Lázaro Suave,City Bussocaba,Apartamento,3124
30,1,1,Praça Américo Jacomino,Sumarezinho,Apartamento,3714
28,1,0,Rua Aurora,Santa Efigênia,Apartamento,1917
145,1,0,Rua Ernest Friedrich Jost,Pinheiros,Casa,14150
60,1,0,Rua Sérgio Ricardo Andreoni,Vila Hebe,Casa,1563
50,2,1,Rua Alencar Araripe,Sacomã,Apartamento,2486
24,1,0,Rua Doutor Diogo de Faria,Vila Clementino,Studio e kitnet,3356
141,3,5,Rua Guaraipó,Parque Sevilha,Casa,4492
27,1,1,Avenida Ibirapuera,Indianópolis,Apartamento,5366
53,1,0,Rua Mandioré,Vila Formosa,Casa,1162
50,1,0,Rua Inconfidência Baiana,Vila Primavera,Casa,915
68,3,1,Avenida Sargento Geraldo Sant'ana,Jardim Taquaral,Apartamento,3709
40,1,1,Rua Brigadeiro Godinho dos Santos,Vila Pirituba,Apartamento,2256
27,1,0,Rua Mineradora de Diamantina,Cidade Continental,Studio e kitnet,1862
78,3,2,Rua Alice Manholer Piteri,Centro,Apartamento,3841
31,1,1,Rua Coronel Luís Barroso,Jardim Novo Santo Amaro,Studio e kitnet,3055
167,3,2,Rua Padre Raposo,Mooca,Apartamento,5057
180,4,3,Rua Volta Redonda,Campo Belo,Apartamento,15970
41,1,1,Alameda Ministro Rocha Azevedo,Cerqueira César,Studio e kitnet,5816
150,3,1,Avenida Paes de Barros,Mooca,Apartamento,3868
20,1,0,Rua Rio Grande,Vila Mariana,Studio e kitnet,2127
169,3,2,Rua Ajururés,Brooklin Paulista,Casa,15930
70,2,1,Rua Jaci,Chácara Inglesa,Apartamento,2973
70,3,0,Rua João Gomes Batista,Jardim Cidália,Apartamento,2497
116,2,2,Rua Ministro Álvaro de Sousa Lima,Jardim Marajoara,Casa,6355
94,3,3,Alameda dos Nhambiquaras,Indianópolis,Apartamento,7024
150,3,1,Rua Barão do Serro Largo,Vila Regente Feijó,Casa,3960
38,1,0,Rua Carlos Petit,Vila Mariana,Apartamento,4680
440,6,6,Rua David Ben Gurion,Jardim Monte Kemel,Casa,12060
20,1,0,Rua Carolina Soares,Vila Diva (zona Norte),Apartamento,848
20,1,0,Rua Voluntários da Pátria,Santana,Studio e kitnet,2271
213,3,5,Rua Hugo Walter Puschnick,Alto da Mooca,Casa,5548
54,2,1,Rua Dom Salomão Ferraz,Vila Andrade,Apartamento,2697
90,3,1,Avenida Conselheiro Rodrigues Alves,Vila Mariana,Apartamento,4817
26,1,0,Avenida Pires do Rio,Jardim Norma,Casa,1040
60,2,0,Rua Visconde de Itaboraí,Vila Azevedo,Casa,2204
45,1,0,Rua Benvenuto Cellini,Jardim das Vertentes,Casa,1490
80,3,1,Avenida Francisco de Carvalho,Jardim Ipanema (zona Sul),Casa,6880
49,1,1,Rua Pamplona,Cerqueira César,Apartamento,3967
49,1,1,Rua João Moura,Pinheiros,Apartamento,3824
45,1,0,Rua Amapá Grande,Vila Canero,Apartamento,1194
31,1,1,Rua Casa do Ator,Vila Olímpia,Studio e kitnet,4817
50,1,1,Rua Ministro Ferreira Alves,Vila Pompéia,Apartamento,4600
27,1,0,Rua Costa Barros,Vila Alpina,Apartamento,1516
63,2,1,Rua Giovanni Boltraffio,Sacoma,Apartamento,2541
55,1,0,Avenida Rangel Pestana,Brás,Apartamento,1608
80,1,0,Rua William Speers,Lapa de Baixo,Casa,2085
45,1,1,Avenida dos Parques,Tamboré,Studio e kitnet,4179
179,2,0,Rua Humberto I,Vila Mariana,Apartamento,4397
11,1,0,Rua das Palmeiras,Campos Elíseos,Studio e kitnet,2506
50,2,0,Rua São Paulo,Liberdade,Apartamento,3466
40,1,0,Rua Santa Luzia,Liberdade,Apartamento,1776
87,3,2,Rua Jacofer,Jardim Pereira Leite,Apartamento,5354
52,2,1,Rua das Margaridas,Parque Assunção,Apartamento,1830
42,1,1,Avenida Jamaris,Planalto Paulista,Studio e kitnet,4507
50,1,1,Rua Doutor Mário Ferraz,Jardim Paulistano,Apartamento,8215
50,2,1,Avenida Padre Arlindo Vieira,Jardim Vergueiro (sacomã),Apartamento,1561
50,1,0,Rua Coronel Fawcett,Vila Moraes,Casa,1360
70,2,3,Rua Assunta Dores de Sica,Vila Nova Mazzei,Casa,2343
90,2,0,Rua Clodomiro Amazonas,Vila Olímpia,Apartamento,4352
67,2,1,Rua João Ventura Batista,Vila Guilherme,Apartamento,3131
30,1,0,Rua Capitão Zacarias Bernardino Mota,Vila Albertina,Apartamento,1011
35,1,0,Rua Adaury Ribeiro de Godoy,Água Fria,Casa em condomínio,1591
98,2,2,Rua Otávio de Morais,Cidade São Francisco,Apartamento,4820
50,1,0,Rua Kalil Nader Habr,Vila Santo Estéfano,Studio e kitnet,779
26,1,0,Rua Cubatão,Vila Mariana,Studio e kitnet,3863
35,1,1,Rua Rodesia,Alto de Pinheiros,Apartamento,3539
106,3,1,Rua Roma,Osvaldo Cruz,Apartamento,3260
173,2,3,Rua Pantojo,Vila Regente Feijó,Apartamento,6152
69,3,1,Avenida Cônego José Salomon,Vila Portugal,Apartamento,1844
270,4,3,Rua Luís de França Júnior,Vila Nova Caledonia,Casa em condomínio,15040
53,2,0,Rua Intendência,Brás,Apartamento,2010
77,3,1,Rua Cuiabá,Alto da Mooca,Apartamento,5615
20,1,0,Rua Doutor Tomás Alves,Vila Mariana,Studio e kitnet,4196
55,2,1,Rua Harry Símonsen,Vila das Palmeiras,Apartamento,2789
44,2,1,Rua Camargo,Paulicéia,Apartamento,2054
41,1,1,Avenida Washington Luís,Santo Amaro,Studio e kitnet,8129
20,1,0,Rua Joaquim Guarani,Jardim das Acacias,Apartamento,3313
25,1,0,Rua Correia Dias,Paraíso,Studio e kitnet,4061
98,3,1,Rua das Flechas,Vila Santa Catarina,Apartamento,3290
52,2,1,Rua Montojó,Quinta da Paineira,Apartamento,1914
180,3,2,Rua Morgado de Mateus,Vila Mariana,Apartamento,10010
120,2,2,Av. Padre Lebret,Vila Morumbi,Apartamento,6839
25,1,0,Rua Itanhomi,Vila Formosa,Casa,1031
45,1,1,Rua Madrigais,Vila Nova Cachoeirinha,Apartamento,1897
55,2,1,Rua Irmã Maria Amélia,Vila Pirituba,Casa,1618
23,1,0,Rua Gravataí,Consolação,Apartamento,2497
59,2,1,Rua Horácio Alves da Costa,Jardim Nosso Lar,Apartamento,2002
80,3,1,Rua Bela Flor,Vila Mariana,Apartamento,3600
24,1,0,Rua Igarité,Vila Nova Carolina,Studio e kitnet,1031
38,1,0,Rua Alferes Magalhães,Santana,Apartamento,1395
100,2,1,Rua Gonçalo Coelho,Vila Formosa,Casa,2236
150,3,5,Rua Francisco da Lira,Jardim Leonor Mendes de Barros,Apartamento,7165
50,1,1,Rua Alfredo Gali,Jardim Palmira,Casa,1179
36,1,1,Rua Major Diogo,Bela Vista,Apartamento,2738
30,1,0,Avenida Rebouças,Pinheiros,Studio e kitnet,5595
87,1,1,Rua Almeida Lisboa,Vila Firmiano Pinto,Casa,2606
83,2,1,Avenida José Dini,Chácara Agrindus,Apartamento,2261
223,4,2,Rua Padre Bento Ibáñez,Jardim Prudência,Casa,5047
110,1,5,Rua da Consolação,Cerqueira César,Apartamento,17520
38,1,1,Rua Henrique Sertório,Tatuapé,Apartamento,4226
68,2,1,Rua Werner Goldberg,Jardim Tupanci,Apartamento,3998
532,6,4,Rua Estuário,Chácara Monte Alegre,Casa,18050
215,2,1,Rua Gervásio Pires Ferreira,Planalto Paulista,Casa,3088
180,4,2,Rua Gaivota,Moema,Apartamento,15210
60,2,1,Avenida Corifeu de Azevedo Marques,Vila Lageado,Casa,2743
50,2,1,Rua Fosca,Jardim Previdência,Apartamento,2975
84,3,2,Rua Serra de Juréa,Tatuapé,Apartamento,3967
48,1,0,Rua José Codina,Jardim Maristela,Casa,938
70,2,1,Rua Sevilha,Tucuruvi,Casa,4155
118,3,2,Rua Marquês de Valença,Alto da Mooca,Apartamento,11100
62,2,1,Rua Azevedo Júnior,Brás,Apartamento,2509
41,1,1,Rua Nova York,Brooklin Paulista,Studio e kitnet,4407
269,3,4,Rua Marcondésia,Chácara Monte Alegre,Casa,16120
64,3,1,Rua Alberto Hinoto Bento,Macedo,Apartamento,2284
30,1,1,Rua Heinrich Hertz,Cidade Monções,Studio e kitnet,4975
55,1,0,Rua Promotor Gabriel Netuzzi Perez,Santo Amaro,Apartamento,1873
100,3,0,Rua Tuiuti,Tatuapé,Casa,2752
65,3,1,Rua Doutor Gentil Leite Martins,Vila Nova Caledonia,Apartamento,3004
75,2,1,Rua Zurich,Taboão,Apartamento,1906
40,1,0,Rua José Antônio Fontes,Vila Tolstoi,Studio e kitnet,1892
115,3,3,Rua Dona Martinha,Santa Teresinha,Apartamento,9750
42,1,0,Rua Nestor Pestana,Consolação,Studio e kitnet,2067
210,3,2,Rua Dom João V,Lapa,Apartamento,6355
45,2,0,Rua Bernardino Vergueiro,Jardim Jaú (zona Leste),Apartamento,1525
34,1,0,Avenida Rangel Pestana,Brás,Apartamento,2264
59,2,2,Praça Nami Jafet,Ipiranga,Apartamento,5126
43,2,1,Rua Francisco Luís de Souza Júnior,Água Branca,Apartamento,2636
60,2,1,Rua Garção Tinoco,Santana,Casa,2398
37,2,0,Rua Santo Antônio,Bela Vista,Apartamento,2814
42,1,0,Rua dos Timbiras,Santa Efigênia,Apartamento,2509
50,1,1,Rua Guararapes,Brooklin,Apartamento,4225
123,4,1,Rua Voluntários da Pátria,Santana,Apartamento,5167
85,2,0,Rua Tobias Barreto,Mooca,Casa,2293
44,1,0,Rua Diana,Perdizes,Apartamento,2445
50,2,1,Rua Rubem de Souza,Vila Inglesa,Apartamento,1903
28,1,0,Rua Barão de Loreto,Vila São José,Studio e kitnet,1619
70,2,1,Rua Xingu,Vila Valparaíso,Apartamento,3535
36,1,1,Avenida Jabaquara,Mirandópolis,Apartamento,3483
76,2,1,Rua Doutor Eduardo de Souza Aranha,Vila Nova Conceição,Apartamento,6505
115,3,4,Rua Maurício Francisco Klabin,Vila Mariana,Apartamento,7596
73,2,2,Rua Padre Capra,Vila Assunção,Apartamento,5175
26,1,1,Rua Santa Justina,Vila Olímpia,Apartamento,5622
120,2,3,Rua Otávio Tucunduva Faria,Cipava,Casa,4391
79,2,0,Rua Júlio Conceição,Bom Retiro,Apartamento,2957
270,3,1,Rua Chamantá,Vila Prudente,Casa,7612
109,2,1,Rua Barão do Triunfo,Brooklin Paulista,Apartamento,6618
70,1,0,Rua Régis,Parque Peruche,Casa,1172
70,1,1,Rua Senador Felício dos Santos,Liberdade,Casa,2225
400,6,5,Rua Ministro Coriolano de Góis,Jardim Marajoara,Casa,16470
72,2,1,Rua Japurá,Bela Vista,Apartamento,2845
32,1,1,Rua Saint Hilaire,Jardim Paulista,Studio e kitnet,2879
37,2,0,Rua Vichy,Vila Baruel,Apartamento,1749
60,2,0,Avenida Brumado de Minas,Jardim Independência (são Paulo),Casa,1230
67,2,1,Rua Alfredo Pujol,Santana,Apartamento,5999
50,2,1,Rua Quatá,Vila Palmares,Apartamento,2627
19,0,0,Rua Natividade Saldanha,São Lucas,Studio e kitnet,1052
200,3,4,Rua Salvador Romeu,Vila Isolina Mazzei,Casa,4410
60,1,0,Rua Raul Bispo dos Santos,Vila Pedra Branca,Casa,1156
75,2,1,Rua Antonieta Leitão,Nossa Senhora do Ó,Apartamento,3134
54,2,1,Rua Nadir,Gopoúva,Apartamento,2536
63,2,1,Rua Botuí,Planalto Paulista,Casa,2112
200,2,3,Rua Freire Farto,Jabaquara,Casa,5946
105,2,1,Alameda Jaú,Jardim Paulista,Apartamento,9022
54,2,1,Rua Lourenço Prado,Cidade dos Bandeirantes,Apartamento,2127
65,2,0,Rua Santa Cruz,Vila Mariana,Casa,1953
54,2,1,Rua Boçoroca,Vila Mira,Apartamento,2046
30,1,0,Avenida Barro Branco,Vila do Encontro,Casa,1182
38,1,0,Rua Getúlio Soares da Rocha,Jardim das Acácias,Apartamento,2750
79,2,1,Alameda Ministro Rocha Azevedo,Cerqueira César,Apartamento,6860
40,1,0,Avenida João de Andrade,Santo Antônio,Casa,951
47,2,1,Rua Antônio de Macedo Soares,Campo Belo,Apartamento,5329
40,1,0,Rua Soror Maria Celeste,Parque Sao Luis,Casa,1042
150,2,2,Rua Major Quedinho,Centro,Apartamento,18140
375,4,4,Rua Professor José Horácio Meirelles Teixeira,Vila Suzana,Apartamento,20280
60,1,0,Rua Vinte E Três de Outubro,Ferreira,Casa,1771
110,3,0,Rua Doutor Álvares Teixeira,Parque Santo Antônio,Casa,1553
250,4,4,Rua Professor Alexandre Correia,Jardim Vitória Régia,Apartamento,10130
101,3,1,Rua dos Democratas,Vila Monte Alegre,Apartamento,4663
50,1,0,Rua Aurora,Santa Ifigênia,Apartamento,2290
22,0,0,Rua Santa Lúcia,Cidade Mãe do Céu,Apartamento,1263
35,1,0,Praça Estrela do Norte,Cidade Patriarca,Casa,915
50,2,1,Rua Capistrano de Abreu,Barra Funda,Apartamento,3667
51,2,1,Rua Friburgo,Vila Francisco Matarazzo,Apartamento,1850
88,2,2,Rua General Chagas Santos,Vila da Saúde,Casa,3533
87,2,1,Avenida Paes de Barros,Mooca,Apartamento,5416
18,1,0,Rua Alencar Araripe,Sacomã,Casa,872
60,2,1,Avenida Maria Gebin de Moraes,Parque Continental Ii,Apartamento,1484
36,2,0,Rua Tenente Coronel Soares Neiva,Vila Aricanduva,Apartamento,1786
150,3,1,Rua Espártaco,Vila Romana,Casa,8100
30,1,0,Travessa Victório Gnan,Jardim das Laranjeiras,Apartamento,1138
100,2,0,Rua Cardeal Arcoverde,Pinheiros,Apartamento,3116
65,2,0,Rua Manoel Fernandes Lopes,Mauá,Apartamento,1710
70,2,2,Rua Albertina Viêira da Silva Gordo,Vila Aurora (zona Norte),Casa em condomínio,4189
166,3,2,Rua Ângelo Mendes de Almeida,Parque Jabaquara,Casa,3301
100,2,2,Rua Dona Carolina,Vila Mariana,Casa,3743
54,2,1,Rua Ibitirama,Vila Alpina,Apartamento,2520
83,3,2,Rua Afonso Celso,Vila Mariana,Apartamento,5462
43,2,1,Rua Savério Quadrio,Parque Ipê,Apartamento,2021
40,1,1,Rua Maria Borba,Vila Buarque,Apartamento,2147
60,2,0,Avenida Onze de Agosto,Jardim Silvestre,Casa,1413
35,1,1,Rua Augusta,Cerqueira César,Apartamento,3661
40,1,0,Rua Manuel Figueiredo,Jardim Vila Formosa,Casa,934
22,1,0,Rua Doutor Ângelo Vita,Vila Zilda,Studio e kitnet,2861
95,3,1,Rua Leopoldo Couto Magalhães Júnior,Itaim Bibi,Apartamento,6161
40,2,0,Rua Oliveira Catrambi,Jardim Vila Formosa,Apartamento,6832
58,2,2,Rua José Bonifácio,Vila Renata,Apartamento,2964
26,1,0,Rua Conselheiro Ramalho,Bela Vista,Studio e kitnet,2338
182,4,4,Rua José Screpante,Vila Yolanda,Casa,2897
34,2,0,Rua Bartholomeu do Canto,Vila Palmeiras,Apartamento,1754
70,3,1,Rua Alexandre Calame,Jaguaré,Apartamento,4107
108,3,1,Rua Doutor Eduardo de Souza Aranha,Vila Nova Conceição,Apartamento,5345
44,1,1,Alameda Franca,Jardim Paulista,Studio e kitnet,5966
45,1,0,Rua Tubuna,Cidade Antônio Estevão de Carvalho,Casa,1045
70,2,0,Rua Doutor Edson de Melo,Vila Maria Alta,Casa,1893
20,1,0,Rua Maria,Boa Vista,Studio e kitnet,779
107,4,2,Avenida Sagitário,Alphaville Conde Ii,Apartamento,7278
150,3,2,Rua Montegolfier Barbieri,Vila Cruz das Almas,Casa,3785
72,2,1,Rua Napoleão de Barros,Vila Clementino,Apartamento,3562
117,3,2,Rua José Gonçalves,Vila Andrade,Apartamento,4065
26,1,0,Rua dos Gusmões,Santa Efigênia,Studio e kitnet,1411
18,1,0,Rua Coronel Mursa,Brás,Studio e kitnet,2119
40,1,0,Rua Dois de Janeiro,Vila Salete,Apartamento,1304
260,4,4,Rua Minas Gerais,Higienópolis,Casa,12930
103,2,2,Rua Cônego José Norberto,Vila Brasílio Machado,Apartamento,10240
55,1,0,Rua Cônego Eugênio Leite,Pinheiros,Apartamento,3373
140,4,1,Avenida Paes de Barros,Mooca,Apartamento,5669
38,1,1,Rua da Consolação,Consolação,Apartamento,2228
26,1,0,Avenida Alcântara Machado,Brás,Studio e kitnet,1123
43,2,0,Rua Atuaí,Penha de França,Apartamento,2016
60,1,0,Rua Brigadeiro Tobias,Centro,Apartamento,2531
350,5,4,Rua Arnoldo Baldoíno Welter,Vila Guarani,Casa,8569
54,1,0,Rua Ponte Pensa,Parada Inglesa,Casa,1355
39,1,1,Rua Barão de Tatuí,Vila Buarque,Studio e kitnet,2220
65,1,0,Rua Augusta,Cerqueira César,Apartamento,3735
35,1,0,Avenida Doutor Hugo Beolchi,Vila Guarani (z Sul),Apartamento,3400
41,2,0,Rua Ribeirão Branco,Vila Bertioga,Apartamento,3056
70,2,1,Avenida Avelino Alves Machado,Jardim Pinhal,Casa,1414
64,2,1,Rua General Bagueira,Santana,Apartamento,2684
32,2,1,Rua Mongubá,Vila Carrao,Apartamento,2217
200,4,2,Rua Coronel Lisboa,Vila Mariana,Casa,5363
26,1,0,Rua Engenheiro Bianor,Butantã,Studio e kitnet,3252
46,2,1,Rua Firmiano Cardoso,Chácara Cruzeiro do Sul,Apartamento,1638
138,3,4,Rua Gonzaga Franco,Vila Guiomar,Casa,3365
37,1,0,Rua do Gasômetro,Brás,Studio e kitnet,1184
61,2,1,Rua Professor Arnaldo João Semeraro,Jardim Santa Emília,Apartamento,1919
31,1,0,Rua Barão de Loreto,Vila São José,Studio e kitnet,1696
58,2,1,Avenida Novo Osasco,Bussocaba,Apartamento,2124
240,3,2,Alameda Afonso Bocchiglieri,Vila Arriete,Casa,5967
175,1,0,Rua Doutor Emanuel Dias,Vila Santa Teresa,Casa em condomínio,1351
38,1,0,Rua Genebra,Bela Vista,Studio e kitnet,1745
80,2,1,Rua Orlando Fantazzini,Parque Renato Maia,Casa,1969
90,3,1,Rua Panhames,Vila Beatriz,Casa,2081
107,2,0,Rua Joaquim Floriano,Itaim Bibi,Apartamento,15530
33,1,0,Rua Amadis,Ipiranga,Apartamento,1621
64,3,1,Rua Doutor José Carlos de Toledo Piza,Jardim Parque Morumbi,Apartamento,3381
60,2,0,Rua Rodovalho Junior,Penha de França,Casa,1720
42,1,0,Rua Helvétia,Santa Cecilia,Studio e kitnet,2414
118,3,2,Rua Sapucaia,Belenzinho,Apartamento,8326
86,2,1,Rua Machado Bittencourt,Vila Clementino,Apartamento,4102
48,1,0,Rua Barata Ribeiro,Bela Vista,Apartamento,3026
95,2,1,Alameda Ministro Rocha Azevedo,Cerqueira César,Apartamento,6862
36,1,1,Rua Doutor Franco da Rocha,Perdizes,Apartamento,4490
113,2,2,Avenida Marcos Penteado de Ulhoa Rodrigues,Tamboré,Apartamento,8302
38,1,0,Rua Pedro Pires,Vila Carrao,Studio e kitnet,2270
40,1,0,Rua Monsenhor João Lauriano,Vila Ramos,Casa,802
70,3,1,Rua Major Freire,Vila Monte Alegre,Apartamento,3304
82,3,1,Rua Vera Cruz,Jardim Novo Santo Amaro,Apartamento,3263
25,1,0,Rua Manoel Dutra,Bela Vista,Studio e kitnet,1513
44,2,0,Rua São Paulo,Taboão,Apartamento,1350
170,2,2,Rua Joaquim Ribeiro,Sítio Morro Grande,Casa,5758
100,3,2,Rua Dom Armando Lombardi,Vila Progredior,Apartamento,6724
98,2,3,Estação da Lapa,Lapa,Apartamento,9605
245,4,4,Rua Joaquim Ferreira,Água Branca,Apartamento,14110
36,1,0,Rua Doutor Fábio Montenegro,Vila Guilhermina,Apartamento,2023
62,3,1,Avenida Ajarani,Cidade Patriarca,Apartamento,2860
74,3,1,Rua Manuel Álvares da Costa,Jardim Ester Yolanda,Apartamento,3842
166,3,4,Rua Afonso Araújo Almeida,Vila Arriete,Casa,5096
57,2,1,Rua das Baunilhas,Vila Lúcia,Apartamento,2404
67,3,1,Avenida Eliseu de Almeida,Instituto de Previdência,Apartamento,4891
70,2,1,Rua Antônio Abude,Jardim Barbosa,Apartamento,2385
55,2,1,Rua Cabo Antônio Pinton,Parque Novo Mundo,Apartamento,2063
41,1,1,Rua dos Timbiras,Santa Ifigênia,Apartamento,2344
70,2,1,Rua Miguel Sevílio,Rio Pequeno,Apartamento,3014
50,1,1,Rua Alves Guimarães,Pinheiros,Apartamento,4693
100,2,0,Parque Dom Pedro Ii,Centro Histórico de São Paulo,Apartamento,3374
25,1,0,Rua Desembargador Aragão,Vila Mariana,Studio e kitnet,3683
56,2,1,Rua Professor José Miziara,Santa Teresinha,Apartamento,2395
82,3,2,Rua Coronel Francisco de Oliveira Simões,Paraíso do Morumbi,Apartamento,3205
50,2,0,Rua Mamud Rahd,Tremembé,Apartamento,1635
329,4,0,Avenida Nove de Julho,Bela Vista,Apartamento,10130
61,2,1,Rua Tuiuti,Tatuapé,Apartamento,2882
37,1,0,Rua General Jardim,Vila Buarque,Apartamento,2361
40,1,0,Rua Rainúnculos,Vila Alpina,Casa,938
90,3,1,Rua Visconde de Itaboraí,Vila Azevedo,Apartamento,4158
170,4,2,Rua das Hortênsias,Mirandópolis,Casa,4634
110,3,1,Rua Aracirama,Jardim Oriental,Casa,2780
80,3,2,Rua Araguaia,Vila Curuçá,Apartamento,3504
42,1,0,Rua Torroselas,Americanópolis,Casa,1054
56,2,0,Rua Arthur Luiz Adriano,Parque da Mooca,Casa,1730
136,3,2,Rua Antônio de Macedo Soares,Campo Belo,Apartamento,5987
140,4,1,Rua Engenheiro Jorge Oliva,Vila Mascote,Casa,3543
153,2,0,Avenida Santo Amaro,Santo Amaro,Casa,4185
42,2,0,Avenida Miguel Yunes,Usina Piratininga,Apartamento,1863
80,3,1,Rua Jacaré Copaíba,Freguesia do Ó,Apartamento,2356
92,3,2,Rua Doutor Cristiano Altenfelder Silva,Vila Carrao,Casa,4187
60,2,1,Rua Elba,Sacomã,Casa,1699
20,1,0,Rua Coronel Mursa,Brás,Studio e kitnet,2257
75,1,1,Rua Alves Guimarães,Pinheiros,Apartamento,6447
20,1,0,Rua Luís Carlos Paraná,Jardim Cidália,Studio e kitnet,1321
63,3,1,Avenida Tiradentes,Luz,Apartamento,3340
45,1,1,Rua Paim,Bela Vista,Apartamento,4507
299,4,3,Avenida Washington Luís,Santo Amaro,Apartamento,13960
60,1,0,Rua César Augusto da Silva,Parque Casa de Pedra,Casa,1042
65,2,1,Rua Afonso de Freitas,Paraíso,Apartamento,8111
30,1,0,Rua Herval,Belenzinho,Casa,1220
42,2,1,Rua Franklin do Amaral,Vila Nova Cachoeirinha,Apartamento,3036
65,3,1,Rua Ibitirama,Vila Prudente,Apartamento,3052
80,1,2,Rua Haddock Lobo,Cerqueira César,Apartamento,10880
72,1,0,Rua Barão de Campinas,Campos Elíseos,Apartamento,1738
60,2,1,Rua Conselheiro Moreira de Barros,Santana,Apartamento,2582
86,3,1,Avenida Rio Branco,Campos Elíseos,Apartamento,2729
148,2,1,Avenida Doutor Altino Arantes,Vila Clementino,Apartamento,4591
100,3,2,Rua Rainúnculos,Vila Alpina,Casa,3834
72,2,1,Rua Gê Alves de Medeiros,Santa Maria,Casa em condomínio,2085
80,2,1,Avenida Santa Catarina,Vila Mascote,Apartamento,2956
45,1,1,Rua Geneve,Lauzane Paulista,Apartamento,1919
160,3,3,Rua João da Cruz Melão,Jardim Leonor,Casa,5154
28,1,0,Rua Rego Freitas,República,Studio e kitnet,2946
96,2,1,Rua Coronel Oscar Porto,Paraíso,Apartamento,4168
105,3,2,Rua Oswaldo Arouca,Vila Formosa,Apartamento,6519
32,1,0,Praça da República,República,Apartamento,4406
57,2,1,Rua Doutor Francisco José Longo,Chácara Inglesa,Apartamento,4747
20,1,0,Rua Cumbé,Vila Lais,Apartamento,686
50,1,1,Avenida Marcos Penteado de Ulhôa Rodrigues,Tamboré,Apartamento,4822
75,2,1,Praça Alexandre de Gusmão,Cerqueira César,Apartamento,6923
100,2,2,Alameda Ministro Rocha Azevedo,Cerqueira César,Apartamento,11650
40,2,0,Rua Boacica,Cidade Patriarca,Apartamento,1662
196,4,2,Avenida Pedro Bueno,Jabaquara,Casa,4361
80,2,2,Avenida Guilhermina Vieira,Vila Miriam,Casa,1844
72,3,1,Rua Marquês de Lages,Vila das Mercês,Apartamento,2425
23,1,0,Rua Serra de Jairé,Quarta Parada,Apartamento,2662
32,1,0,Rua Minas Gerais,Higienópolis,Apartamento,3627
76,2,2,Rua Barão do Bananal,Vila Pompéia,Apartamento,9093
342,5,4,Rua João Scatamacchia,Vila Campo Grande,Casa,8990
45,2,0,Rua Rodolfo,Vila Ré,Apartamento,2117
36,1,1,Travessa Leon Berry,Jardim Paulista,Casa,2578
40,1,0,Rua Cachoeira,Jardim Rosa de Franca,Casa,834
87,3,2,Rua Justino Paixão,Mauá,Apartamento,5841
24,1,0,Rua Avanhandava,Bela Vista,Studio e kitnet,2892
136,3,1,Rua Doutor Guilherme Bannitz,Itaim Bibi,Apartamento,7590
155,2,2,Rua Andréa Amati,Vila Medeiros,Casa,2989
105,2,2,Rua Michigan,Cidade Monções,Apartamento,14470
157,3,2,Rua Tomaz da Mota,Jardim Pinheiros,Casa em condomínio,7822
130,2,1,Passagem Breno Caldas,Vila Campo Grande,Casa,3127
60,1,0,Praça Cosmorama - Osmar Temperani,Vila Maria,Casa,1273
25,2,0,Rua Luiz Antônio Gonçalves,Vila Campanela,Studio e kitnet,1352
60,2,2,Rua Jaraguá,Bom Retiro,Apartamento,3585
90,2,0,Rua Humaitá,Bela Vista,Apartamento,3697
77,2,1,Rua Girassol,Vila Madalena,Apartamento,4704
60,2,1,Rua Arquitas,Jardim Monte Alegre,Casa,2356
180,4,4,Rua Padre Chico,Santo Amaro,Casa,7158
50,2,1,Avenida Fagundes Filho,Vila Monte Alegre,Apartamento,3102
45,1,0,Travessa Gonçalo Lizardo,Parque Edu Chaves,Casa,975
42,2,1,Avenida Aparecida do Rio Negro,Jardim Iris,Apartamento,2181
80,2,0,Rua Tenente Ângelo Zampero,Parque Edu Chaves,Casa,1538
33,1,0,Rua Major Sertório,Vila Buarque,Studio e kitnet,2226
50,1,1,Rua Cézar Pierangeli,Rudge Ramos,Apartamento,3291
42,2,1,Rua Major Dantas Cortez,Vila Gustavo,Apartamento,2268
50,2,0,Rua Manuel Leiroz,Vila Penteado,Apartamento,1429
55,2,1,Rua Pinto da Luz,Vila Ivone,Apartamento,2687
50,2,2,Rua Caramboleira,Cidade das Flores,Apartamento,1975
56,2,1,Rua Mogi Mirim,Vila Bertioga,Apartamento,2970
88,2,2,Rua Isabel de Castela,Vila Madalena,Apartamento,11130
35,1,1,Rua Anambés,Vila Formosa,Studio e kitnet,1167
98,3,0,Alameda Ribeiro da Silva,Campos Elíseos,Apartamento,2343
35,1,0,Rua Bartira,Perdizes,Studio e kitnet,6148
109,2,1,Rua Teixeira da Silva,Paraíso,Apartamento,5920
50,2,0,Rua Marcos Grotti Vidal,Cidade Patriarca,Casa,1199
44,1,1,Rua Venezuela,Taboão,Apartamento,2045
97,3,2,Rua Eugênio de Medeiros,Pinheiros,Apartamento,13620
52,1,1,Rua Luís Correia de Melo,Vila Cruzeiro,Studio e kitnet,4542
41,2,0,Rua Otília,Vila Esperança,Apartamento,1816
245,4,4,Rua Liberato Carvalho Leite,Vila Suzana,Apartamento,11740
48,2,0,Avenida Doutor Assis Ribeiro,Ermelino Matarazzo,Apartamento,1594
20,1,0,Rua Joaquim Guarani,Jardim das Acácias,Studio e kitnet,3892
68,2,2,Rua Coronel Joviniano Brandão,Vila Prudente,Apartamento,5063
143,3,2,Rua Gandavo,Vila Mariana,Apartamento,9727
170,3,2,Rua Soldado Abílio Fernandes dos Santos,Vila Zamataro,Casa,3307
160,3,3,Rua Doutor Eduardo Monteiro,Jardim Bela Vista,Casa,6322
188,4,4,Alameda Paineira Vermelha,Adalgisa,Apartamento,12260
30,1,0,Rua dos Gusmões,Centro Histórico de São Paulo,Studio e kitnet,1081
200,3,2,Rua Araim,Vila Regente Feijó,Casa,6798
310,4,3,Rua Carmem Aguilar Perez,Jardim Maria Rosa,Casa,4595
33,1,0,Praça Carlos Gomes,Liberdade,Studio e kitnet,1438
190,3,3,Rua Maria Rosa de Siqueira,Santana,Casa,8575
30,1,0,Rua Padre Adelino,Quarta Parada,Apartamento,1165
48,2,1,Rua Agostinho Navarro,Conceicao,Apartamento,1610
42,1,0,Praça Júlio Mesquita,Santa Efigênia,Apartamento,3919
90,2,1,Rua Orminda,Vila Santa Maria,Casa,2504
400,3,4,Rua Ribeiro de Barros,Vila Anglo Brasileira,Casa,9473
36,2,0,Rua Clementine Brenne,Paraisópolis,Apartamento,2226
38,1,1,Rua Alves Guimarães,Pinheiros,Apartamento,5485
73,3,1,Rua das Figueiras,Campestre,Apartamento,1993
31,1,0,Rua Manuel Leiroz,Vila Penteado,Apartamento,1928
40,1,1,Avenida Franz Voegeli,Continental,Apartamento,3039
65,2,1,Vieira de Morais,Campo Belo,Apartamento,6758
61,2,1,Avenida Sebastião Davino dos Réis,Vila Boa Vista,Apartamento,3059
125,4,2,Rua João Plácido Viana,Jardim Ester Yolanda,Casa,4074
220,3,4,Rua Cuiabá,Alto da Mooca,Casa,5196
80,3,0,Avenida Cândido Portinari,Vila Jaguara,Casa,1835
42,1,0,Rua Tabatinguera,Liberdade,Apartamento,1935
45,1,0,Avenida Duque de Caxias,Santa Efigênia,Apartamento,1281
80,2,0,Avenida Vila Ema,Vila Ema,Casa,1967
25,1,0,Rua Barata Ribeiro,Bela Vista,Studio e kitnet,4771
65,2,1,Rua Barroso Neto,Vila Indiana,Apartamento,3787
35,1,0,Avenida Cangaíba,Cangaíba,Studio e kitnet,895
120,3,1,Rua Promotor Gabriel Nettuzzi Perez,Santo Amaro,Apartamento,4491
20,1,0,Rua Valentim Magalhães,Água Rasa,Studio e kitnet,1662
27,1,0,Rua Alves Guimarães,Pinheiros,Studio e kitnet,3827
69,1,2,Alameda das Boninas,Mirandópolis,Apartamento,6938
39,2,1,Rua Valson Lopes,Vila Butantã,Apartamento,3667
25,1,0,Rua Senador César Lacerda Vergueiro,Sumarezinho,Studio e kitnet,4197
80,3,2,Rua Doutor Paulo Vieira,Sumaré,Apartamento,6203
48,2,0,Avenida Flor de Vila Formosa,Vila Formosa,Apartamento,1534
27,1,0,Avenida Santo Amaro,Vila Nova Conceição,Studio e kitnet,4473
200,3,2,Rua José Martins Coelho,Vila Emir,Casa,4691
86,2,1,Avenida Francisco Rodrigues,Vila Constança,Apartamento,1618
94,3,1,Rua Visconde de Inhaúma,Vila da Saúde,Apartamento,5663
15,1,0,Rua Amorim Castro,Vila São Luís,Studio e kitnet,1196
53,2,0,Rua Martim Burchard,Brás,Apartamento,2454
100,4,2,Rua Vitoriana,Vila Babilônia,Casa,3227
55,2,1,Rua dos Parecis,Cambuci,Apartamento,3638
55,2,1,Rua Padre João Gualberto,Imirim,Apartamento,3139
120,2,2,Rua Atalanta,Jardim São Paulo(zona Norte),Casa,3915
27,1,0,Rua da Consolação,Consolação,Studio e kitnet,2431
262,4,3,Rua Ilansa,Vila Prudente,Casa,5163
49,2,0,Parque Dom Pedro I,Vila Invernada,Apartamento,2053
49,2,0,Avenida Vila Ema,Vila Ema,Apartamento,2493
43,2,1,Avenida José André de Moraes,Jardim Monte Alegre,Apartamento,2631
530,4,4,Alameda das Dalias,Alphaville,Casa,9995
64,3,1,Rua Praia do Castelo,Vila Mascote,Apartamento,3496
45,1,0,Rua Amapá Grande,Vila Canero,Studio e kitnet,1194
28,1,1,Rua Marquês de Itu,Vila Buarque,Apartamento,2537
40,1,0,Rua Antônio da Silva Lobo Júnior,Cidade Domitila,Casa,887
16,1,0,Rua Frei Caneca,Bela Vista,Studio e kitnet,3123
43,2,1,Rua Dirceu Rocha Dias,Jardim City,Apartamento,1962
60,2,1,Rua São Jorge,Tatuapé,Apartamento,4120
54,1,1,Rua Coronel Octávio Azeredo,Vila Mazzei,Casa,2659
65,2,1,Avenida Santa Marina,Água Branca,Apartamento,4030
68,1,0,Rua Dom Vilares,Vila das Merces,Casa,1773
46,1,1,Rua Luís Coelho,Consolação,Apartamento,4820
60,2,1,Avenida do Oratório,Jardim Ângela (zona Leste),Apartamento,1650
84,2,1,Rua Dr. Antônio Bento,Santo Amaro,Apartamento,8696
37,1,0,Rua Antônio Marcondes,Vila Dom Pedro I,Studio e kitnet,3284
190,3,5,Rua Coronel Pedro Dias de Campos,Chácara Seis de Outubro,Casa,4791
53,2,0,Rua São Florêncio,Cangaiba,Apartamento,2611
39,2,0,Rua Valson Lopes,Vila Butantã,Apartamento,3096
25,1,0,Avenida Embaixador Cavalcanti de Lacerda,Jardim Bonfiglioli,Studio e kitnet,1167
68,2,1,Rua João Simões de Souza,Parque Reboucas,Apartamento,3961
65,2,1,Rua Conselheiro Brotero,Santa Cecília,Apartamento,2977
38,2,1,Rua Almirante Calheiros,Tatuapé,Apartamento,3672
45,2,0,Rua Intendência,Brás,Apartamento,1988
40,2,0,Avenida Celso Garcia,Jardim Brasília (zona Norte),Apartamento,1959
50,1,0,Rua Fragária Rósea,Jardim Cidade Pirituba,Casa,1178
70,3,2,Rua Doutor Ferreira Lopes,Vila Sofia,Apartamento,3315
30,1,0,Avenida Marechal Eurico Gaspar Dutra,Santana,Apartamento,1520
120,2,1,Rua dos Guedes,Jardim Bom Clima,Casa,2071
55,1,1,Rua Diana,Perdizes,Apartamento,5904
195,3,2,Rua Quixadá,Vila Invernada,Casa,4287
70,2,1,Avenida José Dini,Chácara Agrindus,Apartamento,2406
250,3,3,Travessa Luís Gonçalves,Santa Teresinha,Casa,6255
108,3,2,Rua Pereira Barreto,Santo Amaro,Apartamento,7547
55,2,1,Rua Rosacruz,Jardim Bom Clima,Apartamento,3147
56,2,2,Avenida Doutor Antônio Álvaro,Vila Assunção,Apartamento,2758
67,1,1,Rua das Gilias,Vila Bela,Casa,1546
42,1,1,Avenida Rouxinol,Indianópolis,Apartamento,3570
50,1,0,Rua Celso Vieira,Vila Pereira Barreto,Casa,1042
120,4,1,Avenida Itaboraí,Cursino,Apartamento,2893
120,3,1,Rua General Miranda da Silva Reis,Vila Carbone,Casa,2881
27,1,0,Avenida Professor Ascendino Reis,Vila Clementino,Studio e kitnet,3339
41,2,0,Rua Porto de Palos,Jardim Peri,Apartamento,1408
112,2,1,Rua Engenheiro Dolabela,Jardim Bandeirantes (zona Norte),Casa,1773
72,2,2,Rua Marie Nader Calfat,Jardim Ampliação,Apartamento,4773
42,1,1,Avenida Bosque da Saúde,Saúde,Apartamento,3297
34,1,0,Avenida Professor Luiz Ignácio Anhaia Mello,Vila Prudente,Studio e kitnet,2543
63,3,1,Rua Alexandre Benois,Vila Andrade,Apartamento,3857
40,1,0,Largo do Arouche,República,Apartamento,3514
90,2,0,Avenida Doutor Cardoso de Melo,Vila Olímpia,Casa,2732
64,2,1,Alameda Itu,Jardim Paulista,Apartamento,7927
60,2,1,Rua Ipaobi,Vila Babilônia,Apartamento,2071
165,3,2,Rua Conde de Porto Alegre,Campo Belo,Casa,10400
62,2,1,Rua Benjamin Capusso,Vila Curuçá,Apartamento,1444
55,2,0,Rua Sampson,Brás,Apartamento,1958
83,1,2,Alameda Tietê,Jardim Paulista,Apartamento,12240
84,3,2,Avenida Senador Casimiro da Rocha,Mirandópolis,Apartamento,6791
27,1,0,Rua Cônego Vicente Miguel Marino,Barra Funda,Casa,1499
130,3,2,Rua Bartolomeu Sabino de Melo,Vila Olinda,Casa,2502
35,1,0,Largo do Arouche,República,Studio e kitnet,2086
34,1,0,Rua Andrade Reis,Mooca,Apartamento,2577
35,1,1,Rua Ouvidor Portugal,Vila Monumento,Apartamento,2332
53,2,1,Rua São Paulo,Centro,Apartamento,1759
50,1,0,Rua José Justino Pereira,Mandaqui,Casa em condomínio,975
65,1,1,Avenida Júlio de Mesquita,Bela Vista,Casa,2010
63,3,1,Rua Camargo,Paulicéia,Apartamento,2263
45,2,0,Rua Francisco Luiz de Souza Júnior,Água Branca,Apartamento,2684
52,2,1,Avenida dos Ourives,Jardim São Savério,Apartamento,1879
67,2,2,Rua Paula Ney,Vila Mariana,Apartamento,4720
147,3,0,Rua Afonso de Freitas,Paraíso,Apartamento,8902
16,1,0,Avenida Água Funda,Taboão,Casa em condomínio,860
210,3,3,Rua José Zappi,Vila Prudente,Casa,6008
91,3,0,Alameda Santos,Cerqueira César,Apartamento,3895
28,1,0,Rua Caetano Pinto,Brás,Apartamento,2178
220,4,2,Rua Haddock Lobo,Cerqueira César,Apartamento,9125
140,3,0,Rua Salvador Sala,Piqueri,Casa,3181
117,3,2,Rodovia Regis Bittencourt,Jardim Monte Alegre,Apartamento,4358
220,3,2,Rua Joaquim Celidônio Gomes dos Reis,Jardim Sarah,Casa,6530
46,1,1,Rua Álvaro de Carvalho,Centro Histórico de São Paulo,Apartamento,2203
30,1,0,Rua Paulo Florence,Vila Primavera,Casa,782
136,3,1,Rua Bicudo de Brito,Vila Guarani (zona Sul),Casa,6977
92,2,2,Rua Ivaí,Tatuapé,Apartamento,7910
180,3,1,Rua Jardim Francisco Marcos,Bela Vista,Casa,5733
60,2,1,Avenida Salgado Filho,Centro,Apartamento,1886
36,1,1,Rua Visconde Parnaíba,Brás,Apartamento,3650
60,1,0,Rua Sousa Rocha,Chácara Belenzinho,Casa,1026
195,3,2,Rua Monte das Gameleiras,Vila Ré,Casa,4231
278,4,3,Rua Caconde,Jardim Paulista,Apartamento,19730
280,3,4,Rua Doutor Tomás Carvalhal,Paraíso,Apartamento,16720
90,3,1,Rua Rafael Ficondo,Vila Brasilina,Apartamento,1974
100,2,2,Avenida Imperatriz Leopoldina,Vila Leopoldina,Apartamento,11700
84,2,2,Rua Pereira Barreto,Santo Amaro,Apartamento,5843
227,3,2,Rua Potá,Vila Formosa,Casa,7067
175,2,1,Rua Miguel Mota,Vila Canero,Casa,3032
100,3,0,Rua Alberto Lohnhoff,Lauzane Paulista,Casa,1773
83,2,1,Rua Humberto I,Vila Mariana,Apartamento,4855
59,2,1,Rua Leandro Teixeira,Paraisópolis,Apartamento,2334
40,1,0,Rua Condessa de São Joaquim,Bela Vista,Studio e kitnet,2545
30,1,0,Rua Armazém,Vila São João Batista,Studio e kitnet,883
39,2,0,Rua Miguel Arcanjo de Oliveira,Parque Paineiras,Apartamento,1573
92,1,0,Rua Amapá Grande,Vila Canero,Studio e kitnet,1402
48,2,2,Rua Marie Nader Calfat,Jardim Ampliação,Apartamento,2960
180,3,2,Rua Raiz da Serra,Jabaquara,Casa,4846
29,1,0,Rua Bento Freitas,Santa Efigênia,Studio e kitnet,2851
198,3,3,"Brooklin, São Paulo - Sp, 04564-000, Brasil",Brooklin,Apartamento,15980
29,1,0,Rua Joaquim Floriano,Itaim Bibi,Studio e kitnet,5636
400,3,3,Avenida Montemagno,Vila Formosa,Casa,5222
74,2,0,Rua Jaraguá,Bom Retiro,Apartamento,5273
276,3,3,Rua Volta Redonda,Campo Belo,Apartamento,10480
62,2,1,Rua Zuma de Sá Fernandes,Presidente Altino,Apartamento,3109
140,2,3,Rua João Baldinato,Vila Suzana,Apartamento,12230
50,2,1,Rua Martim Francisco,Vila Buarque,Apartamento,4406
77,3,2,Rua Ararapirá,Vila Monte Alegre,Apartamento,3509
43,1,1,Rua Álvaro Rodrigues,Vila Cordeiro,Studio e kitnet,3898
202,4,3,Rua Faustino Augusto César,Vila Marari,Casa,4165
60,2,0,Rua Doutor Washington Pedro Lanzzelotti,Novo Osasco,Casa,1355
86,2,2,Rua São Constâncio,Vila Mafra,Apartamento,5495
425,4,3,Rua Rivadávia Correia,Alto da Mooca,Casa,9111
80,2,0,Rua General Flores,Bom Retiro,Casa,2307
28,1,0,Rua Frei Caneca,Consolação,Studio e kitnet,2366
98,3,2,Rua Coronel Conrado Siqueira Campos,Jardim das Acácias,Apartamento,4888
67,2,1,Rua Antônio Abude,Jardim Barbosa,Apartamento,2680
93,2,1,Rua Samambaia,Bosque da Saúde,Apartamento,5387
300,3,3,Avenida Marechal Juarez Távora,Super Quadra Morumbi,Casa,5747
78,2,1,Rua Peixoto Gomide,Jardim Paulista,Apartamento,5226
120,3,1,Rua das Ameixas,Vila Cruz das Almas,Casa,2085
50,2,1,Rua Comendador Miguel Calfat,Vila Nova Conceição,Apartamento,4861
59,2,1,Av Santa Inês,Parque Mandaqui,Apartamento,3556
35,1,0,Avenida Maestro Villa-lobos,Vila Gustavo,Apartamento,2197
76,3,2,Rua Antônio Domingues de Carvalho,Parada Inglesa,Apartamento,3986
25,1,0,Rua Doutor Elias Chaves,Campos Elíseos,Studio e kitnet,1205
40,1,0,Rua Aroaba,Vila Leopoldina,Apartamento,1427
44,1,1,Avenida Santo Amaro,Brooklin,Apartamento,4462
60,2,1,Rua Céu Tropical,Conjunto Residencial Jardim Canaã,Casa,3648
210,4,4,Rua Balthazar da Veiga,Vila Nova Conceição,Apartamento,17890
85,3,0,Rua das Perdizes,Barra Funda,Apartamento,3382
38,1,1,Rua Dionísio da Costa,Vila Mariana,Studio e kitnet,6330
284,5,3,Rua Jamblico,Casa Verde Alta,Casa,6490
39,2,0,Rua Pangaré,Vila Butantã,Apartamento,2568
38,1,1,Rua Olímpio Portugal,Mooca,Apartamento,1913
22,1,0,Rua Aguiar de Barros,Bela Vista,Studio e kitnet,1409
30,1,0,Rua José Silvano Filho,Jardim Lucia,Studio e kitnet,836
80,2,2,Rua Afonso Xiii,Vila Campestre,Casa,1885
38,1,0,Rua Gravataí,Consolação,Studio e kitnet,1824
170,3,2,"Moema, São Paulo - Sp, 04524-000, Brasil",Moema,Apartamento,17980
45,1,0,Rua Glicério,Liberdade,Apartamento,1657
60,2,1,Rua Antonieta,Picanço,Casa,1857
95,2,2,Rua Leandro de Carvalho,Vila Monumento,Apartamento,2843
100,3,0,Rua Conselheiro Saraiva,Santana,Apartamento,3092
60,2,1,Rua Sebastião Mariano,Vila Carlos de Campos,Casa,1668
51,2,2,Rua Cananéia,Vila Principe de Gales,Apartamento,2058
171,3,2,R. Jorge Alves Ferreira,Jardim Colombo,Casa,3918
60,2,2,Rua Zurich,Taboão,Apartamento,2464
43,1,0,Alameda Ribeiro da Silva,Campos Elíseos,Apartamento,1670
50,1,1,Rua Ciridião Durval,Vila Paulista,Apartamento,2493
45,1,0,Rua Tanque Velho,Vila Nivi,Casa,551
70,2,1,Rua Ponta Delgada,Vila Olímpia,Apartamento,7093
54,1,1,Rua Domingos Lopes da Silva,Vila Suzana,Studio e kitnet,3553
30,1,0,Rua Dezenove de Maio,Vila Esperança,Studio e kitnet,799
80,2,2,Rua Saguairu,Casa Verde,Apartamento,5186
132,3,1,Rua Voluntários da Pátria,Santana,Apartamento,4849
90,2,1,Rua Silvia,Osvaldo Cruz,Apartamento,3611
60,2,1,Rua Doutor Joaquim Gomes de Souza,Jardim Pinheiros,Apartamento,2809
40,1,0,Avenida Conceição,Jardim Japão,Casa,1188
273,5,4,Rua José Abel Galvão,Jardim Regis,Casa,6102
18,1,0,Rua Doutora Neyde Apparecida Sollitto,Vila Clementino,Studio e kitnet,1206
35,1,0,Rua Francisco José da Cruz,Jardim Santa Rosa,Casa,887
52,1,0,Rua Vinte E Cinco de Março,Centro,Apartamento,1702
200,3,2,Rua Gastão da Cunha,Vila Paulista,Casa,4553
85,2,1,Rua Doutor José de Queirós Aranha,Vila Mariana,Apartamento,5398
56,2,1,Avenida Iraí,Indianópolis,Apartamento,4841
62,2,1,Avenida Senador José Ermírio de Moraes,Tremembé,Apartamento,2952
70,2,1,Rua Rondinha,Chácara Inglesa,Apartamento,4656
39,1,0,Rua Soror Maria Celeste,Parque Sao Luis,Casa,1042
95,3,0,Rua Augusta,Consolação,Apartamento,5618
40,1,1,Rua João Cachoeira,Vila Nova Conceição,Studio e kitnet,6467
33,1,0,Avenida do Estado,Cambuci,Apartamento,2113
48,1,1,Rua Doutor Plínio Barreto,Bela Vista,Apartamento,2575
85,3,2,Rua Jequitinhonha,Campestre,Apartamento,2691
51,1,1,Rua Bela Cintra,Consolação,Apartamento,5189
60,3,1,Avenida Tarumã,Vila Pierina,Apartamento,2265
199,3,2,Rua Almeida Ferraz,Parque Jabaquara,Casa,2389
60,2,1,Rua Teodureto Souto,Cambuci,Apartamento,6152
62,2,1,R. Onofre Silveira,Vila Fachini,Apartamento,1966
102,3,2,Rua Marechal Barbacena,Tatuapé,Apartamento,7652
300,3,3,Alameda Afonso Bocchiglieri,Vila Arriete,Casa,5902
45,2,1,Rua Alexandre Dumas,Chácara Santo Antônio (zona Sul),Apartamento,3904
85,2,1,Rua Jacques Félix,Vila Nova Conceição,Apartamento,12030
67,1,0,Avenida Ipiranga,República,Apartamento,2638
282,3,3,Rua Guaimbé,Mooca,Casa,8794
35,1,1,Avenida Brigadeiro Luís Antônio,Jardim Paulista,Apartamento,4318
122,2,2,Alameda Cores da Mata,Tamboré,Apartamento,8514
26,1,0,Avenida Jabaquara,Mirandópolis,Studio e kitnet,2786
70,2,0,Rua Genebra,Bela Vista,Apartamento,3217
135,3,2,Rua Doutor Amando Franco Soares Caiuby,Parque Bairro Morumbi,Apartamento,4930
40,2,0,Rua Jordânia,Vila Guilhermina,Apartamento,1710
40,1,1,Alameda dos Maracatins,Indianópolis,Studio e kitnet,2850
158,2,2,Alameda Franca,Cerqueira César,Apartamento,16740
48,1,0,Rua Israelândia,Jardim Santa Monica,Casa,1322
49,2,1,Rua Campo Santo,Parque das Nações,Apartamento,1991
70,2,1,Avenida Hilário Pereira de Souza,Centro,Apartamento,3686
55,2,1,Rua Henrique Braglia,Vila Dom Pedro Ii,Apartamento,2668
127,3,2,Rua Madrid,Parque Sevilha,Casa,5352
87,3,2,Rua Justino Paixão,Jardim São Caetano,Apartamento,4848
70,1,1,Rua São Benedito,Alto da Boa Vista,Apartamento,4566
112,3,2,Rua Barão de Monte Santo,Mooca,Casa,5058
33,2,0,Rua Maria do Carmo,Vila Alpina,Casa em condomínio,1489
86,2,1,Rua Francisco Leitão,Pinheiros,Apartamento,6978
25,1,0,Rua Coronel Graça Martins,Vila Marte,Studio e kitnet,1078
40,2,0,Rua Coremu,Vila Esperança,Apartamento,1942
71,2,1,Rua dos Curupiás,Jabaquara,Apartamento,3122
45,1,1,Rua Malvina Ferrara Samarone,Vila Dom Pedro I,Apartamento,3106
66,2,0,Rua Orfanato,Vila Prudente,Apartamento,2104
48,2,1,Avenida Carlos Liviero,Sacoma,Apartamento,2008
70,2,2,Rua Capitão Luís Ramos,Vila Guilherme,Apartamento,2207
167,3,4,Rua Almério de Albuquerque Melo,Jardim Santo Elias,Casa,2843
40,1,0,Avenida Hildebrando de Lima,Km 18,Studio e kitnet,1300
200,3,1,Rua Gandavo,Vila Clementino,Casa,14250
49,1,1,Rua Pascal,Campo Belo,Apartamento,6358
40,1,1,Rua Alabama,Jardim Almeida Prado,Casa,702
90,2,1,Rua dos Patriotas,Ipiranga,Apartamento,3554
50,2,1,Rua Fagundes Varela,Vila Príncipe de Gales,Apartamento,2177
60,2,1,Rua Aimberê,Perdizes,Apartamento,4346
48,2,0,Rua Oliveira Catrambi,Jardim Vila Formosa,Apartamento,6577
42,1,0,Rua Vale da Perdiz,Jardim Miriam,Casa,887
35,1,0,Rua do Lavapés,Cambuci,Studio e kitnet,1927
50,1,1,Rua Rifaina,Vila Anglo Brasileira,Apartamento,3192
68,3,1,Rua Refinaria Mataripe,Vila Antonieta,Apartamento,2313
47,2,0,Rua São Bernardo,Cidade Mãe do Céu,Apartamento,3394
23,1,0,Rua Desembargador Aragão,Vila Mariana,Apartamento,2892
90,3,2,Praça Alexandre Fleming,Vila Cláudia,Apartamento,4593
29,1,0,Avenida Vieira de Carvalho,República,Studio e kitnet,1736
40,1,1,Rua Maria Otília,Vila Regente Feijó,Apartamento,3937
59,1,1,Avenida Paes de Barros,Mooca,Apartamento,2949
51,2,1,Rua Brigadeiro Tobias,Centro,Apartamento,3387
55,1,1,Rua da Consolacao,Consolação,Apartamento,5995
29,1,0,Rua Coronel Gustavo Santiago,Vila Zilda,Apartamento,2277
78,3,3,Rua Franklin do Amaral,Vila Nova Cachoeirinha,Apartamento,3900
115,3,2,Rua Manuel Mendes Ribeiro,Vila Buenos Aires,Casa,2980
110,3,1,Avenida Nova Cantareira,Tucuruvi,Apartamento,4666
27,1,0,Avenida da Liberdade,Liberdade,Studio e kitnet,2528
40,1,1,Rua James Stolz,Vila Ema,Apartamento,1679
250,4,2,Alameda Franca,Jardim Paulista,Apartamento,17790
75,2,0,Rua Barata Ribeiro,Bela Vista,Apartamento,3165
92,2,0,Rua Santa Luzia,Liberdade,Apartamento,2596
218,3,2,Rua Doutor Paulo Ribeiro Coelho,Jardim Ester Yolanda,Casa,3728
175,3,2,Rua Ministro Guimarães Natal,Parque Jabaquara,Casa,3773
52,1,1,Avenida Itaboraí,Bosque da Saúde,Apartamento,2261
150,2,2,Rua Hugo Walter Puschnick,Alto da Mooca,Casa,2919
30,1,0,Rua José Loureiro das Neves,Vila Cleonice,Studio e kitnet,1276
40,1,1,Rua Antônio Cardoso Franco,Casa Branca,Casa,1050
45,1,0,Rua Piquinhu,Vila Ré,Casa,1335
42,1,0,Rua Catão,Vila Romana,Apartamento,2139
51,2,1,Rua Demini,Penha de França,Apartamento,3096
40,2,0,Avenida Cupecê,Jardim Prudência,Apartamento,2199
56,1,0,Rua Brigadeiro Tobias,Centro,Apartamento,1513
41,2,0,Rua Lontra,Vila Guilherme,Apartamento,2198
120,3,2,Rua Teodoro Sampaio,Pinheiros,Apartamento,6563
35,1,1,Avenida Túlio Teodoro de Campos,Vila Paulista,Apartamento,2702
45,1,1,Rua José Pereira Barreto,Jardim Clímax,Casa,1251
52,2,1,Rua Jorge Cândido Marin,Taboão,Apartamento,3203
81,2,0,Avenida Nova Cantareira,Tucuruvi,Apartamento,1676
250,4,4,Rua Oagy Kalile,Jardim Vitoria Regia,Apartamento,11930
180,3,2,Rua Serra de Jairé,Quarta Parada,Casa,4321
30,1,0,Rua Gentil Braga,Vila Buenos Aires,Casa,1251
25,1,1,Rua Casa do Ator,Vila Olímpia,Studio e kitnet,5002
62,3,1,Rua Marquês de Lages,Vila Moraes,Apartamento,3990
100,2,1,Rua Professor Dias Castejon,Jardim Monte Kemel,Casa,3329
50,1,1,Rua Jose Manso,Vila Matilde,Apartamento,2589
130,3,3,Rua da Meação,Vila Regente Feijó,Apartamento,5594
36,1,1,Rua José Antônio Coelho,Vila Mariana,Apartamento,2578
230,3,2,Rua Tebas,Jardim Brasil (zona Sul),Casa,8465
115,3,2,Rua Padre Raimundo da Silva,Vila California,Casa,2719
80,2,1,Rua João Guimarães Rosa,Bandeiras,Casa,1430
260,6,2,Avenida São Luís,República,Apartamento,11110
100,2,1,Rua Marcolino Vaz Figueira,Jardim das Esmeraldas,Casa,1713
32,1,0,Rua Gaspar Lourenço,Vila Mariana,Apartamento,3226
37,2,0,Rua Tenente-coronel Soares Neiva,Vila Aricanduva,Apartamento,1728
33,1,0,Rua Pertigalete,Jardim Santa Edwiges (capela do Socorro),Casa,938
50,2,1,Rua Doutor Joaquim D’aquino Fonseca,Sítio do Mandaqui,Casa,1597
45,2,1,Rua Franklin do Amaral,Vila Nova Cachoeirinha,Apartamento,1662
36,1,1,Rua Pequetita,Vila Olímpia,Apartamento,4242
141,2,1,Rua Santo Amaro,Bela Vista,Apartamento,4537
35,1,0,Rua Rumaica,Vila Ipojuca,Casa,1876
55,2,1,Avenida Fim de Semana,Jardim Casablanca,Apartamento,2827
29,1,0,Praça Alberto Lion,Cambuci,Apartamento,1704
60,2,1,Avenida Doutor Lino de Moraes Leme,Vila Paulista,Apartamento,2411
44,2,0,Rua Francisco Luiz de Souza Júnior,Água Branca,Apartamento,2178
130,3,2,Rua Tenente Sebastião Soares,Jardim Monte Alegre,Casa,3231
70,2,0,Rua Gomes de Carvalho,Vila Olímpia,Apartamento,4827
70,2,0,Rua do Direito,Vila Rui Barbosa,Casa,1887
73,3,0,Avenida Brigadeiro Luís Antônio,Bela Vista,Apartamento,3299
145,3,2,Rua General Elder de Souza Guedes,Jardim Colombo,Apartamento,6389
38,1,1,Avenida Bartolomeu de Carlos,Jardim Flor da Montanha,Apartamento,2375
336,4,3,Rua das Hortênsias,Mirandópolis,Casa,11550
64,3,1,Rua Doutor Luiz Migliano,Jardim Monte Kemel,Apartamento,3349
46,2,1,Rua Henrique Casela,Jardim América da Penha,Apartamento,1908
260,4,6,Rua Barão do Serro Largo,Vila Regente Feijó,Casa,7538
45,1,0,Rua Nascimento Silva,Vila Campestre,Casa,1460
35,1,0,Rua Chagu,Vila Formosa,Apartamento,1668
65,3,1,Rua Doutor Gentil Leite Martins,Vila Nova Caledônia,Apartamento,3009
81,3,1,Rua Doutor Guilherme Bannitz,Itaim Bibi,Apartamento,4227
30,1,0,Rua Doutor Cesário Mota Júnior,Vila Buarque,Studio e kitnet,1830
50,1,0,Rua Voluntários da Pátria,Santana,Studio e kitnet,2118
45,1,0,Rua Doutor Solon Fernandes,Vila Rosalia,Studio e kitnet,1456
23,1,0,Rua da Consolação,Consolação,Apartamento,3165
45,1,0,Rua Professor Fábio Fanucchi,Jardim São Paulo,Apartamento,2559
75,2,2,Rua João Veloso de Oliveira,Parque Sao Domingos,Casa em condomínio,2650
60,1,1,R. Joseph Nigri,Jardim Peri,Apartamento,5963
55,2,1,Avenida Lacerda Franco,Cambuci,Apartamento,3198
52,1,0,Rua Riachuelo,Sé,Apartamento,1665
70,3,2,Rua Cajaíba,Vila Pompéia,Apartamento,6870
55,2,1,Rua João Avelino Pinho Mellão,Paraisópolis,Apartamento,2125
108,2,2,Rua Sansão Alves dos Santos,Cidade Monções,Apartamento,15800
51,2,1,Rua Timor,Parque Oratório,Apartamento,2136
124,3,1,Alameda Itu,Jardim Paulista,Apartamento,7529
54,1,0,Rua Itapicuru,Perdizes,Apartamento,2908
290,2,2,Avenida Sargento José Siqueira,Jardim Paraiso,Casa,2769
70,1,0,Rua Macieira,Cidade das Flores,Casa,1189
50,1,0,Rua Lycurgo Antônio de Souza,Vila Cruz das Almas,Casa,988
38,1,1,Avenida Brigadeiro Luís Antônio,Bela Vista,Studio e kitnet,2886
23,1,1,Rua Doutor Fleury Silveira,Vila Santa Maria,Casa,855
115,3,0,Rua Doutor Brasilio Machado,Santa Cecília,Apartamento,5472
16,1,0,Rua Major Rubéns Florentino Vaz,Vila Pirajussara,Studio e kitnet,2181
133,3,2,Rua Miragem,Vila Regente Feijó,Apartamento,7643
30,1,0,Avenida Fuad Lutfalla,Vila Maria Trindade,Studio e kitnet,1064
48,2,0,Rua Cerro de Mateus Simões,Parque Boturussu,Apartamento,1570
48,2,1,Avenida Santa Inês,Parque Mandaqui,Apartamento,1807
49,1,0,Rua Paulistânia,Sumarezinho,Apartamento,3999
65,2,1,Rua Pantojo,Vila Regente Feijó,Apartamento,3486
74,3,1,Avenida Aruanã,Tamboré,Apartamento,4762
40,1,0,Rua Coelho Neto,Quinta da Paineira,Apartamento,1513
42,1,0,Rua Doutor Constâncio Teani,Vila Aurora (zona Norte),Casa,1073
82,2,1,Rua Acarapereira,Sítio Morro Grande,Apartamento,1881
300,3,2,Rua Comendador Gabriel Calfat,Jardim Leonor,Casa,13470
11,1,0,Avenida dos Carinás,Indianópolis,Apartamento,4426
125,2,2,Rua do Almirantado,Jardim Aricanduva,Casa,3648
35,1,0,Rua Oscar Cintra Gordinho,Liberdade,Apartamento,1331
59,2,1,Rua Carvalho de Freitas,Vila Andrade,Apartamento,4335
158,2,2,Avenida Horácio Lafer,Jardim das Flores,Casa,2608
34,1,0,Alameda Barros,Santa Cecilia,Studio e kitnet,1405
135,3,4,Rua David Ben Gurion,Jardim Monte Kemel,Apartamento,5779
40,1,0,Rua Amazonas,Osvaldo Cruz,Casa,1355
45,1,0,Avenida Brigadeiro Faria Lima,Jardim Paulistano,Apartamento,4997
39,2,0,Avenida Cangaíba,Cangaíba,Apartamento,1379
40,1,1,Rua Vergueiro,Vila Mariana,Studio e kitnet,4861
49,2,1,Rua dos Camarés,Carandiru,Apartamento,2178
33,1,0,Rua Celso Vieira,Vila Pereira Barreto,Apartamento,1239
100,1,0,Rua Sabiá,Ayrosa,Casa,1217
46,2,0,Rua Joana Avancini Prado,Jardim Lallo,Apartamento,1626
60,1,0,Rua Cardeal Enrico Dante,Vila Nova Mazzei,Casa,1355
70,2,1,Rua Doutor Laérte Setúbal,Vila Suzana,Apartamento,3667
30,1,0,Rua Cerqueira César,Centro,Studio e kitnet,1422
340,4,6,Rua Lehel Silimon,Jardim Londrina,Casa,9007
100,3,2,"Indianópolis, São Paulo - Sp, 04077-020, Brasil",Indianópolis,Apartamento,8126
28,1,1,Rua Batataes,Jardim Paulista,Studio e kitnet,4775
159,3,4,Rua Forte William,Vila Andrade,Apartamento,11110
90,3,1,Rua Engenheiro Sá Freire,Jardim Ângela (zona Leste),Casa,1816
180,3,2,Rua Santa Matilde,Conjunto Residencial Jardim Canaã,Casa,3023
19,1,0,Rua Borges Lagoa,Vila Clementino,Studio e kitnet,1713
66,2,1,Estrada das Lágrimas,Mauá,Apartamento,4670
85,2,0,Avenida Doutor José Higino,Vila Oratório,Apartamento,2650
172,3,4,Rua Fábia,Vila Romana,Apartamento,17710
60,1,0,Rua Humaitá,Bela Vista,Apartamento,2533
79,2,1,Avenida Copacabana,Empresarial 18 do Forte,Apartamento,5915
84,2,0,Rua Heitor Penteado,Sumarezinho,Apartamento,4880
65,2,1,Rua Marquês de Itu,Vila Buarque,Apartamento,6207
38,1,0,Rua Benedetto Bonfigli,Casa Verde Alta,Casa,1147
36,1,0,Rua Bruna,Chácara Mafalda,Apartamento,1638
150,2,2,Rua Dona Brígida,Vila Mariana,Casa,4525
40,2,1,Avenida Sebastião Henriques,Vila Siqueira (zona Norte),Apartamento,1919
90,2,0,Rua do Oratório,Mooca,Apartamento,4098
69,3,1,Rua Vergueiro,Vila Moinho Velho,Apartamento,3698
50,1,1,Rua Tabatinguera,Sé,Casa,1866
70,3,1,Rua Torquato Tasso,Vila Prudente,Apartamento,2735
30,1,0,Rua Jardim das Margaridas,Vila Buenos Aires,Casa,840
67,3,1,Rua Eulo Maroni,Vila Lageado,Apartamento,4148
30,1,1,Rua Doutor Clemente Jobim,Jardim da Glória,Apartamento,2012
150,3,1,Rua Fernão Dias,Pinheiros,Casa,6284
70,2,2,Rua Doutor José Carlos de Toledo Piza,Jardim Parque Morumbi,Apartamento,4185
21,1,0,Rua Humberto I,Vila Mariana,Apartamento,3146
45,2,1,Avenida Heitor Penteado,Sumarezinho,Apartamento,3490
86,2,0,Avenida Nove de Julho,Jardim Paulista,Apartamento,3965
320,4,2,Rua José Cola Grossi,Jardim Leonor,Casa,9145
39,2,0,Avenida Rotary,Vila das Bandeiras,Apartamento,2022
35,1,1,Rua Purpurina,Sumarezinho,Apartamento,6229
85,2,1,Rua Templários,Vila Formosa,Apartamento,5020
50,1,0,Rua Itamonte,Vila Medeiros,Casa,938
92,2,1,Alameda Lorena,Jardim Paulista,Apartamento,7045
53,2,0,Rua Doutor Bitencourt Rodrigues,Sé,Apartamento,2003
47,1,0,Alameda Barão de Limeira,Campos Elíseos,Studio e kitnet,1650
72,1,2,Rua Carlos Petit,Vila Mariana,Apartamento,6657
38,1,0,Avenida Cásper Líbero,Centro,Studio e kitnet,1490
102,2,0,Rua País Natal,Jardim Filhos da Terra,Casa,5525
90,3,1,Rua Marquês de Paraná,Alto da Lapa,Apartamento,4690
72,3,2,Rua Inácio Manuel Álvares,Jardim Ester,Apartamento,3327
64,2,1,Avenida Guarapiranga,Jardim das Flores,Apartamento,3352
38,1,1,Rua Gabriel dos Santos,Santa Cecília,Apartamento,3652
359,4,3,Rua Ivan Fleuri Meireles,Retiro Morumbi,Casa,5322
67,2,2,Rua Rosa Maria,Vila Gustavo,Apartamento,4782
31,1,0,Alameda dos Jurupis,Indianópolis,Apartamento,3954
331,3,6,Rua André Thomas,Vila Campesina,Casa,6225
230,3,2,Rua Augusto Farina,Butantã,Casa,5483
60,2,1,"R. Pedro Tezin, 350 - Bortolândia, São Paulo - Sp, 02352-130, Brasil",Bortolândia,Casa,2283
41,1,1,Avenida São João,República,Studio e kitnet,2741
88,2,0,Alameda Jaú,Jardim Paulista,Apartamento,3560
160,3,3,Rua Marcus Pereira,Vila Suzana,Apartamento,7058
258,3,1,Alameda Franca,Jardim Paulista,Apartamento,19140
75,2,1,Alameda Franca,Jardim Paulista,Apartamento,5372
45,2,2,Rua Capitão José Amaral 112 - Apto 1 • Freguesia do Ó • São Paulo - Sp,Vila Portuguesa,Apartamento,2030
65,3,1,Rua Soldado Teodoro Francisco Ribeiro,Parque Novo Mundo,Apartamento,2748
151,3,3,Rua Benedito Lapin,Itaim Bibi,Apartamento,18270
112,3,1,Rua João de Sousa Dias,Campo Belo,Apartamento,5024
354,3,3,Rua Campos,Vila Inah,Casa,7013
55,2,1,Rua Tabor,Ipiranga,Apartamento,4141
166,3,4,Rua Adalberto Kurt,Jardim Líbano,Casa,5997
66,3,2,Rua Alexandre Levi,Cambuci,Apartamento,3418
239,3,2,Alameda Itu,Jardim Paulista,Apartamento,14320
35,1,1,Rua Doutor Diogo de Faria,Vila Clementino,Studio e kitnet,4049
30,1,0,Rua Francisca Miquelina,Bela Vista,Apartamento,2239
130,3,3,Travessa Antônio da Silva,Campestre,Casa,3812
42,2,0,Rua Nhengaibas,Água Rasa,Casa,1673
49,1,1,Rua Doutor José Carlos de Toledo Piza,Vila Andrade,Apartamento,3403
60,2,1,Rua Curiá,Jardim Sabara,Apartamento,2076
58,2,1,Avenida João Pessoa,Lauzane Paulista,Apartamento,2156
134,3,4,Rua Maria do Carmo Sene,Vila Paulicéia,Casa,4678
61,2,0,Rua Wandenkolk,Mooca,Apartamento,2276
85,2,1,Rua Basílio da Cunha,Vila Deodoro,Apartamento,4020
170,3,4,Rua Edmundo Luís de Nóbrega Teixeira,Jardim da Campina,Casa,5433
112,3,1,Rua Bela Cintra,Consolação,Apartamento,12590
50,1,1,Rua da Mooca,Mooca,Apartamento,2462
36,2,0,Rua Juiz de Fora,Vila Ema,Apartamento,1858
250,6,2,Rua Sepetiba,Siciliano,Casa,11180
60,2,2,Rua David Eid,Vila do Castelo,Apartamento,3753
196,3,3,Avenida Ômega,Empresarial 18 do Forte,Apartamento,15710
54,2,1,Avenida Padre Arlindo Vieira,Vila Vermelha,Apartamento,3040
50,2,1,Rua Carvalho de Freitas,Vila Andrade,Apartamento,3410
40,1,0,Rua Antônio de Godói,Centro,Studio e kitnet,2191
95,3,1,Rua José Antônio Coelho,Vila Mariana,Apartamento,6854
250,3,2,Rua Hideo Suguiyama,Parque Jabaquara,Casa,6052
45,2,1,Rua Alexandre Benois,Vila Andrade,Apartamento,2717
41,2,0,Rua Benjamin Pereira,Parque Vitoria,Apartamento,1741
56,2,1,Rua José da Silva Ribeiro,Vila Andrade,Apartamento,3186
90,3,1,Largo do Redentor,Cambuci,Apartamento,3830
150,2,0,Rua Damião Fernandes,Vila Sargento José de Paula,Casa,3944
97,3,3,Rua Palacete das Águias,Vila Alexandria,Apartamento,5028
35,2,1,Rua Padre Isidoro,Vila Nova York,Apartamento,1624
50,2,1,Avenida Doutor Assis Ribeiro,Jardim Danfer,Apartamento,3409
128,3,2,Rua Charles Spencer Chaplin,Vila Andrade,Apartamento,4476
95,2,1,Avenida Álvaro Ramos,Quarta Parada,Apartamento,1975
92,3,2,Rua Serra de Bragança,Vila Gomes Cardim,Apartamento,5382
42,2,0,Avenida Lauro Xerfan,Jardim Iva,Apartamento,2307
50,2,1,Avenida Capistrano de Abreu,Jaguaribe,Apartamento,3287
100,3,2,Rua Lúcia Caiaffa,Vila Pereira Barreto,Apartamento,4205
45,1,0,Rua Heloísa Camargo,Vila Esperança,Casa,1371
104,3,2,Rua Palestina,Vila Mascote,Apartamento,10040
228,4,3,Rua Sampaio Viana,Paraíso,Apartamento,14400
205,3,2,Rua Padre João Manuel,Cerqueira César,Apartamento,13150
32,1,0,Rua Passarola,Alto da Mooca,Apartamento,1777
140,3,2,Rua Itaiteva,Jardim Ampliação,Apartamento,4498
61,3,1,Rua João Biancalana,Paulicéia,Apartamento,2106
24,1,0,Rua Barão de Campinas,Campos Elíseos,Studio e kitnet,2830
40,1,0,Avenida Nove de Julho,Bela Vista,Apartamento,5165
96,2,2,Rua Doutor Andrade Pertence,Vila Olímpia,Apartamento,10580
46,1,1,Avenida Angélica,Santa Cecilia,Apartamento,5382
64,2,1,Rua General Júlio Marcondes Salgado,Campos Elíseos,Apartamento,2442
56,2,1,Rua Joaquim Lapas Veiga,Jardim D’abril,Apartamento,1601
29,1,0,Praça Ministro Costa Manso,Sé,Apartamento,1490
55,2,1,Rua Doutor Heitor Nascimento,Nossa Senhora do Ó,Apartamento,2546
206,4,2,Rua José Maciel Neto,Jardim Maria Rosa,Casa,3288
220,3,4,Avenida Leblon,Jardim dos Lagos,Casa,7393
105,3,2,Rua Werner Goldberg,Jardim Tupanci,Apartamento,5827
70,2,1,Rua Américo Brasiliense,Chácara Santo Antônio (zona Sul),Apartamento,6896
40,1,0,Praça Doutor Mario Margarida,Liberdade,Studio e kitnet,1302
300,3,3,Rua Salto Grande,Sumaré,Casa,10820
93,3,1,Rua Coronel Luís Barroso,Santo Amaro,Apartamento,4221
59,2,1,Avenida João Simão de Castro,Vila Sabrina,Apartamento,1713
84,2,2,Rua Kansas,Brooklin,Apartamento,13440
105,3,2,Praça Xavier da Silveira,Vila Lucia Elvira,Apartamento,8903
80,1,1,Rua Jacques Félix,Vila Nova Conceição,Apartamento,17980
50,2,1,Rua José de Figueiredo Seixas,Imirim,Apartamento,2296
105,2,0,Rua Aurélia,Vila Romana,Casa,4914
125,2,3,Rua Benedito Lapin,Itaim Bibi,Apartamento,19040
26,1,0,Avenida Duque de Caxias,Campos Elíseos,Studio e kitnet,2910
30,1,0,Rua Cônego Vicente,Vila Medeiros,Casa,789
55,1,0,Rua Doutor Solon Fernandes,Vila Rosalia,Studio e kitnet,1556
160,3,2,Rua Reims,Jardim das Laranjeiras,Casa,7492
72,2,2,Rua Pereira Caldas,Jardim da Glória,Apartamento,5799
80,3,2,Avenida Washington Luís,Santo Amaro,Apartamento,5486
350,4,3,Avenida Sílvio Sciumbata,Interlagos,Casa,11680
38,1,0,Rua José Manso,Vila Matilde,Apartamento,2759
49,2,1,Rua Giacomo Cozzarelli,Vila Santa Teresa (zona Sul),Apartamento,1958
148,4,4,Rua João Avelino Pinho Mellão,Morumbi,Apartamento,8725
42,1,0,Avenida Cupecê,Jardim Prudência,Apartamento,2546
45,2,1,Rua Cristóvão Colombo,Jardim Vila Galvão,Apartamento,1934
36,1,1,Avenida Duque de Caxias,Campos Elíseos,Apartamento,3232
81,2,0,Rua Gabus Mendes,República,Apartamento,4622
26,1,0,Rua João Adolfo,Centro,Studio e kitnet,2194
68,2,2,Rua Urbanizadora,Sumaré,Apartamento,7761
32,1,0,Rua Evolução,Vila Brasilina,Casa,937
170,3,1,Rua Mendes Nunes,Vila Campestre,Casa,2065
250,3,5,Rua Manuel da Cunha,Vila Pauliceia,Casa,5212
170,3,1,Rua Iracema Senna Cerqueira dos Santos,Cidade Intercap,Casa,2710
49,2,1,Rua José Maria,Penha de França,Apartamento,2781
75,2,1,Rua Heliodora,Santana,Apartamento,4427
54,1,0,Rua Doná Emma,Vila Fiuza,Casa,1135
76,2,1,Rua Voluntários Paulistas,Vila Principe de Gales,Apartamento,1656
73,2,2,Rua Wandenkolk,Mooca,Apartamento,4016
120,3,2,Avenida Marcos Penteado de Ulhôa Rodrigues,Tamboré,Apartamento,10150
400,3,4,Rua General Vitorino Monteiro,Vila Romana,Casa,12250
42,2,0,Avenida Água Funda,Taboão,Apartamento,1348
36,1,1,Rua José Mandotti,Vila Augusta,Apartamento,2897
60,2,0,Rua Miguel Rachid,Vila Paranagua,Apartamento,1690
47,2,1,R. Jaguaribe,Vila Buarque,Apartamento,3048
81,2,2,Rua Engenheiro Ferreira,Vila Nhocune,Casa,2977
67,2,1,Avenida Campista,Vila Rosália,Apartamento,2747
74,3,1,Rua Croata,Vila Ipojuca,Apartamento,3874
40,2,0,Rua Manuel Dias de Oliveira,Jardim Alvorada (zona Oeste),Apartamento,1443
57,3,1,Rua Trajano Reis,Jardim das Vertentes,Apartamento,3404
45,1,0,Rua Marquês de Abrantes,Chácara Tatuapé,Casa,1542
36,1,0,Rua Francisca Miquelina,Bela Vista,Studio e kitnet,2981
240,4,6,Rua Hermann Teles Ribeiro,Vila Invernada,Casa,8721
83,3,2,Rua Cayowaá,Perdizes,Apartamento,5242
12,1,0,Rua Elísio de Carvalho,Vila São Luís(zona Oeste),Apartamento,1208
230,3,2,Rua Hermínio Rosa,Lar São Paulo,Casa,4514
212,2,2,Rua Darzan,Santana,Casa em condomínio,3739
25,1,0,Rua Artur Prado,Bela Vista,Studio e kitnet,3200
87,2,0,Avenida Nove de Julho,Bela Vista,Apartamento,3084
134,3,2,Rua Capitão Alceu Vieira,Vila Ipojuca,Apartamento,13780
64,2,1,Avenida Marginal Direita Anchieta,Vila Arapuã,Apartamento,2631
42,2,0,Rua Francisca Augusta da Rocha,Jardim Mariliza,Casa,1126
32,1,1,Avenida Afonso Mariano Fagundes,Vila da Saúde,Apartamento,2732
50,2,1,Rua Antônio Gil,Jardim Alzira,Apartamento,3194
58,2,2,Rua Almaden,Vila Andrade,Apartamento,3657
355,4,3,Rua Doutor José Maria Whitaker,Vila Sônia,Casa,7666
27,1,0,Rua Caetano Pinto,Brás,Studio e kitnet,1405
54,2,0,Rua Tenente Coronel Antonio Braga,Vila Santa Catarina,Apartamento,2348
64,2,0,Rua C,Jardim Santa Cruz (sacomã),Apartamento,1766
45,1,0,Rua Cardoso de Almeida,Perdizes,Studio e kitnet,5126
140,3,0,Rua Rio Grande,Vila Mariana,Casa,10200
38,1,0,Rua Padre Isidoro,Vila Nova York,Apartamento,1467
45,2,1,Avenida Salgado Filho,Centro,Apartamento,2137
109,3,2,Rua Ministro Ferreira Alves,Pompeia,Apartamento,8326
35,1,0,Rua Pedro Rendon,Jardim Consórcio,Casa,1447
58,2,1,Rua Fortunato,Santa Cecília,Apartamento,3847
160,3,2,Rua Brigadeiro Vilela Júnior,Jardim Cachoeira,Casa,2871
60,2,0,Rua Caetano de Oliveira,Jardim da Glória,Apartamento,2060
168,3,2,Rua Doutor Teodoro Quartim Barbosa,Cidade São Francisco,Apartamento,6445
30,1,0,Rua Francisca Miquelina,Bela Vista,Studio e kitnet,4435
32,1,0,Avenida Professor Luiz Ignácio Anhaia Mello,Vila Graciosa,Studio e kitnet,1703
185,2,3,Rua Mundo Novo,Vila Anglo Brasileira,Casa,4888
90,3,2,Rua Joaquim Norberto,Vila Paulicéia,Apartamento,3985
25,1,0,Rua Benjamin Pereira,Parque Vitoria,Apartamento,1520
80,2,1,Rua Piracanguá,Jardim Sao Paulo(zona Norte),Casa,2085
281,3,2,Rua Peixoto Gomide,Jardim Paulista,Apartamento,20910
46,1,0,Rua Doutor Luís Barreto,Bela Vista,Apartamento,2098
82,2,2,Avenida Marari,Vila Marari,Apartamento,3785
65,2,1,Rua Doutor Nogueira Martins,Saúde,Apartamento,4202
35,1,0,Rua Antônio Ribeiro de Morais,Vila Carbone,Studio e kitnet,1247
100,2,1,Rua Clemente Alvares,Lapa,Apartamento,2759
29,1,0,Rua Doutor Teodoro Baima,República,Studio e kitnet,1750
31,1,0,Avenida da Liberdade,Liberdade,Studio e kitnet,2218
88,2,1,Rua Manuel Justiniano Quintão,Freguesia do Ó,Casa em condomínio,3043
184,3,1,Rua Celso de Azevedo Marques,Parque da Mooca,Apartamento,7432
63,2,1,Avenida Guilherme Giorgi,Vila Carrao,Apartamento,4082
56,1,0,Rua Glicério,Liberdade,Apartamento,1640
35,1,0,Rua Monsenhor João Lauriano,Vila Ramos,Casa,677
45,1,2,Rua Voluntários da Pátria,Santana,Studio e kitnet,3317
250,3,5,Rua Francisco Jose Linhares,Jardim Santa Emilia,Casa,2377
38,2,0,Rua Major Sertório,Vila Buarque,Apartamento,4185
52,1,0,Rua Luís Coelho,Consolação,Apartamento,3423
45,1,0,Rua Heitor Penteado,Sumarezinho,Apartamento,2953
100,2,1,Rua Doutor Zuquim,Santana,Apartamento,2382
56,2,1,Rua Jaracatia,Jardim Umarizal,Apartamento,2276
52,2,1,Avenida Dória,Vila Alexandria,Apartamento,3774
80,2,1,Alameda Ministro Rocha Azevedo,Cerqueira César,Apartamento,13440
34,2,0,Rua François Coty,Cambuci,Apartamento,2896
54,1,0,Avenida São João,Centro Histórico de São Paulo,Apartamento,1670
55,2,1,Rua Zanzibar,Casa Verde,Apartamento,3193
25,1,0,Rua Borges Lagoa,Vila Clementino,Apartamento,2217
150,3,3,Rua Antônio de Sousa Delmundo,Jardim Vila Formosa,Casa,3149
26,1,0,Rua Azevedo Macedo,Vila Mariana,Studio e kitnet,3616
49,1,1,Rua Barão de Iguape,Liberdade,Apartamento,2316
42,1,0,Rua Major Diogo,Bela Vista,Apartamento,2580
100,3,2,Rua Anjos do Mar,Freguesia do Ó,Casa,4316
56,2,0,Avenida Valter Boveri,Bussocaba,Casa,1563
55,2,1,Rua Padre João,Penha de França,Casa,2293
290,3,4,Rua Francisco Pais,Jardim Ipanema (zona Sul),Casa,9869
67,2,1,Rua Tucuna,Pompeia,Apartamento,4822
37,1,0,Rua Antônio de Godói,Centro Histórico de São Paulo,Studio e kitnet,1494
80,3,2,Rua Ministro Ferreira Alves,Perdizes,Casa,5053
41,2,0,Rua Cantori,Vila Andrade,Apartamento,1750
40,1,0,Rua Raimundo Mattiuzzo,Vila Araguaia,Casa,760
26,1,0,Rua Álvaro de Carvalho,Centro,Studio e kitnet,2995
25,1,0,Rua Doutor Sérgio Meira,Barra Funda,Apartamento,2522
77,2,1,Rua Roque de Morais,Limão,Apartamento,2978
50,1,0,Rua Viena,Taboão,Casa,801
43,1,0,Rua Antônio Sampaio Ferraz,Cidade Patriarca,Casa,906
55,2,0,Rua do Lavapés,Cambuci,Apartamento,1742
147,2,0,Rua da Consolação,Cerqueira César,Apartamento,11630
30,1,0,Rua Doutor Luís Carlos,Vila Aricanduva,Apartamento,1333
210,4,3,Rua Doutor Tomás Carvalhal,Paraíso,Apartamento,15460
46,2,0,Rua Sampaio Corrêa,Jardim Pereira Leite,Apartamento,1075
90,2,1,Rua Bela Cintra,Consolação,Apartamento,6401
90,2,1,Rua Teixeira da Silva,Paraíso,Apartamento,4621
71,3,1,Rua Torquato Tasso,Vila Prudente,Apartamento,2910
86,3,2,Rua Doutor Hélio Fidélis,Cidade São Francisco,Apartamento,8396
75,2,1,Rua Antônio Fonseca,Vila Maria Baixa,Casa,1824
540,5,6,Rua Pelegrino,Jardim do Colégio (zona Norte),Casa,10960
49,2,1,Rua Padre Bento Ibáñez,Jardim Prudência,Apartamento,3019
50,1,0,Rua Coronel Vieira de Castro,Imirim,Casa,938
20,1,0,Rua Barata Ribeiro,Bela Vista,Apartamento,4754
40,1,1,"Av. Ver. José Diniz - Santo Amaro, São Paulo - Sp, Brasil",Santo Amaro,Apartamento,4389
21,1,0,Avenida Senador Queirós,Centro Histórico de São Paulo,Studio e kitnet,2114
124,3,2,Rua Domingos Lopes da Silva,Vila Suzana,Apartamento,5546
100,2,1,Rua Matias Pacheco,Vila Palmeiras,Casa,1985
25,1,0,Rua Natividade Saldanha,São Lucas,Apartamento,1417
70,2,0,Rua Doutor Zuquim,Santana,Apartamento,1745
75,3,1,Rua Quinze de Setembro,Saúde,Apartamento,4415
75,3,2,Rua Ouro Preto,Vila Gilda,Apartamento,2997
51,2,1,Rua das Aroeiras,Jabaquara,Apartamento,2068
25,0,0,Rua Natividade Saldanha,São Lucas,Studio e kitnet,1314
50,2,1,Rua Scuvero,Cambuci,Apartamento,2623
200,3,5,Rua Bentureli,Vila Ede,Casa,3256
47,2,1,Rua Coronel Marques Ribeiro,Vila Guilherme,Apartamento,2016
143,3,4,Rua Fernão do Porto,Vila Progredior,Casa,5963
30,1,1,Rua Guarará,Jardim Paulista,Apartamento,4859
34,1,1,Rua Doutor Ivo Define Frasca,Vila Olímpia,Studio e kitnet,4083
50,2,0,Rua Zanzibar,Casa Verde,Apartamento,1920
200,4,4,Rua Capitão Alberto Mendes Júnior,Água Fria,Apartamento,10240
32,1,1,Rua Nelson Gama de Oliveira,Vila Andrade,Apartamento,1999
70,2,1,Rua do Rocio,Vila Olímpia,Apartamento,4335
131,3,1,Alameda Tietê,Jardim Paulista,Apartamento,12170
41,1,1,Rua Pau-d'arco-roxo,Jardim Pedro José Nunes,Casa,1251
365,4,4,Rua Canumá,Jardim dos Estados,Casa,13140
96,3,2,Rua Antônio Bastos,Vila Bastos,Apartamento,2971
84,3,1,Rua Piracuama,Sumaré,Apartamento,4554
80,3,2,Rua Taciba,Vila Babilônia,Casa,2315
26,1,0,Rua 24 de Maio,República,Studio e kitnet,1592
69,3,1,Rua Dom Bernardo Nogueira,Vila Gumercindo,Apartamento,3843
142,2,2,Alameda dos Anapurus,Indianópolis,Apartamento,12070
47,1,0,Rua Doutor Cesário Mota Júnior,Vila Buarque,Studio e kitnet,3007
51,2,1,Rua Francisco Tapajós,Vila Santo Estéfano,Apartamento,3220
35,1,1,Rua Dois de Julho,Ipiranga,Apartamento,6586
220,4,4,Rua Elizabeth Barbegian Baldinato,Vila Suzana,Apartamento,11310
29,1,0,Rua Bento Freitas,República,Studio e kitnet,1682
58,2,1,Rua Serra de Botucatu,Chácara Califórnia,Apartamento,3477
69,2,0,Rua Glicério,Sé,Apartamento,2596
64,2,1,Avenida Itaboraí,Bosque da Saúde,Apartamento,2781
80,3,0,Rua Sardeira,Americanópolis,Casa,1042
45,2,0,Rua Bicudo de Brito,Vila Guarani (z Sul),Apartamento,1797
25,1,1,Rua Alfredo Pujol,Bela Vista,Apartamento,2487
97,2,1,Rua Luís Dias,Itaim Bibi,Apartamento,6219
47,2,1,Rua Gertrúdes de Lima,Centro,Apartamento,2614
24,1,0,Rua Heinrich Biber,Vila Moraes,Casa em condomínio,650
35,1,0,Rua Sevilha,Tucuruvi,Casa,1858
30,1,0,Rua Eduardo Pereira,Vila Guarani (z Sul),Studio e kitnet,802
42,1,1,Rua Doutor Veiga Filho,Santa Cecilia,Apartamento,2988
65,2,0,Rua Doutor Eugênio Casillo,Vila Virginia,Casa,1388
18,1,0,Rua Araguai,Ponte Pequena,Studio e kitnet,950
28,1,0,Rua Caramuru,Saúde,Studio e kitnet,3252
150,2,1,Rua Boavas,Brooklin,Casa,2847
45,1,1,Rua Aurora,Santa Ifigênia,Apartamento,1829
116,2,1,Rua Bartolomeu Feio,Vila Cordeiro,Casa,3864
65,1,0,Rua Astorga,Vila Guilhermina,Casa,1723
43,1,0,Rua Borges,Parada Inglesa,Casa,1296
50,1,1,Rua Ouro Branco,Jardim Paulista,Apartamento,8678
30,1,0,Largo do Arouche,República,Studio e kitnet,3113
250,3,4,Rua Professora Heloísa Carneiro,Jardim Aeroporto,Casa,6233
36,1,0,Rua Cavour,Vila Prudente,Casa,1254
64,3,1,Rua Joaquim Carlos Klein,Vila Santana,Apartamento,2530
70,2,2,Rua Antônio João,Sítio do Morro,Apartamento,3468
52,2,1,Rua Santo Antônio,Bela Vista,Apartamento,3537
50,1,0,Rua João Artoni Testae,Cocaia,Casa,1057
20,1,0,Rua Doutor Tomás Alves,Vila Mariana,Apartamento,4760
120,3,1,Rua Edson Regis,Jardim Guarapiranga,Casa,5193
136,3,2,Rua José Antônio Coelho,Vila Mariana,Apartamento,15990
38,1,0,Rua Aimutong,Tucuruvi,Casa em condomínio,1019
20,1,0,Rua Carapocaia,Vila Isolina Mazzei,Casa,909
100,3,0,Rua Serra da Mantiqueira,Belenzinho,Casa,4113
65,2,0,Rua Antunes Maciel,Alto da Mooca,Apartamento,1844
18,1,0,Rua Antônio D'agostinho,Jardim Dourado,Apartamento,722
100,2,0,Rua Itambacuri,Jardim Oriental,Casa,1718
76,3,1,Rua dos Três Irmãos,Vila Progredior,Apartamento,3761
0,3,2,Rua Edmundo de Amicis,Morumbi,Casa,3351
54,1,1,Alameda Dino Bueno,Campos Elíseos,Apartamento,2303
54,2,1,Avenida Ibiúna,Vila Aricanduva,Apartamento,2555
55,1,0,Rua Treze de Maio,Bela Vista,Apartamento,3161
70,2,1,Rua Cônego Luís Viêira da Silva,Jardim João Xxiii,Casa,1187
35,1,0,Avenida Duque de Caxias,Campos Elíseos,Apartamento,1452
56,2,1,Avenida Padre Arlindo Vieira,Vila Vermelha,Apartamento,1887
70,2,1,Rua João Artoni Testae,Jardim Testae,Casa,1631
25,1,0,Alfredo Pujol,Santana,Apartamento,2360
115,3,2,Rua Paraguaçu,Vila Scarpelli,Casa em condomínio,4058
85,2,0,Avenida Álvaro Ramos,Quarta Parada,Apartamento,2255
43,1,1,Rua Joaquim Ferreira,Água Branca,Apartamento,3742
150,3,0,Rua Francisco Correa Dutra,Jardim Maria Luiza,Casa,2631
61,2,1,Rua Professor Arnaldo João Semeraro,Jardim Santa Emilia,Apartamento,1692
125,3,2,Rua Dona Aurora Alegretti,Jardim Caravelas,Casa,6423
48,2,1,Avenida Doutor Bernardino Brito Fonseca de Carvalho,Vila Talarico,Apartamento,2060
63,1,2,Rua Barão de Monte Santo,Mooca,Apartamento,3128
75,2,0,Rua Costeira,Jardim Arize,Casa,1160
20,1,0,Rua Conselheiro Furtado,Liberdade,Studio e kitnet,1504
125,3,2,Rua Guatemala,Parque das Nações,Casa,3210
120,3,4,Rua Prefeito Rinaldo Poli,Jardim City,Casa,4871
72,3,1,Rua Domingos Rodrigues,Lapa,Apartamento,8295
64,2,2,Rua Ernani Pinto,Vila Maria Alta,Apartamento,3782
332,4,4,Rua Adolfo Casais Monteiro,Vila Nova Caledônia,Casa,9256
55,2,1,Rua Cândido Vale,Tatuapé,Apartamento,4261
202,3,2,Rua Soares de Faria,Jabaquara,Casa,3828
37,2,0,Rua Vichy,Vila Baruel,Casa em condomínio,1710
20,1,0,Rua do Manifesto,Ipiranga,Casa em condomínio,1024
35,2,0,Rua José Guedes,Artur Alvim,Studio e kitnet,1733
284,4,4,Avenida Cauaxi,Alphaville Industrial,Apartamento,12390
40,1,0,Rua Antônia Teresa de Paula Matias,Jardim Danfer,Casa,824
22,1,0,Rua Manoel Dutra,Bela Vista,Studio e kitnet,2009
290,5,4,Rua Leningrado,Interlagos,Casa,11390
46,2,1,Rua Pamplona,Jardim Paulista,Apartamento,5066
26,1,1,Rua Henrique Fausto Lancelotti,Vila Congonhas,Apartamento,4526
70,2,0,Rua Clélia,Água Branca,Apartamento,2926
38,1,1,Rua Alves Guimarães,Pinheiros,Studio e kitnet,5920
50,1,0,Rua Vinte E Cinco de Dezembro,Canhema,Casa,854
50,2,1,Rua Sampaio Viana,Vila Mariana,Apartamento,6713
46,2,1,Rua Gilberto José Domingues,Bussocaba,Apartamento,1990
40,1,0,Rua Piqueri,Freguesia do Ó,Casa,783
76,2,1,Rua Santo Antônio,Bela Vista,Apartamento,4306
65,2,1,Rua Salvador Iacona,Vila Santa Catarina,Apartamento,2806
50,1,1,Praça Benedito Calixto,Pinheiros,Apartamento,3108
98,3,2,Avenida Giovanni Gronchi,Vila Andrade,Apartamento,4507
62,2,3,Rua Primícias,Chácara Califórnia,Casa,3386
120,2,2,Rua Professor Hilário Veiga de Carvalho,Vila Suzana,Apartamento,6117
38,2,0,Rua Lagoa do Campelo,Itaquera,Apartamento,1647
72,2,0,Rua General Izidoro Dias Lopes,Paulicéia,Casa,1399
38,1,0,Rua Sena Madureira,Vila Clementino,Studio e kitnet,1941
63,2,1,Rua Francisco Otaviano,Vila Humaitá,Apartamento,2308
347,5,4,Rua Professor Oliveira Fausto,Mooca,Casa,11180
250,3,4,Rua André Thomas,Vila Campesina,Casa,4572
59,2,1,Rua Conselheiro Cotegipe,Belenzinho,Apartamento,3284
19,1,0,Avenida Bosque da Saúde,Vila da Saúde,Apartamento,1520
30,1,0,Rua Major Quedinho,Bela Vista,Studio e kitnet,1482
45,1,1,Rua Jaguaribe,Vila Buarque,Apartamento,2917
74,2,1,Rua Anália Franco,Vila Regente Feijó,Apartamento,7214
32,1,0,Rua Enótria,Vila Mazzei,Apartamento,2092
70,3,1,Rua Judith Passald Esteves,Vila Sonia,Apartamento,3190
61,2,1,Rua Quararibéia,Vila Isa,Apartamento,3696
120,3,2,Rua Jorge Coelho,Jardim Paulistano,Apartamento,8770
402,4,6,Rua Comendador Gabriel Calfat,Jardim Leonor,Casa,10780
27,1,0,"Av. Vila Ema - Vila Ema, São Paulo - Sp, Brasil",Vila Ema,Apartamento,1440
105,2,2,Rua Califórnia,Cidade Monções,Apartamento,12360
40,1,0,Rua Doutor Zeferino do Amaral,Vila Industrial,Casa,865
130,3,2,Rua Renato Rinaldi,Vila Carrão,Casa,3436
130,2,3,Avenida Rotary,Vila das Bandeiras,Casa,3562
25,1,0,Rua Valson Lopes,Vila Butantã,Studio e kitnet,2896
45,2,1,Rua Doutor Luiz Migliano,Jardim Caboré,Apartamento,3052
45,1,1,Rua Teodoro Sampaio,Pinheiros,Apartamento,4009
420,4,4,Alameda Mar Mediterrâneo,Alphaville Residencial Plus,Casa,20270
90,2,5,Rua Águas Claras,Vila Pereira Cerca,Casa,2062
400,5,6,Rua Bennet,Alto de Pinheiros,Casa,14140
70,3,1,Rua Itamiami,Vila Mariana,Apartamento,3316
83,3,2,Avenida Jônia,Jardim Brasil (zona Sul),Apartamento,5042
40,1,0,Avenida Rio Branco,Campos Elíseos,Apartamento,1653
568,4,4,Avenida José Galante,Vila Suzana,Apartamento,21120
64,2,1,Rua Iporanga,Água Branca,Apartamento,5816
36,1,0,Rua São Francisco,Sé,Apartamento,2077
160,2,2,Rua São Benedito,Santo Amaro,Apartamento,9187
100,2,0,Rua Clélia,Vila Romana,Casa,2727
40,1,1,Rua Doutor Virgílio de Carvalho Pinto,Pinheiros,Apartamento,4296
123,3,1,Rua Ribeirão Bonito,Vila Moinho Velho,Casa,3841
33,1,1,Rua Oscar Freire,Pinheiros,Studio e kitnet,3619
47,1,1,"Rua Bela Cintra, 32 - Consolação, São Paulo - Sp, Brasil",Consolação,Apartamento,3976
126,3,2,Rua Charles Spencer Chaplin,Vila Andrade,Apartamento,5489
67,2,2,Rua do Manifesto,Ipiranga,Apartamento,3756
31,1,0,Praça Carlos Gomes,Centro,Apartamento,1346
62,3,1,Avenida Condessa Elizabeth de Robiano,Penha de França,Apartamento,2731
68,3,1,Rua Cônego José Norberto,Vila Brasilio Machado,Apartamento,4639
84,2,1,Rua Itacema,Itaim Bibi,Apartamento,11600
36,1,0,Rua Coelho Neto,Vila Prudente,Studio e kitnet,883
130,2,2,Rua Fontana,Parque Monteiro Soares,Casa,3455
35,1,0,Rua da Glória,Liberdade,Studio e kitnet,2923
122,3,2,Avenida Bartolomeu de Carlos,Jardim Flor da Montanha,Apartamento,8659
48,2,1,Rua Padre Jerônimo Machado,Conjunto Habitacional Padre Manoel da Nóbrega,Apartamento,1718
74,3,1,Rua Bacaetava,Vila Gertrudes,Apartamento,4448
50,1,1,Rua Joel Carlos Borges,Cidade Monções,Apartamento,5680
80,3,2,Rua Oiti,Alto da Mooca,Apartamento,3860
50,2,1,Rua Doutor Djalma Pinheiro Franco,Vila Santa Catarina,Apartamento,3648
76,3,2,Avenida Sebastião Davino dos Reis,Jardim Tupanci,Apartamento,5073
40,2,1,Rua General Nestor Passos,Jardim Paraíso,Apartamento,2811
43,2,1,Rua Domingos Ataide,Parque Reboucas,Apartamento,2415
38,1,0,Rua Riskallah Jorge,Centro Histórico de São Paulo,Studio e kitnet,1350
50,1,1,Rua Doutor Mario Ferraz,Jardim Paulistano,Apartamento,7901
89,2,2,Avenida Cristo Rei,Vila Pereira Barreto,Casa em condomínio,2460
45,1,1,Rua Henrique Fausto Lancellotti,Vila Congonhas,Apartamento,4558
56,2,1,Avenida Jacobus Baldi,Jardim Casablanca,Apartamento,1822
20,1,0,Rua Glicério,Liberdade,Studio e kitnet,1058
109,2,2,Rua João Cachoeira,Vila Nova Conceição,Apartamento,14070
21,1,0,Rua Guanabara,Vila Brasilio Machado,Studio e kitnet,1153
43,2,0,Rua José Manso,Vila Matilde,Apartamento,2887
42,1,1,Rua Joinville,Paraíso,Apartamento,4070
52,2,2,Rua Cajaíba,Vila Pompéia,Apartamento,4641
45,1,0,Rua Vale do Alva,Cidade Domitila,Casa,824
85,2,2,Avenida Guilhermina Vieira,Vila Miriam,Casa,1938
116,4,2,Rua Doutor Thirso Martins,Vila Mariana,Apartamento,7252
62,2,0,Avenida Lins de Vasconcelos,Vila Mariana,Apartamento,2786
82,2,0,Rua das Grumixamas,Vila Parque Jabaquara,Apartamento,3103
34,1,0,Rua Artur Bernardes,Vila Invernada,Apartamento,1606
30,1,0,Praça Marechal Deodoro,Santa Cecília,Studio e kitnet,1760
53,2,1,Rua Márcio Mazzei,Vila Nova Mazzei,Apartamento,2369
132,2,2,Rua Américo Alves Pereira Filho,Morumbi,Apartamento,6616
28,1,0,Rua Iquiririm,Vila Indiana,Studio e kitnet,1928
54,2,1,Praça Hilário da Conceição,Sítio do Mandaqui,Apartamento,1918
47,2,1,Rua Vicente Ferreira Leite,Vila Siqueira (zona Norte),Apartamento,2187
94,3,1,Rua Judith Passald Esteves,Vila Sônia,Apartamento,4307
1,4,3,Rua Visconde de Porto Seguro,Jardim dos Estados,Casa em condomínio,11420
73,2,0,Rua Leôncio de Carvalho,Paraíso,Apartamento,4098
153,4,2,Rua das Caneleiras,Jardim,Apartamento,7069
30,1,0,Avenida Mendonça Drumond,Jardim Maringá,Casa,843
62,2,1,Rua Almaden,Vila Andrade,Apartamento,4354
15,1,0,Rua Amorim Castro,Vila São Luís(zona Oeste),Studio e kitnet,1196
34,1,0,Rua Cônego Vicente Miguel Marino,Barra Funda,Apartamento,3145
37,1,1,Avenida Padre Antônio José dos Santos,Cidade Monções,Apartamento,4225
52,2,1,Rua Jaboticabal,Vila Bertioga,Apartamento,4291
37,1,1,Rua Bento Freitas,Vila Buarque,Studio e kitnet,3602
78,2,1,Rua das Flechas,Vila Santa Catarina,Apartamento,4697
130,3,3,Rua Manoel José,Bosque da Saúde,Casa,5063
22,1,0,Rua Correia Dias,Paraíso,Apartamento,3916
35,1,0,Travessa Maria Bela Rodrigues,Vila Brasilina,Casa em condomínio,1098
44,2,0,Avenida Amador Aguiar,Jaraguá,Apartamento,1642
106,2,2,Rua Abílio Soares,Paraíso,Apartamento,16460
26,1,0,Rua João Gomes Batista,Jardim Cidalia,Studio e kitnet,1470
69,3,1,Rua Visconde da Luz,Vila Nova Conceição,Apartamento,6811
65,2,1,Rua Mourato Coelho,Pinheiros,Apartamento,4336
48,1,0,Rua Frei Caneca,Consolação,Apartamento,3032
300,4,2,Rua Aguaraiba,Vila Anhanguera,Casa,7919
320,4,2,Rua Felício Tarabai,Barro Branco (zona Norte),Casa,8131
120,2,0,Rua Cubatão,Vila Mariana,Apartamento,4162
193,4,2,Rua Maria José Rangel,Vila Sao Paulo,Casa,4010
59,2,0,Alameda Glete,Campos Elíseos,Apartamento,1974
190,3,3,Travessa Tacomaré,Parque da Mooca,Apartamento,13300
32,1,0,Rua Marie Nader Calfat 270,Jardim Ampliação,Studio e kitnet,2962
119,3,1,Rua Chico Pontes,Vila Guilherme,Casa,2776
80,3,2,Rua Vicenzo Paciullo,Jardim Las Vegas,Apartamento,2761
92,4,2,Rua Sócrates,Vila Sofia,Apartamento,4404
42,2,0,Rua Cantori,Vila Andrade,Apartamento,2269
125,3,1,Rua Bela Cintra,Consolação,Apartamento,12450
67,2,2,Avenida Ômega,Empresarial 18 do Forte,Apartamento,5870
100,1,2,Rua Minas Gerais,Higienópolis,Apartamento,13470
68,3,1,Rua Bueno de Andrade,Aclimação,Apartamento,3066
74,3,2,Rua Wandenkolk,Mooca,Apartamento,5096
50,1,0,Rua Conde de Itu,Jardim Santo Amaro,Apartamento,3802
200,3,3,Avenida Engenheiro Alberto de Zagottis,Jurubatuba,Apartamento,12880
50,1,1,Avenida Doutor Alberto Benedetti,Vila Santa Teresa,Apartamento,1990
67,1,1,Rua Fradique Coutinho,Pinheiros,Apartamento,7402
55,2,1,Rua Iquiririm,Vila Indiana,Apartamento,3098
48,1,1,Rua Jaguaribe,Consolação,Apartamento,3541
74,2,1,Rua Antônio Flaquer,Barro Branco (zona Norte),Apartamento,2729
145,3,2,Rua Doutor Luiz Migliano,Jardim Caboré,Apartamento,7018
120,2,1,Avenida Deputado Emílio Carlos,Limão,Casa,3286
50,1,1,Rua José Muniz dos Santos,Cidade Monções,Apartamento,3907
250,3,3,Rua Azevedo Soares,Vila Gomes Cardim,Apartamento,9369
300,4,3,Rua Doutor Tomás Carvalhal,Paraíso,Apartamento,22110
63,2,1,Rua Professor Arnaldo João Semeraro,Jardim Santa Emília,Apartamento,2322
41,1,1,Rua Marechal Deodoro,Santo Amaro,Studio e kitnet,4760
150,3,2,Rua Sônia Ribeiro,Brooklin Paulista,Casa,5450
58,2,0,Alameda Lorena,Jardim Paulista,Apartamento,4798
40,2,1,Rua Padre Isidoro,Vila Nova York,Apartamento,1622
106,2,1,Rua Padre José de Anchieta,Jardim Novo Santo Amaro,Apartamento,5694
28,1,0,Rua Ministro Godói,Perdizes,Apartamento,2948
55,2,1,Rua Genésio Arruda,Chácara Inglesa,Apartamento,1771
105,3,1,Rua Henri Dunant,Santo Amaro,Apartamento,6039
44,2,1,Avenida Celso Garcia,Belenzinho,Apartamento,2321
150,3,3,Avenida Rubens Montanaro de Borba,Jardim Regis,Casa,3794
50,2,1,Rua Doutor Carlos Aldrovandi,Jardim Parque Morumbi,Apartamento,2776
114,4,2,Rua Edmundo Luís de Nóbrega Teixeira,Campo Grande,Casa,3998
42,1,0,Rua Doutor Seng,Bela Vista,Apartamento,2186
57,2,1,Rua das Margaridas,Jardim das Acácias,Apartamento,4899
24,1,0,Rua Ulisses Cruz,Tatuapé,Studio e kitnet,1730
35,2,0,Rua Padre Isidoro,Vila Nova York,Apartamento,1500
22,1,0,Rua Álvaro de Carvalho,Centro,Studio e kitnet,2286
77,3,1,Rua Professor Djalma Bento,Jardim Luanda,Apartamento,3488
30,1,0,Rua Antônio de Godói,Centro,Studio e kitnet,1394
73,2,1,Rua Doutor Bacelar,Vila Clementino,Apartamento,7282
36,2,1,Rua Capitão Ferraiuolo,Vila Invernada,Apartamento,2134
94,3,2,Avenida Interlagos,Jardim Umuarama,Casa em condomínio,5195
50,2,1,Avenida Arraias do Araguaia,Jardim Imperador (zona Leste),Apartamento,1559
70,1,2,Alameda Jaú,Jardim Paulista,Apartamento,5901
60,2,1,Rua Armando Pinelli,Taboão,Apartamento,1692
220,3,2,Rua Haddock Lobo,Cerqueira César,Apartamento,16900
30,1,0,Rua Vichy,Vila Baruel,Casa,1202
125,4,2,Rua Dona Cesária Fagundes,Saúde,Casa,3465
79,2,0,Avenida Washington Luís,Santo Amaro,Apartamento,1922
303,3,4,Rua Volta Redonda,Campo Belo,Apartamento,19950
39,2,0,Avenida Nordestina,Jardim Santo Antonio,Apartamento,1599
300,4,3,Rua Raulino Galdino da Silva,Freguesia do Ó,Casa,6695
80,3,1,Avenida Divino Salvador,Planalto Paulista,Apartamento,10300
64,2,0,Rua Cipriano Barata,Ipiranga,Apartamento,2783
34,1,1,Rua Salvador Rosa,Jardim Previdência,Apartamento,1503
110,4,2,Rua Professor Djalma Bento,Jardim Luanda,Casa,3632
22,1,0,Avenida Prestes Maia,Centro,Studio e kitnet,1247
109,3,1,Alameda Jaú,Jardim Paulista,Apartamento,13550
35,1,0,Avenida Benigno Carrera,Vila Campestre,Casa,961
42,2,1,Rua João Veloso de Oliveira,Parque São Domingos,Apartamento,1889
99,3,2,Rua Pantojo,Vila Regente Feijó,Apartamento,5371
415,4,6,Rua Professor Henrique Neves Lefévre,Jardim Petropolis,Casa,12550
50,1,0,Rua César Guimarães,Aclimação,Apartamento,1963
52,2,1,Rua General Florêncio,São Pedro,Apartamento,1920
35,1,0,Rua Dom José de Barros,República,Studio e kitnet,1630
78,2,1,Avenida Moaci,Planalto Paulista,Apartamento,5610
141,3,2,Rua Baronesa de Bela Vista,Vila Congonhas,Apartamento,7879
65,2,1,Rua Paracuê,Sumaré,Apartamento,4929
69,2,2,Rua Luís Louza,Olímpico,Apartamento,3417
142,2,2,Rua Francisco Aíres,Macedo,Casa,4182
37,1,0,Rua Olímpio Martins,Jardim Palmira,Casa,729
35,1,0,Rua Leôncio da Costa Vieira,Jardim Piqueroby,Studio e kitnet,3038
34,1,0,Rua Mariquinha Viana,Mandaqui,Apartamento,1378
41,2,1,Rua Carlos Leite dos Santos,Parque Arariba,Apartamento,2198
50,1,0,Avenida Estado,Cambuci,Apartamento,1781
34,1,0,Rua Michael Faraday,Cidade Monções,Studio e kitnet,1552
40,1,0,Rua Genebra,Bela Vista,Studio e kitnet,1976
58,2,1,Rua Nossa Senhora da Saúde,Jardim Previdência,Apartamento,2581
40,2,0,Avenida dos Ourives,Jardim São Savério,Apartamento,1870
55,2,1,Rua Paulo Andrighetti,Alto do Pari,Apartamento,3250
40,2,0,Rua Turiassu,Perdizes,Apartamento,4665
34,1,0,Rua Doutor Almeida Lima,Mooca,Studio e kitnet,2493
49,1,1,Avenida Padre Pereira de Andrade,Alto de Pinheiros,Apartamento,5036
27,1,0,Rua Correia Dias,Paraíso,Studio e kitnet,4339
