address,district,area,bedrooms,garage,type,rent,total
Rua José Doll de Moraes,Santana,78,1,2,Apartamento,4250,5443
Rua Cajuru,Belenzinho,155,4,3,Apartamento,9800,11280
Rua Afonso de Freitas,Paraíso,66,2,1,Apartamento,10000,10390
Rua Vigário Albernaz,Vila Gumercindo,55,2,1,Apartamento,2700,3604
Rua da Meação,Vila Regente Feijó,127,3,3,Apartamento,6000,8034
Rua Abílio Soares,Paraíso,155,2,1,Apartamento,15000,17900
Rua Abel Grimmer,Piqueri,250,2,2,Casa,3800,3957
Rua Maratona,Santo Amaro,64,2,1,Apartamento,3000,4038
Rua Henning Boilesen,Vila Lageado,250,3,4,Casa,3950,4285
Rua Luiz Seráphico Júnior,Jardim Caravelas,110,1,2,Apartamento,9000,10550
Rua Jovita,Santana,100,2,1,Casa em condomínio,3010,3231
Rua Afonso Bandeira de Melo,Campo Belo,60,2,1,Apartamento,2620,3967
Rua Santo Egídio,Santa Teresinha,60,2,1,Apartamento,1450,2304
Rua Camargo,Paulicéia,54,2,1,Apartamento,1950,2025
Rua Armindo Guaraná,Vila Regente Feijó,211,3,3,Apartamento,5500,9495
Rua São Paulo,Liberdade,45,1,0,Studio e kitnet,1120,1414
Rua Antônio Cardoso Franco,Casa Branca,59,2,1,Apartamento,2100,2559
Rua Antônia Maria de Barros,Vila Albertina,37,1,0,Apartamento,1700,2169
Rua João de Laet,Vila Aurora (zona Norte),60,2,2,Apartamento,1800,2420
Rua Doutor Tomás Carvalhal,Paraíso,90,1,1,Apartamento,5800,7462
Rua das Cerejeiras,Canhema,40,2,0,Casa,922,1031
Rua Murmúrios da Tarde,Conjunto Residencial José Bonifácio,44,2,1,Apartamento,1100,1327
Rua Doutor Luiz Migliano,Jardim Caboré,87,2,2,Apartamento,4800,6215
Rua do Símbolo,Jardim Ampliacao,80,2,2,Apartamento,9000,10210
Rua Mendes Gonçalves,Brás,98,2,0,Apartamento,1615,2636
Rua dos Buritis,Jabaquara,43,1,1,Apartamento,2000,2721
Rua Sales Júnior,Lapa,225,4,3,Apartamento,10000,14950
Rua Virgínia,Vila Carrao,38,2,0,Apartamento,1350,1618
Rua Barbacena,Jardim Ana Rosa,120,2,1,Casa,2200,2318
Viaduto Nove de Julho,Centro,25,1,1,Studio e kitnet,2580,3461
Rua Conselheiro Lafaiette,Mooca,41,2,0,Apartamento,2200,2532
Rua São Domingos,Bela Vista,74,2,1,Apartamento,2900,3512
Rua Doutor Nicolau Alberto Defina,Jardim da Saúde,68,2,1,Apartamento,1294,2066
Avenida Piraíba,Centro Comercial Jubran,90,2,2,Apartamento,7000,8307
Rua Doutor Almeida Lima,Mooca,28,1,0,Studio e kitnet,2200,2284
Rua Visconde de Parnaíba,Brás,45,1,1,Apartamento,2000,2437
Rua Domingos Maza,Vila Boacava,28,1,0,Casa em condomínio,950,990
Rua Jaboticabal,Vila Bertioga,50,2,1,Apartamento,4000,5009
Rua Domingos da Fonseca,Parque da Mooca,70,2,1,Apartamento,1300,2239
Rua Professor Lúcio Martins Rodrigues,Jardim Leonor,350,4,3,Casa,9000,10280
Alameda Dinamarca,Alphaville Residencial Um,560,3,4,Casa em condomínio,13000,14800
Avenida Túlio Teodoro de Campos,Vila Paulista,57,3,1,Apartamento,2255,2724
Rua Diogo Pereira,Super Quadra Morumbi,61,2,2,Apartamento,1647,2634
Rua Caramuru,Vila da Saúde,33,2,0,Apartamento,3000,3683
Rua Glicério,Liberdade,28,1,0,Studio e kitnet,1110,1173
Rua Gabriele D'annunzio,Campo Belo,83,3,1,Apartamento,3000,4773
Rua Tito,Vila Romana,150,2,1,Casa,4950,5360
Rua Antônio Vera Cruz,Casa Verde Alta,372,3,5,Casa,11250,12100
Rua Ministro Gastão Mesquita,Perdizes,64,1,0,Apartamento,4000,4401
Rua Padre Bento Ibáñez,Jardim Prudência,50,2,1,Apartamento,1670,2501
Rua José Wasth Rodrigues,Vila Maria Baixa,100,3,2,Apartamento,4200,4429
Rua Martim Burchard,Brás,45,1,0,Apartamento,3000,3556
Avenida Escragnolle Dória,Jardim Vila Formosa,25,1,0,Casa,900,938
Rua Alvorada,Vila Olímpia,56,2,2,Apartamento,2605,4251
Rua Pires da Mota,Liberdade,58,1,0,Apartamento,2000,2327
Rua Giovani Recordati,Parque São Domingos,146,3,4,Casa em condomínio,5200,7033
Avenida Imperatriz Leopoldina,Vila Leopoldina,27,1,0,Studio e kitnet,1158,1476
Rua Desembargador Aragão,Vila Mariana,40,1,1,Apartamento,4200,4734
Rua Bernardo de Quadros,Vila Morse,123,3,2,Casa,4875,5142
Rua Doutor João Clímaco Pereira,Itaim Bibi,38,1,1,Studio e kitnet,3750,5048
Praça Júlio Prestes,Campos Elíseos,50,2,0,Apartamento,1750,2384
Rua José Teles de Matos,Jardim Oriental,184,3,2,Casa,4200,4687
Avenida Macuco,Moema,60,2,1,Apartamento,3900,5903
Rua Antônio Camardo,Vila Gomes Cardim,110,3,0,Apartamento,3300,3477
Rua Doutor Fontes de Resende,Vila Dalila,43,2,0,Apartamento,1700,1916
Rua Domingos Paiva,Brás,62,2,1,Apartamento,4500,5584
Travessa Severo Garcia,Mandaqui,70,2,1,Casa,1800,1876
Rua Azevedo Júnior,Bras,60,2,1,Apartamento,1950,2611
Rua Olímpia Lemes da Silva,Jardim das Vertentes,60,1,0,Casa,1200,1293
Alameda Franca,Jardim Paulista,179,3,1,Apartamento,14470,17550
Rua da Consolação,Consolação,27,1,1,Apartamento,2020,2711
Rua Viêira de Carvalho,Nova Gerti,24,1,0,Casa,1150,1199
"Rua Sete Barras, 268",Nossa Senhora do Ó,65,3,1,Apartamento,2250,2854
Rua Antônio Borba,Vila Madalena,88,2,2,Apartamento,3800,5693
Rua Oscar Freire,Cerqueira César,100,2,1,Apartamento,7000,8644
Rua Gomes de Carvalho,Vila Olímpia,56,1,1,Apartamento,5630,7347
Rua do Lucas,Brás,50,2,0,Apartamento,1600,1742
Rua Abaíbas,Vila Palmeiras,30,1,0,Casa,770,889
Rua Henrique Xavier,Vila Carrão,167,3,2,Casa,4300,4547
Rua José Antônio Fontes,Vila Tolstoi,40,1,0,Apartamento,950,1057
Rua Hungria,Vila Nova Santa Luzia,82,3,1,Apartamento,3500,3809
Rua Conselheiro Lafaiette,Mooca,35,1,0,Apartamento,2330,2874
Alameda Eduardo Prado,Campos Elíseos,29,1,1,Apartamento,1460,1995
Rua Sampaio Viana,Vila Mariana,100,3,2,Apartamento,11500,15390
Rua Oscar Freire,Pinheiros,70,2,1,Apartamento,7600,8980
Avenida Cônego José Salomon,Vila Portugal,49,2,0,Apartamento,1150,1494
Alameda Jaú,Jardim Paulista,257,4,3,Apartamento,13800,18730
Rua Palermo,São Judas,150,3,2,Casa,3700,3991
Rua Bernardino Vergueiro,Jardim Jaú (zona Leste),40,2,0,Apartamento,1105,1347
Rua Doutor Piragibe,Parque Penha,120,3,2,Casa,2530,2622
Rua José Antônio da Silva,Jardim Elvira,127,2,1,Casa,1200,1251
Rua Barão Triunfo,Brooklin Paulista,170,3,2,Apartamento,4500,8023
Rua Horácio Alves da Costa,Jardim Nosso Lar,66,2,2,Apartamento,2500,3537
Rua Francisca Miquelina,Bela Vista,25,1,0,Studio e kitnet,1644,2147
Rua São Borja,Cidade Vargas,170,4,4,Casa,5500,5800
Rua Copacabana,Chora Menino,50,2,1,Apartamento,1500,2209
Rua José Debieux,Santana,67,2,2,Apartamento,4000,5304
Rua Backer,Cambuci,84,2,0,Casa,2700,2833
Rua Doutor Zuquim,Santana,80,3,0,Apartamento,2000,2452
Rua Maria Carolina,Jardim Paulistano,22,1,0,Studio e kitnet,4500,4888
Rua Francisca Miquelina,Bela Vista,57,1,0,Apartamento,2250,2709
Rua da Consolação,Consolação,62,2,1,Apartamento,2252,2927
Rua Marquês de Sabará,Real Parque,170,4,3,Apartamento,5000,8779
Rua Adriano Theodósio Serra,Vila Gomes,60,1,1,Casa,1538,1760
Rua Marambaia,Casa Verde,29,1,0,Studio e kitnet,1500,2048
Rua Professor Luis Eulálio de Bueno Vidigal,Centro,32,1,1,Apartamento,2400,2775
Rua Professor José Horácio Meirelles Teixeira,Vila Suzana,169,4,1,Apartamento,5610,8544
Avenida Leôncio de Magalhães,Jardim São Paulo,74,2,1,Apartamento,2680,3509
Rua Domingos Crudo,Vila Conceição,80,2,2,Casa,6000,6387
Rua Santo Antônio,Bela Vista,50,1,1,Studio e kitnet,3000,4088
Rua Embiruçú,Vila Beatriz,200,3,3,Casa,2700,2873
Rua Barão de Tatuí,Vila Buarque,21,1,0,Studio e kitnet,1000,1428
Rua Janguruçu,Parque da Mooca,37,1,1,Studio e kitnet,2040,2318
Rua Jaceguai,Bela Vista,39,1,0,Apartamento,2300,2389
Avenida José Estevão de Magalhães,Vila Campestre,52,2,1,Apartamento,2310,2979
Rua São Procópio,Vila Califórnia,25,1,0,Casa,680,730
Rua Luísa Bocchiglieri Ximenes,Jardim Santa Cruz (campo Grande),270,4,2,Casa,8270,8871
"R. das Nhandirobas - Jardim Oriental, São Paulo - Sp, Brasil",Jardim Oriental,18,1,0,Apartamento,1800,1823
Rua Plínio Colás,Lauzane Paulista,90,3,3,Apartamento,2800,4360
Rua Abrahão Mussa,Jardim Patente Novo,70,1,1,Apartamento,1240,1790
Rua Gurupi,Nova Gerti,90,3,2,Casa,2500,2706
"R. João Simões de Souza - Parque Reboucas, São Paulo - Sp, 05734-140, Brasil",Parque Reboucas,104,2,2,Apartamento,7500,8653
Rua Torres da Barra,Água Branca,58,2,1,Apartamento,3450,4170
Rua Verona,Vila Dom Pedro Ii,290,3,6,Casa,4000,4624
Rua Professor Miguel Maurício da Rocha,Brooklin Paulista,180,3,3,Casa,7361,7873
Rua Taubaté,Utinga,80,2,0,Casa,1370,1464
Rua Coronel Gustavo Santiago,Vila Zilda,30,1,0,Apartamento,2000,2277
Rua Daniel José Pereira,Rio Pequeno,120,3,2,Casa,3600,3822
Rua Mituto Mizumoto,Liberdade,54,2,1,Apartamento,2200,3011
Rua Oratório,Jardim Sônia Maria,100,3,1,Casa,2000,2152
Rua Capitão-mor Passos,Catumbi,54,1,0,Apartamento,1250,1565
Rua Abelardo Pinto,Centro Histórico de São Paulo,117,2,0,Apartamento,1500,2294
Rua Darwin,Jardim Santo Amaro,66,3,2,Apartamento,2920,4104
Rua João Pimenta,Santo Amaro,54,2,1,Apartamento,3600,4569
Rua dos Estudantes,Liberdade,22,1,0,Studio e kitnet,1500,1825
Rua Josef Kryss,Parque Industrial Tomas Edson,45,2,0,Apartamento,2130,2642
Alameda Joaquim Eugênio de Lima,Jardim Paulista,170,3,1,Apartamento,6112,8948
Rua Professor Alves Pedroso,Cangaiba,48,2,1,Apartamento,1000,1592
Avenida Cupecê,Jardim Prudência,33,2,0,Apartamento,1600,2027
Rua Atos Damasceno,Vila Santa Catarina,70,2,1,Apartamento,2550,2649
Rua Doutor Domingos de Sylos,Brooklin Paulista,220,4,2,Casa,6500,6776
R. dos Democratas,Vila Monte Alegre,97,3,2,Apartamento,5040,6649
Avenida Pedro Bueno,Jabaquara,300,3,2,Casa,4000,4818
Rua Juquis,Indianópolis,170,4,2,Apartamento,13200,16070
Rua Tristão de Campos,Jardim Trussardi,290,3,2,Casa,4500,4932
Rua Treze de Maio,Bela Vista,54,2,1,Apartamento,3600,4129
Rua Ancara,Utinga,51,2,1,Apartamento,2100,2618
Rua Nova Barão,República,44,0,0,Studio e kitnet,1550,2160
Rua Costa Barros,Sítio Pinheirinho,50,2,1,Apartamento,1300,1800
Largo do Arouche,República,29,1,0,Studio e kitnet,2200,2784
Rua Akron,Jardim Aricanduva,60,1,0,Casa,1350,1407
Rua Doutor Miranda de Azevedo,Vila Anglo Brasileira,44,1,1,Apartamento,4000,5154
Rua Apiacás,Perdizes,36,1,0,Studio e kitnet,3100,3975
Rua Borges,Parada Inglesa,57,2,0,Apartamento,2200,2919
Rua Barão do Triunfo,Brooklin Paulista,102,2,0,Apartamento,3370,4611
Rua Marie Nader Calfat,Jardim Ampliação,47,1,1,Apartamento,2700,3414
Rua Vicente Félix,Cerqueira César,160,3,2,Apartamento,10800,14720
R. Tabatinguera,Centro,23,1,0,Studio e kitnet,2000,2493
Rua São Marcos,Veloso,50,2,0,Casa,1100,1147
Rua Caramuru,Vila da Saúde,24,1,0,Studio e kitnet,2500,2932
Rua Antônio José Vaz,Vila Caraguatá,68,3,1,Apartamento,2150,2683
Rua Oscar Horta,Mooca,110,2,1,Casa,2800,2847
Viaduto Nove de Julho,Centro,20,1,0,Studio e kitnet,1800,2365
Rua Magarinos Torres,Vila Maria,80,2,1,Casa,2200,2593
Rua Farid Miguel Haddad,Vila Santa Teresa (zona Sul),48,2,1,Apartamento,1460,1811
Rua Nossa Senhora da Saúde,Jardim Previdência,22,1,0,Casa,1190,1263
Rua Anhaia,Campos Elíseos,30,1,0,Studio e kitnet,3300,3777
Rua Ibiporã,Vila Divina Pastora,30,1,0,Apartamento,1085,1277
Rua Doutor Miranda de Azevedo,Pompeia,28,1,0,Casa,1250,1303
Rua Tagipuru,Barra Funda,84,2,1,Apartamento,2400,4031
Rua Carlos Pinto Alves,Jardim Aeroporto,159,4,2,Casa,3980,4449
Rua Raimundo Simão de Souza,Vila Suzana,190,3,3,Apartamento,3500,5813
Rua Dom Bernardo Nogueira,Vila Gumercindo,56,2,1,Apartamento,2500,3379
Rua Ascencional,Jardim Ampliação,38,1,1,Apartamento,3000,3545
Rua Fúlvio Morganti,Jardim Paraíso,170,2,2,Casa,3900,4245
Praça Santa Therezinha,Vila Azevedo,68,3,1,Apartamento,2850,3901
Rua Eça de Queiróz,Vila Mariana,76,3,1,Apartamento,3500,5673
Rua Freire de Andrade,Vila Regente Feijó,88,3,2,Apartamento,2500,3999
Rua Conde de Sarzedas,Liberdade,45,1,0,Apartamento,1050,1633
Alameda Santos,Jardim Paulista,62,2,1,Apartamento,5770,7010
Rua Coronel Mursa,Brás,17,1,0,Studio e kitnet,1539,1859
Alameda Conde de Porto Alegre,Santa Maria,63,2,1,Apartamento,2300,3116
Avenida Deputado Emílio Carlos,Limão,152,2,0,Casa,2650,2785
Avenida Doutor Francisco Mesquita,Vila Prudente,36,1,1,Apartamento,2000,2407
Rua Engenheiro Américo da Graça Martins,Jardim Monte Azul,24,1,0,Apartamento,1450,1656
Rua Nair Ferraz de Mesquita,Jardim Monte Kemel,90,2,1,Casa,2560,2659
Rua Clímaco Barbosa,Cambuci,36,1,0,Apartamento,1550,1960
Avenida Sapopemba,Jardim Planalto,35,1,0,Apartamento,1050,1261
Rua das Palmeiras,Vila Buarque,11,1,0,Studio e kitnet,1560,1904
Avenida Sapopemba,Jardim Planalto,32,2,0,Apartamento,1800,2169
Rua Álvaro de Carvalho,Centro,40,1,1,Apartamento,1350,2350
Rua Aída Gomes Tolêdo,Imirim,48,2,1,Apartamento,1689,2165
Rua Dom Francisco de Sousa,Centro,52,1,0,Apartamento,1300,1620
Rua Coronel Mursa,Brás,19,1,0,Apartamento,2450,2865
Rua São José de Arimatéia,Jardim Vila Formosa,99,2,3,Casa,2500,2606
Rua Castro Alves,Aclimação,50,1,0,Apartamento,1800,2236
Rua Rafael de Oliveira,Água Fria,150,2,0,Casa,2300,2523
Alameda dos Anapurus,Indianópolis,30,1,0,Apartamento,1500,2061
Rua Montes Claros,Vila Brasilandia,320,4,2,Casa,8000,9136
Alameda Campinas,Jardim Paulista,170,4,2,Apartamento,9300,12690
Alameda Itu,Jardim Paulista,90,3,1,Apartamento,3500,5079
Rua Helena Zerrener,Liberdade,38,1,0,Apartamento,850,1173
Rua Marie Nader Calfat,Jardim Ampliação,33,1,1,Studio e kitnet,2650,3152
Rua Major Rubéns Florentino Vaz,Vila Pirajussara,12,1,0,Studio e kitnet,1750,1818
Avenida Antártica,Água Branca,50,2,0,Apartamento,1700,2411
Rua Gustavo da Silveira,Vila Santa Catarina,160,4,1,Casa,3000,3137
Rua Dulce Sena Guimaraes da Silva,Vila Renata,25,1,0,Studio e kitnet,600,842
Rua Major Freire,Vila Monte Alegre,63,2,1,Apartamento,1734,2807
Rua Doutor José Higino,Vila Oratório,120,3,1,Apartamento,2500,3606
Rua São Benedito,Jardim Novo Santo Amaro,74,1,1,Apartamento,6000,7432
Avenida Ipiranga,República,35,1,0,Apartamento,1550,2030
Rua Glicério,Liberdade,22,1,0,Studio e kitnet,900,1000
Rua Monsenhor Joaquim de Campos,Parque Sevilha,37,2,0,Apartamento,1400,1720
Rua Anhembi,Jardim Caravelas,69,2,1,Apartamento,4135,5000
Rua Doutor James Ferraz Alvim,Vila Suzana,300,4,3,Apartamento,6500,10600
Rua Critios,Vila Suzana,107,3,2,Apartamento,2200,4152
Rua Flora,Brás,36,2,0,Apartamento,1800,2230
Avenida do Guacá,Lauzane Paulista,50,1,0,Apartamento,1400,1913
Rua Bahia,Higienópolis,300,3,3,Casa,7500,8797
Rua Jandaia,Bela Vista,360,4,2,Casa,8000,9190
Rua Paulistânia,Sumarezinho,31,1,0,Studio e kitnet,2620,3191
Rua General Chagas Santos,Vila da Saúde,63,2,1,Apartamento,4380,5383
25 de Março,Centro Histórico de São Paulo,53,1,0,Apartamento,1000,1687
Rua Orissanga,Mirandópolis,35,1,1,Apartamento,1950,2657
Rua Juan Vicente,Bandeiras,55,2,0,Apartamento,1400,1857
Rua das Pitombeiras,Vila Parque Jabaquara,80,3,0,Apartamento,2300,2923
Rua Rocha Fraga,Cangaiba,40,1,1,Casa,1100,1147
Alameda São Caetano,Santa Maria,200,3,0,Casa,3072,3798
Rua Turiassú,Perdizes,84,2,2,Apartamento,8075,9655
Rua Sílvio de Sousa,Vila Santa Clara,45,2,0,Casa em condomínio,1650,1907
Rua Capiri,Vila Nova Mazzei,150,3,2,Casa,2600,2738
Rua Doutor Nogueira de Noronha,Parque São Lucas,180,3,1,Casa,2400,2502
Rua Doutor Gabriel da Veiga,Vila Baruel,25,1,0,Apartamento,1100,1237
Rua Brigadeiro Galvão,Barra Funda,47,2,2,Apartamento,2800,3452
Rua Voluntários da Pátria,Santana,30,1,1,Studio e kitnet,1600,2516
Rua Três de Maio,Vila Clementino,130,2,0,Casa,3600,4166
R. Coronel Bento Bicudo 1167,Piqueri,59,2,1,Apartamento,1700,2400
Rua Casa do Ator,Vila Olímpia,93,2,2,Apartamento,15000,18090
Rua Itanhomi,Vila Formosa,42,2,0,Apartamento,1300,1584
Rua da Consolação,Cerqueira César,95,1,1,Apartamento,13300,15170
Avenida Vila Ema,Vila Ema,31,1,0,Apartamento,2200,2634
Avenida Professor Ascendino Reis,Vila Clementino ,27,1,0,Studio e kitnet,2880,3457
Rua Chapada de Minas,Vila Andrade,49,2,1,Apartamento,2240,2837
Rua Tavares Bastos,Perdizes,82,2,0,Apartamento,2500,3296
Rua Bela Cintra,Consolação,22,1,0,Studio e kitnet,3300,3942
Rua Céu Tropical,Jabaquara,200,3,2,Casa,4800,4880
Rua Barão de Santo Ângelo,Jardim do Tiro,30,1,0,Casa em condomínio,1200,1358
Rua Major Sertório,Vila Buarque,42,1,1,Studio e kitnet,1750,2424
Rua João Moura,Pinheiros,75,2,2,Apartamento,12000,13700
Rua Leôncio da Costa Viêira,Jardim Piqueroby,42,2,0,Apartamento,1500,1688
Avenida Duquesa Goiás,Real Parque,26,1,0,Studio e kitnet,1345,1752
Rua Silvestre Vasconcelos Calmon,Vila Pedro Moreira,69,2,1,Apartamento,2600,3296
Rua Salvador de Lima,Tatuapé,22,1,0,Studio e kitnet,1140,1454
Alameda Jauaperi,Indianópolis,21,1,0,Studio e kitnet,3700,4467
Rua Antônio da Cunha Coelho,Moinho Velho,196,2,2,Casa,3000,3341
Rua Laranjal do Jari,Vila Pirituba,49,2,1,Apartamento,1650,2350
Rua Josephina Martinelli da Silva,Vila Santa Catarina,160,3,1,Casa,6500,6842
Avenida Lauro Xerfan,Jardim Iva,45,2,0,Apartamento,2000,2327
Rua Artur Prado,Bela Vista,33,1,0,Apartamento,3000,3701
Rua Carlos Weber,Vila Leopoldina,75,3,1,Apartamento,3400,5065
Praça Osvaldo Navarro,Vila Moinho Velho,15,1,0,Casa,650,724
Rua Martiniano de Carvalho,Bela Vista,56,2,1,Apartamento,3120,3834
Rua Fortunato Pulherini,Mutinga,22,1,0,Casa,871,911
Rua Rego Barros,Jardim Vila Formosa,61,3,1,Apartamento,2800,3357
Rua João Miguel Jarra,Vila Madalena,60,2,1,Apartamento,2500,2996
Rua Scuvero,Cambuci,75,2,0,Casa,2266,2422
Rua Pierre Martin,Vila Vermelha,42,1,0,Casa,1150,1199
Rua Nicola Nicodemo,Sítio do Mandaqui,45,1,0,Casa,890,928
Rua Tília,Jardim das Flores,25,1,0,Studio e kitnet,1160,1229
Rua Pascal,Campo Belo,66,1,1,Apartamento,4000,5221
Praça Júlio Mesquita,Santa Efigênia,52,2,0,Apartamento,1750,2245
Rua Jequitirana,Cidade Antônio Estevão de Carvalho,150,3,2,Casa,2800,2919
Avenida José André de Moraes,Jardim Monte Alegre,42,2,0,Apartamento,2400,2923
Avenida Sete de Setembro,Vila Galvão,65,2,0,Apartamento,1400,1519
Rua Pensilvânia,Cidade Monções,55,2,2,Apartamento,3100,4872
Rua Conde de Sarzedas,Sé,39,2,0,Apartamento,2100,2511
Rua Brigadeiro Tobias,Centro,52,1,0,Apartamento,918,1531
Rua Arruda Alvim,Pinheiros,50,1,1,Apartamento,2365,3200
Avenida Ipiranga,Santa Ifigênia,46,1,0,Apartamento,1700,2216
Avenida Jabaquara,Mirandópolis,48,1,0,Apartamento,1800,2454
Rua Doutor Eduardo de Souza Aranha,Vila Olímpia,76,2,1,Apartamento,3300,4589
Rua Loefgreen,Vila Clementino,140,2,4,Casa,4000,4504
Rua Afonso Pena,Bom Retiro,42,2,0,Apartamento,1800,2228
Rua Frei Caneca,Consolação,29,1,0,Studio e kitnet,3000,3516
Rua Padre Adelino,Quarta Parada,65,2,1,Apartamento,3500,4125
Praça General Araripe de Faria,Vila Gomes,60,2,1,Apartamento,4523,6000
Rua Vitoantônio Del Vecchio,Parque da Mooca,65,2,1,Apartamento,2230,3236
Rua Ângelo Aloísio,Guapira,70,2,1,Apartamento,2000,2601
Alameda Itu,Cerqueira César,104,3,2,Apartamento,11360,13630
Rua Arminda,Vila Olímpia,65,2,1,Apartamento,3760,5094
Rua Salto,Paraíso,30,1,0,Studio e kitnet,3600,5247
Avenida Rangel Pestana,Brás,50,2,1,Apartamento,2200,2734
Avenida Giovanni Gronchi,Vila Andrade,98,2,2,Apartamento,3000,4266
Rua Bom Pastor,Ipiranga,39,1,2,Apartamento,3200,4226
Rua Tenente Inácio da Silveira,Mooca,85,2,1,Casa,3200,3685
Avenida Doutor Guilherme Dumont Vilares,Jardim Londrina,180,3,3,Apartamento,3690,6130
Rua São Januário,Parada Inglesa,50,1,0,Casa,1300,1404
Rua Alexandre Farnésio,Parque Maria Luiza,100,3,1,Casa,1940,2023
Rua Bueno Brandão,Moema,25,1,0,Studio e kitnet,3850,4967
Rua Marie Nader Calfat,Jardim Ampliação,38,1,1,Studio e kitnet,2400,3014
Rua Demétrio Ribeiro,Cidade Mãe do Céu,160,1,1,Casa,2000,2219
Rua Doutor João Vieira Neves,Butantã,60,2,2,Apartamento,2300,3089
Avenida Monteiro Lobato,Macedo,36,1,1,Studio e kitnet,1878,2590
Rua Capital Federal,Sumaré,64,2,1,Apartamento,3045,4687
Rua Sansão Alves dos Santos,Cidade Monções,75,1,2,Apartamento,7650,9520
Rua Jurupari,Jardim Oriental,35,1,0,Casa,980,1097
Avenida Victor Civita,Tamboré,200,3,4,Casa em condomínio,15000,16770
Rua Azevedo Macedo,Vila Mariana,28,1,0,Apartamento,3450,4133
Rua Doutor Ângelo Vita,Tatuapé,32,1,0,Studio e kitnet,1990,2581
Rua Dom Pedro Henrique de Orleans E Bragança,Vila Jaguara,74,2,0,Casa,1300,1517
Rua Brigadeiro Tobias,Centro Histórico de São Paulo,40,1,0,Apartamento,1190,1732
Rua Conde Juliano,Vila Humaitá,69,2,2,Apartamento,2650,3317
Rua Peixoto Gomide,Jardim Paulista,30,1,0,Studio e kitnet,1850,2429
Alameda Franca,Cerqueira César,76,3,1,Apartamento,4300,5594
Avenida Sargento Geraldo Sant'ana,Jardim Taquaral,61,2,1,Apartamento,1760,2924
Rua Natividade Saldanha,São Lucas,22,1,0,Apartamento,900,1126
Rua Reboujo,Chácara Santo Antônio (zona Leste),35,1,0,Casa,1100,1197
Rua Pacaraima,Cidade Dutra,80,2,2,Casa,2910,3034
Rua Maniutuba,Chácara Santo Antônio (zona Leste),50,2,0,Apartamento,1500,1830
Rua Jesuíno Arruda,Itaim Bibi,152,3,1,Apartamento,8900,10860
Cayowaá,Sumaré,66,2,1,Apartamento,4500,5364
Rua Macajuba,Jardim Iracema,26,1,0,Casa,730,743
Rua Zike Tuma,Jardim Ubirajara,55,1,0,Casa,722,752
Rua Tangará,Vila Mariana,65,1,1,Apartamento,6710,8044
Rua Marechal Barbacena,Vila Regente Feijó,115,3,3,Apartamento,4935,7208
Rua Orindiúva,Vila Maria Alta,68,3,1,Apartamento,2910,3523
Rua Intendência,Brás,50,1,1,Apartamento,2200,2814
"Parque do Morumbi, São Paulo - Sp, 05706-290, Brasil",Parque do Morumbi,140,3,2,Apartamento,3000,4399
Rua Campo Belo do Sul,Parque Vitoria,240,3,2,Casa,4500,4758
Avenida Jamaris,Planalto Paulista,39,1,1,Studio e kitnet,1626,3237
R. Joseph Nigri,Jardim das Perdizes,70,2,1,Apartamento,4100,5318
Rua João Borba,Vila Bertioga,62,2,1,Apartamento,2210,3436
Rua Celso Ramos,Vila Andrade,48,2,1,Apartamento,2100,2557
Rua Joaquim Nabuco,Brooklin,144,3,2,Casa,5100,5735
Rua Critios,Vila Suzana,220,4,3,Apartamento,10000,13690
Rua Gastão Madeira,Vila Maria Alta,48,1,0,Casa,1150,1308
Rua Diogo Pereira,Super Quadra Morumbi,49,2,0,Apartamento,1300,1750
Rua Anambés,Vila Formosa,35,1,0,Casa,1000,1067
Travessa Buenópolis,Mooca,150,3,1,Casa,3900,4242
Rua Professor Rui Bloem,Vila Primavera,70,2,1,Apartamento,3000,3616
Rua Domingos de Morais,Vila Mariana,66,2,1,Apartamento,2910,3416
Rua Santa Isabel,Vila Buarque,36,1,0,Apartamento,1160,1711
Rua Renascença,Vila Congonhas,29,1,1,Studio e kitnet,3215,4276
Rua Guaianases,Campos Elíseos,70,2,0,Apartamento,1500,1889
Rua Dom Bento Pickel,Casa Verde Alta,70,2,1,Casa,1900,2172
Alameda Grajau,Alphaville Industrial,57,1,1,Apartamento,3850,6418
Rua Alora,Jardim Arize,54,2,1,Apartamento,1836,2327
Rua Antônio Pires,Vila Albertina,270,3,5,Casa,3980,4722
Rua João Guilherme de Brito,Veleiros,65,3,0,Casa,2010,2259
Rua Judith Passald Esteves,Vila Sônia,140,3,2,Apartamento,3000,4633
Avenida Engenheiro Armando de Arruda Pereira,Jabaquara,21,1,1,Studio e kitnet,1450,1506
Rua Jorge Alves Ferreira,Jardim Colombo,200,3,2,Casa,4530,5116
Avenida dos Imarés,Indianópolis,64,2,1,Apartamento,10000,11190
Rua Frei Caneca,Consolação,43,1,0,Apartamento,2900,3524
Avenida Doutor José Higino,Vila Oratorio,170,2,2,Casa,2700,3080
Avenida Nhandú,Planalto Paulista,117,3,2,Casa,4500,4834
Rua Américo Vespucci,Vila Prudente,175,2,1,Casa,3000,3461
Rua Filipe Camarão,Tatuapé,40,1,1,Apartamento,2434,3108
Avenida Brigadeiro Luís Antônio,Bela Vista,80,2,0,Apartamento,2240,3144
Rua Conselheiro Lafaiette,Mooca,45,2,0,Apartamento,2400,2993
Rua Francisco Leitão,Pinheiros,55,1,1,Apartamento,4200,5221
Rua Dorezópolis,Jardim Santa Clara,97,2,0,Casa,2300,2458
Rua Solidônio Leite,Vila Ivone,75,3,1,Apartamento,2040,2649
Rua Martim Francisco,Santa Cecília,50,2,1,Apartamento,3200,4455
Rua Bueno Brandão,Vila Nova Conceição,167,2,3,Apartamento,15000,19540
Rua Catumbi,Brás,54,1,0,Apartamento,1400,1854
Rua Engenheiro Silva Braga,Vila Brasilina,50,1,0,Casa,1095,1232
Rua Bueno Brandão,Vila Nova Conceição,18,1,0,Studio e kitnet,3160,4391
Rua João Domingos Bomtempo,Jardim Vazani,170,3,2,Casa,3600,3944
Rua Guaricanga,Lapa,88,1,1,Casa,3500,3648
Rua Julião Ferreira da Silva,Jardim Centenário,27,1,0,Casa,850,887
Rua Teodoro Sampaio,Pinheiros,29,1,1,Apartamento,2413,3117
Avenida Santa Inês,Parque Mandaqui,101,3,2,Apartamento,3500,5295
Rua Feliciano Bicudo,Vila Paulicéia,90,2,0,Casa,2450,2808
Rua Debret,Vila São José,50,1,0,Apartamento,1750,2238
Rua Luiz Prieto Roque,Interlagos,174,3,3,Casa,7000,7306
Rua Cônego Amaral Mello,Casa Verde,350,4,4,Apartamento,12000,17050
Rua Ipanema,Mooca,67,2,1,Apartamento,3340,3969
Rua São Pompeu,Jardim Japão,120,3,2,Casa,4000,4229
Rua Ascencional,Vila Andrade,64,2,2,Apartamento,2235,3146
Rua Diana,Perdizes,126,3,2,Apartamento,4944,6763
Rua Doutor Wladimir dos Santos Mello,Brooklin Paulista,260,4,3,Casa,6000,6816
Rua Afonso Morsch,Vila Constança,75,2,1,Casa em condomínio,4000,4067
Rua Gen. Severiano,Vila Invernada,60,1,3,Casa,1550,1754
Avenida Engenheiro Thomaz Magalhães,Sítio da Figueira,55,2,1,Apartamento,1750,2168
Rua Padre Benedito de Camargo,Penha de França,60,2,0,Casa,1480,1629
Rua Antônio de Couros,Vila Palmeiras,150,3,2,Casa,4100,4374
Alameda Campinas,Jardim Paulista,30,1,1,Apartamento,3000,4206
Rua Cunha Matos,Jardim Ivana,30,1,0,Studio e kitnet,990,1128
Rua Fradique Coutinho,Pinheiros,66,1,1,Apartamento,7100,8592
Rua Domingos Paiva,Brás,50,2,1,Apartamento,3800,4587
Rua das Flechas,Vila Santa Catarina,30,1,1,Apartamento,3290,3965
Rua Landizal,São João Climaco,61,2,1,Apartamento,1700,2316
R. Carneiro da Cunha,Vila da Saúde,62,3,2,Apartamento,3400,4564
Alameda dos Nhambiquaras,Indianópolis,80,2,1,Casa,4300,4372
Rua Fernando de Albuquerque,Consolação,98,2,2,Apartamento,4000,5763
Rua Jupará,Cidade Antônio Estevão de Carvalho,30,1,0,Apartamento,1100,1302
Avenida Ipiranga,Centro Histórico de São Paulo,75,1,0,Apartamento,3500,4512
Rua Pamplona,Jardim Paulista,57,1,1,Apartamento,2756,3672
Rua Solidônio Leite,Vila Ivone,68,1,0,Casa,950,990
Rua Guaravera,Vila Domitila,60,2,2,Casa,2000,2085
Rua Celso Vieira,Vila Pereira Barreto,45,1,0,Casa,969,1011
Rua Zacarias Alves de Melo,Jardim Ibitirama,58,3,1,Apartamento,2390,3085
Avenida Lemos Monteiro,Olímpico,70,2,1,Apartamento,2980,3742
Rua Luís Correia de Melo,Vila Cruzeiro,58,2,1,Apartamento,3500,4479
Rua Inglaterra,Taboão,80,2,0,Casa,1258,1311
Avenida Ricardo Medina Filho,Vila Ipojuca,16,1,0,Apartamento,1320,1388
R Kenkiti Shimomoto,City Bussocaba,38,2,0,Casa,1316,1572
Rua Alegre,Santa Paula,44,1,0,Studio e kitnet,1380,2125
Alameda Ministro Rocha Azevedo,Jardim Paulista,102,3,0,Apartamento,12080,13690
Rua Joaquim Galvão,Vila Sônia,350,4,2,Casa,4590,5284
Rua Doutor José Áureo Bustamante,Santo Amaro,130,3,3,Apartamento,4800,7158
Rua Romualdo Gouveia de Castro,Cipava,250,5,2,Casa,2400,2752
Rua David Ben Gurion,Jardim Monte Kemel,150,4,4,Apartamento,3500,6070
Rua Arapaçu,Vila Formosa,31,1,0,Apartamento,1360,1747
Rua Camarajé,Jardim Paraíso,63,2,1,Apartamento,2550,3314
Rua Luís Correia de Melo,Vila Cruzeiro,80,2,2,Apartamento,5000,6668
Rua Carbonífera,Vila União (zona Leste),50,1,1,Casa,1400,1460
Rua Onofre Silveira,Vila Fachini,62,2,1,Apartamento,1197,1925
Rua Tabatinguera,Sé,161,2,1,Apartamento,6200,7412
Avenida Monte Celeste,Vila Santa Maria,216,3,2,Casa,3200,3732
Rua Antônio Aggio,Jardim Ampliacao,54,2,1,Apartamento,1980,2515
Rua Paulo Martinez,Jardim Seckler,29,1,0,Apartamento,965,1003
Rua Coriolano Durand,Vila Santa Catarina,40,1,1,Apartamento,1791,1884
Rua Nancy Silva Cabral,Parque Continental Ii,55,1,0,Apartamento,1200,1287
Alameda Amazonas,Alphaville Industrial,49,1,1,Apartamento,4095,4769
Rua Doutor Jesuíno Maciel,Campo Belo,69,1,1,Apartamento,5500,7261
Rua José de Melo,Vila Dora,50,2,1,Apartamento,2640,2862
Rua Paulo Andrighetti,Jardim Brasília (zona Norte),73,3,1,Apartamento,2835,3649
Avenida Túlio Teodoro de Campos,Vila Paulista,34,2,1,Apartamento,2600,3103
Rua Bactória,Jardim Vila Formosa,50,2,1,Apartamento,1430,1903
Rua Lefosse,Vila Invernada,75,2,2,Apartamento,2600,3625
Avenida Professor Gióia Martins,Jardim Monte Kemel,125,3,2,Casa,4200,4375
Rua Dona Adma Jafet,Bela Vista,50,1,0,Apartamento,1600,2225
Alameda Eduardo Prado,Campos Elíseos,60,1,0,Apartamento,3100,3775
Avenida Damasceno Vieira,Vila Mascote,87,2,2,Apartamento,6500,7841
Rua José Augusto Penteado,Sumaré,44,1,1,Apartamento,4200,4954
Rua Charles Lampe,Jardim Maria Estela,44,2,0,Apartamento,1325,1596
Rua Doutor Penaforte Mendes,Bela Vista,23,1,0,Studio e kitnet,2570,3298
Rua Ministro Godói,Perdizes,24,1,0,Studio e kitnet,3000,3589
Rua Guaianases,Campos Elíseos,66,2,0,Apartamento,2000,2077
Rua Bartira,Perdizes,90,3,1,Apartamento,3700,4871
Rua Cachoeira do Arari,Vila Guilherme,80,2,0,Apartamento,1396,1492
Rua Mungubeira,Jardim Norma,40,1,0,Casa,1200,1251
Rua Jupiá,Santa Teresinha,40,1,0,Apartamento,1600,1966
Avenida Olavo Bilac,Km 18,55,2,1,Apartamento,2550,3400
Rua Pinheirinho,Jabaquara,178,2,2,Apartamento,4170,5506
Rua Nunes Garcia,Santana,200,3,3,Apartamento,4250,7064
Avenida Paulista,Bela Vista,30,1,0,Studio e kitnet,2690,3194
Rua Doutor Gabriel Piza,Santana,130,2,1,Casa,2500,2690
Rua Sapetuba,Butantã,37,1,0,Studio e kitnet,2720,3310
Rua Padre Leonel Franca,Vila Libanesa,50,1,1,Casa em condomínio,1200,1351
Rua Elias Acras,Jardim Celeste,85,2,0,Apartamento,1150,1238
Rua Doutor Clemente Jobim,Jardim da Gloria,28,1,0,Apartamento,1500,1990
Rua Morais Navarro,Vila Sao Vicente,200,3,4,Casa,4200,4270
Alameda Grajaú,Alphaville,68,2,1,Apartamento,3500,4227
Avenida João Dias,Santo Amaro,67,2,0,Apartamento,2100,2898
Rua Princesa Isabel,Brooklin Paulista,127,3,2,Apartamento,9200,11710
Rua Abaitara,Vila Mesquita,30,1,0,Casa,1100,1167
Rua Henri Dunant,Chácara Santo Antônio (zona Sul),65,1,2,Apartamento,6500,8294
Rua Capitão Fidélis,Santo Amaro,84,3,2,Apartamento,3880,4452
Rua Santos,Taboão,120,2,2,Casa em condomínio,3366,4325
Rua José de Almeida,Vila Medeiros,60,2,0,Casa,1200,1461
Rua Ibitirama,Vila Prudente,74,3,2,Apartamento,3650,4336
Rua São José,Santo Amaro,45,1,1,Apartamento,1600,2462
Avenida Rio Branco,Campos Elíseos,30,1,1,Studio e kitnet,1170,2321
Rua Benjamin Carr,Parque dos Bancários,65,1,0,Casa,1100,1160
Praça Quatorze Bis,Bela Vista,83,1,0,Apartamento,2000,2717
Rua Padre Lebret,Jardim Leonor,80,2,2,Apartamento,3650,5271
Rua Valson Lopes,Vila Butantã,28,1,0,Studio e kitnet,2230,2603
Rua Alegre,Santa Paula,42,1,1,Apartamento,2290,3937
Rua Jordânia,Vila Guilhermina,45,2,0,Apartamento,1525,1684
Rua Poconé,Vila Floresta,73,3,1,Apartamento,2200,2764
Rua Matias Aires,Consolação,100,3,1,Apartamento,2500,4626
Rua do Acre,Vila Bertioga,115,3,2,Apartamento,2257,4479
Rua Afonso Braz,Vila Nova Conceição,42,1,1,Apartamento,3900,5385
Rua Gabriel de Lara,Brooklin,140,4,2,Casa,6241,6869
Avenida Alcântara Machado,Brás,24,1,0,Studio e kitnet,1122,1388
Avenida Rouxinol,Indianópolis,29,1,1,Studio e kitnet,3500,5173
Rua Vapabussu,Jardim Aeroporto,50,1,1,Apartamento,3660,4401
Avenida Nossa Senhora de Fátima,Vila Fátima,93,2,2,Casa,2500,2665
Rua Voluntários da Pátria,Santana,254,4,4,Apartamento,10000,15490
Caraíbas,Perdizes,70,3,1,Apartamento,4800,6084
Rua Domingos José Sapienza,Vila Amalia (zona Norte),58,3,1,Apartamento,1750,2406
Rua Antônio Abude,Jardim Barbosa,64,2,1,Apartamento,1450,1906
"Rua Antônio Gil - Cidade Ademar, São Paulo - Sp, Brasil",Jardim Marajoara ,48,2,1,Apartamento,1560,2200
Rua Piraumbu,Jardim Sao Gabriel,68,1,0,Casa,1200,1251
Rua Elisa Silveira,Vila Santo Estefano,130,5,2,Casa,8000,8699
Rua Dankmar Adler,Vila Suzana,90,3,2,Apartamento,2715,4519
Rua Carlos Sampaio,Bela Vista,42,1,1,Apartamento,2086,3988
Avenida Corifeu de Azevedo Marques,Butantã,26,1,0,Studio e kitnet,1100,1164
Rua Timbiras,Santa Efigênia,36,1,1,Apartamento,1177,1861
Rua Frei Gaspar,Mooca,39,1,0,Apartamento,2040,2557
Rua Sampaio Viana,Paraíso,240,3,4,Apartamento,15000,23080
Rua Santo Adriano,Jardim Peri,370,3,3,Casa,3940,4858
"Vila da Saúde, São Paulo - Sp, 04055-040, Brasil",Vila da Saúde,160,4,1,Casa,4500,5033
Rua Conselheiro Nébias,Campos Elíseos,43,1,0,Apartamento,1810,2181
Rua Trajano Reis,Jardim das Vertentes,71,3,1,Apartamento,2170,3289
Rua Fernandes Moreira,Chácara Santo Antônio (zona Sul),146,4,3,Apartamento,5900,8113
Avenida Conselheiro Rodrigues Alves,Vila Mariana,190,3,3,Casa,6750,8036
Rua Tito,Centro,70,2,2,Apartamento,1699,3009
Rua Luís da Guerra,Sapopemba,18,1,0,Studio e kitnet,1200,1306
Rua Cásper Líbero,Paulicéia,65,3,1,Apartamento,1560,2361
Rua das Sempre-vivas,Jardim das Acacias,22,1,0,Studio e kitnet,2300,2898
Rua Riskallah Jorge,Centro Histórico de São Paulo,28,0,0,Studio e kitnet,1207,1647
Rua José Galvez,Conjunto City Jaragua,42,2,1,Apartamento,900,1115
Rua Cristiano Viana,Cerqueira César,128,3,2,Apartamento,6475,8947
Rua Eça de Queiroz,Vila Mariana,173,4,2,Apartamento,6100,8535
Avenida Professor Francisco Morato,Vila Sônia,83,3,2,Apartamento,3000,3886
Rua Rússia,Taboão,70,2,1,Apartamento,1200,1607
Avenida Ceci,Planalto Paulista,120,3,2,Casa,4284,4730
Rua Olga Marinovic Doro,Vila Talarico,70,2,1,Casa,1400,1546
Avenida Cipriano Rodrigues,Vila Formosa,38,2,1,Apartamento,2000,2377
Rua Tucuna,Pompeia,127,2,1,Apartamento,3200,4672
Rua Padre Chico,Perdizes,60,2,2,Apartamento,3800,5139
Rua Engenheiro Jorge Oliva,Vila Mascote,80,2,2,Apartamento,4000,5463
Rua Doutor Gabriel dos Santos,Santa Cecilia,33,1,1,Apartamento,1600,2536
Avenida Rouxinol,Indianópolis,69,2,1,Apartamento,4500,5622
Alameda Sarutaiá,Jardim Paulista,100,2,1,Apartamento,5150,6602
Rua Padre Leão Peruche,Vila Mazzei,58,2,2,Apartamento,2100,2801
Praça Conceição do Herval,Chácara Santo Antônio (zona Leste),43,1,0,Apartamento,1150,1377
Rua Itamonte,Vila Medeiros,59,3,1,Apartamento,2300,3019
Rua Jurubim,Vila Boacava,44,1,0,Casa,1100,1147
Rua Bento Vieira,Ipiranga,55,2,1,Apartamento,2350,3310
Rua Pascal,Campo Belo,38,1,0,Studio e kitnet,3200,3882
Avenida da Paz,Jardim Sao Judas Tadeu,47,2,1,Apartamento,1380,2113
Rua Diogo Jácome,Vila Nova Conceição,48,1,1,Apartamento,5830,7318
Rua Francisco José da Silva,Vila Andrade,51,2,1,Apartamento,3800,4325
Rua Isabel de Castela,Vila Madalena,69,2,1,Apartamento,4360,5483
Rua Doutor Tomaz de Lima,Liberdade,64,2,0,Apartamento,1530,2049
Avenida Damasceno Vieira,Vila Paulista,77,3,1,Apartamento,2800,3875
Avenida Paula Ferreira,Freguesia do Ó,97,3,1,Apartamento,2400,3593
Rua Joana Pereira Dias,Padroeira,40,1,0,Casa,650,777
Rua São Bernardo,Cidade Mãe do Céu,50,2,1,Apartamento,2600,2633
Rua Simões Pinto,Parque Jabaquara,150,3,2,Casa,3000,3268
Rua Doutor Manuel Carlos de Figueiredo Ferraz,Jardim Morumbi,411,4,2,Casa,8000,9272
Rua Helvétia,Campos Elíseos,56,1,0,Apartamento,1800,2289
Rua Ermelinda Meletti Teldeschi,Jardim Guarapiranga,400,4,4,Casa,5500,6564
"Vila Rio de Janeiro, Guarulhos - Sp, 07082-610, Brasil",Vila Rio de Janeiro,43,2,1,Apartamento,1400,1804
Rua Voluntários da Pátria,Santana,90,3,2,Apartamento,2830,4421
Rua Capote Valente,Pinheiros,35,1,1,Studio e kitnet,2350,3604
Rua Engenheiro Pedro Garcin,Vila Antônio,64,2,1,Apartamento,1800,2724
Rua João de Laet,Vila Aurora (zona Norte),119,2,2,Apartamento,2500,3417
Avenida Duque de Caxias,Campos Elíseos,42,1,0,Apartamento,1590,1926
Avenida Barro Branco,Vila do Encontro,52,2,1,Apartamento,1800,2673
Rua 17 de Janeiro,Panamby,30,1,0,Apartamento,1500,2025
Rua Barão Jaceguai,Campo Belo,44,1,1,Studio e kitnet,2200,2284
Rua Marquês de Itu,Vila Buarque,33,1,1,Apartamento,1310,2184
Rua Morubixaba,Cidade Líder,49,3,0,Apartamento,1200,1527
Rua Mourato Coelho,Pinheiros,70,2,0,Apartamento,2600,3023
Rua Agostinho Gualda Martin,Jardim Jua,185,3,2,Casa,5000,5421
Rua Américo Brasiliense,Chácara Santo Antônio (zona Sul),60,2,1,Casa,1718,2000
Rua Rodrigues Barbosa,Vila Regente Feijó,38,1,0,Studio e kitnet,2150,2433
Rua Francisco Retti,Vila Oratorio,96,1,0,Casa,1700,1873
Praça Júlio Mesquita,Santa Efigênia,42,1,1,Apartamento,3600,4339
Avenida Pedroso da Silveira,Pari,32,2,0,Apartamento,1200,1340
Rua Arcelino Aguiar,Vila Santo Estéfano,40,1,0,Casa,1000,1042
Rua Natividade Saldanha,São Lucas,40,0,0,Apartamento,1300,1706
Avenida Paulista,Bela Vista,39,1,0,Apartamento,3550,4119
Rua Antônio Peres Paniágua,São Pedro,196,2,1,Casa,2500,2773
Rua Doutor Clemente Jobim,Jardim da Glória,29,1,0,Apartamento,2500,2986
Rua Doutor Augusto de Miranda,Vila Pompéia,61,2,1,Apartamento,4100,5104
Rua Serra de Botucatu,Vila Gomes Cardim,78,3,2,Apartamento,2300,3294
Rua Doutor Mario Vicente,Vila Dom Pedro I,39,1,1,Casa em condomínio,1462,1576
Alameda Jaú,Jardim Paulista,300,3,3,Apartamento,7500,13410
Rua Coronel Jordão,Vila Paiva,31,1,1,Apartamento,1840,2586
Avenida Pedro Bueno,Parque Jabaquara,49,2,0,Apartamento,1604,1750
Rua Antônio Tavares Velho,Jardim Raposo Tavares,40,1,0,Studio e kitnet,900,935
Rua São Benedito,Santo Amaro,185,4,3,Apartamento,10000,13270
Rua Tijucas do Sul,Jardim Cocaia,70,2,1,Casa,2500,2640
Praça Conde Pedro Leonelli,Vila Rosália,57,2,1,Apartamento,1750,2298
Rua João Moura,Pinheiros,185,2,3,Apartamento,10000,13160
Rua Luís do Paço,Tatuapé,42,1,0,Studio e kitnet,950,1578
Rua Ipiranga,Jardim Aeroporto,109,3,2,Apartamento,5490,7163
Rua Martim Francisco,Vila Buarque,48,1,1,Apartamento,1685,2658
Rua Roberto Eduardo,Vila Ema,52,1,1,Casa,1173,1397
Rua Casa do Ator,Vila Olímpia,34,1,1,Studio e kitnet,3696,4891
Rua Santa Izabel,Vila Augusta,68,3,1,Apartamento,2680,3289
Rua Albina Barbosa,Aclimação,220,3,2,Casa,5810,6407
Rua Voltolino,Água Rasa,92,3,1,Apartamento,2600,3525
Rua Guian,Vila Campestre,78,3,1,Apartamento,2500,3382
Rua Heitor Peixoto,Cambuci,60,2,1,Apartamento,2300,3102
Rua Joana Pereira Dias,Padroeira,44,2,0,Apartamento,1110,1381
Rua Paim,Bela Vista,33,1,1,Studio e kitnet,1000,1604
Rua Nicolau Pereira Lima,Conjunto Residencial Butantã,75,3,1,Apartamento,2430,3305
Avenida Mazzei,Vila Mazzei,70,3,1,Apartamento,1550,2410
Rua Luís Góis,Mirandópolis,58,2,0,Apartamento,2400,3193
Avenida Delmar,Alphaville Empresarial,83,3,2,Apartamento,4900,5640
Rua dos Marapés,Vila Campestre,40,1,0,Casa,730,761
Rua Senador Feijó,Sé,95,2,0,Apartamento,2108,2939
Avenida Secundino Domingues,Jardim Independência,35,1,0,Apartamento,1000,1103
Rua Próspero Cesarino Paoliello,Conjunto Residencial Butantã,90,2,1,Casa,2350,2474
Avenida Vereador Abel Ferreira,Chácara Belenzinho,30,1,0,Studio e kitnet,1080,1121
Rua Joaquim José Esteves,Santo Amaro,295,4,3,Apartamento,11000,17640
Rua Coriolano,Vila Romana,70,2,1,Apartamento,7700,9028
Avenida José Antônio Cabral,Jardim Rosa de Franca,77,3,2,Apartamento,2248,2925
Rua Doutor Vicente Giacaglini,Vila Bela,90,3,1,Apartamento,2200,3180
Avenida Engenheiro Thomaz Magalhães,Sítio da Figueira,76,3,1,Apartamento,1900,2543
Avenida São Miguel,Vila Marieta,60,2,0,Casa,1800,1993
Rua Tomaz Paulino de Almeida,Vila Hebe,25,1,0,Studio e kitnet,780,810
Rua Casa do Ator,Vila Olímpia,100,3,1,Apartamento,3700,5671
Rua Osiris Magalhães de Almeida,Jardim Monte Kemel,155,3,3,Casa em condomínio,4000,4960
Rua Francisca Miquelina,Bela Vista,18,1,0,Studio e kitnet,3100,3569
Alameda Itu,Cerqueira César,110,3,2,Apartamento,5500,7920
Rua Bonifácio Veronese,Jardim Jaqueline,59,3,1,Apartamento,3500,4452
Rua dos Guaxins,Planalto Paulista,300,4,4,Casa,8000,8840
Rua Professor Doutor José Marques da Cruz,Jardim das Acácias,26,1,0,Studio e kitnet,3500,3889
Avenida Trindade,Bethaville I,70,2,1,Apartamento,3156,3804
Rua Virgínia,Vila Carrao,37,2,0,Apartamento,1500,1808
Rua Londres,Vila Londrina,90,2,1,Casa,2000,2175
Rua Cônego Sangirardi,Vila Siqueira (zona Norte),90,2,1,Casa,1700,1843
Rua Doutor Laerte Setúbal,Vila Suzana,70,2,2,Apartamento,2810,3810
Avenida dos Ourives,Jardim São Savério,42,2,0,Apartamento,1300,1680
Avenida Interlagos,Jardim Umuarama,140,4,2,Casa em condomínio,4990,6039
Rua Tabantinguera,Sé,48,1,0,Apartamento,1190,1646
Rua Tebas,Jardim Brasil (zona Sul),110,2,2,Apartamento,7200,8878
Alameda Mamoré,Alphaville Industrial,40,1,1,Apartamento,4100,5056
Rua dos Carmelitas,Sé,38,1,0,Studio e kitnet,980,1377
Rua Açatunga,Vila Congonhas,166,2,1,Casa,4500,4575
Avenida Doutora Ruth Cardoso,Pinheiros,69,2,1,Apartamento,3800,5202
Rua José Maria Ressuto,Imirim,130,3,1,Casa,2500,2606
Rua Sapucaia,Alto da Mooca,30,1,0,Apartamento,1400,1680
Rua Doutor César,Santana,68,2,0,Apartamento,2201,2909
Rua Padre João Manuel,Cerqueira César,160,3,1,Apartamento,10500,13590
Rua da Consolação,Consolação,28,1,0,Studio e kitnet,1361,1914
Rua Ofélia,Pinheiros,69,2,0,Apartamento,2920,4360
Rua Antônio Lôbo,Penha de França,87,2,0,Apartamento,2200,2583
Estrada do Sabão,Jardim Maristela,180,1,0,Casa,800,814
Rua Alvorada,Vila Olímpia,50,2,1,Apartamento,5400,7067
Rua Torquato Neto,Brás,51,2,1,Apartamento,2125,2898
Rua Francisco Rossano,Sítio da Figueira,42,1,1,Apartamento,1900,2524
Rua Intendência,Brás,43,2,0,Apartamento,1600,1962
Rua Conde Sarzedas,Sé,47,1,0,Apartamento,1212,1758
Rua Barros Sobrinho,Vila Ema,58,2,1,Apartamento,1774,2545
Rua Sebastião de Mello Dias,Jaguaribe,35,1,0,Apartamento,919,1132
Rua Tacomaré,Parque da Mooca,190,4,3,Apartamento,10000,13520
Rua Séttimo Giannini,Jardim Lallo,30,1,1,Studio e kitnet,1100,1142
Avenida Doutor Altino Arantes,Vila Clementino,230,3,3,Apartamento,12000,15500
Rua Hanna Abduch,Vila Palmeiras,51,1,2,Casa,1550,1612
Rua Galeno de Almeida,Pinheiros,69,1,1,Apartamento,6500,8202
Rua Antônio Júlio dos Santos,Fazenda Morumbi,160,4,3,Apartamento,3100,5454
Rua Paracatu,Parque Imperial,55,2,1,Apartamento,1800,2603
Alameda dos Arapanés,Moema,152,3,1,Apartamento,5000,6632
Rua Engenheiro André Paulo,Vila Matilde,35,2,0,Apartamento,1232,1407
Rua Glória do Goitá 335 Apt 112,Jardim Independência,29,1,0,Studio e kitnet,1180,1411
Rua Brigadeiro Tobias,Centro Histórico de São Paulo,39,1,0,Apartamento,1269,1749
Parque Dom Pedro I,Vila Invernada,37,1,0,Apartamento,1400,1632
Avenida Nove de Julho,Bela Vista,64,1,0,Apartamento,2280,3057
Rua Jatobás,Vila Parque Jabaquara,40,1,1,Apartamento,2000,2701
Rua Augusto dos Anjos,Melville Empresarial Ii,43,1,1,Apartamento,2450,3227
Avenida Duque de Caxias,Campos Elíseos,52,2,0,Apartamento,1450,1858
Avenida São João,Santa Cecilia,35,0,0,Studio e kitnet,935,1348
Rua Doutor Melo Alves,Cerqueira César,27,1,1,Studio e kitnet,5250,5452
Rua Major Quedinho,Centro,48,1,0,Apartamento,4000,5019
Rua Coronel Lisboa,Vila Mariana,22,1,0,Apartamento,3200,3853
Avenida Guilherme,Vila Guilherme,61,3,1,Apartamento,3800,4417
Rua Tabatinguera,Sé,49,2,1,Apartamento,1200,2156
Avenida Novo Osasco,Bussocaba,50,1,1,Casa,926,1040
Rua Francisco Diogo,Parque Peruche,28,1,0,Apartamento,1300,1350
Avenida Nova Cantareira,Tucuruvi,81,2,1,Apartamento,1300,2089
Rua Martins Fontes,Centro,41,1,1,Apartamento,2800,3638
Rua dos Pinheiros,Pinheiros,84,2,1,Apartamento,5900,7081
Rua Sagrado Coração de Jesus,Jardim Iracema,52,2,1,Apartamento,1202,1412
Avenida dos Ourives,Jardim São Savério,41,2,1,Apartamento,1470,1857
Rua Augusto José Pereira,Jardim Maristela,80,1,2,Casa,1100,1194
Rua Santo Antônio,Bela Vista,29,1,0,Apartamento,1700,2199
Rua Nicolau Zarvos,Parque Jabaquara,200,3,2,Casa,4200,4562
Avenida Tiradentes,Jardim Gumercindo,78,2,1,Apartamento,1400,1865
Avenida Mário Lopes Leão,Santo Amaro,34,2,1,Apartamento,3250,3697
Rua Antônio de Godói,Centro,36,2,0,Apartamento,5800,6384
Rua Alves Guimarães,Pinheiros,31,1,0,Studio e kitnet,3250,3917
Rua Condeúba,Vila Carrão,46,2,1,Apartamento,1450,1956
Rua Doutor Oscar Monteiro de Barros,Vila Suzana,228,3,4,Apartamento,8000,12310
Rua Guatapara,Vila Guarani (z Sul),138,2,1,Apartamento,4350,5672
Rua Francisco Rodrigues Alves,Vila Iório,50,1,0,Casa,900,1016
Rua Professor Vasconcelos Sarmento,Vila Ré,36,2,0,Apartamento,1450,1666
Avenida Tietê,Nova Gerty,40,1,0,Studio e kitnet,1290,1659
Rua Doutor Clemente Jobim,Jardim da Glória,30,1,0,Apartamento,3110,3600
Rua Bartolomeu Feio,Vila Cordeiro,95,3,1,Apartamento,3500,4835
Rua Herculano de Freitas,Bela Vista,84,2,1,Apartamento,5500,6554
Rua Doutor Samuel Porto,Saúde,68,2,1,Apartamento,2500,3632
Rua Maestro Cardim,Liberdade,49,1,1,Apartamento,2100,3225
Rua Tabatinguera,Sé,32,1,0,Apartamento,950,1281
Rua Josef Kryss,Parque Industrial Tomas Edson,42,2,0,Apartamento,2850,3310
Rua Estado de Israel,Vila Clementino,48,1,1,Apartamento,2100,3289
Rua Coronel Mursa,Brás,19,1,0,Studio e kitnet,1700,2016
Rua Professor Raul Pederneiras,Vila Marte,40,2,0,Apartamento,1250,1556
Avenida Onze de Junho,Vila Clementino,140,4,2,Apartamento,13000,15700
Rua Alcântara Machado,Jardim Utinga,101,2,2,Apartamento,2450,2666
Avenida Portugal,Brooklin Paulista,78,2,1,Apartamento,6510,7953
Rua Armando Bonilha,Vila Bonilha Nova,48,1,0,Casa,1100,1154
Viela Altair,Jardim Palmira,60,1,0,Casa,810,879
Rua Sarandira,Jaguaré,21,1,0,Casa,1280,1401
Rua Antônio Salema,Vila Morse,170,3,4,Casa,4400,4926
Rua Osório Duque Estrada,Paraíso,44,1,1,Studio e kitnet,6500,7608
Rua Joaquim Guarani,Jardim das Acacias,37,1,1,Studio e kitnet,5500,6401
Rua Doutor João Vieira Neves,Jardim Esmeralda,56,2,1,Apartamento,1300,2197
Rua Henrique Chaves,Jardim Ester Yolanda,68,2,0,Apartamento,1319,2070
Avenida Santo Albano,Vila Vera,63,2,1,Apartamento,3000,3796
Rua Dias Leme,Mooca,88,2,1,Apartamento,2500,3646
Avenida Franz Voegeli,Continental,50,1,1,Apartamento,4840,5632
Rua Custódio de Mendonça,Santana,46,2,0,Apartamento,3500,3785
Rua Santo Amaro,Bela Vista,70,1,1,Apartamento,1723,2586
Rua André Saraiva,Vila Sônia,230,3,5,Casa,6800,7489
Rua Doutor Ferreira Lopes,Vila Sofia,90,3,2,Apartamento,1450,2739
Rua José dos Santos Júnior,Super Quadra Morumbi,150,2,3,Casa,2810,3099
Rua Doutor Cesário Mota Júnior,Vila Buarque,29,1,1,Studio e kitnet,960,1411
Rua Francisco de Oliveira Braga,Vila Amalia (zona Leste),40,1,0,Casa,1330,1441
Avenida São João,Santa Cecília,41,1,1,Apartamento,1500,1830
Rua Asdrúbal do Nascimento,Bela Vista,33,1,1,Studio e kitnet,1350,2002
Rua Renea Ferreira de Castilho,Super Quadra Morumbi,250,3,6,Casa,4500,4975
Rua Morgado de Mateus,Vila Mariana,100,2,2,Apartamento,5500,7645
Avenida dos Carinás,Indianópolis,31,1,0,Studio e kitnet,2514,3388
Avenida Aparecida do Rio Negro,Jardim Peri,43,2,1,Apartamento,1732,2078
Rua dos Cafezais,Vila Santa Catarina,67,2,2,Apartamento,4300,5316
Rua Conselheiro Ramalho,Bela Vista,44,1,0,Apartamento,1575,2135
Rua Aldeia Vinte de Setembro,Vila Ede,100,3,2,Casa,2700,2817
Rua Terra Roxa,Cidade Mãe do Céu,50,2,0,Apartamento,2180,2503
Rua Vergueiro,Vila Firmiano Pinto,47,2,1,Apartamento,2500,3126
Rua Mineradora de Diamantina,Cidade Continental,30,1,0,Studio e kitnet,1050,1334
Avenida Francisco Rodrigues,Vila Constança,30,1,0,Apartamento,850,1083
Rua Guararapes,Brooklin Paulista,49,1,1,Apartamento,2472,4074
Rua João Artoni Testae,Jardim Testae,50,1,0,Casa,1000,1042
Rua Toledo Barbosa,Belenzinho,52,1,0,Apartamento,1900,2223
Rua Werner Goldberg,Jardim Tupanci,120,3,2,Apartamento,6000,7174
Praca Marechal,Santa Cecília,55,2,0,Apartamento,2392,3134
"Av. Washington Luis, 1226",Jardim Marajoara,78,3,2,Apartamento,2660,4032
Avenida Paes de Barros,Mooca,220,6,2,Apartamento,3230,6419
Rua Eusébio de Paula Marcondes,Jardim D’abril,60,3,1,Apartamento,1460,1961
Avenida Doutor Bernardino Brito Fonseca de Carvalho,Vila Talarico,40,2,0,Apartamento,1800,1869
Avenida Nove de Julho,Bela Vista,68,2,0,Apartamento,2000,2532
Rua Custódio de Mendonça,Santana,36,2,0,Apartamento,1600,1812
Rua Professor Vahia de Abreu,Vila Olímpia,95,2,2,Apartamento,9500,11460
Avenida Senador Casimiro da Rocha,Mirandópolis,94,3,1,Apartamento,3431,5081
Avenida Rotary,Vila das Bandeiras,35,2,1,Apartamento,1800,2125
Rua Joaquim Antunes,Pinheiros,93,2,0,Apartamento,4220,5194
Rua Santa Luzia,Vila Santa Luzia,181,3,2,Casa,2160,2410
Avenida Duque de Caxias,Campos Elíseos,36,1,0,Apartamento,2120,2787
Rua Parapuã,Itaberaba,73,2,1,Apartamento,3200,4201
Rua Desembargador do Vale,Perdizes,168,4,1,Casa,5250,5852
Avenida Ministro Petrônio Portela,Moinho Velho,160,2,1,Casa,2720,2969
Alameda Jaú,Jardim Paulista,60,2,1,Apartamento,3300,4574
Rua São Quirino,Vila Guilherme,50,2,0,Apartamento,1750,2185
Rua Apa,Campos Elíseos,65,2,0,Apartamento,1904,2553
Rua Eliza Teixeira de Barros,Vila Constança,88,2,1,Casa em condomínio,3000,3307
Rua Uratinga,Vila Palmeiras,60,1,0,Casa,1100,1147
Rua Riskallah Jorge,Centro,34,1,0,Apartamento,900,1335
Rua das Pitangueiras,Jardim,61,2,2,Apartamento,4070,4955
Avenida Washington Luís,Vila Sofia,79,3,2,Apartamento,3375,4594
Rua Mergenthaler,Vila Leopoldina,142,3,2,Apartamento,10000,11750
Rua Doutor Tomás Alves,Vila Mariana,22,1,0,Studio e kitnet,2500,3116
Avenida Santo Amaro,Vila Nova Conceição,26,1,0,Studio e kitnet,3880,4579
Rua Coronel Morais,Canindé,47,1,0,Apartamento,1700,2016
Rua Osiris Magalhães de Almeida,Jardim Monte Kemel,53,2,2,Apartamento,2040,3031
Rua Padre Mariano Ronchi,Vila Pereira Cerca,46,2,1,Apartamento,1150,2044
Rua Icaraí,Tatuapé,50,1,0,Casa,1128,1176
Rua Aurélia,Vila Romana,83,3,1,Apartamento,2550,3484
Rua Maria Borba,Vila Buarque,35,1,1,Apartamento,1600,2671
Rua Barão de Tatuí,Vila Buarque,27,1,1,Apartamento,1950,2545
Rua Henrique Sertório,Tatuapé,24,1,0,Studio e kitnet,1900,2430
Rua João Ferreira de Abreu,Vila Arriete,180,3,2,Casa,5500,5750
Alameda Jauaperi,Indianópolis,20,1,0,Studio e kitnet,3800,4449
Rua Curupace,Mooca,267,3,4,Casa,9000,9931
Rua Augusto de Mendonça,Vila Dalila,50,2,1,Apartamento,1380,1519
Rua Nova Brasília,Jardim Dona Sinhá,47,2,1,Apartamento,1290,1626
Avenida das Cerejeiras,Jardim Japão,20,1,0,Studio e kitnet,610,845
Rua Ouro Branco,Jardim Paulista,200,3,3,Apartamento,15000,21530
Rua Professor Bueno dos Reis,Jardim Cachoeira,250,3,0,Casa,2100,2482
Rua Rei Vitório Emanuel,Rudge Ramos,115,2,1,Casa,2490,2696
Avenida César Magnani,Paulicéia,15,1,0,Casa,800,834
Rua Alessandro Manzoni,Vila Arriete,60,1,0,Apartamento,2000,2407
Rua Francisco Viana,Super Quadra Morumbi,200,3,2,Casa,2830,2953
Praça Carlos Gomes,Centro,39,1,0,Studio e kitnet,1500,1887
Alameda Barros,Santa Cecilia,40,1,0,Apartamento,1975,2596
Rua Eduardo Ferreira Franca,Cursino,48,2,0,Casa em condomínio,1445,1571
Rua Pirandello,Brooklin Paulista,480,5,6,Casa,15000,17370
Rua Iguará,Vila Alpina,34,1,0,Apartamento,1275,1512
Avenida Vieira de Carvalho,República,122,2,0,Apartamento,3500,4774
Rua Barão Triunfo,Brooklin Paulista,108,2,1,Apartamento,4600,6757
Avenida Angélica,Consolação,45,1,1,Studio e kitnet,4000,4901
Rua Hemisfério,Chácara Belenzinho,61,3,1,Casa em condomínio,1985,2275
Avenida Duque de Caxias,Campos Elíseos,29,1,0,Apartamento,1100,1592
Parque Dom Pedro I,Vila Invernada,47,2,0,Apartamento,1800,2053
Rua Engenheiro Jean Buff,Jardim Paraíso,35,1,1,Apartamento,1600,2196
Avenida Assaré,Jardim Sabará,129,3,4,Casa,4500,4695
Rua Deputado Laércio Corte,Paraíso do Morumbi,69,3,1,Apartamento,1993,2881
Rua Firmino de Barros,Vila N Sra de Fatima,75,1,0,Casa,1000,1042
Rua Itapira,Jardim Maria Aparecida,110,2,1,Casa,1500,1563
Rua Domingos Antonio Ciccone,Santo Amaro,180,4,2,Casa,4700,5264
Rua Tuim,Vila Uberabinha,65,1,2,Apartamento,3100,5996
Rua Adolfo Gordo,Santa Cecilia,45,1,1,Studio e kitnet,1190,1971
Rua Pio Xi,Alto da Lapa,85,1,3,Casa,2000,2575
Rua Conceição da Barra,Jardim São Paulo(zona Norte),233,4,2,Casa,3900,4496
Avenida Eliseu de Almeida,Instituto de Previdência,68,3,1,Apartamento,3800,4427
Rua Keisuke Koza,Butantã,50,1,1,Casa,2000,2235
Rua das Flechas,Vila Santa Catarina,29,1,0,Apartamento,2400,2882
Rua Professor José Horácio Meirelles Teixeira,Jardim Londrina,73,3,1,Apartamento,3000,3865
Rua Jesuíno Pascoal,Santa Cecilia,44,1,0,Apartamento,1540,2249
Rua Henrique Fausto Lancellotti,Vila Congonhas,50,1,1,Apartamento,4100,6083
Av. Brigadeiro Luís Antonio,Jardim Paulista,120,3,1,Apartamento,3000,4617
Rua Coelho Barradas,Parque da Vila Prudente,39,2,1,Apartamento,2905,3484
Rua José da Silva Ribeiro,Vila Andrade,128,3,2,Apartamento,3800,6206
Rua Haddock Lobo,Cerqueira César,60,1,1,Apartamento,4600,5969
Rua Professor Miguel Russiano,Vila Aricanduva,160,2,2,Casa em condomínio,7500,7922
Rua Alonso Peres,Vila Sabrina,45,1,0,Casa,1100,1227
Rua Herval,Belenzinho,27,1,0,Studio e kitnet,2200,2793
Rua João Pereira Porto,Vila Cruz das Almas,94,3,2,Casa,4800,4880
Avenida Sapopemba,Vila Regente Feijó,98,3,2,Apartamento,4170,5075
Avenida do Cursino,Saúde,100,3,3,Apartamento,2950,4804
Rua São Benedito,Jardim Novo Santo Amaro,74,2,2,Apartamento,6000,7378
Rua Deputado João Sussumu Hirata,Vila Andrade,43,1,1,Apartamento,1800,2855
Avenida Senador Queirós,Centro Histórico de São Paulo,34,1,0,Studio e kitnet,1000,1438
Rua Salvador Mastropietro,Vila Prudente,153,3,2,Casa,4700,5031
Rua Glicério,Liberdade,25,1,0,Studio e kitnet,1093,1127
Rua Hyde Park,Vila Londrina,120,2,0,Casa,1850,1991
Rua Diogo Ribeiro,Tremembé,294,3,6,Casa,13000,14200
Rua Frei Caneca,Consolação,29,1,1,Studio e kitnet,1940,2631
Alameda Jaú,Jardim Paulista,239,3,2,Apartamento,10000,15910
Rua Amadis,Ipiranga,34,1,0,Apartamento,1600,1621
Avenida Marginal,Vila Cristalia,43,2,1,Apartamento,1230,1557
Avenida Padre José Maria,Santo Amaro,85,3,1,Apartamento,2910,3754
Avenida Senador Teotônio Vilela,Cidade Dutra,44,1,0,Apartamento,1100,1482
Rua Diogo Pereira,Super Quadra Morumbi,95,2,1,Apartamento,2000,2546
Rua Francisca Miquelina,Bela Vista,44,1,0,Studio e kitnet,2200,3279
Rua Yvorne,Lauzane Paulista,42,1,1,Apartamento,1320,1906
Travessa Doutor José Corrêa de Meira,Rio Pequeno,133,3,3,Casa,4000,4215
Rua Alves Ribeiro,Cambuci,60,2,0,Apartamento,1900,2028
Rua Amambaí,Vila Guilherme,45,2,0,Apartamento,1200,1347
Avenida Ministro Petrônio Portela,Vila Amélia,67,2,1,Apartamento,1449,2065
Rua Paim,Bela Vista,53,1,1,Studio e kitnet,3700,4691
Rua Doutor Augusto de Miranda,Pompeia,180,3,6,Casa,6000,6489
Avenida Jabaquara,Mirandópolis,96,3,1,Apartamento,3300,5010
Rua Guaianases,Campos Elíseos,35,1,0,Apartamento,1600,1966
Rua Ferrúcio Dupré,Vila Friburgo,21,1,1,Casa,940,1020
Rua Uberlândia,Vila Polopoli,200,4,3,Casa,6400,7209
Rua Gravi,Vila da Saúde,35,1,0,Casa,1400,1424
Rua Santa Madalena,Bela Vista,20,1,0,Apartamento,2460,2870
Rua Dona Gertrudes Jordão,Jaraguá,86,3,2,Casa em condomínio,2500,3196
Rua Asdrúbal do Nascimento,Bela Vista,36,2,1,Apartamento,2700,3234
Avenida Sarah Veloso,Veloso,61,2,1,Apartamento,3000,3517
Avenida Jandira,Indianópolis,212,3,2,Apartamento,15000,17250
Rua Itapimirum,Vila Andrade,224,3,4,Apartamento,7000,10310
Rua Américo Brasiliense,Chácara Santo Antônio (zona Sul),51,2,2,Apartamento,3822,4860
Rua Maria Borba,Vila Buarque,36,1,0,Studio e kitnet,1510,2015
Rua José Fernandes Caldas,Vila Santa Teresa (zona Sul),63,2,1,Apartamento,1900,2415
Rua Aquiles Jovane,Jardim Celeste,52,2,1,Apartamento,1200,1863
Rua Olívia Guedes Penteado,Socorro,60,1,0,Studio e kitnet,1270,1409
Avenida Nove de Julho,Bela Vista,26,1,0,Studio e kitnet,1250,1629
Rua Rodovalho da Fonseca,Pari,84,3,2,Apartamento,5750,6938
Rua Pedro Madureira,Jardim São Paulo(zona Norte),78,2,1,Apartamento,1800,2404
Rua Wilson Ribeiro Bonfim,Jardim Marajoara,34,2,0,Apartamento,1800,2139
Avenida Professor Miguel Franchini Neto,Loteamento City Jaragua,43,2,0,Apartamento,1500,2000
Rua Alba,Vila Parque Jabaquara,62,2,1,Apartamento,1700,2590
Avenida Sapopemba,Jardim Utinga,45,2,1,Apartamento,1300,1575
Rua Eleutério,Vila Camilópolis,66,3,1,Apartamento,1300,1800
Av. Damasceno Vieira,Vila Mascote,216,4,3,Apartamento,5350,9123
Rua Itaguassú,Rudge Ramos,193,3,5,Casa,3900,4227
Rua Dona Antônia de Queirós,Higienópolis ,126,2,0,Apartamento,3340,3469
Rua Aramanaí,Vila Madalena,295,4,3,Casa,14530,15300
Avenida dos Imarés,Indianópolis,55,2,2,Apartamento,3200,4210
Rua Aguiar de Barros,Bela Vista,31,1,0,Apartamento,3500,4096
Rua Purpurina,Sumarezinho,130,6,2,Casa,9060,10040
Rua Doutor Ivo Define Frasca,Vila Olímpia,30,1,1,Studio e kitnet,3917,4545
Rua José Maria Lisboa,Jardim Paulista,41,1,1,Apartamento,4700,6536
Rua Jandiro Joaquim Pereira,Jardim Leonor,400,4,3,Casa,8500,9656
"Santo Amaro, São Paulo - Sp, 04741-178, Brasil",Santo Amaro,464,4,5,Casa,12000,15000
Rua George Oetterer,Vila Pauliceia,240,3,3,Casa,6420,7269
Rua José Antônio Coelho,Vila Mariana,75,2,1,Apartamento,2400,3421
Rua Primeiro de Março,Vila Clementino,80,3,1,Apartamento,2500,3813
Avenida João Dias,Santo Amaro,70,2,1,Apartamento,3120,4215
Rua Arão Adler,Parque Continental,150,4,2,Casa,4050,4510
Rua Alfredo Pujol,Santana,33,1,1,Studio e kitnet,2200,2945
Rua Álvaro de Carvalho,Centro,45,1,1,Studio e kitnet,2090,2766
Rua Oscár Thompson,Barra Funda,108,3,0,Apartamento,3200,3914
Praça da República,República,41,1,0,Apartamento,1020,1920
Rua Professor Hilário Veiga de Carvalho,Vila Suzana,145,3,2,Apartamento,3500,6410
Rua Monsenhor Castro Nery,Parque Maria Domitila,130,3,2,Casa,4000,4170
Rua Alves Guimarães,Pinheiros,65,1,2,Apartamento,5253,7434
Rua Antônio Júlio dos Santos,Fazenda Morumbi,119,3,2,Apartamento,2910,4337
Rua Jaceru,Vila Gertrudes,82,3,0,Casa,3200,3398
Rua Maestro Cardim,Liberdade,59,2,1,Apartamento,3980,5179
Rua Doutor Solon Fernandes,Vila Rosalia,40,1,0,Studio e kitnet,1200,1416
Rua Barra Mansa,Jardim Franca,350,3,4,Casa,6200,6741
Alameda Eduardo Prado,Campos Elíseos,30,1,1,Apartamento,1700,2299
Avenida Intercontinental,Jardim Jussara,62,2,1,Apartamento,1610,2362
Rua Carlos Vicari,Barra Funda,39,1,0,Studio e kitnet,3100,3220
Rua Relíquia,Jardim das Laranjeiras,69,2,1,Apartamento,1700,2581
Rua Doutor José Carlos de Toledo Piza,Vila Andrade,340,4,5,Apartamento,3900,7701
Rua Jose Ataliba Ortiz,Vila Mangalot,64,2,2,Apartamento,3250,3893
Rua José Sebastião de Sá,Jardim do Carmo,104,2,1,Casa em condomínio,3700,4112
Rua Cônego Antônio Lessa,Parque da Mooca,400,4,4,Casa,6000,7132
Rua Evans,Vila Matilde,40,1,0,Apartamento,1600,1812
Rua Firmiano Cardoso,Chácara Cruzeiro do Sul,45,2,0,Apartamento,1390,1569
Avenida Engenheiro Heitor Antônio Eiras Garcia,Jardim Esmeralda,41,2,0,Apartamento,1800,2209
Rua Coronel João Gabi,Jabaquara,120,3,3,Casa,3900,4252
Rua Oásis,Jardim Oriental,35,1,0,Apartamento,1250,1332
Rua Rubiaceia,Vila Lucinda,52,2,1,Apartamento,1670,1912
Rua dos Timbiras,Santa Efigênia,36,1,1,Apartamento,1590,2464
Avenida Esperança,Centro,127,3,2,Apartamento,4800,6326
Rua Henri Dunant,Santo Amaro,93,2,2,Apartamento,8000,10550
Rua Canuto Borelli,Vila Castelo,38,1,1,Apartamento,2600,3519
Vp Mangarataia,Jardim Brasil (zona Norte),47,1,0,Casa,905,943
Rua Djalma Coelho,Sumarezinho,39,1,1,Apartamento,4500,5583
Rua Baía Grande,Vila Bela,52,2,1,Apartamento,2146,2609
Rua Kaoru Oda,Vila Sonia,180,4,3,Casa,4000,4394
Avenida Brigadeiro Faria Lima,Jardim Toscana,47,1,0,Apartamento,1070,1363
Rua Alba,Vila Parque Jabaquara,60,2,1,Apartamento,1900,2789
Rua Celeste de Souza Cardi,Jardim das Vertentes,260,3,2,Casa,3900,4291
Rua Doutor Augusto de Miranda,Vila Pompéia,60,2,1,Apartamento,3500,4525
Travessa dos Manacás,Parque Assunção,54,2,0,Apartamento,1350,1442
Rua Luís Filipe Alberti,Jardim Maringá,41,2,1,Apartamento,1400,1951
Rua Geni Clara Baroni Palma,Vila Esperança,45,2,1,Casa em condomínio,1210,1262
Rua Padre Jerônimo Vermin,Jardim Maria Estela,50,2,1,Apartamento,1600,2121
Rua Coronel Paulo Souza Barros,Jardim Pinheiros,152,3,2,Casa,2720,2867
"Rua Aureliano Leal - Santana, São Paulo - Sp, Brasil",Água Fria,178,3,3,Apartamento,5500,6879
Rua Capote Valente,Pinheiros,67,2,2,Apartamento,8650,9933
Avenida Francesco Del Cossa,Vila Santa Teresa (zona Sul),62,2,1,Apartamento,2360,2830
Rua Dias Leme,Mooca,89,2,1,Apartamento,3700,4872
Rua Cardoso de Almeida,Perdizes,33,1,0,Studio e kitnet,3000,4116
Avenida Vila Ema,Vila Prudente,160,3,0,Casa,2620,3065
Rua Forte da Lagoa,Vila Nivi,70,2,1,Casa,2950,3075
Rua Alves Guimarães,Pinheiros,33,1,0,Apartamento,3100,3677
Rua Cornélio Schimidt,Parque Jabaquara,238,3,2,Casa,3750,3945
Rua Pirajá,Mooca,40,1,0,Casa,1050,1288
Rua Doutor Martins de Oliveira,Jardim Londrina,350,5,5,Casa,12000,13550
Rua Juatuba,Sumarezinho,117,3,1,Apartamento,6300,7978
Rua João Álvares Soares,Campo Belo,30,1,0,Casa,1150,1199
Rua dos Paulistanos,Vila Paulista,225,3,0,Casa,3120,4294
Rua Eça de Queiroz,Vila Mariana,310,3,3,Apartamento,9000,13380
Praça Barão de Itaqui,Vila Gomes Cardim,45,1,1,Apartamento,2400,3058
Rua Ipaobi,Vila Babilonia,57,2,1,Apartamento,2380,2472
Rua do Símbolo,Jardim Ampliação,104,3,2,Apartamento,2500,3776
Rua Desembargador Júlio César de Faria,Jardim Bonfiglioli,72,3,1,Apartamento,1800,2449
Viaduto Dona Paulina,Centro,43,1,0,Studio e kitnet,902,1467
Rua Luís Romanini,Vila Anadir,52,1,0,Casa,1050,1137
Rua Uruguai,Jardim D’abril,70,1,1,Casa,2500,2751
Rua Piraçununga,Vila Bertioga,65,3,2,Apartamento,2000,2658
Rua Leme do Prado,Santo Amaro,312,3,4,Apartamento,15000,21280
Rua Diogo Jácome,Moema,74,1,2,Apartamento,11000,13280
Rua Said Aiach,Paraíso,55,1,1,Apartamento,4500,6524
Rua Santa Terezinha,Vila Yara,234,2,2,Casa,3500,3940
Rua Isabel Maria Garcia Parra,Lauzane Paulista,200,3,2,Casa,3100,3232
Rua Fábio Ferreira Veloso,Vila Regina,60,1,0,Casa,830,865
Rua Itápolis,Pacaembu,356,4,2,Casa,8350,10410
Avenida Itaberaba,Nossa Senhora do Ó,70,2,0,Apartamento,1770,1968
Rua Oscar Thompsson,Barra Funda,74,2,1,Apartamento,2610,3643
Rua Gerivatiba,Butantã,37,1,1,Studio e kitnet,6500,7758
Rua Jacinto,Jardim das Flores,50,2,1,Casa,1345,1611
Rua Orozimbo Maia,Alto da Mooca,160,3,2,Casa,10500,11240
Rua Adolfo Schnabel,Vila Ema,48,2,0,Apartamento,1655,1998
Rua José de Rezende Costa Filho,Vila São Pedro,140,3,3,Casa,6400,6758
Rua Barão do Bananal,Vila Pompéia,56,2,1,Apartamento,2650,3937
Rua Monte Serrat,Alto da Mooca,77,3,0,Apartamento,1750,3119
Rua Doutor Rubens de Azevedo Marques,Chácara Monte Alegre,359,4,4,Casa,12000,13840
Rua Abílio Soares,Paraíso,50,2,1,Apartamento,3100,4340
Avenida Cásper Líbero,Centro,30,1,0,Apartamento,1434,1490
Rua Leopoldo Miguez,Cambuci,62,3,1,Apartamento,1800,2286
"R. Afonso Braz - Vila Nova Conceição, São Paulo - Sp, Brasil",Vila Nova Conceição,26,1,0,Studio e kitnet,3410,4145
Rua Manuel Antônio Fonseca,Vila Penteado,60,2,0,Casa,1210,1287
Avenida Doutor Luís Rocha Miranda,Jabaquara,84,3,2,Apartamento,3500,4931
Rua Ribeiro do Vale,Brooklin Paulista,35,1,0,Studio e kitnet,3700,4384
Avenida Professor Francisco Morato,Vila Sônia,64,2,1,Apartamento,4000,4646
Rua Santa Teresinha,Santa Terezinha,128,3,0,Casa,3300,3490
Rua Padre Machado,Bosque da Saúde,87,3,2,Apartamento,5950,7009
Rua Lourenço Collino,Presidente Altino,70,2,1,Casa,1500,1647
Rua Ribeirópolis,Vila Independência,45,2,1,Apartamento,2100,2478
Rua Genebra,Bela Vista,49,1,0,Apartamento,1290,1810
Rua Nova Serrana,Jardim Maringa,87,2,0,Apartamento,1450,1680
Avenida Thomas Edison,Barra Funda,31,1,0,Apartamento,1423,1872
Rua Brás Cardoso,Vila Nova Conceição,42,1,1,Apartamento,7300,9291
Rua Doutor Odilon Ribeiro,Vila Monumento,51,2,0,Casa,1800,1976
Avenida da Liberdade,Liberdade,79,2,0,Apartamento,2500,3115
Rua Conde Luiz Eduardo Matarazzo,Vila São Silvestre,55,2,1,Apartamento,1100,1811
Rua Pereira Barreto,Santo Amaro,66,2,1,Apartamento,5000,6066
Rua Carlos Comenale,Bela Vista,60,1,1,Apartamento,3060,4117
Rua Anhanguera,Vila Curuçá,100,2,2,Casa,2000,2127
Rua Correia de Lemos,Chácara Inglesa,43,1,0,Apartamento,2500,2952
Rua Domiciano Leite Ribeiro,Vila Guarani (zona Sul),205,3,4,Casa,3800,4045
Avenida Doutor Gentil de Moura,Ipiranga,52,2,2,Apartamento,2900,3692
Rua Agostinho Navarro,Conceicao,52,2,1,Apartamento,1000,1415
Avenida das Ameixeiras,Taboão,29,1,0,Casa,600,655
Rua Pascal,Campo Belo,75,2,1,Apartamento,3600,5191
Rua Cuxiponés,Jardim Vera Cruz,350,3,2,Casa,7000,7690
Rua Professor Aristides de Macedo,Vila Mariana,62,2,1,Apartamento,2500,2996
Rua Jaguaré,Jaguaré,58,2,2,Apartamento,2150,2869
Avenida José Galante,Vila Suzana,67,2,1,Apartamento,3000,3916
Rua Alice Manholer Piteri,Vila Osasco,98,3,3,Apartamento,4000,5440
Rua Paulino de Brito,Jardim Brasil (zona Norte),70,2,0,Casa,1397,1499
Rua Benedito Otoni,Penha de França,70,2,2,Casa em condomínio,2200,2535
Rua Agostinho Gomes,Ipiranga,51,2,0,Apartamento,1850,2431
Rua Bartholomeu do Canto,Vila Palmeiras,31,1,0,Apartamento,1700,2166
Rua Helena do Sacramento,Vila Guaca,50,1,0,Casa,1200,1283
Rua Apeninos,Aclimação,34,1,1,Apartamento,2900,4314
Rua Tabatinguera,Sé,34,1,0,Apartamento,1000,1406
Avenida Pompéia,Vila Pompéia,81,3,1,Apartamento,3600,5073
Rua Tabatinguera,Sé,22,1,1,Studio e kitnet,2200,2875
Avenida Kenkiti Simomoto,Jaguaré,53,2,1,Apartamento,3860,4721
Rua Michigan,Cidade Monções,33,1,1,Studio e kitnet,3372,4106
Av Dr Assis Ribeiro,Engenheiro Goulart,53,2,1,Apartamento,1200,1562
Praça Visconde de Sousa Fontes,Parque da Mooca,59,2,2,Apartamento,2360,3785
Rua Manuel Cherem,Vila Paulista,340,4,2,Casa,4000,4550
Rua Doutor Ângelo Vita,Vila Zilda,31,0,0,Studio e kitnet,1700,2366
Rua Professor Soriano Magalhães,Jardim Promissão,63,2,1,Apartamento,1880,3129
Rua Doutor Augusto de Miranda,Vila Pompéia,95,2,2,Apartamento,6250,7741
Rua Gregório Ferreira,Pedreira,50,1,1,Casa,1100,1227
Alameda dos Tacaunas,Planalto Paulista,170,3,3,Casa em condomínio,7500,8426
Rua José Pedro Zanardi,Vila Hulda,80,3,0,Apartamento,1300,1700
Rua Helena,Vila Olímpia,126,3,3,Apartamento,15000,17410
Rua Édison,Campo Belo,83,2,1,Apartamento,4800,6618
Rua Sepetiba,Siciliano,79,2,1,Casa,3800,4161
Rua Alves Cardoso,Vila Maria Alta,37,1,0,Apartamento,1050,1296
Rua Anísio Moreira,Parque Peruche,50,2,0,Casa em condomínio,2350,2549
Rua Francisca Júlia,Santana,50,2,1,Apartamento,1900,2685
Praça Pedro Lessa,Centro Capital,37,1,0,Studio e kitnet,977,1696
Rua Ibitirama,Vila Prudente,65,2,1,Apartamento,2910,3471
Rua José Baltore,Jardim Mangalot,84,3,2,Casa,2700,2814
Rua Simões Magro,Jabaquara,156,4,2,Casa,4200,4616
Rua Adolfo Schnabel,Vila Ema,40,2,0,Apartamento,1200,1562
Rua Dom José Marcondes,Jardim Almanara,40,2,1,Apartamento,1300,1944
Rua Bacairis,Vila Formosa,39,1,1,Studio e kitnet,1700,2698
Rua Eduardo Luiz de Carvalho,Jardim Almeida Prado,130,2,1,Casa,2500,2606
Rua Giusepe Ferrari,Umuarama,250,4,3,Casa,6000,6530
Rua José Alves,Jardim Roberto,75,2,1,Casa,1650,1775
Avenida São Miguel,Vila Marieta,20,1,0,Studio e kitnet,990,1233
Rua Manoel Fernandes Lopes,Mauá,13,1,0,Casa,800,840
Avenida Nova Cantareira,Tucuruvi,64,2,1,Apartamento,1650,2227
Rua Nicolau Barreto,Vila Cordeiro,49,1,1,Apartamento,3300,4138
Rua Martins Pais,Vila Laís,45,1,0,Casa,1200,1351
Rua Maestro Elias Lobo,Jardim Paulista,78,2,0,Apartamento,4900,5696
Rua José da Costa de Andrade,Jardim Santa Terezinha (zona Leste),50,3,1,Apartamento,1200,1757
Rua Ingá,Parque Mandaqui,435,4,6,Casa,10000,12060
Rua José Mandotti,Vila Augusta,25,1,1,Studio e kitnet,1800,2418
Avenida Ernesto Souza Cruz,Cidade Antônio Estevão de Carvalho,65,1,0,Casa,1200,1251
Rua Professor Oliveira Fausto,Alto da Mooca,120,3,2,Casa,5000,5284
Rua Miguel Rachid,Vila Paranagua,43,2,0,Apartamento,1250,1378
Rua Tamboril,Parada Inglesa,50,2,0,Apartamento,3100,3720
Rua Vergueiro,Liberdade,11,1,0,Studio e kitnet,2300,2651
Rua José Arzão,Vila Andrade,51,2,0,Apartamento,2480,3529
Rua Campo Comprido,Vila Romero,62,2,2,Apartamento,1940,3188
Avenida Tiradentes,Jardim Santa Edwirges,39,1,0,Casa,900,971
Rua Guilherme Asbahr Neto,Chácara Monte Alegre,250,3,3,Casa,5890,6665
Alameda Ministro Rocha Azevedo,Cerqueira César,61,2,2,Apartamento,7720,11410
Rua Professor Ciridião Buarque,Vila Anglo Brasileira,63,1,1,Apartamento,3580,4621
Rua Haddock Lobo,Cerqueira César,180,4,1,Apartamento,5000,7110
Rua Conceição do Castelo,Burgo Paulista,70,3,0,Casa,1600,1676
Alameda Ministro Rocha Azevedo,Cerqueira César,187,4,3,Apartamento,12000,17130
Rua Patumi,Vila Beatriz,50,2,1,Casa em condomínio,1610,1709
Avenida Paes de Barros,Mooca,258,4,2,Apartamento,4500,7550
Rua Agrimensor Sugaya,Colônia (zona Leste),46,2,1,Apartamento,1400,1737
Avenida Sapopemba,Vila Invernada,100,3,0,Casa,2300,2682
Rua Pedro Machado de Mello,Interlagos,140,3,2,Casa,2978,3105
Rua Manoel Salgado,Vila Caraguatá,46,2,1,Apartamento,1500,1904
Avenida Guarulhos,Ponte Grande,44,2,1,Apartamento,1850,2317
Rua Gonzaga Franco,Vila Guiomar,82,3,2,Apartamento,2620,3544
Rua Ana Cintra,Campos Elíseos,50,1,0,Apartamento,1300,2003
Rua Frei Gaspar,Mooca,30,1,0,Apartamento,1410,1814
Rua Ministro Sinésio Rocha,Vila Anglo Brasileira,350,5,2,Casa,7900,8810
Rua Águas Claras,Jardim Peri,70,2,1,Casa em condomínio,1650,1814
Rua Doutor Luiz Migliano,Jardim Caboré,50,2,1,Apartamento,1843,2494
Travessa Victório Gnan,Jardim das Laranjeiras,29,1,0,Apartamento,1000,1138
Rua Antônio Dias da Silva,Vila Amalia (zona Norte),61,2,1,Apartamento,1355,2108
Rua São Paulo Antigo,Real Parque,120,3,3,Apartamento,9000,11940
Rua Barbacena,Sapopemba,50,2,0,Casa,1110,1222
Rua Brigadeiro Godinho dos Santos,Vila Pirituba,50,1,0,Apartamento,1150,1194
Avenida Praia Grande,City Bussocaba,560,6,6,Casa,5500,6483
Rua Agissê,Sumarezinho,28,1,0,Apartamento,3585,4579
Rua Duarte Moreira,Vila Miriam,50,1,0,Casa,690,719
Rua João Serrano,Sítio do Morro,180,3,2,Casa,3160,3404
Rua Tucuna,Perdizes,240,3,2,Casa,7599,8877
Rua Joaquim Loyola,Raposo Tavares,40,1,0,Studio e kitnet,1195,1211
Rua Santo Antônio,Bela Vista,54,1,1,Studio e kitnet,2950,3755
Rua Cônego Vicente Miguel Marino,Barra Funda,35,1,0,Casa,1500,1613
Rua Alberto Afonso Martins,Vila Mariana,200,3,1,Apartamento,3150,5198
Rua Antônio Dias da Silva Casa N° 2,Vila Amália (zona Norte),75,2,0,Casa,1190,1300
Rua Eunice,Vila Ré,60,1,0,Casa,1150,1199
Rua Dom Estevão Pimentel,Chácara Belenzinho,64,2,2,Casa em condomínio,2415,3078
Rua Doutor César Salgado,Vila Praia,250,2,3,Casa,4500,4691
Avenida Lauro Xerfan,Jardim Iva,44,2,0,Apartamento,2000,2337
Rua Taciba,Vila Babilonia,30,1,0,Apartamento,1100,1172
Rua Andaquara,Vila Anhangüera,229,3,2,Casa,12500,13120
Rua Abagiba,Saúde,120,2,1,Casa,1980,2064
Rua João Manuel,Chácara Califórnia,28,1,0,Apartamento,1570,1790
Avenida Doutor Augusto de Toledo,Santa Paula,65,2,2,Apartamento,3000,4178
Rua Osório Duque Estrada,Paraíso,242,4,2,Casa,15000,17840
Avenida Elísio Teixeira Leite,Vila Brasilândia,73,3,2,Apartamento,2500,3330
Praça Pedro Lessa,Centro,40,1,0,Studio e kitnet,1020,1759
Avenida Mascote,Vila Mascote,85,3,2,Apartamento,2660,4201
Rua Doutor Nicolau de Sousa Queirós,Vila Mariana,60,2,0,Apartamento,2310,2799
Rua Félix Pacheco,Parada Inglesa,127,3,3,Apartamento,7000,9142
Rua Eugênia Sá Vitale,Vila Santa Luzia,53,2,1,Apartamento,2200,2968
Rua Amaral Gurgel,Vila Buarque,24,1,0,Studio e kitnet,2230,2830
Rua Freire Farto,Jabaquara,85,1,1,Casa,1600,1847
Rua João Simões de Souza,Parque Reboucas,49,2,1,Apartamento,3400,4132
Rua Haddock Lobo,Cerqueira César,140,3,1,Apartamento,5500,7440
Rua Piraçununga,Vila Bertioga,50,2,2,Apartamento,2335,3435
Rua Barão de Tefé,Água Branca,103,3,1,Apartamento,4500,5692
Rua José Soriano de Sousa,Casa Verde Alta,54,2,1,Apartamento,1300,1872
Rua Marília de Dirceu,Jardim Aeroporto,70,2,1,Apartamento,2250,3188
Rua Isabel,Vila Palmares,391,4,6,Casa,3800,4067
Rua Dolores Duran,Vila Basileia,120,3,2,Casa,4400,4645
Rua João Maria da Silva,Jardim dos Prados,230,3,3,Casa,4900,5108
Avenida Mofarrej,Vila Leopoldina,69,1,1,Apartamento,7100,8310
Avenida Elísio Teixeira Leite,Sítio Morro Grande,56,2,1,Apartamento,2500,2796
Rua Manuel Dias de Oliveira,Jardim Alvorada (zona Oeste),41,2,0,Apartamento,1100,1507
Rua Maranhão,Santo Antônio,92,3,1,Apartamento,2300,3080
Alameda Ministro Rocha Azevedo,Jardim Paulista,180,3,4,Apartamento,15000,22540
Rua Abraão Miguel do Carmo,Vila Monte Alegre,38,1,0,Studio e kitnet,1955,2210
Rua Ibó,Vila Regente Feijó,80,1,0,Casa,1720,1827
Avenida Alcântara Machado,Brás,38,1,0,Apartamento,820,1134
Rua Sampaio Viana,Paraíso,65,2,2,Apartamento,4540,8000
Rua Jaú,Santo Antônio,57,2,2,Apartamento,4360,5198
Rua Alferes Magalhães,Santana,39,1,0,Studio e kitnet,1250,1395
Rua Moraes de Barros,Campo Belo,25,1,1,Casa,2500,2706
Rua Caetano Pinto,Brás ,37,1,0,Apartamento,1354,1773
Rua Martins Fontes,Bela Vista,114,3,2,Apartamento,6500,8679
Av. Benjamin Harris Hunicutt,Portal dos Gramados,45,2,1,Apartamento,950,1232
Rua João Baldinato,Vila Suzana,140,1,2,Apartamento,5500,7403
Rua Cerqueira César,Centro,22,1,0,Studio e kitnet,600,938
Avenida João Batista,Centro,160,2,1,Apartamento,2300,2585
Rua Aracuípe,Jardim Prudência,63,2,1,Apartamento,3500,4557
Avenida Jaguaré,Jaguaré,50,1,1,Apartamento,2490,3058
Rua Tabatinguera,Sé,23,1,0,Studio e kitnet,1500,2100
Avenida Padre Arlindo Vieira,Jardim Vergueiro (sacoma),47,2,0,Apartamento,1260,1845
Rua São Nicolau,Santo Antônio,50,1,0,Casa,800,934
Praça General Porto Carreiro,Jaguaré,63,2,1,Apartamento,3060,4113
Rua Doutor Orlando Zamitti Mammana,Jardim Paraíso,67,2,1,Apartamento,1800,3277
Rua Aguiar de Barros,Bela Vista,16,1,0,Apartamento,1800,2139
Avenida Santa Marina,Vila Albertina,140,3,0,Casa,2160,2341
Rua do Lavapés,Cambuci,26,1,0,Apartamento,1350,1616
Alameda Barros,Santa Cecília,30,1,0,Studio e kitnet,2327,2767
Rua Dona Veridiana,Higienópolis,135,4,1,Apartamento,4550,6236
Rua Deputado Laércio Corte,Recanto Morumbi,112,2,2,Apartamento,2500,4294
Avenida Mofarrej,Vila Leopoldina,70,3,1,Apartamento,4100,5159
Avenida Aparecida do Rio Negro,Jardim Iris,43,2,1,Apartamento,2290,2829
Rua Pentecostes,Vila Califórnia,28,1,0,Casa,695,758
Rua do Tatuapé,Maranhão,32,1,0,Apartamento,1550,1795
Rua Doutor Luiz Migliano,Jardim Caboré,96,3,2,Apartamento,5700,6889
Rua Rio Verde,Vila Pereira Cerca,56,2,2,Apartamento,3120,4092
Rua Juan Arfe,Vila Cruz das Almas,54,2,1,Apartamento,1381,1998
Rua Santa Romana,Vila Pereira Cerca,75,3,1,Casa,2000,2085
Rua Doutor Miranda de Azevedo,Vila Anglo Brasileira,300,4,2,Casa,7500,8699
Rua Guarapuava,Mooca,39,1,1,Studio e kitnet,3000,3499
Rua Bueno de Andrade,Aclimação,33,1,1,Apartamento,1530,2146
Rua Álvaro de Carvalho,Centro,28,1,1,Apartamento,1800,2560
Rua Doutor Roberto Feijó,Parque da Vila Prudente,50,2,1,Apartamento,2380,3013
Rua Francesco Granacci,Parque São Luís,100,3,0,Casa,1850,1928
Rua Camargo,Paulicéia,48,2,1,Apartamento,1490,1990
Rua Eça de Queiroz,Vila Mariana,80,3,0,Apartamento,2000,2927
Rua Critios,Vila Suzana,500,4,3,Apartamento,10000,18740
Avenida Doutor Luís Rocha Miranda,Jabaquara,71,2,1,Apartamento,2300,3009
Rua Itanhaém,Vila Prudente,200,3,0,Casa,4000,4586
Avenida Carlos Drummond de Andrade,Recanto das Rosas,120,2,0,Casa,1400,1600
Rua Baturité,Aclimação,320,5,0,Casa,7000,8579
Rua Emboaçava,Parque da Mooca,45,1,1,Casa,2160,2292
Avenida Padre Arlindo Vieira,Jardim Vergueiro (sacoma),47,2,1,Apartamento,1220,1816
Rua Almeida Ferraz,Parque Jabaquara,160,3,2,Casa,5180,5475
Rua Manuel da Nóbrega,Paraíso,157,3,1,Apartamento,5500,7418
Rua Emboaçava,Parque da Mooca,252,3,3,Casa,7500,7638
Avenida Lins de Vasconcelos,Cambuci,85,2,2,Apartamento,5290,6579
Rua Humberto I,Vila Mariana,41,1,1,Apartamento,5000,6093
Rua Coronel Mursa,Brás,35,2,0,Apartamento,2408,2985
Rua Santa Madalena,Liberdade,20,0,0,Studio e kitnet,850,1033
Rua Dúlce Sena Guimarães da Silva,Vila Renata,80,2,0,Casa,2800,2949
Rua General Porfírio da Paz,Vila Bancaria,90,2,1,Casa,1500,1604
Rua Costa Barros,Vila Alpina,39,2,0,Apartamento,1660,1724
Avenida Estados Unidos,Parque das Nações,125,3,2,Apartamento,3000,4462
Avenida Horácio Lafer,Itaim Bibi,61,1,1,Apartamento,8500,10360
Rua Mandiúba,Vila Celeste,180,2,2,Casa,1900,1981
Rua dos Jacintos,Mirandópolis,49,1,1,Apartamento,6500,7685
Rua Forte William,Vila Andrade,160,3,4,Apartamento,8000,10610
Rua dos Donatários,Mooca,90,2,0,Casa,2870,2992
Avenida Engenheiro José Salles,Socorro,72,3,1,Apartamento,3416,4325
Rua Maria Cândida Pereira,Vila São João,27,1,0,Studio e kitnet,2125,2387
Rua Glória,Liberdade,30,1,0,Studio e kitnet,1300,1390
Avenida Bosque da Saúde,Vila da Saúde,45,1,1,Apartamento,2100,3494
Avenida Conselheiro Rodrigues Alves,Vila Mariana,145,3,3,Apartamento,3646,7043
Rua dos Caciques,Vila da Saúde,61,1,2,Apartamento,3000,4200
Rua José Pereira de Carvalho,Vila Lageado,250,4,2,Casa,7500,8045
Avenida Engenheiro George Corbisier,Jabaquara,52,1,0,Casa,1160,1310
Rua Enótria,Vila Mazzei,30,1,0,Apartamento,1600,2092
Rua São Francisco,Sé,40,1,0,Studio e kitnet,900,1487
Rua Bela Cintra,Consolação,28,1,0,Apartamento,4500,5298
Via Transversal Sul,Novo Osasco,48,2,1,Casa em condomínio,2600,3350
Rua Gastão da Cunha,Vila Paulista,140,3,2,Casa,6000,6303
Rua Senador César Lacerda Vergueiro,Sumarezinho,101,2,2,Apartamento,12000,13480
Rua Democratas,Vila Monte Alegre,68,2,1,Apartamento,2500,3548
Alameda Joaquim Eugênio de Lima,Jardim Paulista,172,3,1,Apartamento,6562,9703
Rua dos Banqueiros,Vila Bancária,70,2,0,Apartamento,1300,1350
Rua Frei Inácio da Conceição,Vila Sao Luis(zona Oeste),60,1,0,Casa,1650,1866
Rua Getúlio Vargas Filho,Cidade Vargas,45,2,0,Apartamento,2151,2544
Rua Paulo Sérgio Oliveira de Aquino,Jardim Maia,89,3,2,Apartamento,2300,3296
Avenida Raimundo Pereira de Magalhães,Jardim Iris,70,3,1,Apartamento,1550,2345
Avenida Ibijaú,Moema,130,3,2,Apartamento,8200,10340
Avenida Piassanguaba,Planalto Paulista,70,1,1,Casa,2080,2353
Rua Arapuru,Planalto Paulista,145,2,1,Casa,5000,5821
Rua Bonifácio Veronese,Jardim Jaqueline,55,2,1,Apartamento,1200,1809
Rua Elizabeth Barbegian Baldinato,Vila Suzana,137,3,4,Apartamento,8500,10620
Rua Dona Ana Neri,Cambuci,55,2,1,Apartamento,2390,2874
Avenida Paes de Barros,Vila Prudente,90,2,1,Casa,2040,2586
Rua Aguapeí,Santa Maria,45,2,1,Apartamento,1800,2024
Rua Jucá Quito,Jardim Santo Antônio,103,2,2,Casa,8000,8365
Avenida João Del Papa,I.a.p.i.,60,3,1,Apartamento,1522,2124
Rua Doutor Rubens Meireles,Várzea da Barra Funda,40,1,1,Apartamento,2650,3500
Rua Jácome Teles de Menezes,Jardim Penha,38,2,0,Apartamento,1100,1357
Rua Major José Marioto Ferreira,Morumbi,180,3,2,Apartamento,4330,4497
Rua Coronel Lisboa,Vila Mariana,160,3,1,Casa,5000,5204
Rua Professor Alves Pedroso,Vila Paulistania,45,2,1,Apartamento,1260,1803
Rua Caminho do Engenho,Ferreira,37,1,0,Apartamento,2000,2524
Rua Alves Guimarães,Pinheiros,63,2,1,Apartamento,5000,6196
Avenida Benjamin Harris Hunnicutt,Vila Bremen,49,2,1,Apartamento,1000,1288
Alameda Jaú,Jardim Paulista,210,3,2,Apartamento,7000,11600
Rua Alberto Moreira Batista Filho,Jardim Japão,30,1,0,Apartamento,900,996
Avenida Nove de Julho,Bela Vista,63,2,0,Apartamento,1840,2623
Praça Professor José Azevedo Antunes,Lapa,200,2,0,Apartamento,2500,3396
Rua Dionísio da Costa,Vila Mariana,33,1,1,Studio e kitnet,3000,4040
Rua Jaci,Chácara Inglesa,85,1,0,Apartamento,2500,2596
Praça General Porto Carreiro,Jaguaré,63,3,1,Apartamento,1900,2908
Avenida Rouxinol,Moema,45,1,1,Apartamento,2856,3944
Avenida Ipiranga,República,40,1,0,Studio e kitnet,1650,2080
Avenida Brigadeiro Luís Antônio,Bela Vista,40,1,1,Studio e kitnet,2850,3707
Avenida São João Batista,Rudge Ramos,52,2,1,Apartamento,1300,1835
Rua Rubens Sverner,Chácara Santo Antônio (zona Sul),37,1,0,Studio e kitnet,2350,2457
Rua Nova Esperança,Vila Esperança,54,2,1,Casa,1350,1407
Rua Augusto Tolle,Santana,75,2,1,Casa,2950,3242
Travessa Rosa Rodrigues Zerbini,Lauzane Paulista,100,2,0,Casa,1600,1668
Rua Leonardo Cerveira Varandas,Paraíso do Morumbi,130,3,3,Apartamento,6300,8855
Rua David Eid,Vila do Castelo,54,2,2,Apartamento,2100,2939
Avenida Direitos Humanos,Mandaqui,180,3,5,Casa,9000,9341
Rua Marechal Barbacena,Vila Regente Feijó,228,3,4,Apartamento,9000,13660
Rua Alcino Braga,Paraíso,350,3,1,Casa,12880,14590
Rua Bela Cintra,Consolação,45,2,1,Apartamento,5400,6771
Avenida São João,República,40,1,1,Studio e kitnet,2500,3251
Rua Freire de Andrade,Vila Regente Feijó,121,3,2,Apartamento,7000,8878
Rua Almirante Marques de Leão,Bela Vista,96,1,2,Apartamento,3950,5643
Rua Ministro Adauto Lúcio Cardoso,Vila Gomes,280,3,4,Casa,5812,6534
Rua Pascoal Ranieri Mazzilli,Vila Mendes,67,2,1,Apartamento,2448,3169
Rua Coronel Melo de Oliveira,Perdizes,144,3,3,Apartamento,7600,10270
Rua Cuiabá,Alto da Mooca,56,1,0,Apartamento,1397,1927
Rua Bonnard,Alphaville Empresarial,54,1,2,Apartamento,3950,4663
Rua Manuel Álvares da Costa,Jardim Ester Yolanda,105,3,2,Casa,4500,4761
Rua Vicenza,Vila Dom Pedro Ii,35,1,0,Apartamento,1450,1705
Rua Consolação,Cerqueira César,85,2,0,Apartamento,3000,3731
Rua Silva Machado,Vila Carbone,150,3,2,Casa,2830,3073
Rua Hermógenes da Silva,Vila Olinda,131,3,2,Casa,3847,4112
Rua Alberto Savoy,Vila Romero,90,3,1,Apartamento,2220,3133
Rua Pintassilgo,Vila Uberabinha,54,2,1,Apartamento,5000,5765
Rua Pascal,Campo Belo,160,3,3,Apartamento,5000,8899
Rua Vicente Fernandes Pinto,Vila Santo Estefano,50,1,1,Casa,1880,1960
Rua Tuim,Moema,45,1,1,Apartamento,3500,5344
Rua Arizona,Cidade Monções,190,3,5,Casa,5500,5734
Rua Celso Vieira,Vila Pereira Barreto,30,1,0,Apartamento,730,1178
Rua Cícero Fernandes de Lyra,Jardim Santo Elias,180,2,5,Casa,4500,4698
Avenida Padres Olivetanos,Vila Esperança,73,3,1,Apartamento,2700,4093
Rua Doutor Melo Alves,Cerqueira César,100,2,1,Apartamento,7500,9244
Rua João Francisco Moreira,Jardim Dracena,90,1,0,Casa,1200,1251
Rua da Mooca,Mooca,75,3,2,Apartamento,3700,4896
Rua Bertioga,Chácara Inglesa,39,2,0,Apartamento,2500,3141
Rua Sertões de Canindé,Vila Invernada,450,3,4,Casa,4350,5342
Avenida Bartolomeu de Carlos,Picanço,38,1,1,Apartamento,2010,2652
Avenida João Batista Di Vitoriano,Jardim Consórcio,190,4,2,Casa,4500,4708
Travessa Manuela,Vila Granada,70,1,0,Apartamento,1300,1470
Rua Piatá,Vila Isolina Mazzei,80,2,1,Casa,2100,2290
Rua Capitão Alceu Viêira,Vila Ipojuca,143,3,2,Apartamento,10490,13250
Rua Giácomo Cozzarelli,Vila Santa Teresa (zona Sul),47,2,1,Apartamento,1200,1565
Rua Cândido Vale,Tatuapé,26,1,1,Studio e kitnet,3600,4137
Rua Capitão Alberto Mendes Júnior,Água Fria,170,4,2,Apartamento,6800,9571
Rua Sara Bernhard,Vila Cláudia,96,3,1,Apartamento,1687,2502
Rua Celso Ramos,Vila Andrade,69,3,2,Apartamento,3150,3899
Avenida Othon Luiz Silveira,Jardim Rosa de Franca,90,2,1,Casa,1800,1916
Avenida Guilherme Giorgi,Vila Carrão,74,3,1,Apartamento,2500,3361
Rua Epaminondas Melo do Amaral,Sítio do Mandaqui,40,1,0,Casa,819,854
Rua Batataes,Jardim Paulista,60,2,2,Apartamento,6000,6232
Avenida Voluntários da Pátria,Tucuruvi,42,1,2,Apartamento,2065,3068
Rua Ibitirama,Vila Prudente,50,2,1,Apartamento,2277,2788
Rua Augusto Soares,Jardim Paramount,74,2,2,Apartamento,3500,4313
Rua Iguaré,Tatuapé,54,2,1,Apartamento,1400,2069
Rua Humberto I,Vila Mariana,125,3,1,Apartamento,7000,8636
Rua do Lavapés,Cambuci,28,1,0,Apartamento,1690,2084
Rua General Gastão Goularte,Vila Guarani (zona Sul),70,1,0,Casa,1350,1530
Rua República Árabe Unida,Taboão,35,1,0,Casa,980,1022
Rua Soldado Paulo Tansini,Jardim do Papai,120,2,2,Casa,3000,3197
Rua Visconde de Parnaíba,Brás,28,1,0,Studio e kitnet,2130,2512
Rua Voluntários da Pátria,Santana,27,1,1,Studio e kitnet,1846,2744
Rua Maratona,Vila Alexandria,70,3,1,Apartamento,2800,4210
Rua Doutor Guilherme Cristoffel,Santana,74,2,1,Apartamento,2200,3720
Rua Agostinho Gomes,Ipiranga,44,1,1,Apartamento,2200,2851
Rua João Gomes Batista,Jardim Cidalia,26,1,0,Apartamento,1080,1521
Avenida Raimundo Pereira de Magalhães,Jardim Iris,76,3,1,Apartamento,3600,4517
Alameda Santos,Pinheiros,90,1,0,Apartamento,3700,5045
Rua Leopoldo Silingardi,Jardim Las Vegas,43,2,1,Apartamento,1800,2387
Rua Claudionor Barbieri,Vila Isolina Mazzei,55,2,1,Apartamento,1800,1869
Avenida Vila Ema,Vila Ema,66,3,1,Apartamento,2800,3608
Rua Ibiá,Cidade Patriarca,40,2,0,Apartamento,1450,1639
Rua das Palmeiras,Gopouva,50,2,1,Apartamento,1900,2417
Praça Franklin Roosevelt,Consolação,28,1,0,Apartamento,1514,2189
Rua Campo Grande,Padroeira,65,2,1,Apartamento,1800,2483
Rua Forte William,Jardim Fonte do Morumbi,160,3,3,Apartamento,9000,12160
Rua Rêgo Freitas,República,29,1,0,Studio e kitnet,2000,2410
Alameda Topázio,Alphaville,385,4,4,Casa em condomínio,9500,11670
Rua Bazílio da Silva,Jardim Monte Alegre,45,2,1,Apartamento,1850,2376
Travessa Jerônimo Bobadilha,Vila Carmem,80,3,1,Casa,2000,2235
Rua Helvétia,Campos Elíseos,42,1,0,Apartamento,1932,2406
Rua Alves de Almeida,Chácara Belenzinho,49,2,0,Apartamento,8000,8102
Rua Martim Burchard,Brás,40,1,0,Apartamento,2500,3196
Rua Espártaco,Vila Romana,185,4,1,Casa,3850,4013
Avenida Nove de Julho,Bela Vista,53,1,0,Apartamento,1600,2112
Rua Aurora,Santa Efigênia,49,1,0,Studio e kitnet,880,1489
Rua Moacir Piza,Jardim Paulista,120,3,1,Casa,7900,8540
Rua Dom Lourenço Lumini,Vila Santista,110,3,1,Casa,1500,1525
Avenida Corifeu de Azevedo Marques,Butantã,30,1,0,Studio e kitnet,1200,1266
Rua Borges de Figueiredo,Mooca,47,1,1,Apartamento,2700,4101
Avenida Parada Pinto,Vila Nova Cachoeirinha,70,2,2,Apartamento,1800,3034
Rua Desembargador Carneiro Ribeiro,Parque Artur Alvim,120,2,1,Casa,2200,2293
Avenida Cônego José Salomon,Vila Portugal,60,3,0,Apartamento,1160,1597
Rua Doutor José Cássio Soares,Parque São Lucas,55,1,0,Casa,1130,1182
Alameda dos Aicás,Indianópolis,48,1,1,Apartamento,2500,3632
Rua Joaquim Guarani,Jardim das Acacias,19,0,0,Studio e kitnet,1970,2404
Rua Bresser,Brás,58,2,1,Apartamento,1890,2562
Rua Isabel,Vila Guiomar,53,2,1,Apartamento,2500,3092
Avenida Tomás de Sousa,Jardim Monte Azul,23,1,0,Casa,1250,1303
Rua Francisco Loschiavo,Jardim Almanara,110,1,1,Casa,1500,1563
Rua Danaides,Vila Anhangüera,62,2,1,Apartamento,2500,3307
Rua Michigan,Cidade Monções,180,3,2,Apartamento,9000,12630
Rua Machado Bitencourt,Vila Clementino,75,2,1,Apartamento,2500,3707
Rua Padre Carvalho,Pinheiros,68,2,1,Apartamento,3800,5396
Rua Amaral Gurgel,Vila Buarque,39,1,0,Studio e kitnet,2000,2651
Avenida Aparecida do Rio Negro,Jardim Iris,44,2,1,Apartamento,1600,1912
Rua das Nogueiras,Jardim,54,2,1,Apartamento,3100,3675
Rua Professora Maria Bitencourt Petit,Cidade Ademar,70,2,1,Casa,2020,2189
Rua Davi Hume,Jardim Vila Mariana,47,1,1,Apartamento,3500,4513
Rua Pascal,Campo Belo,103,3,1,Apartamento,3500,5559
Rua Manuel Dias de Oliveira,Jardim Alvorada (zona Oeste),100,2,2,Casa,3000,3127
Rua Argonautas,Vila Formosa,70,2,0,Casa,1750,1824
Rua Tomás Ramos Jordão,Parque Monteiro Soares,210,3,3,Casa,6000,6255
Rua Vapabussu,Jardim Aeroporto,280,3,2,Casa,7500,8415
Rua José de Almeida,Vila Medeiros,185,3,3,Casa,3000,3186
Rua Curituba,Parque São Jorge,90,2,2,Casa,4030,4278
Rua Doutor Fábio Montenegro,Vila Guilhermina,43,1,0,Apartamento,1950,2335
Rua Marechal Hastinfilo de Moura,Vila Suzana,202,3,2,Apartamento,9500,13260
Rua Backer,Cambuci,18,1,0,Studio e kitnet,1233,1392
Rua André Saraíva,Vila Sonia,30,1,0,Casa,1150,1199
Rua Augusta,Consolação,50,1,1,Apartamento,5500,6437
Rua Humberto de Campos,Vila Guarani (zona Sul),101,3,2,Apartamento,3000,4031
Avenida Nova Cantareira,Jardim Leonor Mendes de Barros,125,3,2,Casa,3860,4038
Rua Tabatinguera,Sé,24,1,0,Studio e kitnet,2100,2650
Rua Candiolina Matos de Santana,Parque Continental Ii,40,1,0,Casa,910,957
Rua Arthur Bliss,Jardim Casablanca,38,1,0,Studio e kitnet,1200,1268
Rua Bela Cintra,Cerqueira César,98,3,3,Apartamento,5950,8754
Travessa Ode Marcial,Vila Dom Pedro Ii,100,2,1,Casa,2690,2871
Rua Serra de Jairé,Quarta Parada,38,1,0,Apartamento,2290,2806
Rua Itapuí,Vila Arriete,29,1,0,Studio e kitnet,830,950
Av Prestes Maia,Centro Histórico de São Paulo,76,1,0,Apartamento,1750,2478
Rua Simão da Matta,Vila Guarani (zona Sul),40,2,1,Apartamento,2000,2559
Rua Jordânia,Vila Guilhermina,75,3,2,Casa em condomínio,3600,3943
Rua Coronel Deraldo Jordão,Ipiranga,120,3,3,Casa,5500,5962
Rua Tenente Gelás,Tatuapé,90,3,2,Apartamento,2100,3387
Rua Ministro Godói,Perdizes,23,1,0,Studio e kitnet,2900,3695
Avenida Rudge,Barra Funda,35,2,1,Apartamento,2125,2657
Rua Batataes,Jardim Paulista,30,1,0,Studio e kitnet,4500,5724
Rua Bem Vinda Apparecida de Abreu Leme,Santana,72,2,0,Apartamento,1650,2098
Rua Antônio Tavares,Cambuci,57,1,0,Apartamento,1750,2405
Rua Olívia Guedes Penteado,Socorro,35,2,0,Apartamento,1500,2015
Avenida Coronel Francisco Júlio César Alfieri,Vila São Paulo,55,2,1,Apartamento,2300,3206
Rua Frei Caneca,Consolação,26,0,0,Studio e kitnet,2810,3306
Rua Doutor Aires Martins Torres,Vila São Francisco,82,3,0,Apartamento,2000,2707
"R. Durvalino Blanco, 32 - Vila Aurora (zona Norte), São Paulo - Sp, 02410-002, Brasil",Vila Aurora (zona Norte),40,1,0,Casa,800,899
Rua Liestal,Lauzane Paulista,53,2,1,Apartamento,1150,1844
Avenida Duque de Caxias,Campos Elíseos,37,1,1,Apartamento,3650,4606
Rua Capitão Otávio Machado,Chácara Santo Antônio (zona Sul),80,3,1,Casa,2970,3176
Rua Doutor Mario Rodrigues Louzã,Jardim Sao Jose (sao Mateus),50,1,1,Casa,950,990
Avenida Manuel Pímentel,Parque Santa Madalena,54,2,0,Casa,1300,1405
Rua Domingos Torres,Casa Verde Média,65,2,0,Apartamento,1415,2136
Rua Isabel de Góis,Jardim Botucatu,63,3,1,Apartamento,1400,2017
Rua Ibitirama,Vila Prudente,55,2,1,Apartamento,2747,3361
Rua Padre Mariano Ronchi,Vila Pereira Cerca,60,2,1,Casa,1200,1251
Rua Itajara,Vila Andrade,130,3,3,Apartamento,6800,9680
Avenida Thomas Edison,Barra Funda,26,1,0,Apartamento,1400,1784
Rua André Domingues,Jardim Paraíso,28,1,0,Casa,1269,1322
Rua Itapicuru,Perdizes,42,1,0,Apartamento,3400,3532
Rua Francisca Miquelina,Bela Vista,28,1,0,Studio e kitnet,1718,2219
Rua Francisco Valente,Jardim Ester Yolanda,67,2,2,Apartamento,2320,3540
Rua da Glória,Liberdade,35,1,0,Apartamento,1590,1684
Rua Carlos Belmiro Correia,Parque Peruche,67,2,1,Apartamento,1400,2310
Rua Savério Quadrio,Parque Ipe,44,2,1,Apartamento,1800,2169
Avenida Doutor Bernardino Brito Fonseca de Carvalho,Vila Talarico,62,3,1,Apartamento,1700,2217
Avenida Miguel Estefno,Vila da Saúde,150,2,1,Casa,2040,2226
Avenida Intercontinental,Jardim Frei Galvao,28,1,0,Casa,770,802
Rua do Erário,Vila Bertioga,70,2,0,Casa,2065,2320
Rua dos Aliados,Vila Sao Pedro,50,2,1,Apartamento,2350,2850
Rua Hermeto Lima,Vila Alpina,75,2,1,Apartamento,2600,3233
Rua Martins,Butantã,25,1,0,Apartamento,2500,2996
Rua Palene,Vila Guilherme,127,3,2,Casa,3750,3917
Rua Jaboatão,Casa Verde,82,3,2,Apartamento,2100,3257
Rua Coronel Francisco Amaro,Brás,48,2,1,Apartamento,1600,2251
Rua Adolfo Lima Barros,Cidade Líder,60,1,0,Casa,1400,1533
Rua Hermínio Lemos,Cambuci,15,1,0,Studio e kitnet,1150,1194
Avenida Vila Ema,Vila Ema,61,3,1,Apartamento,1957,2532
Rua Inhambú,Vila Uberabinha,80,3,0,Apartamento,3100,4000
Rua Doutor Luiz Migliano,Jardim Vazani,110,3,2,Apartamento,6000,7842
Rua do Acre,Vila Bertioga,79,3,1,Apartamento,3230,4143
Rua Vicente Pereira de Assunção,Vila Constança,65,3,1,Apartamento,1872,2621
Rua Artur de Azevedo,Pinheiros,107,3,1,Apartamento,4000,5446
Avenida Nove de Julho,Bela Vista,25,1,0,Apartamento,2300,2709
Rua Carlos Luís da Silva,Interlagos,350,3,4,Casa,6616,7702
Avenida Coronel Sezefredo Fagundes,Tucuruvi,90,3,2,Apartamento,3600,3989
Rua Gregório Souza,Vila Nova Savoia,44,2,1,Apartamento,1500,1723
Avenida Padre Antônio José dos Santos,Cidade Monções,52,2,1,Apartamento,3500,4792
Avenida Vereador Abel Ferreira,Vila Regente Feijó,28,1,0,Studio e kitnet,1133,1265
Rua Nossa Senhora Mãe dos Homens,Vila Progresso,80,3,1,Apartamento,2750,3706
Rua Conselheiro Furtado,Liberdade,36,1,0,Studio e kitnet,1798,2261
Rua Sumagre,Jardim Cidade Pirituba,379,5,4,Casa,9000,9937
Rua Céu Tropical,Conjunto Residencial Jardim Canaã,133,2,2,Casa,3500,3654
Rua Ática,Jardim Brasil (zona Sul),65,2,1,Apartamento,1200,2225
Rua Henrique Schaumann,Pinheiros,127,3,2,Apartamento,4800,7085
Rua Doutor Clemente Jobim,Jardim da Glória,28,1,0,Apartamento,2000,2477
Rua Aníbal de Matos,Vila Ema,110,2,1,Casa em condomínio,2000,2226
Rua Paolo Coviello,Vila Moinho Velho,140,3,2,Casa,2800,3076
Alameda Ministro Rocha Azevedo,Jardim Paulista,180,3,2,Apartamento,11250,18500
Avenida São Luís,República,140,3,1,Apartamento,6499,7588
Avenida Senador Vergueiro,Anchieta,56,2,1,Apartamento,2536,3130
Rua Capitão José Amaral,Vila Portuguesa,45,2,2,Apartamento,1700,2030
R Joao Cachoeira,Vila Nova Conceição,128,2,2,Apartamento,11640,14120
Avenida Marcos Penteado de Ulhôa Rodrigues,Tamboré,101,2,2,Apartamento,4450,6022
Rua Girassol,Vila Madalena,71,2,1,Apartamento,6000,7076
Rua Bispo Eugênio Demazemod 388 Apto 61,Vila Alpina,49,2,1,Apartamento,1050,1620
Rua Tomé de Lara,Tucuruvi,41,2,0,Apartamento,1800,2019
Rua Celso Ramos,Vila Andrade,47,2,1,Apartamento,4000,4504
Rua Teixeira de Melo,Tatuapé,30,1,1,Studio e kitnet,2200,2664
Rua Padre Raimundo da Silva,Vila California,50,1,0,Casa,950,990
Rua Heitor Ariente,Vila Sonia,279,3,0,Casa,3600,4033
Rua Celso Vieira,Parque Reboucas,30,1,0,Apartamento,685,1126
Rua Domingos Ataide,Parque Reboucas,58,1,1,Apartamento,1800,2449
Rua Monte Alto,Cidade Mãe do Céu,110,2,0,Casa,2150,2317
Avenida do Cursino,Saúde,30,1,0,Casa em condomínio,900,988
Avenida Senador Casemiro da Rocha,Mirandópolis,56,2,0,Apartamento,3300,4532
Rua Comendador Francisco Pettinati,Jardim Monte Kemel,62,2,1,Apartamento,2820,3679
Rua Doutor Djalma Pinheiro Franco,Vila Santa Catarina,65,1,0,Studio e kitnet,2700,2938
Rua Paim,Bela Vista,32,1,1,Studio e kitnet,2300,2894
Rua Itamonte,Vila Medeiros,60,2,0,Casa,1150,1408
Rua João José Pacheco,Jardim Vila Mariana,22,1,0,Studio e kitnet,2700,3438
Rua dos Estudantes,Sé,27,1,0,Apartamento,2400,2863
Avenida Gregório Bezerra,Jardim Primavera (zona Sul),75,2,1,Apartamento,2400,3193
Rua Uratinga,Vila Palmeiras,133,3,3,Casa,4000,4367
Rua Enótria,Vila Mazzei,28,1,1,Studio e kitnet,1800,2079
Rua Bergamota,Alto da Lapa,86,3,1,Apartamento,2620,4108
Rua Claudino Pinto,Brás,62,2,1,Apartamento,1428,2046
Dona Maria Pera,São Judas,90,3,2,Apartamento,2900,4189
Rua Ponta Porã,Vila Ipojuca,80,2,3,Casa,2830,3034
Rua Elias Casseb,Jardim Santa Mônica,40,1,0,Casa,1000,1042
Rua Doutor José Carlos de Toledo Piza,Vila Andrade,200,3,3,Apartamento,8000,10610
Rua Betânia,Parque Oratório,70,2,2,Casa,3750,3923
Rua Xavier da Veiga,Santana,89,3,1,Apartamento,3162,4299
Rua Val de Palmas,Vila Santa Clara,48,2,1,Apartamento,2328,2868
Rua das Carmelitas,Centro Histórico de São Paulo,50,1,0,Apartamento,800,1581
Rua Pelotas,Vila Mariana,100,2,0,Casa,2350,2909
Rua Oliveira Catrambi,Jardim Vila Formosa,54,2,0,Studio e kitnet,6000,6577
Rua Marina Saddi Haidar,Jardim Umuarama,140,3,2,Casa,3930,4346
Rua João Antônio de Oliveira,Mooca,105,3,2,Apartamento,5000,6434
Rua Antônio Vivaldi,Jardim Guanca,50,1,0,Apartamento,1250,1341
Rua Doutor Gabriel de Resende Filho,Chora Menino,25,2,0,Apartamento,1400,1614
Rua Borges Lagoa,Vila Clementino,135,3,2,Apartamento,4000,6143
Rua Doutor Augusto de Miranda,Pompeia,75,2,1,Apartamento,2910,4503
Rua Domingos Augusto Setti,Jardim Vila Mariana,117,3,2,Apartamento,4280,6989
Avenida Presidente Humberto de Alencar Castelo Branco,Vila Leonor,60,2,1,Apartamento,1750,2388
Rua Paulo Il,Jardim Vitória Régia,35,1,0,Casa,882,1059
Avenida Tiradentes,Jardim Bom Clima,50,2,0,Casa,892,1030
Rua Jacatirão,Santo Amaro,463,4,5,Casa,11250,13370
Rua Bueno Brandão,Vila Nova Conceição,100,4,1,Apartamento,5850,7589
Rua Romão Freire,Vila Nilo,120,2,0,Casa,2040,2126
Rua Angá,Vila Formosa,60,1,0,Casa,1380,1576
Rua Paulistania,Sumarezinho,98,3,1,Apartamento,4100,5710
Rua Capitão João Rosa da Cruz,Água Rasa,75,2,1,Casa,2300,2408
Rua Isabel de Góis,Jardim Botucatu,60,3,1,Apartamento,1290,1927
Avenida Henriqueta Mendes Guerra,Vila São João,51,2,1,Apartamento,1790,2288
Rua Álvaro de Carvalho,Centro,25,1,0,Studio e kitnet,2500,3047
Rua Antônio Armando,Vila Bonilha,80,2,0,Casa,1260,1446
Rua Robertson,Cambuci,80,2,0,Casa,2700,2814
Estrada das Rosas,Santa Maria,48,2,1,Apartamento,1450,2004
Avenida Curió,Jardim Campanario,38,2,1,Apartamento,1400,2084
Rua João Anes,Alto da Lapa,123,3,2,Apartamento,3195,5043
Avenida Doutor Orêncio Vidigal,Penha de França,48,2,0,Apartamento,1600,2047
Rua São Gabriel da Palha,Jardim Silvia,64,2,1,Apartamento,1400,1488
Rua Bela Cintra,Consolação,140,3,1,Apartamento,8000,10000
Rua Aparecida Ramos Fuchida,Parque Continental I,46,2,0,Apartamento,1000,1148
Rua João Avelino Pinho Mellão,Fazenda Morumbi,140,3,3,Apartamento,2500,4854
Avenida São Remo,Vila Butantã,72,3,1,Apartamento,1500,2312
Rua Barão do Bananal,Vila Pompéia,150,4,2,Casa,10500,11320
Rua Maria Figueiredo,Paraíso,65,2,1,Apartamento,4000,5311
Rua Guaianaz da Fonseca,Vila Madalena,170,2,2,Casa em condomínio,6500,7343
Avenida do Rio Bonito,Socorro,53,3,1,Casa,2400,3586
Rua Tito,Vila Romana,116,3,3,Apartamento,6200,7922
Rua Marquês Maricá,Sacomã,38,1,0,Studio e kitnet,1030,1053
Alameda Lorena,Jardim Paulista,45,1,1,Studio e kitnet,5200,6409
Rua Doutor Ivo Define Frasca,Vila Olímpia,60,2,1,Apartamento,5239,6242
Rua Coronel Luís Barroso,Santo Amaro,35,1,1,Apartamento,2300,3345
Rua Rio de Janeiro,Osvaldo Cruz,79,2,1,Apartamento,1900,2525
Rua Frei Caneca,Consolação,25,1,0,Apartamento,2460,3088
Rua Antônio Tenreiro,Jardim Sul São Paulo,69,1,0,Casa,833,868
Rua Ambrizette,Panamby,360,5,4,Apartamento,9375,14870
Rua Saint Hilaire,Jardim Paulista,75,2,0,Casa,3500,4046
Rua Doutor José Elias,Alto da Lapa,70,2,2,Apartamento,6500,8121
Rua Cleonice Cândida Fanani,Jordanópolis,65,2,1,Apartamento,1100,1544
Rua Álvaro Nunes,Vila Congonhas,61,2,2,Apartamento,3500,4947
Rua Tabuaças,Jardim Marília,80,1,0,Casa,1150,1247
Rua Francisco Pessoa,Vila Andrade,107,3,2,Casa em condomínio,5400,7423
Rua 24 de Maio,Centro Histórico de São Paulo,33,1,0,Studio e kitnet,1200,1627
Rua Doutor Almeida Lima,Mooca,33,1,0,Apartamento,2500,2732
Rua Frei Caneca,Consolação,40,1,1,Studio e kitnet,3265,4081
Rua Itanhaém,Vila Prudente,50,2,1,Apartamento,2100,2915
Rua Martins Fontes,Centro,52,1,0,Apartamento,1749,2560
Rua Vespasiano,Vila Romana,120,3,0,Casa,5200,5747
Rua Nilza,Vila Esperança,42,1,0,Apartamento,1850,2121
Rua Jeni Klabin Segall,Sítio do Mandaqui,45,1,0,Casa,650,707
Avenida Doutor Cardoso de Melo,Vila Olímpia ,123,3,2,Apartamento,7800,10520
Rua Rego Freitas,República,28,1,0,Apartamento,1900,2274
Rua Basílio da Cunha,Vila Deodoro,97,3,0,Apartamento,2100,2697
Rua São Bernardo,Cidade Mãe do Céu,49,2,1,Apartamento,2800,2836
Rua Isidoro de Sevilha,Vila Cleonice,190,3,0,Casa,3000,3050
Rua Doutor Nicolino Morena,Vila Constança,60,2,1,Apartamento,1350,1875
Rua João Cordeiro,Moinho Velho,170,3,4,Casa,3100,3427
Alameda Tietê,Jardim Paulista,130,2,2,Apartamento,9800,12100
Rua Frei Inácio da Conceição,Vila São Luís(zona Oeste),140,2,3,Casa,2900,3153
Rua Minas Gerais,Higienópolis,136,1,2,Apartamento,9000,12760
Rua Cristiano Viana,Cerqueira César,126,3,1,Apartamento,8910,11290
Rua José Tavares Siqueira,Parque São Jorge,67,2,1,Apartamento,4471,5368
Rua Joaquim Lapas Veiga,Jardim D’abril,39,1,1,Apartamento,1300,2114
Rua Nunes Balboa,Vila Carrão,50,2,0,Apartamento,1420,1759
Avenida Rio Bonito,Socorro,55,2,1,Apartamento,1955,3140
Rua Santo Egídio,Santa Teresinha,58,2,1,Apartamento,1492,2199
Rua Correia da Câmara,Vila Tolstoi,38,2,1,Apartamento,2100,2631
Rua Bacaetava,Vila Gertrudes,90,3,1,Apartamento,3758,4991
Rua Enótria,Vila Mazzei,29,1,0,Studio e kitnet,1325,1846
Rua Bragança Paulista,Vila Cruzeiro,110,2,2,Apartamento,5500,7162
Rua Ibitinga,Vila Bertioga,180,3,4,Casa,4500,4721
Rua Abílio Soares,Paraíso,94,2,1,Apartamento,2712,4579
Rua Fernandes Moreira,Chácara Santo Antônio (zona Sul),95,3,2,Apartamento,7100,8563
Rua Abelardo Pinto,Centro Histórico de São Paulo,120,2,0,Apartamento,1500,2272
Rua Butiá,Vila Regente Feijó,68,2,2,Apartamento,3000,3738
Rua João de Sousa Dias,Campo Belo,77,3,2,Apartamento,3300,4425
Avenida Professor José Maria Alkmin,Jardim Ester,270,5,2,Casa,3800,4121
Rua Sansão Alves dos Santos,Cidade Monções,40,1,1,Apartamento,4500,6086
Rua Professora Nícia de Paula,Vila Santa Maria,90,2,2,Casa,1900,2081
Alameda Bertioga,Alphaville,360,3,2,Casa em condomínio,11440,13270
Alameda Lorena,Jardim Paulista,134,3,1,Apartamento,5000,7588
Rua Herculano de Freitas,Bela Vista,35,1,0,Apartamento,1400,2104
Rua País Natal,Jardim Filhos da Terra,102,2,0,Apartamento,7690,7987
Rua Clemente Pereira,Ipiranga,54,2,0,Apartamento,1820,1923
Rua Henrique Casela,Penha de França,45,2,1,Apartamento,2400,2733
Rua Senador Georgino Avelino,Itaquera,48,2,1,Apartamento,2500,2896
Rua Felisbina Ferreira,Vila Carrão,48,2,1,Apartamento,1600,2062
Rua Doutor Augusto de Miranda,Vila Pompéia,160,3,4,Casa,6300,7010
Rua Conselheiro Moreira de Barros,Santana,140,3,2,Apartamento,6500,8399
Rua Américo Garibaldi,Vila Arruda,50,1,0,Casa,1100,1237
Rua Benedito Pereira de Borba,Vila Socorro,250,3,2,Casa,3900,4066
Rua São Paulo Antigo,Real Parque,129,3,2,Apartamento,6560,10300
Rua Maestro Tom Jobim,Jardim Anália Franco,470,4,5,Apartamento,10000,19760
Rua Giácomo Cozzarelli,Vila Santa Teresa,49,2,1,Apartamento,1375,1738
Rua Francisco Leitão,Jardim America,82,1,1,Apartamento,8000,9187
Rua Rubens de Souza Araújo,São Domingos,56,2,1,Apartamento,2300,3194
Rua Manuel da Nóbrega,Paraíso,124,3,2,Apartamento,7000,8533
Rua dos Andradas,Santa Efigênia,30,1,0,Apartamento,1040,1330
Rua Giacomo Cozzarelli,Vila Santa Teresa (zona Sul),48,2,1,Apartamento,1150,1509
Rua Doutor Washington Pedro Lanzzelotti,Novo Osasco,60,1,0,Casa,1200,1251
Rua Conselheiro Ramalho,Bela Vista,35,1,0,Studio e kitnet,999,1512
Rua Doutor Eduardo de Magalhães Gouveia,Jardim Luísa,27,1,0,Casa,600,625
Rua Laurentina Jorge Ribeiro,Vila Salete,99,3,2,Casa em condomínio,3264,3642
Avenida Nove de Julho,Bela Vista,32,1,0,Apartamento,2540,2938
Rua Vicente Pereira de Assunção,Vila Constança,50,1,0,Apartamento,1330,1451
Rua Brigadeiro Galvão,Barra Funda,65,2,2,Apartamento,3000,4132
Avenida Mascote,Vila Mascote,89,3,2,Apartamento,2700,3993
Rua Doutor Almeida Nogueira,Penha de França,50,1,0,Casa em condomínio,1700,1865
Rua Labatut,Ipiranga,80,2,0,Casa,2082,2170
Rua Benvinda Aparecida de Abreu Leme,Santana,68,2,0,Apartamento,1360,1799
Rua Piratininga,Jardim Brasília (zona Norte),40,1,1,Apartamento,1700,2195
Rua Doutor João Batista de Lacerda,Quarta Parada,72,3,1,Apartamento,3300,4022
Alameda Santos,Cerqueira César,54,1,1,Apartamento,4400,5486
Rua Carapocaia,Vila Isolina Mazzei,45,2,0,Apartamento,1550,1790
Rua Professor Dorival Dias Minhoto,Lauzane Paulista,142,3,2,Apartamento,6220,8055
Rua Três Rios,Bom Retiro,40,2,0,Apartamento,1300,1690
Avenida Ipiranga,Centro Histórico de São Paulo,53,1,0,Apartamento,1105,1597
Avenida Prestes Maia,Centro,37,1,0,Studio e kitnet,1100,1918
Rua Realismo,Cidade Ademar,150,2,6,Casa,3287,3427
Rua Caetano de Oliveira,Jardim da Glória,37,1,0,Apartamento,1400,1887
Avenida Itaboraí,Bosque da Saúde,68,2,1,Apartamento,4000,5343
Rua Juventus,Mooca,153,3,1,Apartamento,3280,5094
Rua Silveira Martins,Santa Teresinha,115,2,2,Casa,3500,3665
Rua Santo Antônio,Bela Vista,80,2,1,Studio e kitnet,4500,6284
Rua Maria do Carmo,Vila Trabalhista,34,1,0,Casa,1100,1161
Rua Major Quedinho,Centro Histórico de São Paulo,36,1,0,Studio e kitnet,1200,1824
Avenida Cupecê,Jardim Prudência,31,1,0,Apartamento,1780,2194
Rua Jacques Félix,Vila Nova Conceição,57,1,1,Apartamento,3940,5677
Rua João de Laet,Vila Aurora (zona Norte),64,2,1,Apartamento,1920,2664
Rua dos Estudantes,Sé,28,1,0,Apartamento,2600,3130
Avenida São João,República,34,1,0,Studio e kitnet,1063,1470
Rua Francisco Teles Dourado,Jardim Prudência,170,3,1,Casa,2910,3239
Rua Caetanópolis,Jaguaré,40,1,0,Casa,1418,1471
Alameda Amazonas,Alphaville Industrial,98,2,2,Apartamento,6850,8136
Rua Otávio Marques,Vila Eldízia,240,3,2,Casa,3420,3610
Rua Curumataí,Vila Santa Virginia,69,1,4,Casa,1600,1751
Rua Gandavo,Vila Clementino,70,1,0,Apartamento,2615,3366
Rua Visconde de Parnaíba,Mooca,53,2,0,Apartamento,1800,2324
Rua Barão de Loreto,Vila São José,30,1,0,Studio e kitnet,860,1696
Rua Haddock Lobo,Consolação,240,4,1,Apartamento,15000,19590
Alameda Grajaú,Alphaville Industrial,66,2,1,Apartamento,3350,4053
Rua José Acioli,Vila Guarani(zona Leste),45,1,1,Casa,1000,1042
Rua Leopoldo Couto de Magalhães Júnior,Itaim Bibi,42,1,1,Apartamento,3500,4591
Rua Padre Guido Del Toro,Chácara Inglesa,125,1,1,Casa,1890,2254
Rua Santina da Costa,Vila Campesina,202,3,5,Casa,4500,4925
Rua Agostinho Correia,Vila Regina,50,2,1,Apartamento,1300,1650
Avenida Doutor Guilherme Dumont Vilares,Jardim Londrina,145,4,2,Apartamento,5175,7147
Rua Sapucaia,Mooca,70,2,0,Apartamento,1542,2076
Rua Jesuíno Rabello,Vila Milton,60,2,1,Apartamento,1683,2159
Rua Dom José Antônio dos Reis,Jardim Bélgica,220,4,2,Casa,4500,5099
Rua Pedro Cacunda,Jardim São Paulo(zona Norte),126,3,1,Casa,3500,3848
Praça Tristão da Cunha,Água Rasa,270,5,3,Casa,3980,4874
Alameda dos Jurupis,Moema,31,1,0,Apartamento,3200,4003
Rua Gregório de Matos,Vila Regente Feijó,75,3,2,Apartamento,3760,4823
Rua Maragojipe,Vila Antonina,40,2,1,Apartamento,2200,2501
Rua Albino Boldasso Gabril,Vila Cruzeiro,43,1,0,Studio e kitnet,1300,1494
Rua Canindezinho,Jardim das Vertentes,210,3,3,Casa,10880,11640
Rua Antônio Fóster,Vila Socorro,40,1,0,Studio e kitnet,1260,1608
Rua Apeninos,Vila Mariana,25,1,0,Apartamento,3550,4045
Rua Garção Tinoco,Santana,58,2,1,Apartamento,2550,3364
Alameda Mamoré,Alphaville Industrial,40,1,1,Studio e kitnet,3200,4182
Rua Vergueiro,Vila Mariana,60,2,1,Apartamento,2200,3612
"R. Dr. Almeida Lima - Brás, São Paulo - Sp, 03046-010, Brasil",Brás,29,1,0,Apartamento,3000,3396
Rua Barão de Iguape,Liberdade,50,2,1,Apartamento,2086,2601
Rua Chiquinha Rodrigues,Caxingui,215,3,4,Casa,10000,11120
Rua da Consolação,Consolação,24,1,0,Studio e kitnet,3000,3756
Rua Damiro de Oliveira Volpe,Vila Nova Conceição,250,2,3,Casa,7600,9466
Alameda Tutóia,Gopoúva,76,2,1,Apartamento,2100,3090
Rua Doutor Valentim de Queirós,Jardim Regina,18,1,0,Studio e kitnet,1050,1121
Alameda Cauaxi,Alphaville Industrial,41,1,1,Apartamento,3000,4576
Rua Alegria,Brás,74,3,1,Apartamento,3915,4950
Rua do Golfinho,Jardim Paraiso,70,2,2,Apartamento,3386,3516
Rua Avanhandava,Consolação,30,1,0,Studio e kitnet,1200,1664
Rua Luís Carlos Paraná,Jardim Cidalia,65,2,0,Apartamento,2400,2431
Rua do Bosque,Barra Funda,35,2,1,Apartamento,1700,2316
Rua Palestina,Vila Mascote,131,3,3,Apartamento,13500,15400
Rua Antônio João Fiore,Vila Gomes Cardim,38,1,0,Apartamento,1400,1577
Rua Bucuituba,Vila Margarida,40,1,1,Apartamento,1284,1518
Rua Barão de Vallim,Campo Belo,85,2,1,Apartamento,3200,4433
Rua Resedá,Jardim das Flores,250,3,2,Casa,3600,4068
Rua Ministro Gastão Mesquita,Perdizes,84,3,2,Apartamento,3509,5164
Avenida Pompéia,Vila Anglo Brasileira,200,5,3,Casa,9690,10520
Rua Francisco Siracusa,Parque Fongaro,170,2,1,Casa,2200,2347
Rua Doutor Celso Dario Guimarães,Jardim Morumbi,310,4,3,Casa em condomínio,5500,10030
Rua Carlos Sampaio,Bela Vista,125,3,1,Casa em condomínio,6000,6264
Rua Cláudia,Vila Marieta,55,2,1,Apartamento,1700,2400
Rua Maurício Jacquey,Rudge Ramos,58,2,1,Apartamento,1090,1504
Avenida Padre Arlindo Vieira,Vila Vermelha,70,2,1,Apartamento,1266,1909
Ibituruna,Parque Imperial,60,2,1,Apartamento,2300,2981
Rua José Antônio Coelho,Vila Mariana,31,1,0,Apartamento,2800,2908
Rua Turiassu,Perdizes,19,1,1,Studio e kitnet,2200,2826
Rua Caetano Pinto,Brás,46,2,0,Apartamento,1750,2141
Rua Lourenço Nunes,Vila Marari,95,3,1,Casa,4400,4586
Rua Massaranduba,Vila Monte Alegre,40,1,1,Apartamento,2500,2596
Rua Ernesto de Oliveira,Jardim Vila Mariana,77,3,2,Apartamento,3300,5342
Rua Humberto de Campos,Vila Guarani,200,3,2,Apartamento,8000,10450
Avenida Salgado Filho,Centro,32,1,1,Studio e kitnet,2000,2499
Rua Maracá,Vila Guarani (z Sul),62,2,1,Apartamento,1870,3124
Avenida Brigadeiro Luís Antônio,Centro Histórico de São Paulo,42,1,1,Apartamento,2800,3350
Rua Doutor Guilherme Cristofel,Santana,139,4,3,Apartamento,7000,10270
dos Pinheiros,Pinheiros,114,2,0,Apartamento,3500,3635
Rua Rio Claro,Vila Camilópolis,90,2,2,Casa,2180,2280
Rua Ibitirama,Vila Prudente,126,3,0,Apartamento,2725,3160
Rua Jesuíno Antônio,Novo Osasco,55,2,1,Apartamento,1800,2399
Rua Afonso Braz,Vila Nova Conceição,107,1,1,Apartamento,5850,7385
Rua Birigui,Jardim Graziela,37,1,0,Studio e kitnet,1050,1112
Rua Sócrates,Campo Grande,92,2,1,Apartamento,6000,7081
Rua Galileu,Jardim Aeroporto,150,3,2,Casa,3600,3878
Rua França Pinto,Vila Mariana,135,3,0,Apartamento,2496,3340
Rua Vinte E Nove de Outubro,Vila Matilde,130,2,2,Casa em condomínio,4500,4891
Rua Humberto I,Vila Mariana,16,1,0,Apartamento,3200,3809
Rua Luís Correia de Melo,Vila Cruzeiro,59,1,1,Apartamento,3999,4875
Rua Três Lagoas,Vila Sao Nicolau,157,3,2,Casa,2500,2606
Rua Atibaia,Vila Valparaiso,90,2,2,Apartamento,3690,4004
Avenida General Valdomiro de Lima,Jabaquara,31,1,1,Apartamento,1786,1855
Avenida Guarapiranga,Parque Alves de Lima,48,2,1,Apartamento,1890,2509
Avenida Rangel Pestana,Brás,30,1,0,Studio e kitnet,1275,1686
Rua José Jardim da Silveira,Jardim Taquaral,34,2,0,Apartamento,1697,2258
Rua Ameixeiras,Taboão,28,1,0,Casa,550,604
Rua Vale-verde,Vila Roque,50,1,0,Casa,1100,1147
Rua José Antônio Coelho,Vila Mariana,179,4,0,Apartamento,4725,6590
Rua Clodomiro de Oliveira,Parque Reboucas,40,1,1,Apartamento,2250,2687
Rua Tebas,Vila Mascote,84,1,2,Apartamento,4050,5549
Rua Antônio Gomes Ferreira,Parque Fongaro,33,2,0,Studio e kitnet,1200,1627
Rua Brigadeiro Tobias,Centro,50,1,0,Apartamento,1202,1549
Rua Saturno,Santo Antônio,125,3,0,Casa,1500,1813
Rua Melo Palheta,Água Branca,50,2,1,Apartamento,1790,2909
Rua Bartolomeu de Gusmão,Vila Mariana,25,1,0,Apartamento,2500,3196
Avenida Santa Inês,Parque Mandaqui,127,2,1,Apartamento,2100,2940
Rua Doutor Almeida Lima,Mooca,30,1,0,Apartamento,3000,3306
Rua Coronel Deraldo Jordão,Vila Firmiano Pinto,90,2,2,Apartamento,5200,6574
Rua Bento Arruda,Santa Teresinha,126,2,3,Casa,3400,3706
Rua Pantojo,Vila Regente Feijó,90,1,2,Apartamento,5500,7529
Rua Piraçununga,Vila Bertioga,65,2,1,Casa,2200,2345
Alameda Cores da Mata,Tamboré,127,2,2,Apartamento,7170,9368
Rua Tabatinguera,Sé,90,3,3,Apartamento,1300,2550
Avenida Candida Oliveira das Dores,Tamboré,39,1,1,Apartamento,2900,3347
Rua Visconde de Inhomerim,Mooca,100,3,0,Casa,2500,2756
Rua Túnis,Jardim Maristela,90,2,1,Casa,2600,2710
Rua Fiandeiras,Vila Olímpia,46,1,2,Studio e kitnet,7500,9834
Rua Benedito Coelho Netto,Itaquera,80,2,1,Casa,1450,1621
Avenida do Taboão,Taboão,50,2,1,Apartamento,1000,1670
Avenida Senador Vergueiro,Rudge Ramos,65,2,1,Apartamento,3000,3884
Rua Solimões,Barra Funda,150,3,0,Apartamento,2500,2730
Rua Helena Zerrener,Liberdade,23,1,0,Studio e kitnet,753,1162
Rua Professor Lúcio Martins Rodrigues,Jardim Leonor,512,5,6,Casa,9000,10680
Rua Umuarama,Vila Prudente,170,3,1,Casa,3800,4126
Rua Hipódromo,Mooca,200,4,1,Casa,4400,4849
Rua Amélia Almeida Lucas,Imirim,200,3,1,Casa,4490,4925
Rua Hideo Suguiyama,Campo Belo,140,2,2,Casa,4650,5056
Rua Rainha Vitória Eugênia,Vila Campestre,51,2,1,Apartamento,2350,2885
Avenida Diógenes Ribeiro de Lima,Alto de Pinheiros,95,3,2,Apartamento,5000,6811
Rua Tiangua,Vila Mascote,100,3,2,Apartamento,3500,5223
Rua Doutor Fábio Montenegro,Vila Guilhermina,41,1,0,Apartamento,1750,2128
Rua Manoel Rodrigues da Costa,Vila Guedes,80,2,2,Casa,2000,2085
Avenida Parkinson,Alphaville Empresarial,176,3,3,Apartamento,12000,14410
Rua Aurora Paulistana,Vila Marina,220,3,2,Casa,3000,3127
Rua Engenheiro Bianor,Butantã,50,2,0,Apartamento,4500,5461
Avenida Celso Garcia,Tatuapé,36,1,0,Studio e kitnet,883,1440
Rua Guareí,Vila Bertioga,80,2,0,Casa,2800,2919
Avenida Doutor José Maciel,Jardim Maria Rosa,40,1,0,Studio e kitnet,850,925
Rua Frederico Von Martius,Vila Monumento,189,2,5,Casa,3000,3511
Rua Mariz E Barros,Jardim da Gloria,32,2,0,Apartamento,3000,3049
Rua Pernambucana,Conceição,50,2,1,Apartamento,2800,2987
Avenida Santo Amaro,Vila Nova Conceição,127,3,1,Apartamento,5625,7976
Praça Marechal Deodoro,Santa Cecilia,50,1,0,Apartamento,1940,2385
Rua Juçara,Bosque da Saúde,120,2,1,Casa,3366,3609
Rua Pascoal Vita,Vila Madalena,75,2,2,Apartamento,3000,4326
Avenida Rouxinol,Indianópolis,42,1,0,Apartamento,4250,5264
Rua Maria Daffre,Quinta da Paineira,126,2,0,Casa,2200,2621
Avenida Paes de Barros,Mooca,133,3,1,Apartamento,4470,5709
Rua Treze de Maio,Bela Vista,160,3,1,Apartamento,4500,6254
Rua Corumbaiba,Vila Oratório,57,2,1,Apartamento,3100,3746
Rua Suzano,Jardim Paulista,36,1,1,Apartamento,5127,6218
Avenida Professor Francisco Morato,Vila Sonia,54,2,2,Apartamento,2200,3109
Rua da Economia,Vila Nova Savoia,38,1,0,Casa,1000,1276
Rua da Consolação,Consolação,73,2,1,Apartamento,2950,4885
R. Justino Nigro,Interlagos,133,3,2,Casa,5000,5224
Rua Professor Arnaldo João Semeraro,Jardim Santa Emília,41,2,1,Apartamento,2408,2836
Rua Padre Benedito de Camargo,Penha de França,55,2,1,Apartamento,1700,2566
Rua Bernardo de Quadros,Vila Morse,90,2,1,Casa,2800,2969
Avenida Ipiranga,Sé,45,1,0,Apartamento,3000,4116
Rua Lindório,Vila Domitila,70,2,1,Casa,1930,2041
Rua Brás Cubas,Centro,210,3,1,Apartamento,2500,3394
Rua Martim Afonso,Belenzinho,52,2,1,Apartamento,2400,3245
Rua Coronel Fawcett,Vila Moraes,120,2,1,Casa,1400,1519
Rua Herculânia,Vila Monumento,210,3,2,Casa,4800,5240
Avenida Antônio Buono,Vila Guarani(zona Leste),35,1,0,Studio e kitnet,1110,1153
Rua Gregório de Morais Rego,Jardim Consorcio,30,1,0,Casa,1100,1213
Rua Enéas de Barros,Vila Santana,50,2,0,Casa em condomínio,1375,1433
Rua Hayden,Vila Leopoldina,87,2,0,Apartamento,2000,2833
Rua Joaquim Antunes,Pinheiros,49,1,1,Apartamento,3600,4589
Rua Riga,Sacomã,70,2,1,Apartamento,1590,1787
Rua Dom Bento Pickel,Casa Verde Alta,40,1,0,Casa,650,717
Largo do Arouche,República,80,2,0,Apartamento,2250,2877
Rua São Jorge,Parque São Jorge,63,2,0,Apartamento,3000,3116
Rua Peixoto Gomide,Jardim Paulista,268,3,2,Apartamento,9700,14570
Praça da República,República,350,3,1,Apartamento,8100,12040
Rua José Alves de Oliveira,Vila Maria Zélia,75,3,1,Casa,3200,3335
Rua Visconde de Itaboraí,Vila Azevedo,90,2,1,Apartamento,3200,4339
Avenida Rangel Pestana,Brás,33,1,0,Apartamento,1275,1687
Avenida Professor Luiz Ignácio Anhaia Mello,Vila Prudente,45,2,0,Apartamento,3000,3382
Rua Castilho,Brooklin,67,2,1,Apartamento,5750,7059
Rua Moacir Miguel da Silva,Jardim Bonfiglioli,250,2,1,Casa,3200,3435
Rua Conselheiro Crispiniano,República,54,1,0,Studio e kitnet,1300,2276
Rua Augusta,Consolação,96,2,0,Apartamento,3774,4739
Avenida Ministro Petrônio Portela,Vila Amélia,70,3,1,Apartamento,2250,3017
Rua Jovina,Vila Mascote,30,1,0,Apartamento,1730,1922
Rua Barão de Tramandaí,Vila Alpina,46,2,0,Apartamento,1700,1886
Rua Bela Cintra,Consolação,96,2,1,Apartamento,5000,6144
Rua Guaricanga,Lapa,60,1,1,Casa,2410,2512
Rua Lima Cantuária,Vila Industrial,86,2,0,Casa,1900,1981
Rua Maracá,Vila Guarani (z Sul),73,1,1,Apartamento,3500,4623
Rua Braúlio Guedes,Gopoúva,54,2,1,Apartamento,1300,1783
Avenida Xavier Pinheiro,Vila Formosa,50,1,1,Casa,850,1139
Rua Capricho,Vila Nivi,50,1,0,Casa,1034,1155
Rua da Glória,Liberdade,34,1,0,Apartamento,2350,3030
Rua Embuaçu,Vila Mariana,40,1,0,Studio e kitnet,1700,1950
Rua Floresto Bandecchi,Jaguaré,49,2,1,Apartamento,1150,1879
Alameda Itu,Jardim Paulista,105,3,2,Apartamento,8000,10840
Rua Baltazar Brum,Vila Ré,50,1,0,Casa,965,1064
Rua Crítios,Vila Suzana,210,2,2,Apartamento,5000,7528
Rua Rio Grande do Norte,Vila São Pedro,52,2,1,Apartamento,1600,2062
Rua Pedro Taques,Consolação,67,1,0,Apartamento,7500,9199
Rua José Casas Garcia,Jardim Rosa Maria,70,2,1,Casa,1950,2033
Rua Belo Horizonte,Jardim Brasília (zona Norte),46,1,0,Apartamento,1286,1362
Rua José Gonçalves Gomide,Vila Guilherme,35,1,0,Studio e kitnet,750,959
Avenida Elísio Teixeira Leite,Vila Brasilandia,50,2,0,Apartamento,1445,1639
Avenida Túlio Teodoro de Campos,Vila Paulista,56,3,1,Apartamento,2700,3554
Rua Santo Amaro,Bela Vista,27,1,0,Apartamento,1925,2320
Rua João Fernandes Camisa Nova Júnior,Jardim São Luís,150,3,1,Casa,3000,3274
Rua Bento Manuel,Tatuapé,250,4,3,Casa,4250,5681
Rua Havaí,Sumaré,193,3,2,Apartamento,14000,17270
Rua Estela,Vila Mariana,152,6,1,Casa,6000,6755
Rua Domingos Fasolari,Casa Verde,40,1,1,Apartamento,1800,2562
Rua Ângelo Zanini,Jardim Cidade Pirituba,170,3,2,Casa,5500,5833
Rua Pamplona,Jardim Paulista,66,1,2,Apartamento,5400,7034
Rua Félix Guilhem,Lapa de Baixo,270,6,0,Casa,5625,6078
Rua Almo Abrahão Bertazzo,Freguesia do Ó,29,1,0,Apartamento,1100,1142
Rua Alexandre Mortali,Moinho Velho,110,2,2,Casa,3345,3487
Avenida Imirim,Imirim,45,1,0,Casa,1200,1351
Rua Luiz da Costa Ramos,Água Funda,51,2,1,Apartamento,3000,3759
Praça Alberto Lion,Cambuci,42,2,0,Apartamento,1460,1916
Rua João Moura,Pinheiros,50,1,0,Casa em condomínio,2000,2294
Rua Sebastião Salgado,Jardim Colombo,180,3,3,Casa,4125,4571
Rua Dráusio,Butantã,36,1,0,Studio e kitnet,3000,3775
Rua François Coty,Cambuci,34,2,1,Apartamento,1680,2170
Rua Salete,Santana,130,3,3,Apartamento,6100,7969
Rua Doutor Oscar Monteiro de Barros,Vila Suzana,60,2,2,Apartamento,2910,3897
Rua Amauri,Jardim Europa,42,1,1,Apartamento,3410,5840
Avenida São João,República,56,1,0,Apartamento,1200,1795
Rua Bonnard,Alphaville Empresarial,52,2,1,Apartamento,5500,5970
Rua Engenheiro Jean Buff,Jardim Paraíso,161,3,2,Casa,3900,4265
Rua Taquaruçu,Vila Parque Jabaquara,202,3,2,Casa,2430,3069
Rua Abelardo Pinto Piolin,Centro,30,1,0,Studio e kitnet,1200,1632
Rua Conde de Porto Alegre,Campo Belo,482,4,4,Casa,11250,15060
Avenida do Café,Vila Guarani (z Sul),40,1,0,Apartamento,1800,2691
Rua Guaranésia,Vila Maria,40,1,0,Apartamento,1250,1847
Rua João da Rocha,Jardim Consorcio,196,3,2,Casa,3300,3652
Rua Domingos Paiva,Brás,58,2,1,Apartamento,3675,4767
Rua Rangel Pestana,Sé,62,1,0,Apartamento,1200,1659
Rua Demétrio Ribeiro,Cidade Mãe do Céu,160,3,1,Casa,4200,4620
Rua Dante Alighieri,Vila Prudente,100,2,0,Casa,6300,6985
Rua Piauiense,Conceição,25,1,0,Casa,768,800
Rua Amador de Barros Júnior,Vila Marina,125,3,0,Casa,1800,1876
Rua Camajó,Jardim Vergueiro (sacomã),40,1,0,Casa,722,814
Rua da Consolação,Cerqueira César,130,3,1,Apartamento,10000,13370
Rua Henrique Xavier,Vila Carrão,60,1,0,Casa,1250,1403
Rua Azevedo Marques,Santa Cecília,53,1,1,Apartamento,2500,3596
Rua Joracy de Camargo,Jardim Paraventi,40,1,0,Casa,900,968
Rua Ilíria,Vila Moinho Velho,32,1,0,Studio e kitnet,1700,2091
Rua Barão de Iguape,Liberdade,45,2,1,Apartamento,1900,2397
Alameda Ministro Rocha Azevedo,Cerqueira César,210,3,0,Apartamento,15000,19880
Rua Santo Amaro,Bela Vista,24,1,0,Studio e kitnet,1126,1370
Rua Antonio Palmieri,Vila Medeiros,50,1,1,Apartamento,1099,1441
Rua Professor Tranquilli,Vila Mariana,80,2,2,Apartamento,4200,5736
Rua Oliveira Catrambi,Jardim Vila Formosa,77,2,0,Apartamento,6000,6577
Rua Tucuna,Vila Pompéia,154,4,3,Apartamento,4700,7609
Rua Yvorne,Lauzane Paulista,35,1,1,Apartamento,1420,2004
Alameda Casa Branca,Jardim Paulista,140,2,1,Apartamento,12000,14240
Rua Ibéria,Vila Isolina Mazzei,38,1,0,Apartamento,1250,1388
Avenida Álvaro Ramos,Belenzinho,28,1,0,Studio e kitnet,1244,1292
Avenida Cásper Líbero,Centro Histórico de São Paulo,27,1,0,Apartamento,980,1360
Avenida Raimundo Pereira de Magalhães,Jardim Íris,47,2,0,Apartamento,1600,2386
Rua Antônieta Francolino,Jardim Piratininga,80,3,1,Casa,2028,2114
Rua Tenente Negrão,Itaim Bibi,36,1,1,Studio e kitnet,3500,5810
Rua da Glória,Liberdade,28,1,0,Studio e kitnet,2000,2327
Avenida Gaivota Preta,Jardim Valéria,50,2,1,Apartamento,950,1221
Rua Monteiro,Vila Monumento,20,1,0,Studio e kitnet,1170,1283
Avenida Cásper Líbero,Centro,29,1,0,Studio e kitnet,1434,1490
Avenida Rubens Fraga de Toledo Arruda,Engenheiro Goulart,46,2,0,Apartamento,1400,1758
Rua Manoel Dutra,Bela Vista,34,1,0,Studio e kitnet,1100,1623
Avenida Norberto Mayer,Vila Carrão,60,1,0,Apartamento,1200,1405
Rua Avanhandava,Consolação,21,1,0,Studio e kitnet,1200,1640
Rua Anhumas,Vila Santa Virginia,35,1,0,Apartamento,1280,1409
Rua Domingos Lopes da Silva,Vila Suzana,35,1,1,Apartamento,959,1840
Avenida Doutor Gentil de Moura,Ipiranga,105,2,1,Apartamento,3800,4763
Rua Martins Fontes,Bela Vista,67,2,1,Apartamento,4250,5578
Rua Coronel Junqueira Franco,Jardim Taboão,117,3,1,Casa,3010,3193
Rua Vilela,Tatuapé,70,2,2,Apartamento,2700,3871
Rua Marquês de Lages,Vila Brasilina,176,4,2,Casa,3000,3150
Rua Aristides da Silveira Lobo,Jardim Prudência,315,4,5,Casa,8400,9390
Rua Doutor Olavo Egídio,Santana,32,1,1,Studio e kitnet,2900,5149
Rua Andrea Del Castagno,Vila Santa Maria,300,3,5,Casa,5800,6347
Rua Jorge Tibiriçá,Vila Mariana,80,3,2,Apartamento,6000,7533
Rua Ática,Campo Belo,75,2,0,Apartamento,1980,3505
Avenida Paulista,Bela Vista,140,2,0,Apartamento,6000,7532
Rua Doutor Bitencourt Rodrigues,Sé,119,2,0,Apartamento,2720,3645
Avenida Jandira,Indianópolis,31,1,1,Studio e kitnet,2430,4395
Rua Paulo Lício Risso,Jardim Bonfiglioli,200,4,3,Casa,3750,4062
Rua Alonso Calhamares,Vila Regente Feijó,50,1,1,Apartamento,3200,4131
Rua Maestro Cardim,Liberdade,30,1,1,Studio e kitnet,3500,5021
Rua Coronel Virgilio dos Santos,Jaguará,120,2,0,Casa,3800,3961
Rua Porfírio do Nascimento,Vila Romano,75,3,1,Casa,3800,3961
Rua Damásio Mascarenhas,Santana,70,2,0,Casa,2700,2814
Rua Antônio Chagas,Chácara Santo Antônio (zona Sul),100,2,0,Apartamento,2825,3059
Rua Vicente Pereira de Assunção,Vila Constança,40,1,0,Casa,1000,1096
Rua Doutor Diogo de Faria,Vila Clementino,24,1,0,Apartamento,3500,4035
Rua Pantaleão Brás,Jardim Ester,150,3,3,Casa,3120,3252
Rua José Lógulo,Mooca,450,5,5,Casa,15000,16800
Rua Oscar Freire,Pinheiros,80,1,1,Apartamento,6500,7940
Avenida Piassanguaba,Planalto Paulista,27,1,0,Studio e kitnet,1200,1339
Rua Bárbara Heliodora,Vila Romana,59,2,0,Apartamento,2230,3192
Rua Texas,Brooklin,120,3,2,Casa,5000,5083
Rua Domingos José Sapienza,Vila Amalia (zona Norte),50,2,1,Apartamento,1800,2419
Rua Astrolábio,Vila do Encontro,150,2,1,Casa,1554,1620
Rua Jorge Cândido Marin,Taboão,50,2,1,Apartamento,1300,2000
Rua Aurora,Santa Efigênia,25,1,0,Studio e kitnet,884,1163
Rua Barata Ribeiro,Bela Vista,18,1,0,Studio e kitnet,4000,4754
Rua Uacari,Cidade Antônio Estêvão de Carvalho,60,2,0,Casa,1200,1251
Rua Joaquim Távora,Vila Mariana,180,2,3,Apartamento,9190,12600
dos Pinheiros,Pinheiros,72,2,1,Apartamento,11000,12260
Rua dos Estudantes,Sé,40,1,1,Apartamento,1700,1766
Rua Doutor Fábio Montenegro,Vila Guilhermina,39,1,0,Apartamento,1560,1800
Rua Francisco de Vitória,Jardim Vila Mariana,74,2,2,Apartamento,2900,4402
Avenida Senador Queirós,Centro,39,1,0,Studio e kitnet,1600,2321
Rua Rego Freitas,Socorro,45,1,0,Apartamento,2080,2550
Rua Dom Romualdo de Seixas,Cambuci,82,3,1,Apartamento,4300,4916
Avenida do Rio Bonito,Veleiros,67,2,1,Apartamento,1478,2183
Rua David Gebara,Morumbi,290,4,3,Apartamento,7000,10600
Rua Antônio Júlio dos Santos,Fazenda Morumbi,94,3,2,Apartamento,2167,3685
Rua Tapejara,Jardim Bonfiglioli,258,3,2,Casa,8650,9018
Rua Guaicurus,Água Branca,32,1,0,Apartamento,2100,2560
Rua Ernani Pinto,Vila Maria Alta,64,3,2,Apartamento,1650,2452
Alfredo Pujol,Santana,46,1,1,Apartamento,3000,3805
Rua Alves Guimarães,Pinheiros,74,2,1,Apartamento,3400,4535
Rua Augusta,Consolação,23,1,0,Studio e kitnet,2400,3002
Rua Doutor José Carlos de Toledo Piza,Jardim Parque Morumbi,63,2,1,Apartamento,3500,4362
Rua Salvador Sala,Piqueri,112,2,0,Casa,1500,1738
Avenida Engenheiro Armando de Arruda Pereira,Vila do Encontro,54,2,1,Apartamento,1800,2420
Rua Dom Vilares,Vila das Merces,28,1,1,Casa,890,1098
Rua Frei Vicente do Salvador,Santana,30,1,0,Apartamento,2100,2416
Rua República do Iraque,Brooklin Paulista,150,2,1,Casa,3000,3136
Rua André Spitaleti,Pestana,42,1,0,Casa,1200,1371
Rua Artur Ferreira de Abreu,Jardim Rosa Maria,100,3,1,Apartamento,2200,3170
Rua Antônio Gomes Ferreira,Parque Fongaro,35,2,1,Apartamento,1388,1871
Rua João Rudge,Casa Verde,79,2,2,Apartamento,4200,5022
Rua Amália Figueiroa,Vila Buenos Aires,45,2,1,Apartamento,1600,1662
Rua André Maia,Vila Pereira Barreto,150,2,1,Casa,1300,1380
Avenida Jaguaribe,Jaguaribe,60,2,1,Apartamento,1490,2019
Rua Tiburtino,Siciliano,260,4,2,Casa,4000,4378
Rua Casa do Ator,Vila Olímpia,150,2,2,Casa,5900,7040
Rua Haddock Lobo,Cerqueira César,180,4,2,Apartamento,6040,8052
Rua Caetano Pinto,Brás,27,1,0,Apartamento,1836,2237
Rodovia Raposo Tavares,Jardim Olympia,63,3,2,Apartamento,2000,2827
Rua Dona Vitu Giorgi,Jardim Leonor,55,2,1,Apartamento,1600,2162
Avenida Koki Koga,Parque Continental I,20,1,0,Casa,700,845
Rua Carneiro da Cunha,Vila da Saúde,67,2,0,Apartamento,2600,3325
Praça Alberto Lion,Cambuci,28,1,0,Apartamento,1600,2012
Alameda das Sempre-vivas,Alphaville,350,3,4,Casa em condomínio,12500,14120
Avenida Benigno Carrera,Vila Campestre,35,1,0,Casa em condomínio,843,930
Rua Nossa Senhora do Monte Serrat,Ferreira,320,5,2,Casa,7500,8169
Rua Álvaro de Carvalho,Centro,37,1,0,Apartamento,2200,2795
Rua Aureliano do Amaral,Vila Nova Esperança,125,3,2,Casa,2250,2346
Rua Santa Albina,Jardim Santa Monica,190,3,3,Casa,2600,2728
Rua Washington Luís,Centro,40,1,1,Apartamento,1900,2736
Avenida Vereador José Diniz,Santo Amaro,40,1,1,Apartamento,3700,4465
Rua Cônego Vicente Miguel Marino,Barra Funda,33,1,0,Apartamento,2200,2624
Rua Oscar Freire,Pinheiros,54,1,0,Apartamento,5000,5743
Rua Afonso Sardinha,Lapa,85,3,0,Casa,3520,3670
Rua Tenente Oswaldo Antônio,Parque Edu Chaves,70,2,0,Casa,1712,1785
Av. Vila Ema,Vila Ema,61,3,1,Apartamento,2300,2807
Rua Herval,Belenzinho,42,1,0,Apartamento,3500,3835
Rua Joaquim Floriano,Itaim Bibi,33,1,0,Studio e kitnet,6200,7179
Rua Professor Alexandre Correia,Jardim Vitória Régia,300,3,5,Apartamento,15000,20940
Rua Paulistânia,Sumarezinho,87,2,0,Apartamento,3100,4332
Avenida Miguel Estefno,Vila da Saúde,50,2,1,Apartamento,1000,1696
Rua Cancioneiro Popular,Santo Amaro,200,3,2,Casa,10000,11340
Rua Coronel Joaquim Antônio Dias,Vila Azevedo,30,1,0,Studio e kitnet,1680,2050
Rua Jorge Valim,Vila Ester (zona Norte),250,3,6,Casa,12000,12840
Rua Capitão José Amaral,Vila Portuguesa,41,2,2,Apartamento,1530,1854
Avenida Waldemar Carlos Pereira,Vila Talarico,70,2,0,Apartamento,1700,1766
Rua Malvina Ferrara Samarone,Vila Dom Pedro I,66,3,1,Apartamento,3800,4349
Rua São Quirino,Vila Guilherme,40,2,0,Apartamento,1400,1804
Rua Jaguari,Bosque da Saúde,167,4,2,Casa,3900,3965
Avenida Cásper Líbero,Centro,52,1,0,Apartamento,1236,1822
Rua Correia de Lemos,Chácara Inglesa,134,3,1,Apartamento,4500,5828
Rua Professor Leonídio Allegretti,Itaquera,48,2,2,Apartamento,1200,1447
"Rua Antônio Sarkis, 49 - Vila Galvao, Guarulhos - Sp, Brasil",Vila Rosália,120,2,1,Casa,2600,2797
Rua João da Rocha,Vila Constancia,150,3,2,Casa,4500,4916
Rua José Gonçalves Gomide,Vila Guilherme,249,3,1,Casa,3100,3557
Avenida João Barreto de Menezes,Vila Santa Catarina,80,2,5,Casa,2200,2305
Rua Antônio do Campo,Pedreira,60,2,1,Apartamento,1942,2507
Avenida Paes de Barros,Mooca,65,2,1,Apartamento,2000,2977
Rua Doutor Jesuíno Maciel,Campo Belo,133,2,3,Casa,3500,3948
Rua Serra de Botucatu,Vila Gomes Cardim,55,1,0,Apartamento,1924,1998
Rua Avanhandava,Bela Vista,40,1,0,Apartamento,1400,1817
Rua Benito Fioretto,Vila das Merces,40,1,0,Casa,950,1024
Avenida Deputado Emílio Carlos,Limão,58,2,1,Apartamento,2115,2546
Rua Professor Henrique Neves Lefevre,Jardim Petropolis,250,5,3,Casa,6500,7401
Rua Vicenzo Paciulo,Jardim Las Vegas,80,3,2,Apartamento,1800,2745
Rua Doutor Amando Franco Soares Caiuby,Parque Bairro Morumbi,145,3,3,Apartamento,6000,8152
Rua Doutor Morais Dantas,Vila Barbosa,39,1,1,Apartamento,1500,1967
Avenida Prestes Maia,Centro,51,1,0,Studio e kitnet,1100,1581
Rua Maria Paula,Bela Vista,73,1,0,Apartamento,2340,3368
Rua Barata Ribeiro,Bela Vista,24,1,0,Studio e kitnet,4200,5062
Rua São Bernardo,Cidade Mãe do Céu,48,2,0,Apartamento,1680,2125
Rua Carlo Carra,Vila Santa Catarina,60,2,1,Apartamento,2200,3477
Rua General Dias,Penha de França,50,2,0,Casa,1298,1403
Rua Doutora Neyde Apparecida Sollitto,Vila Clementino,25,1,0,Apartamento,980,993
Rua Luís Godoy Carvalho,São João Climaco,27,1,0,Apartamento,1050,1121
Avenida Onze de Junho,Vila Clementino,130,3,2,Apartamento,4700,6580
Rua Campo Grande,Vila Leopoldina,225,4,4,Casa,10000,10710
Rua República do Iraque,Campo Belo,112,3,1,Casa,4000,4095
Rua Duarte de Azevedo,Santana,45,1,1,Apartamento,2500,3611
Rua Caetano Pinto,Brás,42,2,0,Apartamento,1600,1981
Rua Alegre,Santa Paula,37,1,1,Studio e kitnet,2000,3397
Rua Balthazar da Veiga,Vila Nova Conceição,70,1,1,Apartamento,5200,7672
Rua Lázara da Silva Jimenes,Vila Leonor,50,2,0,Apartamento,1600,1711
Rua Dionísio da Costa,Vila Mariana,36,1,1,Apartamento,3500,4597
Rua Lúcia Caiaffa,Vila Pereira Barreto,104,3,0,Apartamento,4000,5304
Rua da Consolação,Consolação,65,2,0,Apartamento,2100,2831
Rua Justo Azambuja,Cambuci,84,2,1,Apartamento,2650,3958
Rua dos Ferreiras,Jardim Danfer,300,6,2,Casa,4000,4170
Rua Luís Fláquer,Carandiru,32,1,0,Apartamento,1500,1558
Rua Haddock Lobo,Cerqueira César,110,3,1,Apartamento,4320,6360
Rua Tonelero,Vila Ipojuca,250,3,4,Casa,4500,5083
Rua Oscar Cintra Gordinho,Liberdade,36,1,0,Apartamento,780,1287
Rua dos Timbiras,Santa Ifigênia,38,1,1,Apartamento,1742,2665
Rua Arruda Ferreira,Vila Guilherme,20,1,0,Apartamento,1100,1230
Rua Doutor James Ferraz Alvim,Vila Suzana,198,4,3,Apartamento,4000,6679
Rua Jeroaquara,Vila Romana,72,2,1,Apartamento,3910,4827
Rua Olímpia,Vila Camilopolis,100,2,1,Apartamento,2600,2859
Rua Francisco Preto,Vila Morse,143,3,2,Casa,10000,10620
Rua Trajano de Faria,Jardim Nova Taboao,75,3,1,Apartamento,2650,3278
Rua Colômbia,Jardim América,69,3,1,Apartamento,3400,4123
Avenida Barro Branco,Vila do Encontro,30,1,1,Casa,1200,1286
Via Anchieta,Vila Bandeirantes,19,1,0,Studio e kitnet,816,919
Rua Brasil,Rudge Ramos,73,2,2,Apartamento,2100,2687
Rua Dom Macário,Vila da Saúde,147,2,2,Casa,2180,2328
Rua Viaza,Campo Belo,43,1,1,Apartamento,2790,3648
Rua Alesso Baldovinetti,Casa Verde Alta,170,3,2,Casa,3200,3335
Rua Leontina Atui Nogueira,Jardim Santo Amaro,70,2,2,Casa,2500,2756
Avenida Túlio Teodoro de Campos,Vila Paulista,55,3,2,Apartamento,3500,3550
Rua Doutor Luiz Migliano,Jardim Caboré,75,3,1,Apartamento,2280,3457
Rua Cerqueira César,Centro,28,1,0,Studio e kitnet,738,1069
Rua Santo Antônio,Bela Vista,35,1,1,Studio e kitnet,2720,3435
Rua Pires da Mota,Aclimação,46,2,1,Apartamento,2600,3676
Rua Jabaeté,Vila Regente Feijó,102,3,2,Casa,2900,3222
Rua Humberto I,Vila Mariana,160,3,2,Apartamento,8625,11040
Rua Doutor Roberto Feijó,Parque da Vila Prudente,140,3,2,Casa,2900,2993
Alameda Rio Negro,Alphaville Industrial,35,1,1,Apartamento,2320,3960
Rua Maracaí,Aclimação,96,2,1,Casa,2701,2972
Avenida Dr. Vieira de Carvalho,República,25,1,0,Studio e kitnet,1148,1742
Rua Domingos de Morais,Vila Mariana,50,1,0,Studio e kitnet,1442,2206
Avenida Hilário Pereira de Souza,Centro,89,2,1,Apartamento,4700,5898
Avenida Doutor Lino de Moraes Leme,Jardim Aeroporto,136,3,2,Casa,3500,4019
Rua Eugène Carrière,Butantã,67,3,1,Apartamento,2800,3596
Rua Pedroso Alvarenga,Itaim Bibi,27,1,1,Studio e kitnet,5700,6404
Rua Pires da Mota,Aclimação,53,1,0,Apartamento,1800,2569
Rua Bela Vista do Paraíso,Vila Palmeiras,57,2,1,Apartamento,1370,1993
Rua dos Carmelitas,Liberdade,54,1,0,Apartamento,1650,2201
Rua Padre Luís Yeber,Vila Sao Luis(zona Oeste),150,2,1,Casa,4190,4368
Rua Manoel Dutra,Bela Vista,22,0,0,Studio e kitnet,1700,1906
Rua Raul Pompéia,Pompeia,106,2,0,Casa,3000,3127
Rua B. B. Varela,Jardim Lideranca,238,3,3,Casa,3000,3191
Rua Washington Luís,Centro,35,1,1,Apartamento,1700,2686
Rua Tito,Vila Romana,96,2,1,Apartamento,2400,4110
Rua das Palmeiras,Vila Buarque,36,1,1,Studio e kitnet,2500,3343
Rua Irineu Correia da Silva,Jardim Satelite,161,3,2,Casa,3100,3317
Rua Doutor Ângelo Vita,Tatuapé,26,2,0,Studio e kitnet,2200,2744
Rua Major Freire,Vila Monte Alegre,70,2,1,Apartamento,2370,3436
Rua Álvaro de Carvalho,Centro,46,1,0,Apartamento,1365,2093
Rua Hugo D'antola,Lapa,64,2,1,Apartamento,1700,2343
Rua Eurico Sodré,Vila Medeiros,70,2,1,Apartamento,1161,2046
Rua Professor Alberto Conte,Vila Moinho Velho,100,3,0,Casa,1900,2181
Avenida Ipiranga,República,23,1,0,Apartamento,1325,1771
Avenida Carinas,Indianópolis,52,2,1,Apartamento,4700,6006
Avenida Ítalo Brasileiro Piva,Picanço,76,3,1,Apartamento,4000,4756
Rua Engenheiro Américo da Graça Martins,Jardim Monte Azul,42,2,0,Apartamento,1800,2094
Avenida João Pessoa,Jardim Utinga,64,3,1,Apartamento,1450,1942
Travessa Ernesto Cavallini,Jardim Brasil (zona Norte),100,2,1,Casa,1750,1824
Rua Irmão João Creff,Vila Aurora (zona Norte),60,1,1,Casa em condomínio,1450,1599
Rua Doutor Paulo Vieira,Sumaré,67,2,1,Apartamento,3040,4056
Avenida Parada Pinto,Vila Nova Cachoeirinha,160,3,3,Apartamento,2730,5325
Rua Nestor Pestana,Consolação,40,1,0,Apartamento,1489,2110
Rua Cancioneiro Popular,Chácara Santo Antônio,140,3,2,Casa,3600,4146
Rua Acaraú,Consolação,50,1,0,Apartamento,1800,2509
Rua Nilo Torres,Jardim Umuarama,180,3,1,Casa,3200,3365
Rua Solidônio Leite,Vila Ivone,2,2,2,Casa,2500,2711
Rua Elvira Ferraz,Vila Olímpia,65,1,2,Apartamento,6900,10150
Rua Cláudio Rodrigues Lopes,Chora Menino,42,2,1,Apartamento,1840,2111
Rua da Consolação,Cerqueira César,57,1,1,Apartamento,3184,6082
Rua General Newton Estilac Leal,Km 18,56,2,1,Apartamento,1700,2080
Rua Hebe,Vila Dom Pedro Ii,50,1,0,Casa,1300,1397
Rua Joaquim Mosqueira,Vila Guarani (z Sul),95,3,1,Apartamento,2434,3328
Alameda Franca,Jardim Paulista,313,3,2,Apartamento,14500,20480
Rua Doutor Silvino Canuto Abreu,Vila Congonhas,106,3,3,Apartamento,3700,5602
Avenida Príncipe de Gales,Vila Principe de Gales,152,2,1,Apartamento,3500,3885
Rua São João Gualberto,Vila Mafra,41,2,0,Apartamento,1572,1702
Rua Andaquara,Vila Anhanguera,147,3,2,Casa,4990,5253
Rua 29 de Outubro,Vila Matilde,40,2,0,Apartamento,1400,1574
Avenida Ministro Osvaldo Aranha,Rudge Ramos,53,2,1,Apartamento,1900,2569
Rua Frederico Abranches,Vila Buarque,35,1,1,Apartamento,1900,2614
Rua Sampaio Viana,Paraíso,95,3,1,Apartamento,3999,5546
Rua Sassaki,Vila Marari,180,3,4,Casa,2900,2948
Rua Nossa Senhora da Saúde,Jardim Previdência,40,1,0,Casa,1150,1264
Rua Professor Vahia de Abreu,Vila Olímpia,70,2,1,Apartamento,7260,8109
Rua Vitória,Santa Efigênia,73,1,0,Apartamento,1500,2008
Rua Dário da Silva,Vila Sao Paulo,163,3,2,Casa,3290,3430
Rua Equici,Vila Esperança,100,2,2,Casa em condomínio,2200,2643
Rua Padre João Manuel,Cerqueira César,190,3,1,Apartamento,8000,11990
Rua Nícola Nicodemo,Vila Celeste,45,1,0,Casa,908,977
Praça Santa Adelaide,Cidade Vargas,70,2,2,Casa,2500,2690
Avenida Pedro Bueno,Jabaquara,200,4,2,Casa,6000,6672
Rua Tamboril,Parada Inglesa,38,1,0,Apartamento,1250,1616
Avenida José Barbosa de Siqueira,Padroeira,56,2,1,Apartamento,900,1279
Rua Pintassilgo,Vila Uberabinha,47,1,1,Apartamento,3150,5352
Rua Professor Demóstenes Batista Figueira Marques,Cambuci,79,3,1,Apartamento,2050,2479
Avenida Regente Feijó,Vila Regente Feijó,55,1,2,Studio e kitnet,4300,5571
Rua Heitor Penteado,Sumarezinho,29,1,0,Studio e kitnet,2330,2760
Avenida Alcântara Machado,Brás,22,1,0,Studio e kitnet,1180,1225
Avenida Conselheiro Rodrigues Alves,Vila Mariana,75,2,0,Apartamento,2650,3686
Rua Novo Horizonte,Higienópolis,260,4,4,Casa,11000,12560
Rua Padre Manuel Bernardes,Vila Carrão,68,2,1,Apartamento,1800,2789
Rua Pascal,Campo Belo,70,2,2,Apartamento,6000,7604
Praça Doutor Pereira do Rego,Cidade Patriarca,37,2,1,Apartamento,1450,1656
Rua das Vertentes,Vila Constança,100,3,1,Casa,2600,2910
Rua Henrique Sousa Queirós,Penha de França,100,2,2,Casa,2150,2241
Rua Agostinho Rodrigues Filho,Vila Clementino,27,1,0,Studio e kitnet,3250,3893
Avenida Franz Voegeli,Continental,61,2,1,Apartamento,3600,4539
Rua Natividade Saldanha,São Lucas,28,0,0,Apartamento,1100,1391
Rua Luís Pacheco,Luz,37,1,0,Apartamento,1360,1513
Rua Glicério,Liberdade,37,1,0,Apartamento,2977,3567
Rua Maria Cândida,Vila Guilherme,180,4,1,Casa,6000,6292
Rua Jaguarete,Casa Verde,54,2,1,Apartamento,4200,4954
Rua Conselheiro Cândido de Oliveira,Vila Anastácio,180,3,2,Casa,5499,6031
Rua Voluntários da Pátria,Santana,75,3,1,Apartamento,2500,3284
Alameda Lorena,Jardim Paulista,120,3,1,Apartamento,5000,6802
Rua Ronaldo de Carvalho,Jardim São Paulo(zona Norte),75,2,2,Casa,2800,2934
Rua Nundiaú,Santo Amaro,20,1,0,Apartamento,2300,2539
Rua Sansão Alves dos Santos,Cidade Monções,44,1,1,Apartamento,6500,8001
Avenida Padre Arlindo Vieira,Vila Vermelha,50,2,1,Apartamento,1272,2008
Rua Mariana Cisto Augusto,Jardim da Mamãe,60,2,1,Casa,1300,1392
Rua Catuaba,Vila Alpina,60,1,0,Casa,1200,1351
Rua José Capobianco,Jardim Colombo,280,3,4,Casa,4896,5170
Rua Belila,Parque Guarani,25,1,0,Casa,880,929
Rua Pequetita,Itaim Bibi,38,1,2,Apartamento,3200,4279
Avenida São Luís,República,63,1,0,Apartamento,2600,3146
Avenida Ipiranga,República,33,1,1,Studio e kitnet,1830,2241
Rua Edvard Carmilo,Jardim Celeste,35,2,0,Apartamento,1300,1647
Rua Doutor Eduardo de Souza Aranha,Vila Nova Conceição,78,2,1,Apartamento,4200,5571
Rua Professor Thomaz de Aquino,Jardim Maria Estela,40,1,0,Casa,770,802
Rua Maria Lourenço Fernandes,Jardim Maria Rosa,150,3,2,Casa,2700,3048
Avenida Parkinson,Alphaville Empresarial,255,3,4,Apartamento,15000,18000
Rua Dom Paulo Pedrosa,Real Parque,85,2,1,Apartamento,2800,4572
Rua dos Ituanos,Ipiranga,340,5,3,Casa,7500,8582
Rua Manuel da Nóbrega,Paraíso,161,3,1,Apartamento,3506,7000
Avenida Sargento Geraldo Sant’ana,Jardim Taquaral,200,2,6,Casa,4128,4395
Rua Galvão Bueno,Liberdade,40,1,1,Apartamento,2006,3333
Rua Marie Nader Calfat,Jardim Ampliação,35,1,1,Studio e kitnet,2400,3304
Rua Jacquey,Vila Helena,52,2,0,Apartamento,1150,1569
Rua Abílio,Jardim Brasil (zona Norte),60,2,0,Apartamento,1545,1620
Avenida Ítalo Brasileiro Piva,Picanço,76,3,0,Apartamento,2100,2771
Rua Euclides da Silveira,Casa Verde,50,1,1,Apartamento,2900,3512
Rua Pires da Mota,Aclimação,50,1,1,Apartamento,1553,2048
Avenida Condessa Elizabeth de Robiano,Vila Moreira,40,2,1,Apartamento,1900,2233
Rua Olívio B. Marçal,São Pedro,59,2,1,Apartamento,1640,2253
Rua Chico Pontes,Vila Guilherme,40,1,0,Casa em condomínio,1350,1607
Rua Francisco de Vitória,Jardim Vila Mariana,59,2,2,Apartamento,3100,4554
Rua Canuto Abreu,Vila Regente Feijó,280,4,4,Apartamento,6000,9677
Rua das Baunilhas,Vila Lúcia,58,2,1,Apartamento,1600,2612
Rua Conrado Mazzeo,Jardim Luísa,69,3,1,Apartamento,1450,2038
Rua Conselheiro Moreira de Barros,Santana,160,4,2,Apartamento,4600,7203
Rua Oscar Cintra Gordinho,Liberdade,80,3,0,Apartamento,1900,2547
Rua Doutor Alberto Seabra,Vila Madalena,314,3,5,Casa em condomínio,15000,19580
Rua Edmundo Xavier,Chácara Santo Antônio (zona Leste),32,1,0,Apartamento,1450,1708
Rua Osório Franco Vilhena,Vila Nova Curuçá,33,2,0,Apartamento,1000,1348
Alameda dos Uapês,Planalto Paulista,90,3,1,Casa,3809,3939
Rua Professor Antônio de Paula Santos,Chácara Inglesa,70,2,1,Casa,1850,2007
Rua Severino Cardoso da Silva,Parque Cruzeiro do Sul (vila Formosa),31,1,0,Apartamento,1100,1292
Rua Morro Agudo,Sumaré,180,3,1,Casa,5250,5972
Rua Cardoso de Almeida,Perdizes,33,1,0,Apartamento,3000,4039
Rua Tapari,Vila Esperança,24,1,0,Studio e kitnet,1275,1812
Rua Jaguaribe,Vila Buarque,50,2,1,Apartamento,1700,2616
Rua Afonso Celso,Vila Mariana,52,1,1,Apartamento,1986,3116
Rua Ribeirão Branco,Vila Bertioga,40,2,1,Apartamento,2590,2823
Rua Alméria,Vila Granada,36,1,0,Apartamento,1450,1806
Rua Domingos Paiva,Brás,60,2,1,Apartamento,2200,2906
Avenida Domingos Odália Filho,Centro,50,2,1,Apartamento,2050,3053
Rua Duarte de Azevedo,Santana,113,3,1,Apartamento,1950,3375
Avenida Doutor Guilherme Dumont Vilares,Jardim Londrina,85,3,1,Apartamento,2600,3485
Rua Marte,Jardim Tupanci,58,2,1,Apartamento,3070,3188
Avenida Santos Dumont,Santana,54,2,1,Apartamento,1800,2293
Rua Luciano Felício Biondo,Jardim Cristal,104,2,2,Casa,4500,4691
Rua Padre Corrado Stefani,Alto da Mooca,250,3,4,Casa,7500,8819
Avenida Nossa Senhora da Assunção,Vila Butantã,25,1,0,Casa,1100,1147
Rua Bartholomeu do Canto,Vila Palmeiras,38,1,0,Apartamento,1830,2192
Rua Doutor Sérgio Meira,Barra Funda,64,2,1,Apartamento,2800,3787
Rua Dulce,Vila Carrao,80,2,0,Casa,1800,1990
Rua Tangará,Vila Mariana,220,3,2,Casa,13000,14470
Rua Jandaia,Bela Vista,172,2,1,Casa,5500,6080
Rua Marinheiro,Tucuruvi,25,1,0,Apartamento,2210,2495
Alameda Canto dos Passaros,Centro Empresarial Tamboré,136,3,3,Apartamento,13500,15530
Rua Ribeiro do Vale,Brooklin Paulista,40,1,1,Apartamento,3500,5109
Rua Peixoto Gomide,Jardim Paulista,31,1,1,Apartamento,2560,4669
Avenida Bosque da Saúde,Vila da Saúde,20,1,0,Apartamento,1500,1728
Alameda Ministro Rocha Azevedo,Jardim Paulista,272,3,5,Apartamento,13600,22990
Avenida Ipiranga,República,37,2,0,Apartamento,1600,2228
Rua Aluísio Azevedo,Santana,110,4,3,Apartamento,2820,3918
Rua Doutor Eduardo de Souza Aranha,Vila Nova Conceição,82,2,1,Apartamento,9500,11150
Avenida Bartholomeu de Carlos,Jardim Flor da Montanha,38,1,1,Studio e kitnet,1554,2238
Avenida Braz Leme,Santana,69,2,0,Apartamento,2600,3109
Rua Silveira Bueno,Chácara Califórnia,37,1,0,Apartamento,1450,1564
Rua José de Oliveira Coelho,Vila Andrade,220,3,4,Apartamento,7350,11400
Rua Emília Marengo,Vila Regente Feijó,78,2,1,Apartamento,1615,2949
Rua Evans,Vila Esperança,40,1,0,Apartamento,1600,1812
Rua Henrique Casela,Jardim América da Penha,48,2,1,Apartamento,1450,1806
Rua Borges Ladário,Parada Inglesa,38,1,0,Apartamento,1420,1502
Rua Janguruçu,Parque da Mooca,36,1,0,Studio e kitnet,2200,2484
Rua Henrique Bernardelli,Santana,46,1,0,Apartamento,1800,2194
Rua da União,Vila Mariana,29,1,0,Apartamento,1980,2078
Avenida Vieira de Carvalho,República,22,1,0,Studio e kitnet,1100,1400
Avenida Nossa Senhora da Assunção,Vila Butantã,35,1,0,Studio e kitnet,1150,1694
Rua Doutor Solon Fernandes,Vila Rosália,57,2,1,Apartamento,1850,2410
Rua Porto Calvo,Osvaldo Cruz,57,2,1,Apartamento,2200,2633
Avenida Jurandir,Planalto Paulista,181,4,2,Casa,12000,12840
Rua Cônego Vicente,Vila Medeiros,185,3,2,Casa,4600,4871
Alameda São Caetano,Olímpico,58,2,1,Apartamento,2500,3413
Avenida do Café,Vila Guarani,45,1,1,Apartamento,1700,2588
Rua Mogi Mirim,Santa Maria,40,1,0,Casa,990,1032
Alameda Jaú,Jardim Paulista,105,3,1,Apartamento,11570,13580
Rua Galeno de Castro,Jurubatuba,40,2,0,Apartamento,2310,2674
Rua Pedro de Castro Velho,Jardim Iva,80,2,1,Casa,1980,2248
Rua Damião da Silva,Vila Andrade,180,3,2,Casa,6000,6392
Rua Piratininga,Brás,68,3,1,Apartamento,3000,3964
Rua Domingos Antonio Ciccone,Santo Amaro,290,3,5,Casa,4500,4929
Rua Teresa Veiga,Freguesia do Ó,60,2,0,Casa,1150,1212
Rua Alexandrino da Silveira Bueno,Cambuci,40,2,0,Casa,2370,2871
Rua Pires da Mota,Aclimação,65,1,0,Casa,1800,1876
Rua Antenas,Vila Califórnia,41,2,0,Apartamento,1742,1960
Rua Madrid,Parque Sevilha,120,3,1,Casa,2618,3124
Rua Bela Cintra,Consolação,53,2,1,Apartamento,4725,5694
Avenida Santa Catarina,Vila Mascote,40,1,1,Apartamento,1300,1833
Rua Doutor Nicolau de Sousa Queirós,Vila Mariana,33,1,0,Apartamento,2000,2716
Rua Álvaro Luís Roberto de Assumpção,Campo Belo,37,1,1,Apartamento,2200,3149
Rua Manuel Ferreira Costa,Vila Gabriel,60,1,0,Casa,850,919
Rua Jener,Aclimação,32,1,0,Apartamento,1600,2206
Rua Ibitinga,Vila Bertioga,90,2,0,Casa,2600,2710
Avenida Imirim,Imirim,17,1,0,Apartamento,900,1102
Avenida das Cerejeiras,Jardim Japao,38,1,0,Apartamento,980,1018
Alameda Barros,Santa Cecília,50,2,0,Apartamento,3000,3720
Alameda Itapecuru,Alphaville Centro Industrial E Empresarial/alphaville.,57,1,2,Studio e kitnet,3000,3882
Rua Professor Hilário Veiga de Carvalho,Vila Suzana,67,2,2,Apartamento,3450,4673
Rua Francisco Estácio Fortes,Santa Cecília,68,2,1,Apartamento,3000,3859
Rua Rifaina,Vila Anglo Brasileira,53,1,1,Apartamento,2480,3551
Alameda São Bernardo,Santa Teresinha,55,2,1,Apartamento,2200,2730
Rua dos Buritis,Jardim Oriental,18,1,0,Studio e kitnet,1400,1574
Rua Domingos de Morais,Vila Mariana,99,2,0,Apartamento,4200,5295
Avenida Brigadeiro Luís Antônio,Bela Vista,26,1,0,Apartamento,1997,2574
Rua Freire Farto,Jabaquara,104,2,2,Casa,3200,3577
"Aclimação, São Paulo - Sp, 04109-120, Brasil",Aclimação,230,3,5,Casa,10550,11180
Rua Santa Donata,Casa Verde Alta,70,2,0,Casa,1700,1773
Avenida Cauaxi,Alphaville Industrial,38,1,1,Apartamento,3800,3947
Rua Zacarias de Gois,Parque Colonial,140,3,1,Casa,4200,4628
Alameda Jade,Alphaville,350,4,4,Casa em condomínio,9000,9383
Rua Izabel Velho,Vila Sao Vicente,130,2,2,Casa,2300,2519
Avenida Washington Luís,Santo Amaro,38,1,0,Studio e kitnet,1090,1740
Rua Anhaia,Bom Retiro,26,1,0,Studio e kitnet,1400,1964
Rua Ministro Godói,Perdizes,24,1,0,Apartamento,2500,3171
Rua Novo Horizonte,Higienópolis,536,4,6,Casa,15000,16970
Rua Emílio Lessore,Piqueri,110,3,4,Casa,3000,3294
Rua Borges Lagoa,Vila Clementino,234,4,4,Apartamento,6000,9866
Rua Doutor Elias Chaves,Campos Elíseos,40,1,1,Apartamento,1150,1731
Avenida Joaquina Ramalho,Vila Guilherme,34,1,0,Studio e kitnet,1250,1416
Rua Lydia Damus Maksoud,Jardim Ampliação,70,3,1,Apartamento,3000,3950
Avenida Jônia,Jardim Brasil (zona Sul),84,3,2,Apartamento,3350,4759
Rua Olga Marinovic Doro,Vila Talarico,99,3,2,Casa,3400,3488
Rua Visconde de Parnaíba,Mooca,28,1,0,Studio e kitnet,1450,1716
Avenida Jaguaré,Jaguaré,49,2,0,Apartamento,1500,1938
Rua Gen. Severiano,Vila Invernada,35,1,1,Casa,844,949
Rua Engenheiro Bianor,Butantã,32,1,0,Apartamento,3500,4118
Rua Asdrúbal do Nascimento,Bela Vista,28,1,0,Apartamento,1700,2186
Avenida Santo Amaro,Vila Nova Conceição,26,1,0,Apartamento,4850,5604
Alameda Santos,Cerqueira César,30,1,1,Apartamento,3800,4597
Rua Gandavo,Vila Clementino,100,4,0,Casa,3600,3753
Rua Paim,Bela Vista,37,1,0,Studio e kitnet,1000,1292
Rua Doutor Jesuíno Maciel,Campo Belo,70,2,2,Apartamento,4800,6478
Rua Guilherme Bebiano Martins,Vila Vera,56,1,0,Apartamento,1460,1699
Rua Silvino de Godoy,Jardim Cidade Pirituba,60,2,0,Apartamento,1400,1671
Rua Camaragibe,Barra Funda,38,1,0,Studio e kitnet,1150,1622
Rua da Consolação,Jardim América,150,2,2,Apartamento,15000,19190
Rua Teodoro Sampaio,Pinheiros,60,2,1,Apartamento,3900,6176
Avenida Rouxinol,Indianópolis,35,1,1,Apartamento,2800,3978
Rua Manuel da Costa Vale,Piqueri,60,2,0,Casa,1300,1438
Rua Valê de Amoreira,Jardim Miriam,15,1,0,Studio e kitnet,750,829
Rua Itajaçu,Pacaembu,560,3,4,Casa,15000,17950
Rua Maracá,Vila Guarani,170,3,3,Apartamento,6000,8540
Avenida Brigadeiro Luís Antônio,Centro Histórico de São Paulo,40,1,1,Studio e kitnet,2700,3663
Rua Stela Marina,Brooklin,23,1,0,Studio e kitnet,4300,4996
Avenida Santos Dumont,Ponte Pequena,68,2,0,Apartamento,1700,2133
Rua Engenheiro Edgar Autran,Jardim Maria Estela,44,1,0,Casa,1200,1376
Rua Barata Ribeiro,Bela Vista,33,1,1,Apartamento,2100,3259
Rua Doutor Wladimir do Amaral,Rolinópolis,26,1,0,Casa,650,677
Rua Angaturama,Vila Moraes,35,1,0,Casa em condomínio,1250,1347
Rua Ivaí,Santa Maria,75,2,1,Apartamento,1850,2392
Rua Engenheiro Francisco de Godói,Santo Amaro,200,4,2,Casa em condomínio,6780,8903
Rua Baden Powell,Chácara Mafalda,19,1,0,Apartamento,850,933
Avenida Nossa Senhora da Assunção,Vila Butantã,14,1,0,Studio e kitnet,1100,1138
Rua da Consolação,Cerqueira César,120,3,1,Apartamento,12500,14660
Rua Antônio Clemente,Jardim São Paulo(zona Norte),100,3,2,Casa em condomínio,3500,3813
Rua Humberto I,Vila Mariana,87,3,0,Apartamento,2851,3411
Rua Caiubi,Perdizes,75,2,0,Apartamento,3000,3493
Rua Luís do Paço,Tatuapé,31,1,0,Studio e kitnet,850,1314
Rua Girassol,Vila Madalena,24,1,0,Apartamento,2800,3513
Rua Jotacá,Vila Picinin,70,1,0,Casa,1400,1573
Rua Doutor Djalma Pinheiro Franco,Vila Mascote,25,1,0,Studio e kitnet,865,998
Rua João Antônio de Oliveira,Mooca,82,3,2,Apartamento,3800,5218
Avenida Pedro Bueno,Jabaquara,140,3,2,Casa,3500,3748
Avenida Rangel Pestana,Brás,40,1,0,Studio e kitnet,1395,1864
Rua Itaiteva,Jardim Ampliação,50,2,1,Apartamento,2395,3060
Rua Georgina de Albuquerque,Parque Jabaquara,100,2,1,Casa,3500,3777
Rua Amaral Gurgel,Vila Buarque,34,1,0,Studio e kitnet,1500,2062
Rua Bento Ribeiro,Vila Regina,170,3,3,Casa,3774,3934
Rua Ricardo Biondi,Vila São Ricardo,50,2,1,Apartamento,1700,2221
Rua Doutor Zuquim,Santana,92,2,0,Apartamento,1800,2219
Rua Domingos Portela,Jardim das Vertentes,207,3,6,Casa,5500,5834
Rua Gomes de Carvalho,Vila Olímpia,30,1,1,Studio e kitnet,3000,3751
Rua General Nestor Passos,Jardim Paraíso,300,3,3,Casa,11630,12410
Rua Helvétia,Campos Elíseos,45,1,1,Apartamento,3100,3862
Alameda Joaquim Eugênio de Lima,Jardim Paulista,129,2,1,Apartamento,7500,10610
Rua Almo Abrahão Bertazzo,Freguesia do Ó,30,1,0,Studio e kitnet,1100,1142
Rua Vinte E Quatro de Outubro,Vila Dom Pedro I,122,3,2,Casa,3250,3482
Rua Otto de Barros,Vila Santo Estéfano,65,2,2,Apartamento,2600,3602
Rua Tabatinguera,Sé,22,1,0,Studio e kitnet,1799,2182
Rua Aguiar de Barros,Bela Vista,16,1,0,Studio e kitnet,2950,3378
Rua Gregório de Morais Rego,Jardim Consorcio,35,1,0,Casa,1200,1317
Avenida Professor Francisco Morato,Butantã,78,3,1,Apartamento,6600,7584
Rua Batuns,Vila Santa Clara,50,1,1,Casa,1300,1407
Rua Caio Prado,Consolação,24,1,0,Studio e kitnet,4300,4765
Rua Bresser,Brás,53,2,1,Apartamento,2800,3358
Rua Mário Sette,Água Branca,80,3,1,Apartamento,3200,4223
Travessa Jerônimo Bobadilha,Vila Carmem,40,1,0,Studio e kitnet,600,623
Avenida Rio Branco,Campos Elíseos,32,1,1,Apartamento,2100,3248
Avenida Leôncio de Magalhães,Jardim São Paulo(zona Norte),34,1,0,Studio e kitnet,2139,2684
Rua José Sálvio Dias,Jardim Oriental,38,1,0,Studio e kitnet,680,756
Rua José Mariano Filho,Jardim Oriental,180,3,6,Casa,3860,4175
Rua Azem Abdalla Azem,Jardim Bonfiglioli,14,0,0,Studio e kitnet,1050,1098
Rua da Mooca,Mooca,35,1,0,Apartamento,1650,1713
Rua Doutor Seng,Bela Vista,45,1,1,Apartamento,5000,6273
Rua Emílio Baumgart,Cangaiba,75,2,1,Casa,1700,1876
Rua Dona Vitu Giorgi,Jardim Leonor,54,2,1,Apartamento,2000,2681
Rua Manoel Salgado,Vila Caraguata,65,3,1,Apartamento,3000,3589
Avenida Paes de Barros,Parque da Mooca,75,2,1,Apartamento,4200,5126
Rua Cembira,Vila Curuçá,150,2,6,Casa,2300,2398
Rua Cipriano Barata,Ipiranga,68,3,1,Apartamento,1900,2919
Rua Congonhas,Rudge Ramos,78,3,1,Apartamento,1400,2159
Rua Álvaro de Carvalho,Consolação,48,1,0,Studio e kitnet,1360,1862
Avenida Direitos Humanos,Mandaqui,24,1,0,Studio e kitnet,950,1057
Rua Heitor Penteado,Sumarezinho,55,2,1,Apartamento,2300,3039
Rua Dirceu,Vila Carrão,41,2,0,Apartamento,1530,1724
Rua Diego de Castilho,Jardim Fonte do Morumbi,201,3,3,Apartamento,8240,12990
Rua Calógero Calía,Vila Santo Estefano,90,3,2,Apartamento,2500,3796
Rua Professor Luis Eulálio de Bueno Vidigal,Centro,53,2,2,Apartamento,2200,2806
Rua Olhos do Coração,Jardim Antartica,42,2,1,Apartamento,1100,1440
Avenida Ministro Petrônio Portela,Vila Amélia,84,3,1,Apartamento,2400,2961
Rua Nossa Senhora Operária,Vila Guilherme,60,2,2,Casa,1630,1799
Avenida Cásper Líbero,Centro,58,1,0,Apartamento,1870,2681
Rua Pedro,Vila Albertina,157,3,2,Apartamento,5300,7945
Rua Guaraiúva,Cidade Monções,400,3,4,Casa,8000,9423
Rua Alves Guimarães,Pinheiros,25,1,0,Studio e kitnet,2500,2986
Rua Helena Zerrener,Varzea do Glicerio,33,1,0,Studio e kitnet,1105,1529
Rua Cândido Vale,Tatuapé,40,1,1,Studio e kitnet,2950,3614
Rua Doutor Vicente Giacaglini,Vila Bela,40,2,0,Apartamento,3000,3296
Avenida João Peixoto Viegas,Vila Constancia,75,1,2,Apartamento,3000,4219
Avenida Guapira,Tucuruvi,42,2,1,Apartamento,1914,2700
Rua Tabatinguera,Sé,48,1,0,Apartamento,1190,1716
Rua Dona Tecla,Jardim Flor da Montanha,58,2,1,Apartamento,2900,3642
Rua Engenheiro Bianor,Butantã,27,1,0,Studio e kitnet,3099,3639
Rua Glicério,Liberdade,45,1,1,Apartamento,1906,2478
Avenida Presidente Humberto de Alencar Castelo Branco,Jardim Guarulhos,78,2,1,Apartamento,1250,1710
Rua Aguirre Proença,Itaberaba,155,2,1,Casa,2200,2495
Rua Sebastião de Mello Dias,Jaguaribe,55,1,0,Apartamento,1010,1345
Rua Dianópolis,Parque da Mooca,42,2,1,Apartamento,2200,2991
Rua Coronel Diogo,Jardim da Glória,83,2,0,Casa,2340,2430
Rua Protágoras,Vila Cleonice,220,2,0,Casa,1500,1803
Rua Lupe Cotrin Garaude,Jardim Jamaica,36,1,1,Apartamento,1800,2267
Travessa Armando Rivir,Vila Prudente,183,3,1,Casa,3500,3977
Rua Domiciano Ribeiro,Casa Verde Alta,50,1,0,Casa em condomínio,935,1121
Rua Catanduva,Pacaembu,350,5,5,Casa,15000,18170
Rua dos Pinheiros,Pinheiros,72,2,1,Apartamento,10000,11760
Rua Vicenzo Paciulo,Jardim Gracinda,58,3,1,Apartamento,2000,2137
Rua Edson Regis,Jardim Guarapiranga,331,4,3,Casa,6470,7191
Rua Frei Caneca,Consolação,40,1,0,Apartamento,2527,3065
Rua Osório Duque Estrada,Paraíso,57,2,1,Apartamento,4571,6348
Avenida Raimundo Pereira de Magalhães,Pirituba,53,2,1,Apartamento,3000,3625
Rua Viaza,Jardim Aeroporto,43,1,1,Studio e kitnet,3300,4147
Rua Itanhaém,Vila Prudente,58,2,1,Apartamento,1550,2507
Rua Oliveira Catrambi,Jardim Vila Formosa,60,1,0,Apartamento,995,1142
Rua José Oscar Abreu Sampaio,Jardim Anália Franco,268,3,6,Casa,11250,12920
Avenida Adolfo Coelho,Lauzane Paulista,67,2,0,Casa,1520,1585
Rua Joaquim Guarani,Jardim das Acácias,20,1,0,Apartamento,3000,3396
Rua Deputado Laércio Corte,Vila Andrade,104,2,2,Apartamento,5500,8778
Avenida Vereador José Diniz,Alto da Boa Vista,26,1,0,Apartamento,2800,3246
Largo do Arouche,Santa Efigênia,80,1,0,Apartamento,2300,2969
Rua da Consolação,Cerqueira César,68,1,1,Studio e kitnet,8000,9355
Rua Alexandre Levi,Cambuci,60,2,1,Apartamento,2880,3469
Avenida Benjamin Harris Hunicutt,Portal dos Gramados,56,2,1,Apartamento,1140,1554
Rua Jorge Cândido Marin,Vila Santa Luzia,69,2,1,Apartamento,1500,2342
Rua Padre João Manuel,Cerqueira César,140,3,1,Apartamento,8000,10950
Rua Coronel Francisco Júlio César Alfieri,Vila Sao Paulo,70,2,1,Apartamento,1900,3274
Alfredo Pujol,Santana,50,1,1,Apartamento,1600,2430
Rua Francisco Rossano,Sítio da Figueira,40,2,1,Apartamento,1550,1935
Avenida Vieira de Carvalho,República,30,1,0,Studio e kitnet,1506,2142
Rua Adis-abeba,Vila Cruzeiro,56,1,1,Apartamento,2300,3151
Rua Ribeiro de Barros,Lapa,64,2,1,Apartamento,3450,4554
Rua Barretos,Alto da Mooca,70,2,1,Apartamento,4142,4999
Avenida Jaime Torres,Jardim Popular,164,3,4,Casa,4500,4840
Rua Major Freire,Vila Monte Alegre,320,4,4,Casa,6000,7782
Alameda Calicut,Chácara Santo Antônio,430,4,4,Casa,15000,17200
Rua Antônio Dias da Silva,Vila Amalia (zona Norte),61,1,1,Apartamento,1355,2108
Rua Doutor Guilherme Bannitz,Itaim Bibi,70,3,1,Apartamento,4200,5163
Rua Ouro Branco,Jardim Paulista,35,1,1,Apartamento,4300,5668
Rua Francisca Miquelina,Bela Vista,56,1,0,Studio e kitnet,2200,3404
Rua Martinico Prado,Vila Buarque,57,1,1,Apartamento,3600,3739
Rua Pereira da Nóbrega,Vila Monumento,57,2,1,Apartamento,1445,2329
Avenida Washington Luís,Santo Amaro,320,3,3,Apartamento,11000,14830
Avenida Damasceno Vieira,Vila Mascote,54,2,1,Apartamento,1920,2756
Rua Frei Orlando,Vila Santa Isabel,70,2,0,Apartamento,1800,2104
Rua Paramu,Vila Alpina,70,2,2,Casa em condomínio,2760,3127
Avenida Pompéia,Pompeia,35,1,1,Apartamento,2400,3189
Rua Custódio de Mendonça,Santana,37,2,0,Apartamento,3500,3785
Rua Doutora Neyde Apparecida Sollitto,Vila Clementino,46,1,1,Studio e kitnet,5000,6673
Rua Diogo Ortiz,Lapa,140,2,2,Casa,3200,3420
Rua Visconde de Inhaúma,Vila da Saúde,35,1,1,Apartamento,2506,3209
Rua Consolação,Cerqueira César,28,1,1,Studio e kitnet,2060,2744
Rua Henrique Fausto Lancelotti,Nova Piraju,28,1,1,Studio e kitnet,1900,3507
Alameda dos Jurupis,Indianópolis,74,2,1,Apartamento,5300,6735
Rua Correia de Almeida,Jabaquara,86,2,2,Casa em condomínio,2600,3014
Rua Gustavo de Godoi,Guaiaúna,37,2,0,Apartamento,1690,2089
Rua Aluísio Azevedo,Santana,66,3,1,Apartamento,2000,3045
Rua Doutor Valentim Bouças,Vila Mazzei,150,3,4,Casa,3380,3531
Rua Avanhandava,Consolação,35,2,0,Studio e kitnet,1700,2197
Rua Cabo João Teruel Fregoni,Ponte Grande,48,2,1,Apartamento,1950,2457
Rua Doutor Nicolau Alberto Defina,Jardim da Saúde,52,2,0,Apartamento,1530,1939
Rua Eusébio de Paula Marcondes,Jardim D’abril,70,3,1,Apartamento,1400,1948
Rua Copacabana,Chora Menino,52,2,1,Apartamento,1700,2436
Rua Cachoeira do Arari,Vila Leonor,42,1,0,Casa,997,1142
Rua dos Timbiras,Santa Efigênia,70,1,1,Apartamento,1800,2716
Rua Padre Carvalho,Pinheiros,60,2,1,Apartamento,4500,6188
Rua Francisco Fett,Vila Paulo Silas,70,2,0,Casa,1500,1673
Avenida Estado,Cambuci,40,1,0,Apartamento,1500,1824
Rua Doutor Antônio Bento,Santo Amaro,103,2,1,Apartamento,5153,6132
Rua Diogo Jácome,Moema,43,1,1,Apartamento,5500,6960
Rua Marcos Portugal,Ipiranga,93,2,2,Apartamento,5200,6169
Rua Artur Cerqueira Mendes,Piqueri,200,4,2,Casa,2990,3117
Rua Joinville,Paraíso,50,1,1,Apartamento,2663,4898
Rua Ática,Jardim Brasil (zona Sul),75,2,1,Apartamento,1700,2915
Rua Realce,Jardim Antártica,49,2,1,Apartamento,2030,2308
Alameda Dinamarca,Alphaville Residencial Um,330,3,4,Casa,14000,15260
Praça da República,República,27,1,1,Studio e kitnet,2200,3094
Rua Doutor Samuel Porto,Vila da Saúde,52,2,1,Apartamento,2500,3600
Rua Ascencional,Jardim Ampliação,65,2,1,Apartamento,3000,4069
Rua da Glória,Liberdade,32,1,0,Apartamento,1480,1569
Avenida Martins Júnior,Jardim Bela Vista,63,3,1,Apartamento,2600,3276
Avenida Israel Fonseca,Vila Fátima,110,3,0,Casa em condomínio,1510,1599
Rua Willis Roberto Banks,Parque Maria Domitila,52,2,1,Apartamento,1575,2331
Avenida Ibijaú,Moema,68,2,2,Apartamento,5250,8369
Rua Ana Benvinda de Andrade,Santana,70,2,1,Apartamento,1700,2914
Rua Bela Cintra,Consolação,220,2,1,Apartamento,5000,9276
Rua Retiro,Maranhão,70,2,1,Apartamento,3850,4608
Rua Lisboa,Pinheiros,36,1,1,Studio e kitnet,4200,4880
Rua Doutor Jesuíno Maciel,Brooklin,24,1,0,Studio e kitnet,2620,3101
Rua Oscar Freire,Pinheiros,27,1,0,Studio e kitnet,3300,4067
Rua Caetano Pinto,Brás,40,1,0,Studio e kitnet,2000,2437
Rua Herval,Belenzinho,30,1,0,Studio e kitnet,1400,1654
Rua José Garbuio,Campo Belo,110,2,1,Casa,4900,5263
Rua Doutor Chibata Miyakoshi,Paraíso do Morumbi,40,1,1,Studio e kitnet,1702,3101
Avenida São João,Campos Elíseos,40,1,0,Apartamento,1800,2113
Avenida Miruna,Indianópolis,20,1,0,Apartamento,1493,1591
Avenida Yervant Kissajikian,Americanópolis,80,2,0,Apartamento,1890,1914
Rua Oswaldo Casimiro Müller,Cidade Monções,65,2,2,Casa,2165,2788
Avenida Professor Luiz Ignácio Anhaia Mello,Vila Prudente,44,2,0,Apartamento,1943,2203
Avenida Parada Pinto,Vila Nova Cachoeirinha,64,3,1,Apartamento,1600,2780
Rua Fradique Coutinho,Pinheiros,90,2,1,Apartamento,6500,8342
Rua Nelson Gama de Oliveira,Vila Andrade,106,2,2,Apartamento,4000,5603
Rua Por do Sol,Parque Panamericano,55,2,1,Apartamento,1000,1595
Rua Caracaxá,Vila Nivi,45,2,0,Casa em condomínio,1530,1695
Avenida General Ataliba Leonel,Parada Inglesa,60,2,1,Apartamento,2200,2905
Rua Pangaré,Vila Butantã,40,2,1,Apartamento,1600,2096
Rua Ilansa,Vila Prudente,79,3,2,Apartamento,3650,4888
Avenida Guilhermina Vieira,Vila Miriam,50,2,1,Casa,1350,1427
Rua Senador Carlos Teixeira de Carvalho,Cambuci,22,1,0,Studio e kitnet,1488,1545
Rua Domingos Paiva,Brás,57,2,1,Apartamento,4000,5292
Rua José Manso,Vila Matilde,28,1,0,Apartamento,2400,2557
Avenida do Oratório,Jardim Ângela (zona Leste),43,2,1,Apartamento,1400,1454
Rua 24 de Maio,República,47,1,0,Studio e kitnet,1330,1755
Rua Doutor Vicente Giacaglini,Vila Bela,67,2,1,Apartamento,2600,3516
Rua Ituri,Vila Formosa,45,2,1,Apartamento,1750,2060
Rua Natividade Saldanha,São Lucas,22,0,0,Studio e kitnet,900,1126
Rua Arquiteto Jaime Fonseca Rodrigues,Alto de Pinheiros,320,5,2,Casa,13000,15220
Avenida Padre Arlindo Vieira,Vila Vermelha,71,3,2,Apartamento,1900,2941
Rua Professor Arnaldo João Semeraro,Jardim Santa Emilia,40,2,0,Apartamento,1090,1582
Rua José Luna,Jardim Vazani,40,1,1,Apartamento,1680,1838
Rua Alexandre Farnésio,Parque Maria Luiza,50,1,0,Casa,1160,1210
Avenida Miruna,Indianópolis,140,4,1,Casa,4000,4445
Rua Duílio,Lapa,120,2,0,Casa,3280,3472
Alameda Lorena,Jardim Paulista,149,3,1,Apartamento,6100,8583
Rua Peixoto Gomide,Jardim Paulista,139,3,2,Apartamento,12000,15710
Rua Bartolomeu de Gusmão,Vila Mariana,25,1,0,Studio e kitnet,3200,3901
Avenida Mofarrej,Vila Leopoldina,94,3,2,Apartamento,4300,5875
Rua Doutor Diogo de Faria,Vila Clementino,25,1,0,Studio e kitnet,2590,3215
Rua Barão do Triunfo,Brooklin,116,2,3,Apartamento,7000,9810
Rua Conselheiro Lafaiette,Mooca,40,2,0,Studio e kitnet,2200,2693
Rua Doutor Leite Pereira,Vila Brasílio Machado,32,1,0,Casa em condomínio,1550,1762
Rua Múcio Leão,Vila Arcadia,150,2,1,Casa,2360,2461
Rua Alexandre Ribeiro,Horto Florestal,40,1,0,Casa,874,1011
Rua Graúna,Vila Uberabinha,82,2,1,Apartamento,3700,5061
Rua General Sosa Trigo,Parque Itaberaba,70,2,0,Casa,1100,1589
Rua Áureliano Guimarães,Vila Andrade,82,2,1,Apartamento,2128,3010
Avenida Monte Celeste,Vila Santa Maria,70,2,0,Casa em condomínio,1100,1215
Rua Haddock Lobo,Cerqueira César,100,3,1,Apartamento,11130,13560
Praça Aracariguama,Perdizes,350,2,3,Casa,5313,5947
Rua das Grumixamas,Vila Parque Jabaquara,50,2,1,Apartamento,1780,2349
Rua Venezuela,Centro,80,1,1,Casa,1500,1629
Rua Félix de Sousa,Vila Congonhas,213,4,3,Casa,7000,7170
Rua João Almendra,São José,55,1,1,Casa,1350,1407
Rua Padre Bento Ibañez,Jardim Prudência,47,2,1,Apartamento,1838,2664
Rua Ministro Nélson Hungria,Vila Tramontano,50,1,1,Apartamento,2660,3712
Santo Egídio,Santa Teresinha,44,2,1,Apartamento,1350,2019
Rua Yayá,Jardim Canhema,45,2,1,Apartamento,1800,2234
Alameda Fernão Cardim,Jardim Paulista,78,2,0,Apartamento,3800,5023
Rua Tamarataca,Mooca,257,3,4,Apartamento,4500,7838
Rua São Luís,Vila Cosmopolita,42,1,0,Apartamento,700,792
Rua Itaiteva,Jardim Ampliacao,49,2,1,Apartamento,2106,2792
Rua Nhu-guaçu,Nova Piraju,42,1,1,Apartamento,2400,3370
Rua Salvador Leme,Bom Retiro,50,2,1,Apartamento,2230,3308
Rua Catarina Vieira,Vila Dalila,43,2,0,Apartamento,2400,2663
Rua do Arouche,República,54,1,0,Apartamento,1236,1559
Avenida Damasceno Vieira,Jardim Jabaquara,70,2,1,Apartamento,2200,3249
Rua Traituba,Saúde,84,2,2,Apartamento,5000,6627
Rua Acaraú,Bela Vista,38,1,0,Apartamento,1340,1803
Rua Maria Zélia,Vila Pirituba,43,1,1,Casa,1550,1624
Rua Professora Ana de Andrade Santana,Jardim Leonor,374,3,4,Casa,11630,13180
Avenida José Galante,Vila Suzana,48,1,1,Apartamento,1971,2572
Avenida Miguel Estefno,Saúde,74,2,1,Apartamento,2700,3554
Rua Dom Bernardo Nogueira,Vila Gumercindo,53,2,1,Apartamento,3200,4080
Rua Doutor Carlos Augusto de Campos,Santo Amaro,39,1,0,Studio e kitnet,2400,2893
R. Bela Cintra,Consolação,51,2,1,Apartamento,4500,5291
Rua Pampa,Cidade Vargas,60,1,0,Studio e kitnet,1400,1554
Avenida Engenheiro Heitor Antônio Eiras Garcia,Jardim Esmeralda,53,2,1,Apartamento,1790,2837
Rua Macaiá-mirim,Santana,51,2,1,Apartamento,2800,3743
Rua São Quirino,Vila Guilherme,38,2,0,Apartamento,1570,2010
Rua Alexandre Levi,Cambuci,61,3,2,Apartamento,2900,3727
Rua Henrique Fausto Lancellotti,Nova Piraju,29,1,1,Studio e kitnet,3500,4754
Rua Consolação,Cerqueira César,30,1,0,Studio e kitnet,2050,2681
Rua da Esperança,Vila Medeiros,49,2,1,Apartamento,1850,2361
Av Amador Aguiar,Jaraguá,42,2,1,Apartamento,1280,1610
Rua Borba Gato,Santo Amaro,102,4,2,Apartamento,4300,5602
Rua Abernesia,Santa Maria,42,2,1,Apartamento,2550,2868
Avenida José Estevão de Magalhães,Vila Campestre,110,2,2,Casa,2350,2465
Rua José Yazigi,Jardim Leonor,420,4,4,Casa,10000,11510
Rua Sansão Alves dos Santos,Cidade Monções,85,3,1,Apartamento,5320,6617
Rua Martins Fontes,Centro,170,3,0,Apartamento,4500,6017
Rua Rosicler,Vila Nova Pauliceia,80,2,1,Casa,1800,1935
Avenida Comandante Antônio Paiva Sampaio,Parque Vitória,53,2,1,Apartamento,2172,2859
Rua Otto de Alencar,Liberdade,35,1,0,Apartamento,1475,1832
Rua Domingos do Sacramento,Vila Carolina,80,1,1,Casa,999,1082
Rua Florianópolis,Vila Bertioga,200,3,3,Casa,4500,4962
Rua Glicério,Liberdade,44,1,0,Apartamento,1100,1502
Rua das Jóias,Vila do Encontro,90,2,0,Casa,1330,1386
Avenida Dedo de Deus,Vila Formosa,34,1,0,Studio e kitnet,1500,1807
Rua Pirandello,Brooklin,220,4,2,Casa,7500,8372
Avenida Thomás Edison,Barra Funda,32,1,0,Apartamento,1600,1899
Rua Baronesa de Bela Vista,Vila Congonhas,141,3,3,Apartamento,5250,7459
Rua Jacob,Jardim Tranqüilidade,50,1,1,Apartamento,1300,1662
Rua Jacirendi,Tatuapé,65,3,1,Apartamento,2100,3071
Rua Professora Penha,Vila Scarpelli,133,2,1,Casa,3900,4166
Rua Luiz Grassmann,Jardim Mirante,27,1,0,Studio e kitnet,1400,1844
Rua Doutor Martins de Oliveira,Jardim Londrina,92,3,2,Apartamento,2750,4321
Rua Timboré,Jardim Oriental,320,4,2,Casa,5600,6278
Avenida Raimundo Pereira de Magalhães,Jardim Íris,62,2,1,Apartamento,1347,1814
Rua Maria José da Conceição,Vila Andrade,62,2,2,Apartamento,2750,3629
Rua Heitor de Souza Pinheiro,Super Quadra Morumbi,38,1,1,Apartamento,1550,2533
Rua Corrientes,Lapa,220,4,3,Apartamento,5500,9812
Rua Ciro Costa,Perdizes,32,1,1,Studio e kitnet,2750,3607
Rua Alceu Antônio da Luz,Jardim Campo Grande,380,5,2,Casa em condomínio,8100,9652
Rua Mariano Procópio,Vila Monumento,89,3,1,Apartamento,2600,3490
Rua Inácio Manuel Álvares,Jardim Ester,66,2,2,Apartamento,2473,3451
Rua João Simões de Souza,Parque Reboucas,47,2,1,Apartamento,3000,3516
Avenida das Cerejeiras,Jardim Japão,25,1,0,Studio e kitnet,695,934
Rua Doutor Alcides de Campos,Americanópolis,60,1,0,Casa,800,948
Rua Joseph Nigri,Várzea da Barra Funda,83,2,1,Apartamento,6000,7188
Rua Francisco Soledade,Parque da Mooca,144,4,2,Apartamento,3200,6020
Rua Bartolomeu de Gusmão,Vila Mariana,24,1,0,Studio e kitnet,3100,3802
Rua Elvira Ferraz,Vila Olímpia,110,3,1,Apartamento,4600,7007
Rua Augusta,Consolação,48,1,1,Apartamento,3650,4596
Rua Riskallah Jorge,Centro Histórico de São Paulo,25,1,0,Studio e kitnet,750,1185
Rua Getúlio Soares da Rocha,Jardim das Acácias,66,2,1,Apartamento,5050,5999
Rua Santo Amaro,Bela Vista,44,1,0,Apartamento,1800,1869
Avenida José Barbosa de Siqueira,Padroeira,77,1,1,Casa,670,792
Rua Catuquina,Vila Formosa,150,2,1,Casa,1650,1867
Rua José Bonifácio,Vila Galvão,60,2,2,Apartamento,1807,2585
Rua Bruxelas,Sumaré,90,2,1,Apartamento,7500,10010
Rua Dráusio,Butantã,28,1,0,Apartamento,2000,2397
Rua Lourdes Rabello,Vila Milton,74,2,1,Apartamento,1550,2167
Rua Casa do Ator,Vila Olímpia,74,2,1,Apartamento,13500,15650
Rua Antonieta Leitão,Nossa Senhora do Ó,89,3,2,Apartamento,3500,4602
R. Fábio Lopes dos Santos Luz,Vila Andrade,39,1,1,Studio e kitnet,2950,3559
Rua Gomes de Carvalho,Vila Olímpia,75,3,1,Apartamento,3200,4253
Rua Cláudio Aparecido Oliveira,Jardim Roberto,60,2,1,Apartamento,1430,2063
Rua Voluntários da Pátria,Santana,26,1,0,Studio e kitnet,2500,3141
Rua Clementine Brenne,Morumbi,37,2,0,Apartamento,1850,2331
Rua do Chico Nunes,Vila Andrade,36,2,0,Apartamento,980,1138
Rua Paraná,Brás,46,1,1,Apartamento,2205,2747
Rua José Manso,Vila Matilde,73,2,1,Apartamento,2650,3453
Rua Galvão Bueno,Liberdade,36,1,1,Apartamento,3000,4425
Rua Santo Antônio,Bela Vista,35,1,0,Studio e kitnet,1400,1704
Rua Glória do Goitá,Vila Independencia,80,3,1,Apartamento,2000,2784
Avenida Engenheiro Luiz Carlos Berrini,Cidade Monções,70,1,1,Apartamento,7000,8638
Avenida José Barbosa de Siqueira,Padroeira,50,2,1,Apartamento,1700,2241
Rua Liderlândia,Moinho Velho,240,2,2,Casa,4300,4783
Rua Teffé,Santa Maria,94,3,2,Apartamento,3100,4215
Rua Siqueira Bueno,Belenzinho,29,1,0,Casa,1232,1284
Rua Bom Pastor,Ipiranga,36,1,1,Apartamento,2500,3316
Rua Costa Aguiar,Ipiranga,37,1,0,Apartamento,2740,3205
Rua Abílio Soares,Paraíso,145,2,1,Apartamento,3350,4706
Rua Conselheiro Furtado,Liberdade,25,1,0,Studio e kitnet,2415,2825
Rua Felício Pereira,Jardim Piqueroby,120,2,5,Casa,3830,4019
Avenida Doutor Guilherme Dumont Villares,Jardim Londrina,50,1,2,Apartamento,2000,2842
Rua Carvalho de Freitas,Vila Andrade,45,2,1,Apartamento,2450,3145
Rua Serra de Botucatu,Vila Gomes Cardim,40,1,0,Apartamento,1500,1733
Rua Padre Isidoro,Vila Nova York,35,1,0,Studio e kitnet,1300,1350
Rua Professor Oliveira Fausto,Alto da Mooca,80,2,1,Casa,2300,2398
Rua Cubatão,Vila Mariana,88,2,0,Apartamento,2810,3868
Alameda Barros,Santa Cecília,40,1,0,Studio e kitnet,1900,2481
Rua Fábio Lopes dos Santos Luz,Vila Andrade,57,2,1,Apartamento,4000,5112
Rua Padre Machado,Bosque da Saúde,35,0,0,Studio e kitnet,1750,1818
Rua Manuel da Nóbrega,Paraíso,128,3,2,Apartamento,6600,8578
Rua Artur Bernardes,Vila Invernada,300,3,3,Casa,3400,3866
Avenida Paes de Barros,Mooca,198,3,2,Apartamento,2560,4338
Rua Major Maragliano,Vila Mariana,15,1,0,Studio e kitnet,2973,4105
Rua Ulisses Paschoal,Jardim Lourdes,35,1,0,Studio e kitnet,980,1111
Rua Capistrano de Abreu,Jaguaribe,52,2,1,Apartamento,1900,2619
Rua Careaçu,Jardim Franca,500,4,3,Casa,7030,8329
Rua Vapabussu,Jardim Aeroporto,60,2,2,Apartamento,2140,2853
Rua José Antônio Coelho,Vila Mariana,50,1,0,Apartamento,2000,2526
Avenida Senador Queirós,Centro,20,1,0,Studio e kitnet,1270,1774
Rua Alexandre Levi,Cambuci,51,2,1,Apartamento,2000,2679
Avenida Cásper Líbero,Centro,26,1,0,Studio e kitnet,1727,2244
Rua Nelson Fernandes,Cidade Vargas,18,1,0,Studio e kitnet,1150,1494
Rua Araguaia,Ponte Pequena,18,1,0,Studio e kitnet,720,862
Rua Intendência,Brás,43,1,0,Apartamento,2000,2626
Rua Conception Arenal,Vila Mira,40,1,0,Apartamento,1290,1816
Rua Lourenço Collino,Presidente Altino,37,1,1,Apartamento,1700,2366
Rua Thomas Carvalhal,Vila Mariana,98,2,2,Apartamento,11420,14500
Rua Croata,Vila Ipojuca,70,2,2,Apartamento,2800,4408
Praça Dom José Gaspar,República,32,1,0,Apartamento,1550,2105
Rua Joaquim Marra,Vila Talarico,100,3,3,Casa,7000,7387
Avenida Conceição,Carandiru,100,3,1,Casa,2230,2487
Rua Visconde de Parnaíba,Brás,26,1,0,Studio e kitnet,1350,1722
Rua João Álvares Soares,Campo Belo,216,3,3,Apartamento,7200,11380
Alameda dos Guaramomis,Planalto Paulista,220,4,3,Apartamento,15000,20780
Rua Lefosse,Vila Invernada,38,2,1,Apartamento,1640,1961
Avenida Patente,Jardim Patente,50,1,0,Apartamento,1200,1386
Rua Herval,Belenzinho,21,1,0,Studio e kitnet,2400,2939
Rua Voluntários da Pátria,Santana,123,3,2,Apartamento,3830,5496
Rua Doutor Cândido Espinheira,Perdizes,82,2,1,Apartamento,2757,3852
Rua Nhu-guaçu,Nova Piraju,65,2,1,Apartamento,2500,4188
Rua Leandro Teixeira,Paraisópolis,42,2,1,Apartamento,1500,2136
Rua Fernão Dias,Pinheiros,122,2,1,Casa,6500,7160
Rua Matias Aires,Consolação,83,1,1,Apartamento,4500,6737
Rua Sete de Abril,República,42,1,0,Apartamento,1600,2281
Rua Cunha Horta,Consolação,24,1,0,Studio e kitnet,3092,3880
Rua Francisco Luiz de Souza Júnior,Agua Branca,49,2,1,Apartamento,2435,2919
Avenida Ibijaú,Moema,41,1,1,Studio e kitnet,1950,3694
Rua Jordão Ramalho,Jardim Maristela,45,1,0,Casa,800,834
Avenida Cauaxi,Alphaville Industrial,296,3,3,Apartamento,12000,15490
Rua Atuaí,Vila Esperança,66,3,2,Apartamento,3000,3949
Rua Épiro,Vila Alexandria,146,4,2,Apartamento,4300,7169
Rua Professor Sousa Barros,Vila Guarani (z Sul),89,1,2,Apartamento,3250,4543
Rua Manuel Vaz,Jardim Consorcio,240,5,2,Casa,7000,7756
Rua Luís Góis,Mirandópolis,36,1,0,Studio e kitnet,1600,1902
Rua Ugo Taddei,Parque Jabaquara,250,4,3,Casa,2125,2894
Rua José da Silva Ribeiro,Vila Andrade,108,2,2,Apartamento,4350,6081
Rua Glicério,Liberdade,38,1,0,Apartamento,1500,2021
Rua Rio Grande,Vila Mariana,67,2,0,Apartamento,2600,3182
Rua Dom Macário,Saúde,54,2,0,Apartamento,1100,1462
Rua Paulo César,Vila Mazzei,55,2,2,Apartamento,2100,2811
Rua Silva Teles,Brás,69,2,2,Apartamento,3000,4019
Rua General Júlio Marcondes Salgado,Campos Elíseos,31,1,0,Studio e kitnet,2529,3443
Rua Salvador Pedroso,Sacomã,65,2,1,Apartamento,2198,2701
Rua Carlos Steinen,Paraíso,40,1,2,Apartamento,1904,3772
Rua Henrique Casela,Penha de França,49,2,1,Apartamento,1900,2574
Rua Manuel Leiroz,Vila Penteado,41,2,0,Apartamento,1500,1958
Rua da Consolação,Consolação,43,1,1,Apartamento,3200,4060
São José,Alto da Boa Vista,158,4,2,Apartamento,6500,8929
Avenida Nova Independência,Brooklin,64,2,1,Apartamento,4140,4988
Rua Severino Soares,Vila Mazzei,45,1,0,Casa em condomínio,820,857
Rua Cândido Portinari,Rudge Ramos,45,1,1,Studio e kitnet,1279,1545
Rua Pedro Melges Sobrinho,Planalto Paulista,137,2,1,Casa,3000,3157
Rua Baluarte,Vila Olímpia,72,1,1,Apartamento,6000,7398
"Santa Ifigênia, São Paulo - Sp, 01208-001, Brasil",Santa Ifigênia,46,1,0,Apartamento,864,1333
Rua João Moura,Pinheiros,48,1,1,Apartamento,4100,5574
Rua São Paulo,Taboão,55,2,1,Apartamento,2500,2971
Rua Judith Zumkeller,Parque Mandaqui,47,2,1,Apartamento,950,1643
Rua 24 de Maio,República,40,1,0,Apartamento,1247,1745
Rua dos Heliotrópios,Mirandópolis,70,2,1,Apartamento,2300,3439
Rua Tenente Isaías Branco de Araújo,Vila das Belezas,90,1,0,Casa,1990,2074
Rua Jocelyn Bennaton - Vila Nova Caledonia,Vila Nova Caledônia,115,3,2,Casa,4500,4836
Rua Batataes,Jardim Paulista,30,2,1,Apartamento,3300,6344
Rua Padre Jerônimo Vermin,Jardim Maria Estela,53,2,1,Apartamento,2100,2556
Praça Franklin Roosevelt,Consolação,55,2,0,Apartamento,1996,2690
Rua Tuim,Vila Uberabinha,43,1,1,Apartamento,3000,4816
Rua Caetano Pinto,Brás,40,1,0,Apartamento,1550,1914
Rua Parambu,Parque Vitoria,47,2,1,Apartamento,3488,4273
Rua Viçosa do Ceará,Vila Mascote,58,2,1,Apartamento,1870,3171
Rua Júlio Marcelino de Faria,Chácara Cruzeiro do Sul,107,2,2,Casa,2500,2606
Rua David Gebara,Vila Suzana,300,4,3,Apartamento,6000,10520
Rua Guaicurus,Água Branca,32,1,0,Studio e kitnet,2800,3236
Rua Ocapeguara,Jardim Umarizal,486,3,3,Casa,4700,4899
Rua Carlos de Mesquita,Jardim Jussara,219,3,4,Casa,5900,6500
Rua Flórida,Cidade Monções,37,1,1,Apartamento,3400,4150
Avenida Professor Luiz Ignácio Anhaia Mello,Vila Graciosa,41,2,1,Apartamento,1654,2167
Rua Visconde de Parnaíba,Mooca,50,2,1,Apartamento,1640,2311
Avenida Pompéia,Vila Pompéia,45,1,1,Apartamento,2450,3310
Rua Campo Largo,Vila Bertioga,120,2,3,Casa,4875,5082
Rua Guaraiúva,Cidade Monções,43,1,1,Studio e kitnet,3199,4214
Avenida Vereador Antônio Grotkowski,Vila Santa Maria,63,2,1,Apartamento,1756,2114
Rua Doutor Penaforte Mendes,Bela Vista,27,1,0,Studio e kitnet,2800,3531
Avenida Miruna,Indianópolis,42,1,1,Apartamento,2540,3788
Avenida Padre Arlindo Vieira,Jardim Vergueiro (sacomã),70,3,1,Apartamento,1750,2468
Rua Luiz Seráphico Júnior,Jardim Caravelas,29,1,0,Apartamento,2000,2457
Rua Bento Freitas,República,22,1,0,Studio e kitnet,2800,3329
Rua Inácio Xavier de Carvalho,Vila Penteado,120,2,2,Casa,4350,4768
Av.nove de Julho,Bela Vista,25,1,0,Apartamento,2500,3008
Rua Miguel Rachid,Vila Paranagua,35,1,0,Apartamento,950,1057
Rua Conselheiro Ramalho,Bela Vista,45,1,1,Apartamento,2500,3196
Rua Doutor Nicolau de Sousa Queirós,Vila Mariana,50,2,0,Apartamento,2200,2964
Rua Cayowaá,Perdizes,29,1,0,Studio e kitnet,1200,1733
Rua Fábio Lopes dos Santos Luz,Panamby,57,1,1,Apartamento,3721,4495
Avenida Manoel Pedro Pímentel,Continental,66,3,1,Apartamento,1850,2556
Rua José da Silva Ribeiro,Vila Andrade,67,3,1,Apartamento,2900,3522
Rua Pretória,Vila Formosa,125,3,3,Casa,3500,3898
Helion Póvoa,Vila Olímpia,98,2,1,Apartamento,2584,4198
Travessa Três de Outubro,São Pedro,42,2,1,Apartamento,1100,1588
Avenida Padre Pereira de Andrade,Boaçava,52,2,1,Casa,2130,2931
Rua Luciano Broinizzi,Vila Isolina Mazzei,46,1,0,Apartamento,1000,1368
Rua Francisco Marengo,Tatuapé,82,3,1,Apartamento,3620,4459
Rua Barão de Melgaço,Real Parque,70,2,1,Apartamento,2008,3194
Rua Henrique Rodrigues Peres,Jardim Brasília (zona Leste),47,2,1,Apartamento,1750,2373
Rua das Seringueiras,Vila Parque Jabaquara,52,2,1,Apartamento,3200,4181
Rua Gustavo da Silveira,Vila Santa Catarina,200,4,2,Casa,4500,4958
Rua Pedro Doll,Santana,250,4,4,Apartamento,4200,6062
Rua José Carlos de Toledo Piza,Jardim Parque Morumbi,64,2,1,Apartamento,3500,4485
Rua Imonclar E Lazari,Jardim Silvia,40,1,0,Casa,682,731
Rua Alves Guimarães,Cerqueira César,37,1,1,Apartamento,4980,5344
Avenida Cotovia,Indianópolis,31,1,1,Studio e kitnet,3500,4138
Rua Araguari,Vila Uberabinha,48,1,1,Apartamento,3700,5569
Rua Marius,Vila Celeste,84,3,1,Apartamento,2200,3144
Rua Durval Fontoura Castro,Vila Paulista,60,2,1,Apartamento,1716,2566
Rua Rio Paraná,Nova Aldeinha,50,1,0,Casa,1500,1566
Rua Silveira Rodrigues,Siciliano,132,3,3,Apartamento,10600,13100
Rua Mogi Mirim,Vila Bertioga,55,2,2,Apartamento,2800,3628
Rua Dona Tecla,Jardim Flor da Montanha,77,3,2,Apartamento,2420,3027
Rua Edmundo Kirmayr,Vila Roque,50,2,1,Apartamento,2000,2538
Rua da Mata,Itaim Bibi,172,4,1,Apartamento,12000,15190
Rua Caicó,Cidade Patriarca,37,2,0,Apartamento,1362,1753
Avenida Kennedy,Jardim do Mar,36,1,1,Studio e kitnet,2047,2743
Avenida Manoel dos Reis Araújo,Jardim Marajoara,270,3,4,Casa,10500,11800
Rua Maria Luísa de Pinho,Parque da Mooca,30,1,0,Studio e kitnet,1650,1830
Avenida Leôncio de Magalhães,Jardim São Paulo(zona Norte),50,2,0,Apartamento,2900,3732
Rua Dona Antônia de Queirós,Consolação,37,1,1,Studio e kitnet,2900,3837
Alameda dos Apetupás,Planalto Paulista,100,2,1,Casa,2400,2710
Rua Alessandro Manzoni,Campo Grande,300,3,2,Casa,3360,3545
Rua Ventura Ladalardo,Jardim Fonte do Morumbi,70,1,1,Apartamento,4250,5564
Rua Teodureto Souto,Cambuci,120,3,1,Casa,3200,3497
Rua Raiz da Serra,Jabaquara,400,5,2,Casa,12000,12630
Praça Dom Gastão Liberal Pinto,Itaim Bibi,72,2,1,Apartamento,2980,4358
Rua Professor Henrique Neves Lefevre,Jardim Petropolis,50,1,0,Casa em condomínio,1800,1996
Rua Peixoto Gomide,Jardim Paulista,124,3,1,Apartamento,11540,14060
Rua Álvaro de Carvalho,Centro,39,2,0,Apartamento,2420,3223
Rua Girassol,Vila Madalena,26,1,0,Apartamento,5500,6080
Rua Carlos Petit,Vila Mariana,26,1,0,Studio e kitnet,2400,2731
Rua Daniel Vieira,Vila Guaca,40,1,0,Casa em condomínio,840,995
Rua Ponta Delgada,Vila Olímpia,70,2,0,Apartamento,5500,7612
Avenida Jerimanduba,Jaraguá,125,3,1,Casa,1800,1897
Avenida Francisco de Carvalho,Jardim Ipanema (zona Sul),280,4,4,Casa,8000,8732
Rua dos Jornalistas,Cidade Vargas,75,2,3,Casa,2500,2706
Rua Desembargador Guimarães,Água Branca,36,1,1,Apartamento,2990,3911
Rua Estevão Baião,Vila Congonhas,120,3,2,Apartamento,5000,7101
Rua Padre Raposo,Mooca,49,2,1,Apartamento,1600,2225
Rua Caramboleira,Cidade das Flores,52,2,1,Apartamento,1700,2392
Rua Marambaia,Casa Verde,28,1,0,Apartamento,2040,2468
Rua Alberto Cortez,Pestana,160,3,2,Casa,2921,3245
Rua Boçoroca,Vila Mira,26,1,0,Studio e kitnet,1000,1163
Rua Santa Justina,Vila Olímpia,80,2,1,Apartamento,3500,5306
Rua Brigadeiro Tobias,Centro Histórico de São Paulo,38,1,0,Casa em condomínio,1800,2857
Avenida dos Parques,Tamboré,46,1,1,Studio e kitnet,3300,4441
Avenida Brigadeiro Luís Antônio,Bela Vista,81,3,0,Apartamento,2020,3007
Rua Gláuber Rocha,Santa Maria,70,2,1,Casa,1500,1713
Rua Girassol,Jardim das Flores,55,1,0,Casa,1800,1942
Rua Liestal,Lauzane Paulista,52,2,1,Apartamento,904,1676
Igati,Vila Anhangüera,91,2,1,Casa,3700,3808
Rua João Álvares Pires,Vila Jacuí,130,3,2,Casa,2200,2335
Rua Maria Otília,Vila Regente Feijó,200,4,3,Apartamento,5625,10430
Rua Sócrates,Vila Sofia,204,3,4,Apartamento,11000,15000
Rua Arcipreste Ezequias,Vila São José,50,1,0,Apartamento,2000,2527
Avenida Ipiranga,República,27,1,0,Studio e kitnet,1130,1174
Avenida Elísio Teixeira Leite,Sítio Morro Grande,40,2,1,Apartamento,1100,1392
Avenida Sebastião Henriques,Vila Siqueira (zona Norte),40,1,1,Apartamento,1400,1868
Rua Catarina Vieira,Vila Dalila,43,1,0,Apartamento,2300,2559
Rua Marechal Barbacena,Vila Regente Feijó,134,3,3,Apartamento,10000,12430
Rua Vicenzo Paciulo,Jardim Las Vegas,42,2,1,Apartamento,1800,2241
Avenida Angélica,Consolação,92,2,1,Apartamento,4500,6393
Rua Artur Prado,Bela Vista,51,1,1,Apartamento,3200,4239
Rua Haroldo Paranhos,Parque Jabaquara,140,3,1,Casa,3950,4119
Avenida Santo Amaro,Vila Nova Conceição,48,1,1,Apartamento,3358,4289
Rua Vicente Felix,Jardim Paulista,110,2,2,Apartamento,6700,8862
Avenida Bartholomeu de Carlos,Jardim Flor da Montanha,87,2,1,Apartamento,3600,4773
Alameda Jaú,Jardim Paulista,110,3,1,Apartamento,4450,7136
Rua das Fiandeiras,Vila Olímpia,40,1,1,Apartamento,2300,4009
Avenida Jandira,Indianópolis,122,5,2,Apartamento,4950,8476
Rua Geórgia,Campo Belo,72,2,1,Apartamento,3400,4647
Rua Loefgren,Vila Clementino,96,3,2,Apartamento,4000,5700
Rua Manguari,Jardim Andaraí,50,2,1,Apartamento,1600,2006
Alameda Franca,Jardim Paulista,62,2,0,Apartamento,4080,5135
Rua Antônio La Giudice,Jardim Aricanduva,125,3,2,Casa,3300,3681
Alameda Eduardo Prado,Campos Elíseos,40,1,1,Apartamento,1250,1857
Rua Alvorada,Vila Olímpia,60,2,1,Apartamento,6500,8359
Rua Correia da Câmara,Vila Tolstoi,50,2,0,Apartamento,1700,2222
Rua Padre Leonel França,Mooca,450,3,5,Casa,6500,6789
Rua Sebastião de Andrade,Vila Matilde,50,1,0,Apartamento,1256,1474
Avenida Alcântara Machado,Brás,70,2,0,Apartamento,1339,1807
Rua Guaraiúva,Cidade Monções,230,3,4,Apartamento,15000,21620
Rua das Sempre-vivas,Jardim das Acácias,23,1,0,Studio e kitnet,2000,2714
Rua Rubens Mattar,Vila Babilonia,35,1,0,Casa,650,727
Rua Carlos Dias Fernandes,Brasilândia,55,2,0,Casa,1000,1082
Rua Doutor José Carlos de Toledo Piza,Jardim Parque Morumbi,64,2,1,Apartamento,1955,2880
Avenida Condessa Elizabeth de Robiano,Jardim América da Penha,63,3,1,Apartamento,1750,2293
Rua Barra Mansa,Jardim Franca,540,5,5,Casa,6890,8182
Rua Padre José Antônio Romano,Parque Esmeralda,70,3,2,Apartamento,3470,4277
Rua Guadalupe,Parque das Nações,60,2,1,Apartamento,1500,1638
Rua Professor Elías Vita,Parque da Mooca,230,3,4,Apartamento,3750,7495
Rua Antônio de Mariz,Alto da Lapa,80,2,0,Apartamento,2600,3350
Rua Cardeal Arcoverde,Pinheiros,48,2,1,Apartamento,3700,4930
Rua Baguassu,Vila Regente Feijó,120,3,2,Casa,2900,3023
Rua Doutor Carlos Aldrovandi,Jardim Parque Morumbi,57,2,1,Apartamento,2600,3310
Rua Barão Campos Gerais,Real Parque,45,1,1,Apartamento,1700,3206
Rua Jardim das Margaridas,Vila Buenos Aires,75,2,1,Casa em condomínio,1577,1799
Rua Francisco Leitão,Pinheiros,60,1,1,Apartamento,5356,6848
Rua Cenerino Branco de Araújo,Vila Campo Grande,140,2,2,Casa,2800,3019
Rua Nova York,Brooklin Paulista,95,3,1,Apartamento,2700,4583
Rua das Vertentes,Vila Constança,90,2,2,Casa,4100,4274
Rua Octacílio Celestino Gallo,Taboão,85,2,2,Apartamento,1718,2277
Rua São Vicente de Paulo,Santa Cecilia,40,1,1,Studio e kitnet,2000,2777
Rua Marechal Luís Alves de Lima E Silva,Quitaúna,30,1,0,Casa,830,866
Rua Doutor Nicolau Alberto Defina,Jardim da Saúde,69,2,1,Apartamento,1881,2633
Alameda Lorena,Jardim Paulista,31,1,1,Studio e kitnet,2500,4587
Rua Bruna,Chácara Mafalda,43,2,1,Apartamento,1980,2307
Viaduto Dona Paulina,Centro Histórico de São Paulo,45,1,0,Apartamento,1200,1637
Rua Gazeta,Vila Fachini,35,1,0,Casa,690,719
Rua Jaguaribe,Vila Buarque,47,2,1,Apartamento,2300,3217
Rua 24 de Maio,Centro,33,1,0,Studio e kitnet,1339,1794
Rua Bonnard,Alphaville Empresarial,53,1,2,Apartamento,3200,4024
Rua dos Carmelitas,Sé,38,0,0,Studio e kitnet,980,1484
Rua da Mata,Itaim Bibi,102,1,1,Apartamento,7630,9498
Rua José Frutuoso Dias,Vila Bandeirantes,220,3,4,Casa,4590,5109
Rua Dráusio,Butantã,37,1,1,Apartamento,3300,3902
Rua Santo Antônio,Bela Vista,42,1,1,Apartamento,2000,2731
Rua Ibituruna,Parque Imperial,70,2,0,Apartamento,1700,2352
Rua Bernardino Vergueiro,Jardim Jaú (Zona Leste),60,2,1,Apartamento,1500,2284
Rua Dom Bernardo Nogueira,Vila Gumercindo,80,3,1,Apartamento,2800,4175
Avenida Jabaquara,Mirandópolis,53,1,0,Apartamento,1700,2479
Rua Júlia della Casa Paula,Vila Mariana,100,2,1,Casa em condomínio,5500,5852
Rua Afonso de Freitas,Paraíso.,100,2,1,Apartamento,3100,4356
Rua Salvador Gaeta,Vila Augusta,68,2,2,Casa,2426,2574
Avenida Leôncio de Magalhães,Jardim São Paulo(zona Norte),50,2,1,Apartamento,3052,3819
Rua Major José Marioto Ferreira,Paraisópolis,211,2,2,Apartamento,3200,6119
Rua Antônio Amaral,Vila Antonieta,40,2,0,Casa,900,965
Avenida Doutor Cardoso de Melo,Vila Olímpia,43,1,1,Studio e kitnet,3500,4774
Rua Riskallah Jorge,Centro,28,1,0,Studio e kitnet,1300,1700
Avenida Salgado Filho,Centro,38,1,1,Studio e kitnet,2000,2527
Avenida Professor Ascendino Reis,Indianópolis,26,1,0,Studio e kitnet,2430,2991
Rua Bom Pastor,Ipiranga,60,2,0,Apartamento,2000,2716
Rua Don Francisco Manuel Vieira,Jardim Primeiro de Maio (chacara Fazendinha),70,1,0,Casa,870,991
Rua Aurora,Santa Efigênia,40,1,0,Studio e kitnet,949,1296
Rua Janguruçu,Parque da Mooca,34,1,0,Studio e kitnet,2000,2277
Avenida José Galante,Vila Suzana,450,4,4,Apartamento,14900,21510
Rua Maia Lelo,Vila Paulo Silas,80,2,0,Casa,2000,2100
Rua Geneve,Mandaqui,42,2,1,Apartamento,1700,2266
Avenida Presidente Joao Goulart,Umuarama,65,3,1,Apartamento,2900,3629
Alameda Itapecuru,Alphaville Industrial,112,2,2,Apartamento,5930,6995
Rua Pascal,Campo Belo,140,3,2,Apartamento,5500,8437
Avenida Carlos Ferreira Endres,Vila Endres,50,2,1,Apartamento,2200,2798
Simão Velho,Freguesia do Ó,110,3,3,Apartamento,11000,12740
Rua Cônego Vicente Miguel Marino,Barra Funda,36,2,0,Apartamento,1980,2376
Avenida Ipiranga,República,22,1,0,Studio e kitnet,850,1201
Rua José Mandotti,Vila Augusta,38,1,1,Apartamento,3200,3776
Rua Curupace,Mooca,90,2,0,Casa,2800,3047
Rua Dona Maria Carolina,Jardim Paulistano,37,1,1,Studio e kitnet,7000,8070
Rua Engenheiro Bianor,Butantã,45,2,1,Apartamento,3850,4723
Rua Ponte Pensa,Parada Inglesa,38,2,0,Apartamento,1650,1949
Rua Domingos Ataide,Vila Suzana,43,2,0,Apartamento,1806,2164
Rua Coronel Irineu de Castro,Jardim Anália Franco,200,3,2,Casa,4880,5530
Rua Nelson Gama de Oliveira,Vila Andrade,75,2,1,Apartamento,3200,4013
Rua Rishin Matsuda,Vila Santa Catarina,290,4,4,Casa,5000,5579
Rua Girassol,Vila Madalena,84,2,1,Apartamento,3400,4832
Rua Xingu,Vila Valparaíso,58,2,1,Apartamento,2017,2848
Rua dos Andradas,Santa Ifigênia,32,1,0,Studio e kitnet,650,1093
Alameda Santos,Cerqueira César,56,2,0,Apartamento,4600,5528
Rua Chui,Paraíso,40,1,1,Apartamento,2761,3680
Rua Bela Cintra,Consolação,50,2,1,Apartamento,4500,5574
Rua Fosca,Jardim Previdência,60,3,1,Apartamento,2100,2790
Rua Santa Isabel,Vila Buarque,40,1,0,Apartamento,1450,1836
Rua Guarapuava,Mooca,52,2,1,Apartamento,3070,3916
Rua Vitório Ramalho,Tatuapé,91,3,2,Apartamento,6000,7282
Rua Artur Prado,Bela Vista,41,1,1,Apartamento,3300,4377
Rua Emílio Pestana,Alto da Mooca,150,4,4,Casa,4800,5188
"Rua Topázio, 701 - Vila Mariana, São Paulo - Sp, Brasil",Vila Mariana,33,1,1,Apartamento,2999,3853
Rua Nove de Julho,Santo Amaro,77,2,1,Apartamento,10000,11340
Rua Alves de Almeida,Chácara Belenzinho,49,2,1,Apartamento,8000,8102
Avenida Juan Cabrerizo,Cipava,40,1,0,Studio e kitnet,900,935
Rua Isabel de Freitas Sassi,Jardim Santa Terezinha,145,4,4,Casa,2295,2566
Rua Epiro,Vila Alexandria,146,4,3,Apartamento,6000,9032
Avenida Brigadeiro Luís Antônio,Jardim Paulista,70,2,0,Apartamento,2710,3467
Avenida Washington Luís,Santo Amaro,305,4,4,Apartamento,14530,19010
Rua Durval Fontoura Castro,Vila Paulista,44,1,0,Casa,1190,1292
Rua Frei Orlando,Vila Santa Isabel,40,2,0,Apartamento,1990,2217
Rua Frei Caneca,Consolação,48,1,1,Apartamento,2000,2617
Rua São Francisco de Assis,Vila Mangalot,223,3,6,Casa,4100,4518
Rua Água Rasa,Vila Regente Feijó,83,3,2,Apartamento,2500,3846
Rua Pascal,Campo Belo,30,1,1,Studio e kitnet,2800,3506
Rua Baluarte,Vila Olímpia,90,2,1,Apartamento,2500,3361
Rua Croata,Vila Ipojuca,60,2,2,Apartamento,3300,5074
Rua Doutor Miranda de Azevedo,Vila Anglo Brasileira,43,1,1,Apartamento,3900,4617
Avenida Portugal,Centro,40,1,1,Apartamento,1834,3572
Rua Nova Cidade,Vila Olímpia,90,1,2,Apartamento,10000,13680
Rua Joaquim Ferreira,Água Branca,65,2,0,Apartamento,2000,2472
Avenida Raimundo Pereira de Magalhães,Jardim Íris,44,2,1,Apartamento,1800,2219
Rua Coronel Camisão,Vila Gomes,62,3,2,Apartamento,2335,3725
Rua Maracá,Jabaquara,116,3,2,Apartamento,4800,6731
Rua Doutor Bento Teobaldo Ferraz,Várzea da Barra Funda,31,1,0,Apartamento,2100,2429
Rua Bueno de Andrade,Liberdade,28,1,1,Studio e kitnet,2461,3049
Rua General Eldes de Sousa Guedes,Jardim Colombo,180,3,3,Casa,4000,4571
Avenida Cásper Líbero,Centro,38,1,0,Apartamento,1434,1490
Rua José Bento,Cambuci,34,1,0,Apartamento,1340,1786
Rua Cubatão,Vila Mariana,32,1,1,Studio e kitnet,2200,3284
Alameda Lorena,Jardim Paulista,26,1,1,Studio e kitnet,4000,4779
Avenida Engenheiro Heitor Antônio Eiras Garcia,Jardim Esmeralda,50,1,1,Studio e kitnet,2280,2368
Rua Camé,Mooca,54,1,0,Apartamento,1700,2116
Rua Barata Ribeiro,Bela Vista,66,1,1,Apartamento,3255,3502
Rua Iguaré,Tatuapé,49,2,1,Apartamento,1420,2135
Rua Venezuela,Taboão,40,1,1,Apartamento,1000,1271
Rua Conselheiro Furtado,Liberdade,28,1,0,Studio e kitnet,2300,2750
Rua Pernambucana,Conceição,48,2,1,Apartamento,1700,2271
Avenida Itaquera,Itaquera,43,1,0,Apartamento,800,1256
Rua Barão do Triunfo,Brooklin Paulista,45,1,1,Apartamento,2100,3049
Rua Guiratinga,Chácara Inglesa,52,1,1,Apartamento,2500,3943
Rua Barata Ribeiro,Bela Vista,60,2,1,Apartamento,3500,4469
Avenida Corifeu de Azevedo Marques,Jd. Rio Pequeno,20,1,0,Studio e kitnet,1600,1662
Rua Tabor,Ipiranga,30,1,0,Casa,1650,1720
Rua Monteiro de Melo,Jardim Peri,200,3,1,Casa,7170,7569
Rua Bandeira Paulista,Itaim Bibi,85,1,2,Apartamento,7839,10240
Rua Ana de Barros,Jardim Santa Inês,60,3,1,Apartamento,2500,3336
Alameda Itapecuru,Alphaville Centro Industrial E Empresarial/alphaville.,212,4,3,Apartamento,12500,14800
Rua Andaçu,Vila Paiva,46,1,0,Apartamento,1350,1527
Rua do Lavapés,Cambuci,45,2,0,Apartamento,2500,3046
Rua José Gomes Falcão,Parque Industrial Tomas Edson,164,3,2,Apartamento,8400,10510
Avenida Teresa Cristina,Vila Monumento,75,1,1,Casa,4000,4340
Avenida Pavão,Recanto Paraíso,55,1,1,Casa,2040,2746
Rua Capote Valente,Pinheiros,52,1,1,Apartamento,3900,5879
Avenida Ipiranga,República,45,1,0,Apartamento,2400,2832
Rua Marechal Barbacena,Vila Regente Feijó,54,1,1,Apartamento,3600,4505
Rua Marie Nader Calfat,Jardim Ampliacao,31,1,1,Studio e kitnet,2350,2990
Rua Clovis de Oliveira,Vila Progredior,55,1,0,Apartamento,2300,2389
Largo do Arouche,República,34,1,0,Studio e kitnet,2100,2756
Avenida Itaquera,Parque Maria Luiza,40,1,0,Studio e kitnet,1081,1222
Rua Teodoro Sampaio,Pinheiros,100,2,0,Apartamento,3200,4118
"R. Evans, São Paulo - Sp, 03648-020, Brasil",Vila Matilde,39,1,0,Apartamento,1800,2019
Rua Antônio Júlio dos Santos,Fazenda Morumbi,198,4,3,Apartamento,5625,8436
Av Santo Antonio,Bela Vista,58,2,2,Apartamento,1800,2646
Rua Edson,Campo Belo,311,4,6,Apartamento,15000,25510
Rua da Chibata,Vila Andrade,42,2,0,Apartamento,1330,1717
Avenida Engenheiro Eusébio Stevaux,Jurubatuba,136,4,2,Apartamento,5500,8248
Rua Cristóvão Arraes,Vila Santa Terezinha,40,2,0,Apartamento,1650,1947
Rua Haroldo Paranhos,Parque Jabaquara,147,3,2,Casa,3440,3850
Rua Jorge Duprat Figueiredo,Vila Paulista,59,2,1,Apartamento,2800,3608
Rua Hafiz,Jardim Palmares (zona Sul),250,3,2,Casa,4600,5016
Rua Dr. Rubens Meireles,Várzea da Barra Funda,132,3,2,Apartamento,6630,8206
Rua Barbalha,Alto da Lapa,14,1,0,Studio e kitnet,700,811
Rua Olímpia de Almeida Prado,Barra Funda,33,1,1,Studio e kitnet,2550,3286
Rua Ernest Renan,Vila Andrade,56,2,1,Apartamento,5250,6059
Rua José Gomes Falcão,Parque Industrial Tomas Edson,162,3,2,Apartamento,8500,10120
Rua Sena Madureira,Vila Clementino,68,3,1,Apartamento,5200,6684
Alameda Lorena,Jardim Paulista,42,1,1,Apartamento,3500,4699
Rua Diego de Losada,Jardim Ataliba Leonel,60,1,0,Casa,850,887
Rua Tuim,Vila Uberabinha,36,1,1,Apartamento,4000,5714
Rua Hilário Capote Valente,São Lucas,60,2,0,Casa,1400,1460
Rua Francisco Pereira,Vila Galvão,42,2,1,Apartamento,2300,2750
Rua Helene Londahl,Bosque da Saúde,50,1,0,Casa,1200,1297
Avenida João Paulo Ii,São Pedro,39,2,1,Apartamento,1100,1602
Rua Serra de Jairé,Quarta Parada,102,3,2,Apartamento,3500,4941
Rua Álvaro de Carvalho,Centro Histórico de São Paulo,25,1,0,Apartamento,1410,2019
Rua Iperoig,Perdizes,68,2,1,Apartamento,3300,4351
Rua Alves Guimarães,Pinheiros,24,1,0,Studio e kitnet,3500,3908
Avenida José Galante,Vila Suzana,82,2,2,Apartamento,4240,6500
Rua Doutor José Gustavo Busch,Paraíso do Morumbi,80,1,2,Apartamento,2800,4444
Rua Raul Pompéia,Vila Pompéia,120,3,1,Apartamento,3300,5967
Rua Anália Franco,Vila Regente Feijó,70,2,1,Apartamento,3850,4713
Rua Rosa Honoria de Jesus,Jardim Nova Germania,150,2,2,Casa,2323,2422
Rua Torrinha,Tatuapé,190,3,4,Casa,9890,10690
Avenida Dona Blandina Ignez Júlio,Jaguaribe,64,2,1,Apartamento,2500,3196
Rua Paulistânia,Vila Madalena,70,2,1,Apartamento,6200,7137
Rua Paracuê,Sumaré,215,3,4,Apartamento,10800,17240
Rua Ministro José Geraldo Rodrigues Alckmin,Santo Amaro,418,5,3,Casa,15000,18860
Rua Luís Martins,Lapa,60,2,1,Apartamento,3000,4097
Rua Eugênio de Freitas,Vila Guilherme,49,2,1,Apartamento,1980,2549
Rua Agente Gomes,Jardim São Paulo,216,3,3,Apartamento,8000,11940
Rua Antônio Pontes Câmara,Vila Olímpia,120,3,2,Casa,5300,5810
Rua das Aroeiras,Jabaquara,39,1,0,Casa em condomínio,1000,1042
Rua Santa Cruz do Rio Pardo,Americanópolis,30,2,0,Casa,800,834
Rua São Bernardo,Cidade Mãe do Céu,35,2,1,Studio e kitnet,2300,2330
Rua Itajaí,Mooca,79,3,1,Apartamento,4041,5104
Rua das Lobélias,Vila Bela,50,2,1,Apartamento,2392,2984
Rua Edmundo Juventino Fuentes,Parque Tomas Saraiva,60,2,1,Apartamento,1950,2527
Rua Gregório Lopes,Parque Mandaqui,130,3,3,Casa,4100,4358
Rua Inocêncio de Camargo,Pedreira,55,2,1,Apartamento,2500,2896
Rua Antônio Félix Pacheco,Parque Maria Domitila,50,2,1,Casa,1350,1407
Rua Otto de Alencar,Liberdade,44,2,1,Apartamento,1700,2266
Rua do Bosque,Barra Funda,34,2,0,Apartamento,1800,2401
Rua Doutor Ubaldino do Amaral,Vila São Pedro,85,1,0,Casa,1300,1355
Rua Copacabana,Santa Teresinha,50,2,1,Apartamento,1785,2406
Rua Antão Leme da Silva,Cidade Líder,44,2,0,Apartamento,2300,2569
Praça Antônio Constantino,Vila Euthalia,42,1,0,Casa,1080,1098
Rua Patrick Dimitruk,Helena Maria,45,1,0,Casa,1350,1532
Rua Dona Gabriela,Parada Inglesa,36,2,0,Apartamento,2010,2438
Rua Domingos Lopes da Silva,Vila Suzana,145,3,3,Apartamento,4875,8309
Alameda Cleveland,Campos Elíseos,70,2,0,Apartamento,1500,1874
Rua George Chahestian,Vila Basileia,60,2,1,Apartamento,1948,2612
Rua Sebastião de Melo Dias,Jaguaribe,68,2,0,Apartamento,1450,1694
Rua Otávio Rocha,Vila Campo Grande,200,3,1,Casa,4375,4681
Rua Emiliano Di Cavalcanti,Vila Regente Feijó,228,4,3,Casa,4875,5302
Rua Ática,Jardim Brasil (zona Sul),23,1,0,Studio e kitnet,1750,1773
Rua Duílio,Água Branca,92,3,1,Apartamento,5000,6494
Rua Herval,Belenzinho,26,1,0,Studio e kitnet,2700,3217
Avenida dos Ourives,Jardim São Savério,41,2,0,Apartamento,1300,1750
Rua Muniz de Sousa,Aclimação,62,2,1,Apartamento,2758,3750
Rua Montesina,Vila Celeste,130,3,0,Casa,1890,2191
Rua Chagu,Vila Formosa,45,1,0,Apartamento,1600,1942
Rua Major Freire,Vila Monte Alegre,300,3,3,Apartamento,9000,11440
Rua Doutor Falcão Filho,Centro,36,1,0,Apartamento,1275,1825
Rua Urimonduba,Itaim Bibi,120,2,1,Apartamento,7500,9325
Rua Fernão Dias,Pinheiros,35,1,1,Apartamento,5000,6418
Rua Pelotas,Vila Mariana,50,2,1,Apartamento,4725,5907
Rua Itararé,Vila Alzira,143,3,3,Casa,3800,3999
Rua Dankmar Adler,Vila Morumbi,137,3,3,Apartamento,7270,9846
Rua Ministro Sinésio Rocha,Jardim Vera Cruz,120,3,1,Casa,7400,7846
Rua Alba,Vila Santa Catarina,81,2,1,Apartamento,4600,5722
Alameda Campinas,Jardim Paulista,30,1,0,Apartamento,2705,4073
Avenida do Oratório,Jardim Ângela (zona Leste),53,2,1,Apartamento,2037,2595
Rua Alves de Almeida,Chácara Belenzinho,150,3,0,Casa,3040,3169
Rua São Tomé,Vila Laís,80,3,0,Casa,2087,2176
Rua Vergueiro,Jardim Previdencia,50,2,1,Apartamento,1850,2421
Rua Itatupa,Vila Andrade,58,1,2,Apartamento,2500,3802
Travessa Fernandes,Vila Albertina,100,2,1,Casa,1300,1448
Rua José Mesa Campos,Jardim Aeroporto,140,2,1,Casa,3750,4239
Rua Vinte E Cinco de Janeiro,Luz,36,1,0,Apartamento,2200,2804
Rua Sócrates,Vila Sofia,90,1,2,Apartamento,4750,6717
Rua Leandro Dupret,Vila Clementino,17,1,0,Studio e kitnet,1200,1961
Rua Piratininga,Brás,50,2,1,Apartamento,1951,2550
Rua Maria do Carmo Sene,Vila Paulicéia,250,3,4,Apartamento,5000,8689
Rua Salvador Padilha Gimenes,Limão,136,2,2,Casa em condomínio,2800,3143
Rua Guiratinga,Chácara Inglesa,55,2,1,Apartamento,2174,3623
Rua Raiz da Serra,Vila Parque Jabaquara,70,2,0,Casa,1700,1894
Rua da Mooca,Mooca,150,2,1,Apartamento,2750,3735
Rua Bento Frias,Pinheiros,33,1,1,Studio e kitnet,4500,5329
Rua Coronel Joviniano Brandão,Parque da Mooca,250,3,3,Casa,7167,8229
Rua Honório Pena,Vila Matilde,101,3,3,Casa,3060,3190
Rua Washington Luís,Centro Histórico de São Paulo,23,1,1,Studio e kitnet,1600,2502
Rua Laurindo Rabelo,Jardim da Glória,210,3,3,Casa,5900,6825
Rua Doutor Neto de Araújo,Vila Mariana,74,2,1,Apartamento,4600,6152
Rua Uicó,Vila Marieta,56,1,0,Casa,1350,1407
Rua Itaici,Santa Teresinha,126,3,2,Casa,4300,4678
Rua Artur,Chora Menino,68,2,1,Casa,2920,3417
Rua Comendador Francisco Pettinati,Jardim Monte Kemel,98,2,1,Apartamento,1750,3208
Rua Correia de Lemos,Chácara Inglesa,108,3,2,Apartamento,6700,8967
Avenida Edmundo Amaral,Piratininga,58,2,1,Apartamento,1200,1973
Avenida Doutor Francisco Mesquita,Quinta da Paineira,45,2,1,Apartamento,2300,2939
Rua dos Buritis,Vila Parque Jabaquara,37,1,1,Apartamento,1930,2504
Rua Mariano Procópio,Ipiranga,30,2,0,Apartamento,2800,3370
Avenida Abílio Pereira de Almeida,Vila Sao Domingos,60,1,0,Casa,1000,1042
Rua Paim,Bela Vista,45,2,1,Apartamento,4000,4945
Rua Moinho Velho,Moinho Velho,110,3,1,Apartamento,2125,2845
Rua Amador Bueno,Santo Amaro,48,2,1,Apartamento,2000,2605
Alameda Lorena,Jardim Paulista,60,1,1,Apartamento,6500,10700
Rua Urussuí,Itaim Bibi,70,2,2,Apartamento,4100,6783
Rua Doutor Sílvio Noronha,Cidade Continental,45,1,0,Casa,680,709
Avenida Mário Lopes Leão,Santo Amaro,32,1,0,Studio e kitnet,1350,1592
Rua Dom Mateus,Vila Monumento,68,2,2,Apartamento,2730,3895
Avenida Cásper Líbero,Vila Osasco,83,3,2,Apartamento,2150,2988
"Jardim Gracinda, Guarulhos - Sp, 07082-290, Brasil",Jardim Gracinda,83,2,0,Apartamento,2600,3547
Rua Mucuri,Vila Guarani,50,1,2,Apartamento,1790,2739
Rua Frei Mont’alverne,Vila Aricanduva,40,1,1,Studio e kitnet,1150,1194
Rua José Bento,Cambuci,36,1,0,Apartamento,1642,2158
Rua Humberto I,Vila Mariana,23,1,0,Studio e kitnet,3160,3909
"R. Evans, São Paulo - Sp, 03648-020, Brasil",Vila Matilde,54,2,0,Apartamento,1800,2019
Rua Antônio Peres Paniágua,São Pedro,47,2,1,Apartamento,1220,1659
Avenida Paes de Barros,Mooca,114,3,1,Apartamento,3000,4416
Rua Gameleira,Vila Inah,250,3,3,Casa,12000,12950
Rua General Euclídes Figueiredo,Morumbi,250,4,5,Casa em condomínio,9300,10670
Rua Conrado Mazzeo,Jardim Luísa,80,2,1,Casa,1750,1824
Rua Rússia,Taboão,45,1,1,Apartamento,1200,1411
Rua Doutor Olavo Egídio,Santana,69,2,1,Apartamento,1650,2834
Rua Doutor Alcides de Campos,Americanópolis,45,1,0,Casa,800,865
Rua Léo de Morais,Vila das Mercês,75,2,1,Apartamento,2250,2337
Alameda Itapecuru,Alphaville Industrial,68,2,1,Apartamento,4500,5297
Rua Manuel Ribas,Vila Campanela,24,1,0,Apartamento,1000,1313
Rua Antônio Fóster,Vila Socorro,50,1,0,Casa,1200,1251
Rua Nazaré Rezek Faráh,Vila Santa Catarina,65,2,2,Apartamento,1869,3117
Viela Maria Barcera Gamera,Jardim das Flores,80,1,0,Casa,1500,1813
Rua Benjamin Pereira,Jaçanã,25,1,0,Apartamento,1200,1431
Rua Ministro Coriolano de Gois,Jardim Marajoara,450,5,3,Casa,11380,12800
Rua Doutor Miranda de Azevedo,Pompeia,44,1,1,Apartamento,3100,3944
Rua Serra de Bragança,Vila Gomes Cardim,95,4,2,Apartamento,3900,5368
Rua Manuel Cueva,Jardim Satelite,133,2,2,Casa,3100,3324
Avenida Celso Garcia,Brás,40,2,1,Apartamento,1400,2028
Viaduto Dona Paulina,Centro Histórico de São Paulo,53,1,0,Apartamento,1917,2029
Rua da Consolação,Consolação,26,1,0,Studio e kitnet,2230,2816
Avenida Rouxinol,Moema,53,1,1,Studio e kitnet,2300,3961
Rua Eusébio da Silva,Parque Maria Domitila,45,1,0,Casa,850,887
Avenida Arruda Botelho,Alto de Pinheiros,92,3,2,Apartamento,5600,8230
Rua Álvaro de Carvalho,Centro,50,1,0,Apartamento,2118,2805
Rua Domingos de Morais,Vila Mariana,25,1,0,Studio e kitnet,1650,1913
Avenida Paes de Barros,Mooca,102,3,1,Apartamento,4026,5346
Rua Coronel Luís Schimidt,Vila das Belezas,40,1,0,Apartamento,1500,1958
Avenida Brigadeiro Luís Antônio,Bela Vista,115,3,0,Apartamento,2820,3920
Rua Aimutong,Tucuruvi,38,1,1,Apartamento,990,1068
Rua Coronel Gustavo Santiago,Vila Zilda,27,1,0,Apartamento,2100,2331
Praça Júlio Mesquita,Santa Efigênia,32,1,0,Studio e kitnet,1350,1797
Rua Nanuque,Vila Leopoldina,115,3,2,Apartamento,4450,6177
Avenida dos Andradas,Vila Santa Teresa,58,2,1,Apartamento,2220,2815
Avenida Padre Lebret,Jardim Leonor,80,2,2,Apartamento,6000,7735
Avenida Condessa Elizabeth de Robiano,Penha de França,39,2,1,Apartamento,3040,3617
Rua Quatiguá,Vila Ivone,33,1,0,Apartamento,1100,1387
Avenida General Olímpio da Silveira,Santa Cecilia,61,2,0,Apartamento,2150,2504
Rua Antônio Covello,Jabaquara,175,3,2,Apartamento,8000,10480
Rua Marguerite Louise Riechelman,Vila Erna,30,1,0,Casa,950,1032
Rua Luiz Coladello,Parque Continental Ii,60,1,0,Casa,1000,1072
Rua Coronel Marcílio Franco,Vila Isolina Mazzei,45,1,0,Apartamento,1270,1526
Avenida Manoel dos Reis Araújo,Jardim Marajoara,150,3,6,Casa,6075,7379
Rua Professor João Arruda,Pompeia,80,1,1,Apartamento,3950,4820
Rua André Bloc,Vila Nova Mazzei,209,3,3,Casa,4400,4593
Rua Vera,Jardim Santa Mena,80,1,1,Casa,1320,1411
Rua Artur Sabóia,Paraíso,230,3,2,Casa,5500,6062
Viaduto Dona Paulina,Centro,21,1,0,Studio e kitnet,800,1181
Rua Henrique Mazzei,Vila Isolina Mazzei,85,3,2,Casa em condomínio,2900,3387
Rua Raul Pompéia,Pompeia,126,3,1,Apartamento,5250,7252
Rua Caiowa,Sumaré,228,4,4,Apartamento,14000,19050
Rua Trajano de Faria,Jardim Nova Taboao,76,3,1,Apartamento,3500,3982
Rua Vergueiro,Liberdade,23,1,1,Studio e kitnet,3000,3750
Rua Desembargador Aragão,Vila Mariana,23,1,0,Studio e kitnet,2050,2636
Alameda Franca,Jardim Paulista,180,4,2,Apartamento,8500,13470
Rua Doutor Fábio Montenegro,Vila Guilhermina,40,1,0,Apartamento,1750,2128
Rua Múrcia,Parque Sevilha,135,3,2,Casa,4300,4660
Avenida Washington Luís,Santo Amaro,310,3,3,Apartamento,13000,17870
Rua Etrusca,Utinga,106,2,2,Apartamento,3200,3358
R Vinte E Quaro de Dezembro,Vila Dom Pedro Ii,24,1,0,Studio e kitnet,1200,1647
Rua João Scatamacchia,Vila Campo Grande,70,2,2,Apartamento,1500,2481
Avenida Marginal Direita Anchieta,Vila Arapua,63,3,1,Apartamento,1890,2594
Rua Vieira de Morais,Campo Belo,42,1,1,Apartamento,3997,4946
Avenida Mendes da Rocha,Jardim Brasil (zona Norte),70,1,0,Apartamento,1000,1038
Rua Sete Barras,Vila Moinho Velho,70,2,1,Apartamento,3218,3832
Rua Coronel Meireles,Penha de França,45,1,0,Casa,1200,1310
Rua José de Martini,Vila Tiradentes,100,2,2,Casa em condomínio,2350,2888
Rua Voluntários da Pátria,Santana,110,3,1,Apartamento,2800,4075
Rua Anamá,Guaiaúna,70,3,0,Casa,1200,1351
Rua Fernão Dias,Pinheiros,27,1,0,Studio e kitnet,3000,3591
Rua Copacabana,Santa Teresinha,52,2,1,Apartamento,1800,2494
Alameda Campinas,Jardim Paulista,37,1,1,Studio e kitnet,3500,4611
Rua Carubinha,Parque Esmeralda,46,2,1,Apartamento,2193,2567
Rua Barão de Melgaço,Real Parque,112,2,2,Casa em condomínio,3740,5343
Rua Joaquim Antunes,Pinheiros,89,2,1,Apartamento,11000,13110
Rua Galeno de Castro,Jurubatuba,35,2,0,Apartamento,2200,2520
Rua Padre Maurício,Vila Diva (zona Leste),176,2,1,Casa,2800,3226
Rua Conselheiro Furtado,Liberdade,39,1,0,Apartamento,1470,1942
Rua Manuel Figueiredo Landim,Jardim Campo Grande,163,3,3,Apartamento,7000,9282
Rua João José Pacheco,Jardim Vila Mariana,27,1,0,Studio e kitnet,2700,3619
Rua da Chibata,Vila Andrade,55,2,1,Apartamento,1850,2454
Avenida São João,Santa Cecília,40,1,0,Studio e kitnet,1300,1734
Rua Engenheiro Isaac Garcêz,Rudge Ramos,184,3,2,Apartamento,3800,4626
Rua Domingos Paiva,Brás,30,1,1,Apartamento,1600,1886
Rua Mário dos Anjos,Imirim,152,3,2,Casa,5160,7193
Rua Maria Eugênia,Tatuapé,120,2,1,Casa,2550,2745
"Rua Daniel Vieira, 239, Vila Gauca",Vila Guaca,40,1,0,Casa,975,1105
Rua Ibirajá,Vila Guarani,63,2,1,Apartamento,4200,4834
Praça Mário Ortiz,Quinta da Paineira,48,1,0,Apartamento,1435,1691
Rua Otto de Alencar,Liberdade,42,2,1,Apartamento,1850,2311
Rua Doutor Mário Ferraz,Jardim Europa,100,3,1,Apartamento,5000,6938
Rua João Adolfo,Centro,50,1,0,Apartamento,2190,2762
Rua Joaquim Távora,Vila Mariana,28,1,0,Apartamento,3500,3895
Rua Alegria,Brás,59,2,1,Apartamento,2825,3548
Rua Garção Tinoco,Santana,96,3,2,Apartamento,3000,4499
Rua Major Maragliano,Vila Mariana,59,2,1,Apartamento,2900,4037
Rua Padre Feliciano Domingues,Jardim Mariliza,61,2,1,Apartamento,1512,2071
Rua Arno Nadel,Conjunto Residencial José Bonifácio,40,1,0,Casa,800,834
Rua dos Guaianazes,Campos Elíseos,32,1,0,Apartamento,950,1533
Rua José Gomes Falcão,Barra Funda,162,3,2,Apartamento,8500,9858
Alameda Lorena,Jardim Paulista,32,1,1,Studio e kitnet,3200,5502
Rua Torquato Tasso,Vila Prudente,100,3,1,Apartamento,2050,3209
Rua Alba,Vila Parque Jabaquara,57,3,1,Apartamento,1680,2296
Rua São Benedito,Santo Amaro,184,4,3,Apartamento,10000,12040
Rua Santa Izabel,Vila Augusta,66,2,2,Apartamento,2600,3254
Avenida Santa Catarina,Vila Alexandria,250,4,2,Casa,3500,3676
Rua Caioaba,Vila Graciosa,80,3,2,Casa,2800,3091
Rua Professor Bueno dos Reis,Jardim Cachoeira,200,3,5,Casa,3900,4345
Avenida Adolfo Pinheiro,Santo Amaro,94,2,1,Apartamento,4100,5778
Avenida Parada Pinto,Vila Nova Cachoeirinha,30,1,0,Casa,890,1178
Rua Mercedes Lopes,Vila Santana,56,2,1,Apartamento,1700,2536
Rua Copacabana,Chora Menino,160,4,2,Apartamento,4500,6143
Rua Correggio,Vila Suzana,85,3,2,Apartamento,2900,4293
Avenida Antônio Carlos Costa,Bela Vista,43,1,0,Apartamento,1500,1558
Avenida Raimundo Pereira de Magalhães,Jardim Peri,46,2,1,Apartamento,2850,3260
Avenida Vila Ema,Vila Ema,23,1,0,Apartamento,1230,1647
Rua Ribeiro do Vale,Brooklin Paulista,50,1,0,Studio e kitnet,3600,4400
Rua Leôncio da Costa Vieira,Jardim Piqueroby,41,2,0,Studio e kitnet,2900,3142
Rua Etiópia,Parque Monte Alegre,120,3,2,Casa,2800,3042
Avenida Jorge João Saad,Vila Progredior,80,3,1,Apartamento,3000,4420
Rua General Canavarro,Campestre,180,3,2,Casa,3270,3493
Avenida Manoel de Nóbrega,Adalgisa,399,4,5,Casa,8500,8926
Rua Pascal,Campo Belo,233,4,4,Apartamento,7960,13790
Rua Álvaro de Carvalho,Centro Histórico de São Paulo,48,1,0,Studio e kitnet,1600,2111
Rua Sampaio Viana,Paraíso,80,2,2,Apartamento,11500,15260
Rua Dona Veridiana,Higienópolis,40,1,0,Apartamento,1693,2306
Rua Igati,Vila Anhangüera,91,2,2,Casa,4000,4220
Rua Salvador Bicudo,Tucuruvi,27,2,0,Studio e kitnet,1340,1532
Rua Bartira,Perdizes,34,1,0,Studio e kitnet,3000,3416
Rua John Speers,Jardim Helian,40,2,0,Casa em condomínio,3000,3277
Rua Cajaíba,Pompeia,68,1,0,Casa,4260,4501
Rua Leandro Dupré,Vila Clementino,15,1,0,Studio e kitnet,1000,1038
Rua Martim Burchard,Brás,44,2,0,Apartamento,2250,2712
Rua da Consolação,Consolação,23,1,0,Studio e kitnet,2600,3268
Rua Conselheiro Elias de Carvalho,Vila Mascote,80,2,1,Casa,2294,2491
Rua Antônio Gomes Ferreira,Parque Fongaro ,33,2,0,Apartamento,3000,3351
Rua Antônio Carlos,Consolação,80,2,1,Apartamento,8000,9709
Rua Omachá,Penha de França,58,2,1,Apartamento,1600,2362
Rua Xerentes,Perdizes,37,1,1,Apartamento,3200,4452
Rua Frei Gaspar,Mooca,33,1,0,Apartamento,3100,3600
Avenida Tarumã,Vila Pierina,34,2,0,Apartamento,2000,2326
Rua Hanna Abduch,Vila Palmeiras,45,1,1,Casa,1680,1795
Rua Maria Carlota,Vila Esperança,59,2,1,Apartamento,1700,1766
Rua Soldado João de Oliveira,Chácara Inglesa,232,4,6,Casa,3000,3513
Rua Manuel Leitão Bandeira,Vila Leopoldina,50,1,0,Casa,840,875
Rua Murutinga do Sul,Tatuapé,90,2,1,Apartamento,2500,3446
Rua Alvaro de Menezes,Vila Mariana,150,3,1,Casa,6500,7088
Rua Marquês de Lages,Vila Moraes,60,1,0,Casa,900,948
Rua Duque Costa,Vila Sofia,98,3,2,Apartamento,5250,7159
Rua Pantaleão Brás,Jardim Ester,60,2,1,Apartamento,1600,2281
Rua Uratinga,Vila Palmeiras,134,3,1,Casa,2650,2862
Rua Aulinda Queiroz de Matos,Sacomã,55,1,1,Casa,2536,2934
Rua Carlos Belmiro Correia,Parque Peruche,230,5,1,Casa,8250,8387
Rua Claudina Júlia de Oliveira,Cidade Maia,140,3,1,Apartamento,2662,2833
Avenida Engenheiro Armando de Arruda Pereira,Vila do Encontro,59,2,1,Apartamento,1550,2218
Rua José Ferreira de Castro,Vila Amélia,46,2,1,Apartamento,1300,1921
Rua Dante Alighieri,Vila Prudente,33,1,0,Casa,1300,1408
Avenida General Valdomiro de Lima,Jabaquara,34,1,1,Apartamento,2500,2946
Rua Flora,Brás,25,1,0,Studio e kitnet,1200,1434
Rua Major Quedinho,Bela Vista,40,1,0,Studio e kitnet,1420,1829
Rua Turmalina,Jardim dos Camargos,90,2,0,Casa,3100,3152
Avenida Rangel Pestana,Brás,43,1,0,Apartamento,1900,2394
Rua Guaniqué,Vila Natalia,96,2,1,Casa,1800,1876
Rua Solar,Jardim Antartica,45,2,1,Apartamento,1300,1600
Rua Itanhaém,Vila Prudente,190,3,1,Casa,5300,5775
Avenida Washington Luís,Santo Amaro,180,3,2,Apartamento,5000,7237
Rua Embaú,Vila Clementino,90,2,1,Apartamento,3200,4651
Rua Bartolomé Carducho,Vila Sonia,184,4,2,Casa,3500,3960
Avenida Marginal,Vila Cristália,42,2,0,Apartamento,1500,1573
Rua Antonio Eduardo,Jardim Modelo,30,1,0,Apartamento,1100,1226
Rua Joseph Nigri,Perdizes,70,2,1,Apartamento,4496,5668
Rua Londrina,Vila Augusta,61,2,1,Apartamento,2310,2978
Rua Brás Cardoso,Vila Nova Conceição,43,1,1,Apartamento,2900,5282
Rua Amândio Monteiro,Vila Guilherme,79,2,1,Casa,1780,2003
Avenida Corifeu de Azevedo Marques,Jd. Rio Pequeno,18,1,0,Studio e kitnet,1600,1662
Avenida Doutor Lino de Moraes Leme,Vila Paulista,152,3,2,Casa,3510,3684
Rua Abolição,Bela Vista,37,1,0,Studio e kitnet,1700,1766
Rua Haddock Lobo,Cerqueira César,180,3,2,Apartamento,6000,9328
Rua Doutor Almeida Lima,Mooca,31,1,0,Apartamento,2300,2389
Avenida General Olímpio da Silveira,Santa Cecilia,35,1,0,Apartamento,1400,1861
Rua Henrique Peres,Mooca,500,4,6,Casa,12000,13430
Rua Doutor José de Andrade Figueira,Vila Suzana,100,3,3,Apartamento,3100,5135
Rua Ouro Branco,Jardins,100,3,2,Apartamento,5160,6996
Avenida Cauaxi,Alphaville Industrial,360,3,5,Apartamento,15000,19030
Avenida João Pessoa,Jardim Utinga,62,2,1,Apartamento,1900,2406
Rua Doutor Nicolau Alberto Defina,Jardim da Saúde,80,3,0,Apartamento,1615,2285
Rua Valentim Bitolo,Rudge Ramos,140,2,2,Casa,2500,2779
Avenida Doutor Cardoso de Melo,Vila Olímpia,75,2,2,Apartamento,11250,12830
Rua Charles Spencer Chaplin,Vila Andrade,105,3,2,Apartamento,2577,4245
Rua Jandaia,Bela Vista,85,2,2,Casa,3250,3663
Rua Santo Antônio,Bela Vista,48,1,1,Apartamento,1700,2366
Rua Cerquilho,Vila São Geraldo,176,3,2,Casa,3500,3744
Rua Florinda Barbosa,Vila Germinal,33,1,0,Casa,1200,1294
Rua Scuvero,Cambuci,60,2,1,Apartamento,1932,2637
Avenida Rangel Pestana,Brás,40,1,0,Apartamento,1050,1541
Rua Doutor Alfredo Ellis,Bela Vista,25,1,0,Studio e kitnet,3780,3828
Rua Macaiá-mirim,Santana,116,3,2,Apartamento,2390,4687
Avenida Nossa Senhora do Sabará,Vila Sofia,69,2,1,Apartamento,2170,3053
Rua França Pinto,Vila Mariana,370,2,4,Casa,7500,8361
Rua Dom Armando Lombardi,Vila Progredior,85,3,2,Apartamento,2600,4521
Avenida Marechal Juarez Távora,Super Quadra Morumbi,250,3,2,Casa,5250,5752
Rua Boçoroca,Vila Mira,72,2,0,Apartamento,1700,2022
Rua Assungui,Vila Gumercindo,60,2,2,Apartamento,2550,3623
Rua Coronel Camisão,Vila Gomes,86,3,3,Apartamento,3400,4665
Rua Guaricanga,Lapa,80,2,0,Casa,2000,2187
"Centro Histórico de São Paulo, São Paulo - Sp, 01031-001, Brasil",Centro Histórico de São Paulo,76,1,0,Apartamento,1550,2270
Rua Bento Branco de Andrade Filho,Jardim Dom Bosco,69,2,1,Apartamento,3100,4187
Rua Tereza Ackel,Penha de França,126,2,2,Casa,5500,5800
Rua Barão de Jaceguai,Campo Belo,498,3,6,Casa,8430,10210
Rua Bartira,Perdizes,74,3,1,Apartamento,2720,3475
"Rua Quedas , 315",Vila Isolina Mazzei,60,2,1,Casa em condomínio,2600,2785
Rua Azevedo Soares,Tatuapé,147,3,3,Apartamento,4500,7466
Rua David Eid,Vila do Castelo,62,2,1,Apartamento,1930,2792
Rua Joaquim Galvão,Vila Sonia,40,1,0,Casa,1850,2008
Rua Alceu Antônio da Luz,Jardim Campo Grande,190,5,2,Casa,5000,5812
Avenida Rangel Pestana,Brás,31,1,0,Apartamento,1275,1689
Rua Isabel Maria Garcia Parra,Lauzane Paulista,60,2,0,Casa,2100,2189
Rua São Gabriel Arcanjo,Vila Isolina Mazzei,75,1,1,Casa,1300,1355
Rua Dom Meinrado,Freguesia do Ó ,60,1,0,Casa em condomínio,1235,1287
Alameda Lorena,Jardim Paulista,100,3,0,Apartamento,4350,6094
Rua Breves,Chácara Monte Alegre,450,4,3,Casa,8000,10340
Rua Dona Primitiva Vianco,Centro,84,2,0,Apartamento,1552,1942
Estrada do Sabão,Jardim Maristela,70,2,0,Casa,1150,1279
Rua Coelho Barradas,Parque da Vila Prudente,32,1,0,Studio e kitnet,2100,2581
Rua Afonso de Freitas,Paraíso,135,2,3,Apartamento,14500,17630
Rua Valdir Niemeyer,Sumaré,29,1,0,Apartamento,2900,3562
Rua Tomé de Lara,Tucuruvi,54,2,0,Apartamento,2300,2480
Rua Balthazar da Veiga,Vila Nova Conceição,35,1,1,Apartamento,2092,3545
Rua Londrina,Vila Endres,60,2,1,Apartamento,2800,3510
Avenida Rouxinol,Indianópolis,45,1,1,Apartamento,3400,4455
Rua São Pedro,Vila São Pedro,26,1,0,Apartamento,962,999
Avenida Mercedes,Alto da Lapa,297,4,6,Casa,10480,12270
Rua Artur Rodrigues Alcântara,Jardim Vila Galvão,47,2,0,Apartamento,1229,1600
Rua Roque Petrella,Vila Cordeiro,120,2,1,Casa,3390,3758
Rua das Seringueiras,Jardim Oriental,51,1,1,Casa,2500,2766
Rua Paraibuna,Quinta da Paineira,32,1,0,Studio e kitnet,1000,1270
Avenida da Paz,Jardim Sao Judas Tadeu,56,2,1,Apartamento,1220,2017
Avenida Thomas Edison,Barra Funda,32,1,0,Apartamento,1800,2232
Avenida Assaré,Campo Grande,250,3,6,Casa,5000,5083
Rua Aimutong,Tucuruvi,38,1,0,Apartamento,940,1006
Rua Marcos Lopes,Vila Nova Conceição,85,2,1,Apartamento,5000,6726
Rua Humaitá,Bela Vista,50,1,0,Apartamento,1600,2230
Rua dos Estudantes,Sé,30,1,0,Apartamento,1700,2066
Rua Manuel Alves Ferreira,Vila Ré,70,2,1,Casa,1400,1460
Avenida dos Carinás,Indianópolis,26,1,0,Studio e kitnet,3250,3945
Rua João José dos Santos,Jardim Olympia,140,3,2,Casa,4800,5260
Avenida São João,República,70,1,0,Apartamento,1131,1616
Rua Joaquim Afonso de Souza,Vila Celeste,110,2,0,Casa,1300,1355
Alameda Lorena,Jardim Paulista,195,3,2,Apartamento,12500,16700
Rua Vergueiro,Vila Mariana,22,1,0,Apartamento,2560,3105
Rua Antônio Miranda,Jardim Ana Lúcia,70,2,0,Apartamento,1600,1672
Avenida Leôncio de Magalhães,Jardim São Paulo(zona Norte),60,1,0,Apartamento,1230,1687
Rua do Lavapés,Liberdade,26,1,0,Apartamento,1550,1880
Rua São Carlos Borromeu,Vila Alpina,50,1,0,Casa,750,857
Viaduto Nove de Julho,Bela Vista,45,1,0,Apartamento,1400,1983
Rua Pero Vidal,Parque Vitoria,45,1,1,Casa,1770,1930
Rua Gilka,Vila Moraes,60,2,0,Casa,1300,1355
Rua Mére Marie Anais de Sion,Tremembé,60,2,1,Apartamento,1500,2280
Rua Américo Sugai,Vila Jacuí,25,1,0,Casa,800,894
Rua Capitão Lorena,Vila Invernada,150,3,2,Casa em condomínio,3900,4635
Rua Itaúna,Vila Maria,45,2,1,Apartamento,2700,3357
Avenida Nicolau Resende,Jardim Consórcio,188,3,2,Casa,3930,4284
Rua Padre Isidoro,Vila Nova York,41,2,0,Apartamento,1250,1558
Avenida Sete de Setembro,Vila Galvão,60,1,0,Casa,1100,1197
Rua Isaura Abad Giacomelli,Jardim Aurelia,32,1,0,Studio e kitnet,1700,2067
Rua Doutor Albuquerque Lins,Santa Cecília,202,3,3,Apartamento,15000,19830
Manoel Dutra,Bela Vista,48,1,0,Apartamento,1800,2362
Rua Félix della Rosa,Vila Anglo Brasileira,160,3,2,Casa,7400,8018
Rua Campos Sales,Vila Boa Vista,60,2,1,Apartamento,2750,3240
Rua Joana D’arc,Mooca,90,3,2,Apartamento,2040,2615
Rua Manuel Alves Ferreira,Vila Ré,20,1,1,Studio e kitnet,800,831
Rua Bela Cintra,Consolação,55,1,0,Apartamento,3899,4467
Avenida Nova Independência,Brooklin Paulista,119,3,2,Apartamento,9000,12170
Alameda Itu,Cerqueira César,100,4,1,Apartamento,6400,8514
Rua Gabriele D’annunzio,Campo Belo,35,1,1,Studio e kitnet,3800,4637
Rua Arthur Eloy,Vila Yara,249,2,2,Casa,2900,3289
Rua Vergueiro,Ipiranga,172,3,3,Apartamento,13000,15390
Rua José Alencar Castelo Branco,Siciliano,229,4,2,Casa,7300,8718
Rua Pedroso Alvarenga,Itaim Bibi,70,2,2,Apartamento,5100,7423
Rua Haddock Lobo,Cerqueira César,238,4,1,Apartamento,11500,15430
Rua Haddock Lobo,Cerqueira César,110,2,0,Apartamento,6500,7678
Rua Tabatinguera,Vila Califórnia,33,1,0,Studio e kitnet,1000,1348
Rua Doutor Almeida Lima,Mooca,29,1,0,Studio e kitnet,2200,2284
Rua Carlos Bigatti,Jardim Castelo,47,2,1,Apartamento,1300,1650
Rua Marumbi,Vila Invernada,36,1,0,Apartamento,1120,1319
Rua Jovina,Vila Mascote,49,1,1,Apartamento,2400,3135
Rua Doutor Alfredo de Castro,Barra Funda,58,2,1,Apartamento,3350,4363
Rua Doutor Melo Alves,Cerqueira César,28,1,1,Studio e kitnet,3800,4602
Rua Claudino Barbosa,Macedo,52,2,1,Apartamento,1700,2226
Rua Traituba,Saúde,20,1,0,Studio e kitnet,1816,2022
Rua dos Franceses,Morro dos Ingleses,37,1,1,Apartamento,2210,4049
Rua Rio Verde,Vila Bruna,180,2,1,Casa,2300,2398
Rua Madre de Deus,Mooca,56,2,1,Apartamento,2200,3244
Avenida João Peixoto Viegas,Jardim Consórcio,141,3,3,Apartamento,6800,8900
Rua Paraíba,Centro,68,2,1,Apartamento,3317,4189
Rua Augusta,Cerqueira César,54,1,0,Apartamento,4000,4944
Alameda Grajaú,Alphaville Industrial,57,1,1,Apartamento,7500,10130
Avenida Politécnica,Jardim Boa Vista (zona Oeste),55,2,1,Apartamento,1600,2439
Rua Bento Freitas,República,34,1,1,Apartamento,2040,2554
Rua Durval Silva,Cidade Domitila,45,1,0,Casa,866,903
Rua Gregório de Morais Rego,Jardim Consórcio,60,1,0,Casa,1600,1734
Avenida Nove de Julho,Bela Vista,50,1,0,Studio e kitnet,1750,2018
Rua dos Andradas,Centro Histórico de São Paulo,43,1,0,Apartamento,1500,1820
Rua Sava,Vila Moinho Velho,115,3,3,Casa em condomínio,10000,10630
Rua Antônio Viêira dos Santos,Jardim Roberto,60,2,0,Apartamento,1200,1307
Rua Marc Chagal,Água Branca,79,2,2,Apartamento,5800,7255
Rua Luís Góis,Mirandópolis,65,2,2,Apartamento,3000,4451
Avenida Trumain,Vila Formosa,43,1,0,Casa,1180,1270
Rua Ibiapaba,Vila Sônia,63,2,2,Apartamento,2600,3773
Rua Agamenon Magalhães,Vila Santa Edwiges,39,1,0,Casa,1000,1100
Rua Sebastião Domingues,Jardim Clímax,75,1,0,Casa,1000,1122
Rua Cristovão Pereira,Campo Belo,100,2,1,Casa,3300,3515
Rua Paris,Sumaré,30,1,1,Apartamento,2650,3106
Rua Conselheiro Saraiva,Santana,48,2,0,Apartamento,1900,1974
Rua Tenente Mauro de Miranda,Jabaquara,72,3,0,Apartamento,2150,2628
Rua Mênfis,Água Branca,42,1,0,Studio e kitnet,1100,1242
Rua Tenente Otávio Gomes,Aclimação,73,2,0,Apartamento,2195,2419
Rua Pernambucana,Conceição,55,2,1,Apartamento,2000,2662
Rua Guarará,Jardim Paulista,120,3,2,Apartamento,4220,6834
Rua Carlos Petit,Vila Mariana,160,4,1,Casa,3800,4393
Rua Santa Isabel,Vila Buarque,28,1,0,Studio e kitnet,950,1377
Rua Santo Egídio,Chora Menino,40,3,0,Casa,900,1063
Rua Lucrécia Maciel,Vila Guarani (Zona Sul),89,3,2,Apartamento,2590,3390
Rua Brigadeiro Tobias,Centro Histórico de São Paulo,48,1,0,Studio e kitnet,2040,2813
Rua Coelho Barradas,Parque da Vila Prudente,32,1,0,Apartamento,2440,2809
Rua Conselheiro Ramalho,Bela Vista,55,1,1,Apartamento,1444,2050
Rua Quintana,Cidade Monções,58,1,1,Apartamento,2800,5402
Rua Galileu,Jardim Aeroporto,45,1,0,Casa,1458,1690
Rua Cerro Corá,Vila Romana,190,3,1,Apartamento,3800,5814
Avenida Capitão Anselmo Barcelos,Vila Rio Branco,220,2,1,Casa,3000,3127
Rua Dona Vicentina Alegretti,Penha de França,35,2,0,Apartamento,1300,1530
Rua Paulo de Avelar,Vila Dom Pedro Ii,110,3,1,Casa,3000,3127
Rua dos Jatobás,Vila Parque Jabaquara,50,2,1,Apartamento,1912,3063
Avenida Tomás de Sousa,Jardim Monte Azul,32,1,0,Casa,1282,1337
Rua Machado de Assis,Vila Mariana,90,2,0,Apartamento,3000,3769
Rua Professor José Maria Calazans Nogueira,Parque São Domingos,59,2,1,Apartamento,3800,4714
Rua Edmundo Carvalho,Vila Natália,50,2,1,Apartamento,1150,1811
Rua Corgie Assad Abdalla,Vila Sônia,108,3,2,Apartamento,4500,6959
Rua Conselheiro Moreira de Barros,Lauzane Paulista,60,2,0,Casa,1581,1698
Rua Barão de Campinas,Campos Elíseos,12,1,0,Studio e kitnet,900,1125
Rua Nebraska,Brooklin Novo,60,1,1,Apartamento,3702,5339
Rua Ulisses Cruz,Tatuapé,24,1,0,Apartamento,2100,2531
Rua Luís Filgueira Souto,Parque Sao Domingos,166,3,4,Casa,6000,6505
Rua Dom João V,Lapa,80,1,1,Apartamento,4500,5554
Rua C,Sacomã,79,3,1,Apartamento,1800,2639
Rua Batataes,Jardim Paulista,32,1,1,Studio e kitnet,2594,4010
Avenida Rudge,Barra Funda,36,2,0,Apartamento,1850,2335
Rua São Lourenço,Vila Vivaldi,64,2,1,Casa,2500,2715
Avenida Piraíba,Centro Comercial Jubran,110,3,2,Apartamento,7500,9090
Rua Paulo Ii,Jardim Vitória Régia,35,1,1,Studio e kitnet,1220,1423
Rua José Gomes Otero,Vila Barros,44,2,0,Apartamento,1240,1722
Rua Soror Angélica,Vila Ester (zona Norte),120,3,1,Casa,2856,3019
Praça da Bandeira,Centro Histórico de São Paulo,140,3,0,Apartamento,3500,4195
Peixoto Gomide,Jardim Paulista,65,1,1,Apartamento,1600,3062
Avenida Condessa Elisabeth de Robiano,Jardim América da Penha,40,2,1,Apartamento,1400,1904
Rua Soldado José Rufino Costa,Vila Alianca,120,3,4,Casa,3418,3647
Rua Alfredo Pujol,Santana,35,1,0,Apartamento,985,1023
Rua Dom Lucas Obes,Ipiranga,40,1,0,Apartamento,1330,1481
Rua do Oratório,Alto da Mooca,70,2,0,Apartamento,1577,1637
Avenida Interlagos,Jardim Umuarama,96,2,2,Apartamento,3850,5132
Rua Domingos Lopes da Silva,Vila Suzana,146,3,3,Apartamento,4500,7909
Rua Samambaia,Bosque da Saúde.,78,3,1,Apartamento,2350,3567
Rua Deputado Laércio Corte,Paraíso do Morumbi,360,4,5,Apartamento,10110,19800
Rua Piancó,Vila Prudente,300,3,4,Casa,9750,10540
Avenida Saulle Pagnoncelli,Jardim Rosa de Franca,126,2,1,Casa,2570,2709
Rua Camaragibe,Barra Funda,40,1,0,Studio e kitnet,1100,1579
Rua Cônego Ladeira,Vila Mazzei,120,2,1,Apartamento,3350,4746
Rua Barão de Santo Ângelo,Jardim do Tiro,30,1,0,Studio e kitnet,1430,1591
Avenida Sargento Geraldo Sant’ana,Jardim Taquaral,95,3,2,Apartamento,4900,6276
Rua Malvina Ferrara Samarone,Vila Nancy,42,1,1,Apartamento,2350,2961
Rua Venâncio Aires,Vila Pompéia,172,4,1,Casa,6400,6938
Rua Glicério,Liberdade,45,2,1,Apartamento,1840,2608
Rua Gastão da Cunha,Jabaquara,400,3,3,Casa,8000,8699
Rua Engenheiro Jean Buff,Jardim Paraíso,36,1,1,Apartamento,1565,2165
Rua Bernardo dos Santos,Jardim Olympia,104,3,2,Apartamento,4550,6081
Rua Professor Authos Pagano,Alto da Boa Vista,250,3,2,Casa,5100,5537
Rua Barão de Tatuí,Vila Buarque,35,1,0,Studio e kitnet,1250,1869
Rua Ministro Carlos Maximiliano,Jardim Maringá,76,2,4,Casa,3500,3840
Alameda Brilhante,Alphaville,480,4,4,Casa em condomínio,15000,17050
Rua Botucatu,Vila Clementino,75,2,0,Apartamento,2900,3976
Alameda Ministro Rocha Azevedo,Cerqueira César,78,2,1,Apartamento,7400,8725
Avenida Brigadeiro Luís Antônio,Jardim Paulista,40,1,0,Apartamento,2750,3152
Rua dos Patis,Vila Nova Cachoeirinha,257,3,2,Casa,8500,8969
Rua Solidônio Leite,Vila Ivone,51,2,1,Apartamento,1180,1715
Rua Aracuípe,Jardim Prudência,112,2,2,Apartamento,3992,5238
Rua Comendador Vicente Lentini,Cambuci,65,1,0,Apartamento,1700,2266
Rua Salvador Peluso Basile,Jardim Santa Rosa,90,3,2,Casa,2000,2203
Rua Capiacaci,Penha de França,52,2,0,Apartamento,1500,1649
Rua Leôncio da Costa Vieira,Jardim Piqueroby,28,1,0,Studio e kitnet,2500,2726
Avenida Professor Luiz Ignácio Anhaia Mello,Vila Prudente,59,2,1,Apartamento,3100,4019
Rua João Mafra,Vila Brasílio Machado,62,2,2,Apartamento,1900,2729
Rua Gabriele D'annunzio,Campo Belo,58,1,2,Apartamento,5800,6827
Rua Senador Vergueiro,Santo Amaro,300,4,2,Casa em condomínio,15000,21140
Rua Iguatinga,Santo Amaro,18,1,0,Studio e kitnet,1300,1845
Rua Aurora,Santa Ifigênia,44,1,0,Apartamento,1800,2230
Rua Gameleira,Vila Inah,280,4,5,Casa,12000,12920
Rua Coronel Paulo Souza Barros,Jardim Pinheiros,300,3,2,Casa,3650,3992
Rua Torquato Neto,Brás,50,2,1,Apartamento,1700,2343
Rua Engenheiro José Amadei,Jardim Arpoador,125,2,2,Casa,1700,1819
Rua Doutor Cesário Mota Júnior,Vila Buarque,29,1,0,Studio e kitnet,1200,1649
"Rua Alexandrino da Silveira Bueno, São Paulo - Sp, Brasil",Cambuci,40,2,0,Apartamento,1850,2321
Rua Pedro Badra,Parque Jabaquara,187,3,2,Apartamento,2782,4313
Avenida Alcântara Machado,Brás,32,1,0,Apartamento,1287,1337
Rua Aurora,Santa Efigênia,35,1,0,Studio e kitnet,1390,1816
Rua Domingos Paiva,Brás,70,2,1,Apartamento,5700,6912
Rua Vieira de Morais,Campo Belo,145,3,2,Apartamento,5000,6924
Rua Martim Francisco,Santa Cecília,40,1,1,Apartamento,2700,3521
Rua Irmã Carolina,Belenzinho,60,2,0,Apartamento,1600,2050
Rua Professor João Machado,Nossa Senhora do Ó,50,2,1,Apartamento,1790,2535
Rua Asdrúbal do Nascimento,Bela Vista,50,2,0,Apartamento,2330,2986
Rua Pampa,Cidade Vargas,50,1,0,Studio e kitnet,1200,1347
Avenida Padre Lebret,Jardim Leonor,80,2,1,Apartamento,4950,6483
Rua Joaquim Morais,Vila Mascote,48,2,1,Apartamento,2650,3401
Rua Brigadeiro Tobias,Centro Histórico de São Paulo,32,1,0,Studio e kitnet,2000,2754
Rua Emílio Mallet,Vila Gomes Cardim,160,3,2,Apartamento,7000,9177
Rua José Kauer,Brás,35,1,0,Apartamento,1800,2266
Alameda Barros,Santa Cecília,75,3,2,Apartamento,3750,5440
Rua Pedro de Melo Sousa,Vila Arcadia,39,1,0,Casa,938,1019
Rua Ibimirim,Vila Nova Mazzei,50,2,0,Apartamento,1500,1720
Alameda Ministro Rocha Azevedo,Bela Vista,50,1,1,Studio e kitnet,5800,7513
Rua João Lourenço,Vila Nova Conceição,96,2,1,Apartamento,3500,5440
Rua Custódio de Oliveira,Vila Suzana,99,2,3,Apartamento,2250,4280
Rua Alméria,Vila Granada,39,1,0,Apartamento,1400,1694
Rua Nelson Gama de Oliveira,Vila Andrade,55,1,1,Apartamento,2450,3145
Avenida Professor Luiz Ignácio Anhaia Mello,Vila Prudente,48,2,1,Apartamento,4600,4985
Rua Adolfo Bastos,Vila Bastos,86,3,1,Apartamento,2400,2607
Avenida Onze de Junho,Vila Clementino,68,3,1,Apartamento,2500,3635
Rua Doutor Eduardo Lobo,Parque Imperial,109,2,3,Casa,2650,2856
Rua Dr.guilherme Bannitz,Vila Nova Conceição,47,1,1,Apartamento,9800,11210
Rua Flora,Brás,26,1,0,Apartamento,1940,2354
Rua Tabatinguera,Sé,28,1,0,Studio e kitnet,912,1237
Rua Doutor Eduardo de Souza Aranha,Vila Nova Conceição,90,2,0,Apartamento,3500,4651
Avenida Coronel Sezefredo Fagundes,Tucuruvi,55,2,0,Apartamento,1700,2331
Rua Alexandre Benois,Vila Andrade,65,3,2,Apartamento,2890,3609
Rua Padre Venâncio de Resende,Vila Bandeirantes,60,3,0,Casa,1499,1752
Rua Maria Carolina,Jardim Paulistano,42,1,1,Apartamento,4654,5643
Rua Paiaguás,Campo Belo,162,4,3,Apartamento,7000,11390
Avenida Professor Abraão de Morais,Saúde,145,3,2,Casa,3600,3986
Rua Júlio Silva,Centro,77,3,2,Apartamento,2800,3700
Rua Casa do Ator,Vila Olímpia,55,2,1,Apartamento,4500,5524
Rua Arpuí,Casa Verde,40,2,0,Casa,1700,1856
Avenida Junta Mizumoto,Jardim Peri Peri,27,1,0,Casa em condomínio,1700,1957
Rua Avanhandava,Bela Vista,45,2,0,Apartamento,2496,3102
Rua Nove de Julho,Canhema,35,2,0,Casa,800,814
Alameda Joaquim Eugênio de Lima,Jardim Paulista,51,1,1,Apartamento,3240,4656
Rua Rodesia,Sumarezinho,74,1,2,Apartamento,5103,6500
Rua Antônio Júlio dos Santos,Fazenda Morumbi,44,2,1,Apartamento,2000,2677
Rua Sapetuba,Butantã,26,1,0,Apartamento,2520,2917
Rua Coronel Euclídes Machado,Jardim das Graças,41,2,0,Apartamento,1995,2367
Rua Nair Marquês de Souza,Jardim Maria Rosa,210,3,2,Casa,5000,5401
Rua Santa Lúcia,Cidade Mãe do Céu,15,1,0,Studio e kitnet,800,1061
Rua Natividade Saldanha,São Lucas,51,1,0,Apartamento,1500,2013
Avenida Professor Francisco Morato,Vila Sônia,77,2,1,Apartamento,2800,3495
Rua da Glória,Liberdade,30,1,0,Studio e kitnet,2250,2734
Rua Célio,Vila Moraes,30,2,0,Casa,550,574
Rua Caitezal,Água Fria,240,5,5,Casa,12000,13160
Rua Girassol,Vila Madalena,40,1,1,Apartamento,3500,4521
Rua Miragaia,Paulicéia,179,3,2,Casa,2700,2934
Rua Maestro Eduardo de Guarnieri,Interlagos,215,2,2,Casa,8000,9424
Avenida Rangel Pestana,Brás,36,1,0,Apartamento,1500,1958
Rua Arapá,Vila Mascote,58,2,1,Apartamento,2700,3581
Avenida do Guacá,Lauzane Paulista,56,2,1,Apartamento,1900,2741
Rua Jaguaribe,Vila Buarque,51,1,1,Apartamento,1990,2611
Rua Padre Chico,Pompeia,240,5,2,Casa,5600,6547
Rua Alvaro de Carvalho,Centro,45,1,0,Studio e kitnet,3200,3773
Rua Almaden,Vila Andrade,83,2,1,Apartamento,2030,3078
Rua Bela Cintra,Consolação,43,1,1,Apartamento,2837,3837
Rua Condeúba,Vila Santa Isabel,35,1,0,Apartamento,1270,1756
Avenida dos Parques,Tamboré,97,2,2,Apartamento,8000,9048
Rua Quixadá,Vila Invernada,65,1,1,Casa,1386,1488
Rua Joel Carlos Borges,Cidade Monções,48,1,1,Apartamento,2300,3951
Rua Dante Pellacani,Vila Regente Feijó,76,3,0,Casa,2777,2894
Rua Luiz Vieira de Souza,Taboão,46,2,1,Apartamento,1612,2369
Avenida Hilário Pereira de Souza,Centro,77,2,1,Apartamento,3290,4179
"R. Evans, 178 - São Paulo - Sp, 03648-020, Brasil",Vila Matilde,34,1,0,Apartamento,1600,1812
Avenida Doutor Timóteo Penteado,Vila São Judas Tadeu,150,2,0,Casa em condomínio,1100,1203
Rua James Ensor,Parque Regina,40,1,1,Casa,1200,1251
Rua Pedro Doll,Santana,200,3,1,Apartamento,4300,8149
Rua Correia Dias,Paraíso,23,1,0,Apartamento,3010,3526
Rua Doutor Mário Tavares,Jardim Maria Luiza,149,3,2,Apartamento,2520,2712
Rua Comendador Miguel Calfat,Vila Nova Conceição,70,2,1,Apartamento,5500,6913
Avenida Cônego José Salomon,Vila Portugal,52,2,0,Apartamento,1180,1625
Av. Dr. Guilherme Dumont Vilares,Jardim Londrina,100,2,2,Apartamento,3570,5583
Rua Irmãos Pila,Vila Mazzei,144,3,3,Casa,4500,4715
Alameda Tietê,Jardim Paulista,103,3,1,Apartamento,4600,6226
Rua Emílio Ribas,Jardim Pazini,80,2,0,Apartamento,1550,1640
Rua José Bento,Cambuci,35,1,1,Apartamento,1500,2038
Rua Serafim Gadelho,Vila Centenário,40,1,0,Casa,990,1028
Rua Professor Celso Quirino dos Santos,Cidade São Francisco,67,3,1,Apartamento,2000,2792
Rua Jaracatiá,Jardim Umarizal,54,2,1,Apartamento,1518,2077
Rua Domiciano Ribeiro,Casa Verde Alta,50,1,0,Casa,1100,1293
Avenida Bolonha,Jaguaré,78,3,1,Apartamento,3310,3987
Rua Pascal,Campo Belo,51,1,1,Apartamento,4200,5692
Avenida Marcos Penteado de Ulhôa Rodrigues,Tamboré,139,3,2,Apartamento,8000,10200
Rua Hermeto Lima,Vila Alpina,42,2,1,Apartamento,2100,2416
Rua Maracá,Vila Guarani (z Sul),62,2,2,Apartamento,1640,2928
Rua Marechal Deodoro,Santo Amaro,37,1,1,Studio e kitnet,3750,4760
Rua David Eid,Cidade Ademar,66,3,1,Apartamento,1882,2665
Rua Doutor José Maurício de Oliveira,Gopoúva,29,1,1,Apartamento,1650,2052
Alameda Joaquim Eugênio de Lima,Jardim Paulista,57,2,1,Apartamento,4600,5943
Alameda Equador,Alphaville Residencial Dois,540,6,6,Casa em condomínio,15000,17410
Av. São João,Centro,29,1,0,Studio e kitnet,1300,1470
Rua São José dos Campos,Quinta da Paineira,60,1,0,Studio e kitnet,1339,1455
Rua Romeu Zelanti,Vila Harmonia,76,2,2,Apartamento,3500,4409
Rua Alves Guimarães,Pinheiros,33,1,0,Studio e kitnet,3417,4018
Rua Jairo de Almeida Machado,Jaraguá,75,2,1,Casa em condomínio,1450,1961
Rua Coronel Melo de Oliveira,Pompeia,76,2,2,Apartamento,4400,5661
Rua Taquaruçu,Parque Jabaquara,40,1,1,Apartamento,1400,1494
Rua Doutor José Carlos de Toledo Piza,Jardim Parque Morumbi,68,3,1,Apartamento,2600,3550
Rua Paim,Bela Vista,34,1,0,Studio e kitnet,1000,1514
Rua Haddock Lobo,Cerqueira César,112,3,1,Apartamento,11260,13520
Avenida Vila Ema,Vila Ema,32,1,0,Studio e kitnet,1300,1652
Rua Jovita,Santana,90,2,1,Casa em condomínio,2400,2610
Rua Peixoto Gomide,Jardim Paulista,45,1,0,Studio e kitnet,1600,2044
Rua Capitão Francisco Lipi,Vila Dom Pedro Ii,35,2,0,Apartamento,1641,1853
Rua Antônio Gomes Ferreira,Sacoma,33,2,0,Apartamento,1700,2095
Rua Zulmira,Vila Paiva,37,2,1,Apartamento,1630,1826
Rua Samia Haddad,Vila Suzana,90,1,2,Apartamento,3230,5035
Rua São Francisco,Sé,31,1,0,Studio e kitnet,950,1475
Rua Ipaobi,Vila Babilônia,76,2,1,Apartamento,1590,2402
Alameda dos Pinheiros,Campestre,40,1,0,Studio e kitnet,1500,1558
Rua Gregório Lopes,Parque Mandaqui,175,3,4,Casa,3500,3947
Alameda Casa Branca,Jardim Paulista,37,1,1,Apartamento,2900,3877
Rua Dionísio Pedrellini,Butantã,160,3,2,Casa,4377,5028
Rua Vitória,Santa Efigênia,43,1,0,Apartamento,1390,1444
Rua Domingos de Morais,Vila Mariana,32,1,0,Studio e kitnet,3000,3952
Avenida Ourives,Jardim São Savério,42,2,1,Apartamento,1200,1617
Rua Cônego Vicente Miguel Marino,Barra Funda,40,2,0,Apartamento,2200,2704
Rua Bela Cintra,Consolação,118,3,1,Apartamento,11730,13590
Avenida Marcondes de Brito,Chácara Seis de Outubro,38,2,0,Apartamento,1350,1647
Rua Coronel Amaro Sobrinho,Vila Carrao,80,2,1,Casa,1650,1720
Rua Lapa,Paulicéia,225,2,2,Casa,3470,3873
Avenida Caminho do Mar,Rudge Ramos,35,1,0,Studio e kitnet,1300,1532
Rua Ângelo Perobelli,Vila Brasilina,100,2,1,Casa,1800,1876
Rua Ibéria,Vila Isolina Mazzei,80,1,1,Casa,1250,1703
Avenida Senador Queirós,Centro Histórico de São Paulo,36,1,0,Studio e kitnet,1500,2445
Rua Silvino Machado,Jardim Nadir,56,2,1,Apartamento,1785,2404
Rua Nestor Pestana,Consolação,55,1,0,Apartamento,1800,2259
Rua Frei Vicente do Salvador,Santana,100,3,1,Casa,3000,3092
Rua José Maria de Abreu,Jardim Palmares (zona Sul),145,2,2,Casa,4500,4691
Rua Bernardo de Fonseca,Jardim Vergueiro (sacomã),35,1,0,Studio e kitnet,630,654
Rua Demerval da Fonseca,Jardim Santa Terezinha (zona Leste),47,2,1,Apartamento,1400,2054
Rua Pestana,Vila Guaca,70,2,1,Casa em condomínio,1900,2473
Rua Raul Pompéia,Vila Pompéia,72,3,2,Apartamento,4600,6359
Avenida Cauaxi,Alphaville Industrial,32,1,1,Studio e kitnet,2200,3607
Rua Riachuelo,Sé,40,1,0,Studio e kitnet,810,1521
Rua Doutor José Maurício de Oliveira,Vila Gopouva,69,3,2,Apartamento,2900,3657
Alameda das Dracenas,Alphaville,400,4,4,Casa em condomínio,14000,15810
Rua Ciro dos Anjos,Vila Osasco,345,4,4,Casa,5160,5393
Rua Visconde de Parnaíba,Brás,62,2,1,Apartamento,1700,2302
Avenida Brigadeiro Luís Antônio,Bela Vista,34,1,0,Apartamento,1100,1550
Rua João Roschel Gottsfritz,Jardim Regis,56,2,1,Apartamento,1800,2109
Rua do Símbolo,Jardim Ampliacao,75,3,1,Apartamento,2550,3424
Rua Tiangua,Vila Mascote,95,3,3,Apartamento,4510,6174
Rua da Consolação,Cerqueira César,177,2,1,Apartamento,7000,10010
Rua Joaquim Antunes,Pinheiros,90,2,0,Apartamento,4100,4948
Rua Armando Pinelli,Taboão,54,2,1,Apartamento,1100,1743
Rua Cataguazes,Jardim São Paulo(zona Norte),182,3,3,Casa,3333,4159
Rua Leonardo Cerveira Varandas,Paraíso do Morumbi,237,4,3,Apartamento,12500,16860
Rua Kohei Yokoyana,Jardim Peri Peri,500,3,6,Casa,4300,5049
Rua Doutor Luiz Migliano,Jardim Caboré,73,1,1,Apartamento,10000,11290
Rua Santina da Costa,Vila Campesina,180,3,0,Casa,5000,5433
Rua Conde de São Joaquim,Bela Vista,30,1,2,Apartamento,6600,6684
Rua Engenheiro Cestari,Vila Invernada,300,4,3,Casa,7500,7819
Rua Nicolau da Rocha Vita,Brooklin Paulista,200,3,2,Casa,10000,11130
Rua Bartholomeu do Canto,Vila Palmeiras,37,1,0,Studio e kitnet,1400,1804
Rua Medeiros Furtado,Vila Formosa,190,3,1,Casa,2600,2765
Rua Antonieta,Picanço,71,3,2,Apartamento,1850,2729
Avenida Álvaro Ramos,Quarta Parada,42,2,0,Apartamento,1480,1592
Rua Coronel Luís Barroso,Santo Amaro,33,1,1,Studio e kitnet,2800,3396
Rua Firmino Morgado,Jardim Brasília (zona Leste),32,2,1,Apartamento,1480,1682
Rua Arnaldo Cintra,Parque São Jorge,63,3,1,Apartamento,2500,3196
Rua Turiassú,Perdizes,65,1,1,Apartamento,4500,5709
Rua Judith Zumkeller,Parque Mandaqui,45,2,0,Casa,1280,1427
Avenida Nove de Julho,Jardim Paulista,39,1,1,Apartamento,4800,4862
Avenida Duque de Caxias,Santa Efigênia,50,2,0,Apartamento,1490,1857
Avenida Ipiranga,Santa Ifigênia,39,1,0,Studio e kitnet,1500,1895
Rua General Eloy Alfaro,Vila Mariana,230,3,2,Casa,4530,4968
Rua Manoel Duarte,Jardim Primavera (zona Norte),250,4,6,Casa,4109,4450
Rua Taquaruçu,Vila Parque Jabaquara,60,2,2,Apartamento,1900,2688
Rua José Rangel de Camargo,Parque Peruche,70,2,4,Casa,1820,1990
Rua Wagih Assad Abdalla,Morumbi,380,5,3,Casa,7300,8610
Rua Capitão Alberto Mendes Júnior,Água Fria,219,4,4,Apartamento,10000,13460
Travessa Catarina Vazem,Casa Verde Alta,80,2,1,Casa,1820,1898
Rua Venâncio Diniz Junqueira,São Domingos,48,1,1,Apartamento,1100,1362
Rua Virgílio Várzea,Itaim Bibi,66,2,1,Apartamento,3600,5096
Rua da Esperança,Vila Medeiros,41,1,1,Apartamento,1700,2194
Rua Miguel Tierno,Jardim Monjolo,97,2,2,Casa,3144,3286
Rua Açafrão,Ermelino Matarazzo,21,1,0,Casa,700,760
Rua Arlindo Alberto,Jardim Palmares (zona Sul),40,2,0,Casa,1350,1373
Rua Professor Miguel Russiano,Vila Aricanduva,52,2,1,Apartamento,1938,2811
Rua Frei Duarte Jorge de Mendonça,Vila Andrade,119,3,2,Apartamento,2200,4069
Rua Domingos Antonio Ciccone,Vila Sao Francisco (zona Sul),245,3,2,Casa,5000,5523
Rua Quedas 315,Vila Isolina Mazzei,60,2,1,Casa em condomínio,2600,2785
Avenida Professor Luiz Ignácio Anhaia Mello,Vila Prudente,61,2,1,Apartamento,5250,5855
Rua Henrique Fausto Lancelotti,Vila Congonhas,43,1,1,Apartamento,2000,3847
Rua Alves Guimarães,Pinheiros,25,1,0,Apartamento,3100,3650
Rua Doutor Miranda de Azevedo,Vila Anglo Brasileira,56,2,2,Apartamento,2100,3763
Rua São Manoel,Vila Galvão,62,2,1,Apartamento,1790,2519
Rua Joaquim Guarani,Jardim das Acacias,20,1,0,Studio e kitnet,3061,3500
Avenida Alberto Augusto Alves,Vila Andrade,50,2,1,Apartamento,2800,3870
Rua Itapimirum,Vila Andrade,60,2,1,Apartamento,3400,4471
Rua Maria Otília,Vila Regente Feijó,40,1,0,Apartamento,2800,3678
Rua Augusto Reginato,Vila Carrao,33,1,0,Studio e kitnet,1270,1514
Rua São João Del Rei,Jardim da Glória,138,5,2,Casa,5810,6417
Avenida Ministro Petrônio Portela,Vila Amélia,53,2,1,Apartamento,1450,2006
Rua das Tâmaras,Vila Paulista,52,2,1,Apartamento,1900,2672
Rua Pedro Osório Filho,Vila Nova Cachoeirinha,40,2,0,Casa,1500,1730
Rua Pedro Nicolau Bernardo,Vila Regente Feijó,40,1,0,Casa,1080,1305
Rua Barata Ribeiro,Bela Vista,16,1,0,Studio e kitnet,3700,4459
Rua Ricardo Abed,Conjunto Residencial Vista Verde,90,2,1,Casa,2500,2676
Rua Madrigais,Vila Nova Cachoeirinha,39,1,1,Apartamento,1400,2084
Rua Alencar Araripe,Sacomã,55,2,1,Apartamento,1600,2137
Avenida São João,Santa Cecília,43,1,1,Apartamento,2250,3003
Rua Bartolomeu Gusmão,Vila Mariana,25,1,0,Studio e kitnet,2710,3365
Rua Campos,Vila Inah,244,3,2,Casa,9000,10050
Rua Silva Teles,Pari,59,2,1,Apartamento,2700,3198
Rua Coelho Neto,Vila Prudente,37,1,0,Studio e kitnet,850,883
Rua Vicenzo Paciulo,Jardim Las Vegas,44,2,1,Apartamento,1600,2197
Avenida Duque de Caxias,Campos Elíseos,50,1,0,Apartamento,2482,3298
Rua das Laranjeiras,Campestre,54,2,1,Apartamento,2200,2494
Avenida Bosque da Saúde,Vila da Saúde,41,1,1,Apartamento,2130,3193
Rua Antônio Gomes,Vila Santo Antônio,115,3,2,Apartamento,6000,7174
Rua Doutor Elias Chaves,Campos Elíseos,37,1,0,Studio e kitnet,1740,2093
Rua Ezequiel Freire,Santana,42,1,1,Apartamento,2200,3027
Rua Caramboleira,Cidade das Flores,48,2,1,Apartamento,1800,2414
Rua Doutor Penaforte Mendes,Bela Vista,45,1,0,Apartamento,6400,6482
Rua Comendador Miguel Calfat,Vila Nova Conceição,45,1,1,Apartamento,3580,4986
Alameda das Camélias,Alphaville,520,5,4,Casa em condomínio,12500,14610
Rua Capricho,Vila Nivi,50,2,1,Apartamento,2300,2389
Rua Clélia,Vila Romana,51,2,1,Apartamento,2444,3118
Rua Padre João Manuel,Cerqueira César,156,3,1,Apartamento,10130,12350
Rua Vicente Pereira de Assunção,Vila Constança,40,1,0,Apartamento,1150,1254
Alameda Coral,Alphaville,375,4,4,Casa,13500,15470
Rua Relíquia,Jardim das Laranjeiras,0,2,1,Apartamento,1600,2569
Rua Eugene Carriere,Jardim das Vertentes,63,3,1,Apartamento,2700,3527
Avenida São João,Santa Cecília,42,1,1,Apartamento,3000,4071
Avenida Guarulhos,Ponte Grande,45,2,1,Apartamento,1984,2416
Rua Peixoto Gomide,Jardim Paulista,54,1,1,Apartamento,4500,5573
Rua Guilherme Rudge,Vila São Geraldo,80,2,1,Casa,1800,1876
Rua Almir Rodrigues,Vila Continental,55,1,0,Casa,1500,1584
Rua Sabbado D’ângelo,Itaquera,44,2,0,Apartamento,4000,4354
Rua Bonnard,Alphaville Empresarial,52,1,1,Apartamento,3500,4152
Avenida Açocê,Indianópolis,240,4,3,Apartamento,9200,14900
Rua Durval Clemente,Jardim São Paulo(zona Norte),65,2,1,Apartamento,2000,2577
Rua Abolição,Bela Vista,44,1,0,Apartamento,2100,2747
Rua das Caneleiras,Jardim,64,2,1,Apartamento,2070,2938
Rua Barão do Bananal,Vila Pompéia,69,2,1,Apartamento,2975,4271
Rua Conceição Marcondes Silva,Vila Congonhas,80,2,1,Casa,3000,3050
Rua Copacabana,Chora Menino,70,2,1,Apartamento,2000,2831
Rua dos Poetas Guarulhenses,Jardim Las Vegas,101,3,6,Casa,2800,2966
Praça Professor José Azevedo Antunes,Lapa,70,2,0,Apartamento,2000,2337
Rua Fernandes Moreira,Chácara Santo Antônio (zona Sul),62,2,1,Apartamento,9500,10680
Travessa Acácio João Magalhães,Bonfim,170,3,5,Casa,2750,3056
Avenida Nove de Julho,Bela Vista,39,1,0,Apartamento,2400,2691
Avenida Mariana Ubaldina do Espírito Santo,Macedo,75,2,1,Apartamento,1800,2423
Rua Canuto do Val,Vila Buarque,59,2,1,Apartamento,2750,4071
Rua Jaracatiá,Jardim Umarizal,65,2,1,Apartamento,1500,2058
Rua Santana de Cataguáses,Jardim Peri,105,2,0,Casa,1750,1848
Avenida Ipiranga,Centro Histórico de São Paulo,60,1,1,Studio e kitnet,6000,7232
Rua Soror Angélica,Vila Ester (zona Norte),50,1,0,Apartamento,1990,2244
Rua José Bento,Cambuci,33,1,0,Apartamento,1340,1786
Rua Simão Jorge,Campestre,50,2,2,Apartamento,3000,3148
Rua Francisco Otaviano,Vila Humaitá,55,2,1,Apartamento,1726,2002
Avenida Imirim,Imirim,30,1,0,Casa,950,1074
Rua Marechal Barbacena,Vila Regente Feijó,55,1,1,Apartamento,3700,4707
Avenida Raimundo Pereira de Magalhães,Jardim Iris,66,3,2,Apartamento,5330,5962
Rua Salvador Gianetti,Guaianazes,36,2,0,Apartamento,1300,1707
Rua São Silvestre,São João Climaco,38,1,0,Casa,900,983
Rua Arroio Grande,Jardim Santa Cruz (sacomã),66,2,1,Apartamento,3500,4610
Rua Jalisco,Vila Regente Feijó,43,1,0,Apartamento,1550,1642
Rua Paschoalina Belloti,Jardim City,39,2,1,Apartamento,1150,1524
Rua Francisca Maria de Souza,Tucuruvi,52,2,1,Casa em condomínio,2000,2411
Alameda das Camélias,Alphaville,536,4,6,Casa em condomínio,15000,18510
Avenida do Taboão,Taboão,45,2,1,Apartamento,1420,1997
Rua Doutor Brasílio Machado,Santa Cecília,82,2,0,Apartamento,6000,7105
Rua Xapanã,Jardim Los Angeles,500,3,5,Casa,2500,3908
Rua Sinimbu,Liberdade,80,3,1,Apartamento,3400,4457
Rua Diego de Losada,Jardim Ataliba Leonel,50,1,0,Casa,813,850
Rua Irmã Emerenciana,Vila Nilo,25,1,1,Apartamento,1800,2152
Avenida Pascoal da Rocha Falcão,Jardim Santa Helena,420,4,2,Casa,9700,10950
Rua Oscar Freire,Cerqueira César,80,2,1,Apartamento,8790,10880
Alameda Eduardo Prado,Campos Elíseos,50,1,1,Apartamento,1310,2022
Rua Atílio Piffer,Casa Verde,54,2,1,Apartamento,2300,3163
Avenida Lins de Vasconcelos,Vila Mariana,60,2,1,Apartamento,2400,3161
Rua Ibimirim,Vila Nova Mazzei,40,2,0,Apartamento,1500,1720
Rua Conselheiro Furtado,Liberdade,38,1,0,Apartamento,2200,2870
Rua Quixere,Vila Mazzei,120,3,2,Casa,3300,3519
Rua Boçoroca,Vila Mira,20,1,0,Studio e kitnet,900,1062
Rua Marechal Hermes da Fonseca,Santana,100,2,2,Apartamento,9000,10760
Avenida Santo Amaro,Brooklin Paulista,36,1,1,Studio e kitnet,3400,4178
Rua Agissê,Jardim das Bandeiras,74,2,1,Apartamento,3500,4702
Rua Honoré Daumier,Vila Lageado,145,2,1,Casa,2750,2969
Rua Coronel Oscar Porto,Paraíso,80,1,2,Apartamento,10000,12890
Rua Fradique Coutinho,Pinheiros,60,1,0,Casa,5090,5642
Rua Rego Freitas,República,42,1,0,Studio e kitnet,2800,3345
Rua Marquês Olinda,Vila Dom Pedro I,84,2,1,Apartamento,4750,5763
Rua das Flechas,Vila Santa Catarina,30,1,0,Apartamento,2200,2755
Rua Pedroso Alvarenga,Itaim Bibi,30,1,1,Apartamento,4500,6634
Rua Conselheiro Nébias,Campos Elíseos,10,1,0,Studio e kitnet,840,872
Rua Epicuro,Casa Verde,46,1,0,Casa,1230,1302
Alameda São Caetano,Jardim,67,2,1,Apartamento,2180,2363
Rua Doutor Sérgio Meira,Barra Funda,24,1,0,Apartamento,2200,2546
Travessa Geraldo Ferraz,Vila Santista,85,1,1,Casa,1660,1730
Rua Batataes,Pinheiros,55,1,2,Apartamento,3600,6105
Rua Lacerda Marques,Lauzane Paulista,70,3,0,Casa,1800,1891
Rua Capitão Lorena,Vila Invernada,25,1,0,Casa,915,1088
Rua Jaracatia,Jardim Umarizal,59,2,1,Apartamento,1400,1854
Rua Anhaia,Bom Retiro,30,1,0,Studio e kitnet,2195,2843
Avenida Engenheiro Heitor Antônio Eiras Garcia,Jardim Esmeralda,77,2,1,Apartamento,4500,5529
Rua Birigui,Jardim Graziela,36,1,0,Studio e kitnet,950,1007
Avenida José Galante,Vila Suzana,78,2,1,Apartamento,2005,2929
Rua Ingleses,Morro dos Ingleses,70,2,1,Apartamento,5650,6963
Rua Bela Cintra,Consolação,189,3,1,Apartamento,15000,19440
Rua Fernando de Noronha,Chácara Inglesa,68,2,1,Apartamento,2184,3007
Rua Felipe Mosca,Bela Vista,30,1,0,Casa em condomínio,504,556
Rua Peixoto Gomide,Jardim Paulista,72,2,1,Apartamento,6090,7570
Rua Doutor Jesuíno Maciel,Campo Belo,45,1,1,Studio e kitnet,3950,4767
Rua Francisco Luiz da Silva,Parque Ramos Freitas,50,1,0,Casa,900,915
Avenida Lacerda Franco,Cambuci,80,2,0,Casa,3100,3326
Rua Itapajé,Vila Nova Cachoeirinha,32,1,0,Casa,780,813
Rua Castro Alves,Aclimação,48,1,0,Apartamento,1417,2104
Rua Pretória,Vila Formosa,93,2,2,Casa,5440,5795
Rua Irmã Maria Amélia,Vila Pirituba,50,1,1,Casa,1150,1259
Rua Dona Ana Neri,Cambuci,41,2,0,Apartamento,1850,2301
Rua Hannemann,Canindé,65,2,0,Apartamento,2100,2341
Rua Topázio,Vila Mariana,49,1,1,Apartamento,6186,7537
Rua Domingos José Sapienza,Vila Amalia (zona Norte),62,3,1,Apartamento,2430,2882
Rua Tamandaré,Aclimação,31,1,1,Apartamento,2500,3507
Rua Itamonte,Vila Medeiros,250,3,2,Casa,4000,4170
Rua Ailson Simões,Cupecê,123,2,5,Casa,4000,4170
Avenida Pedro Bueno,Jabaquara,196,3,2,Casa,3650,4080
Rua Monsenhor Magaldi,Jardim Promissão,110,4,1,Casa,2207,3221
Rua Mil Oitocentos E Vinte E Dois,Ipiranga,69,2,1,Apartamento,2850,3604
Rua São Benedito,Jardim Novo Santo Amaro,70,1,2,Apartamento,8500,10080
Rua Coelho Barradas,Parque da Vila Prudente,31,1,0,Apartamento,1985,2362
Rua Conde de Sarzedas,Sé,47,1,0,Apartamento,1200,1614
Rua Gravataí,Consolação,35,1,0,Studio e kitnet,1600,2033
Rua Engenheiro Sá Freire,Jardim Ângela (zona Leste),57,1,1,Casa,1000,1204
Rua Augusta,Consolação,41,1,1,Studio e kitnet,2750,3831
Rua Doutor Morais Dantas,Limão,55,2,1,Apartamento,1250,1847
Avenida Franz Voegeli,Continental,41,1,1,Apartamento,2200,2844
Rua das Nhandirobas,Jabaquara,14,1,0,Apartamento,1500,1520
Rua São Ticiano,Vila Formosa,62,2,1,Apartamento,1394,2065
Rua Benjamin Costa,Jardim Aeroporto,17,1,0,Studio e kitnet,1372,1425
Rua Madre Maria da Assunção Soares,Santo Amaro,38,1,0,Studio e kitnet,2200,2484
Rua Berlioz,Alto de Pinheiros,400,5,6,Casa,15000,18050
"Av. Irerê - Planalto Paulista, São Paulo - Sp, Brasil",Planalto Paulista,14,1,0,Studio e kitnet,923,958
Rua Havaí,Sumaré,180,3,3,Casa,4800,4901
Rua Alves Ribeiro,Cambuci,69,1,0,Apartamento,1518,2038
Rua Voluntários da Pátria,Santana,30,1,0,Apartamento,2200,3225
Rua Doutor João Batista de Lacerda,Quarta Parada,190,4,3,Casa,7300,7421
Rua Venezuela,Vila Santa Teresa,50,2,1,Casa,1481,1610
Alameda Ministro Rocha Azevedo,Cerqueira César,55,1,1,Apartamento,5500,7221
Rua das Violetas,Vila Marina,52,2,1,Apartamento,1800,1879
Praça Volta Redonda,Vila Alice,100,2,0,Casa,1600,1699
Rua Centenário do Sul,Vila Zat,205,3,5,Casa,4200,4488
Rua Paim,Bela Vista,49,1,1,Studio e kitnet,2100,2826
Rua Monte Alto,Cidade Mãe do Céu,313,5,5,Casa,6000,6847
Avenida Angélica,Consolação,200,3,0,Apartamento,5000,7805
Rua Jordânia,Vila Guilhermina,38,2,0,Apartamento,1300,1525
Avenida Miguel Yunes,Usina Piratininga,70,2,2,Apartamento,2700,3406
Rua Washington Luís,Centro,25,1,0,Studio e kitnet,1500,1994
Praça Padre Mário Fontana,Parque da Mooca,190,3,2,Casa,6525,7012
Rua Paim,Bela Vista,42,1,2,Studio e kitnet,3300,4287
Rua Araguaia Feitosa Martins,Vila Nova Mazzei,30,1,0,Casa,1160,1251
Rua Glicério,Liberdade,45,2,1,Studio e kitnet,2183,2896
Rua Doutor Gabriel dos Santos,Santa Cecilia,79,2,1,Apartamento,3000,4681
Rua Tié,Vila Bertioga,353,3,1,Casa,10000,10430
Avenida Paes de Barros,Mooca,160,3,1,Apartamento,3000,4569
Rua General Feliciano Falcão,Vila Prudente,62,1,0,Apartamento,1350,1852
Alameda Barão de Limeira,Campos Elíseos,70,2,0,Apartamento,1759,2587
Rua Filipe Camarão,Tatuapé,74,2,1,Apartamento,3742,4703
Rua Maria da Conceição Fonseca,Vila Irmaos Arnoni,300,4,3,Casa em condomínio,10000,11730
Rua Visconde de Aguiar Toledo,Vila Congonhas,30,1,0,Casa,2200,2543
Rua Alonso Calhamares,Jardim Anália Franco,78,2,2,Apartamento,5000,6535
Rua Tucuna,Perdizes,99,3,2,Apartamento,4539,6573
Rua da Consolação,Cerqueira César,27,1,1,Apartamento,2500,3988
Avenida Miruna,Planalto Paulista,180,2,6,Casa,9380,10950
Rua Ipojuca,Cidade Mãe do Céu,22,1,0,Studio e kitnet,1900,2647
Avenida Monte Celeste,Vila Santa Maria,40,1,0,Casa,804,895
Rua Corinto,Vila Indiana,92,3,2,Apartamento,3300,5042
Rua João Álvares da França,Freguesia do Ó,24,1,0,Apartamento,1100,1232
Rua Assungui,Vila Gumercindo,50,1,1,Casa,1680,1870
Rua da Chibata,Vila Andrade,73,3,1,Apartamento,2900,3732
Rua Barão de Tefé,Água Branca,55,1,0,Casa,2470,2819
"R. Evans, São Paulo - Sp, 03648-020, Brasil",Vila Matilde,39,2,0,Apartamento,2000,2227
Rua Maria Paula,Bela Vista,39,1,0,Apartamento,1290,1615
Rua Matias Aires,Consolação,127,4,2,Apartamento,9000,11220
Rua Riskallah Jorge,Centro,38,1,0,Apartamento,1700,2174
Rua Cordilheiras,Bela Aliança,300,4,4,Casa,15000,16420
Rua Santo Egídio,Santa Teresinha,54,2,1,Apartamento,1503,2348
Rua José Lázaro Zanetti,Jardim Pinheiros,20,1,0,Studio e kitnet,960,1014
R. Antônio Guganis,Jardim São Paulo(zona Norte),100,3,3,Apartamento,3500,5052
Rua Dona Dica,Jardim Tranqüilidade,150,3,4,Casa,9300,9844
R. Mal. Barbacena,Jardim Anália Franco,78,1,1,Apartamento,3950,5182
Rua Otto de Alencar,Cambuci,45,2,1,Apartamento,2400,2993
Avenida Mascote,Vila Mascote,145,4,3,Apartamento,7500,9767
Rua Professor Atílio Innocenti,Vila Nova Conceição,52,1,0,Apartamento,2570,3117
Rua Pirineus,Campos Elíseos,90,1,0,Apartamento,2500,3147
Avenida Rio Branco,Campos Elíseos,34,1,0,Apartamento,1200,1509
Rua dos Buritis,Vila Parque Jabaquara,40,1,1,Apartamento,1660,2576
Rua Benvinda Aparecida de Abreu Leme,Santana,24,1,1,Studio e kitnet,2000,2307
Avenida Professor Sylla Mattos,Jardim Santa Cruz (sacomã),84,4,2,Apartamento,1900,2324
Rua Lucrécia Maciel,Vila Guarani (z Sul),60,2,1,Apartamento,2310,3090
Rua Álvaro de Carvalho,Bela Vista,39,2,0,Apartamento,3650,4283
Rua Ribeirão Branco,Vila Bertioga,39,2,0,Apartamento,2430,2661
Rua Clarence,Vila Cruzeiro,120,5,1,Casa,3358,3700
Rua Urano,Aclimação,80,3,1,Apartamento,4500,6028
Rua Vergueiro,Vila Firmiano Pinto,63,3,1,Apartamento,1500,2732
Rua Praia do Castelo,Vila Mascote,69,2,1,Apartamento,2540,3628
Rua Tamandaré,Liberdade,50,1,0,Apartamento,1700,2321
Rua Izidro Ortiz,Jardim Guanca,120,3,2,Casa,3200,3445
Rua José Piedade,Vila Dalila,30,1,1,Casa,650,769
Rua Albino Boldasso Gabril,Vila Cruzeiro,44,1,0,Apartamento,1200,1391
Avenida General Valdomiro de Lima,Jabaquara,35,1,1,Apartamento,1790,2314
Avenida dos Ourives,Parque Bristol,42,2,1,Apartamento,1600,1962
Rua da Padroeira,Jardim Nordeste,270,4,3,Casa,6500,6880
Rua Correggio,Vila Suzana,254,3,4,Apartamento,4920,9658
Rua Santa Gregória,Cidade Dutra,226,3,2,Casa,5250,5472
Avenida Júlio Buono,Vila Gustavo,45,2,0,Apartamento,1600,1763
Rua Conde de Sarzedas,Liberdade,37,2,0,Apartamento,1900,2304
Avenida Presidente Humberto de A. Castelo Branco,Vila Algusta,90,2,1,Apartamento,2000,2672
Rua Isabel do Couto,Chora Menino,55,1,0,Casa,1100,1289
Rua Alva,Chácara Belenzinho,60,2,0,Casa,1820,1918
Rua Consolação,Consolação,43,1,1,Studio e kitnet,3380,4125
Rua Paiaguás,Vila Congonhas,270,4,2,Casa,6465,7306
Rua dos Turumãs,Vila Parque Jabaquara,50,2,1,Apartamento,1890,2410
Rua João Teizen Sobrinho,Jardim Santa Helena,310,4,4,Casa,10000,11390
Rua Barão de Iguape,Liberdade,38,1,0,Studio e kitnet,1100,1492
Avenida Ajarani,Cidade Patriarca,44,2,1,Apartamento,1800,2527
Avenida Vereador José Diniz,Santo Amaro,25,1,0,Apartamento,2332,2717
Rua Vergueiro,Vila Mariana,48,1,0,Apartamento,1600,2328
Rua Eduardo Pinheiro,Parque Continental,80,1,0,Casa,740,772
Rua Olímpia de Almeida Prado,Santa Cecília,33,1,1,Studio e kitnet,2900,3636
Rua Coronel Donato,Vila Matilde,48,2,1,Apartamento,1350,2074
Rua Doutora Neyde Apparecida Sollitto,Vila Clementino,35,1,0,Studio e kitnet,1200,1216
Rua Nibe Perobelli,Rolinópolis,260,4,3,Casa,10000,10780
Rua Adele Zarzur,Jardim São José (zona Norte),50,1,0,Casa,850,887
Rua Minérios Atômicos,Vila Antonieta,44,2,0,Apartamento,1310,1606
Rua Pampa,Cidade Vargas,60,1,0,Apartamento,1400,1554
Rua Professor Vahia de Abreu,Vila Olímpia,56,1,1,Apartamento,3500,4269
Rua Francisco José da Silva,Vila Andrade,38,1,1,Apartamento,2650,3629
Rua Parnaíba Paoliello,Jardim Oriental,60,1,0,Casa,1350,1447
Rua Salto,Paraíso,28,1,1,Studio e kitnet,2000,3566
Rua Marina,Pestana,120,1,0,Casa,800,914
Rua Alexandre Leví,Cambuci,69,3,1,Apartamento,2800,3546
Avenida Engenheiro Saraiva de Oliveira,Jardim Taboão,50,1,0,Casa,1100,1147
Rua Paraguai,Taboão,60,2,0,Casa,1070,1165
Rua Ática,Campo Belo,77,3,2,Apartamento,3200,4571
Rua Morgado de Mateus,Vila Mariana,130,3,2,Apartamento,3000,5759
Travessa Antônio Barroca,Vila Cachoeira,58,1,0,Casa,1200,1251
Rua Uhland,Vila Ema,60,2,0,Apartamento,1750,1948
Alameda Franca,Jardim Paulista,328,4,4,Apartamento,11100,19970
Rua País Natal,Jardim Filhos da Terra,74,2,0,Casa,920,959
Rua Haroldo Pacheco E Silva,Vila Ipojuca,60,2,1,Apartamento,2100,3381
Rua Catulo da Paixão Cearense,Vila da Saúde,75,3,2,Apartamento,3700,5068
Rua Eugênio Lorenzetti,Jardim Iris,60,2,1,Apartamento,2400,3063
Alameda Peruíbe,Alphaville,360,3,4,Casa,12900,14610
Rua Cananéia,Vila Valparaíso,60,2,1,Apartamento,1500,2241
Rua José Luongo,Jardim Dinorah,50,1,1,Casa,900,938
Rua Coronel Gustavo Santiago,Vila Zilda,32,1,0,Studio e kitnet,2080,2460
Rua Gilberto Sabino,Pinheiros,73,1,2,Apartamento,9500,11210
Avenida Fagundes Filho,Vila Monte Alegre,75,3,1,Apartamento,2657,3809
Avenida Rangel Pestana,Brás,36,1,1,Apartamento,1600,2112
Rua Maestro Arturo de Angelis,Vila Comercial,91,3,2,Apartamento,4100,5346
Rua Augusta,Consolação,35,1,1,Apartamento,3450,4450
Rua Coronel Xavier de Toledo,República,27,1,0,Studio e kitnet,1150,1581
Rua Torres da Barra,Água Branca,32,1,0,Apartamento,1764,2177
Avenida Henrique Morize,Vila Formosa,25,1,0,Casa,1250,1303
Rua Padre João Manuel,Cerqueira César,210,3,1,Apartamento,13260,20220
João Barreto de Menezes,Vila Santa Catarina,61,2,1,Apartamento,3000,3824
Rua Oscar Carmilo,Vila União,180,4,2,Casa,3200,3386
Rua Cayowaá,Sumaré,41,1,1,Casa,2704,3180
Rua Coronel Luiz Lobo,Vila Ré,120,2,2,Casa,2500,2606
Avenida Nossa Senhora do Ó,Limão,50,2,1,Apartamento,2640,3202
Rua Antônio de Godói,Santa Ifigênia,47,2,0,Studio e kitnet,3000,3546
Rua Alves Guimarães,Pinheiros,40,1,1,Apartamento,4200,4917
Rua Joaquim Afonso de Souza,Vila Celeste,49,1,1,Apartamento,1800,2303
Rua Lagoa Verde,Vila Paulicéia,65,2,1,Casa,2500,2606
Rua Lauriano Fernandes Júnior,Vila Leopoldina,69,2,1,Apartamento,5200,6210
Rua Said Aiach,Paraíso,56,1,1,Apartamento,4800,6458
Rua Vitória,Santa Efigênia,100,3,0,Apartamento,3000,3814
Rua Apinajés,Perdizes,45,1,1,Apartamento,2700,3540
Rua Mexicana,Vila Endres,50,2,1,Apartamento,1500,2023
Rua Quatá,Vila Olímpia,18,1,0,Studio e kitnet,2500,2813
Avenida Deputado Emílio Carlos,Limão,35,1,0,Studio e kitnet,900,975
Rua Romão Puiggari,Vila Moraes,120,3,2,Casa,2800,3025
Rua Professor Roberto Cavalheiro Brisolla,Vila Santa Maria,80,2,1,Casa,2200,2393
Rua Caquito,Vila São Geraldo,70,2,1,Apartamento,1800,2557
Rua Mossamedes,Vila Santo Estevão,45,1,0,Casa,950,1060
Rua Dona Elisa,Barra Funda,74,3,2,Apartamento,5800,7195
Rua das Carmelitas,Sé,30,1,0,Studio e kitnet,935,1371
Rua Arthur Baptistucci,Vila Santo Estéfano,95,2,0,Casa,1250,1428
Avenida Amador Bueno da Veiga,Vila Fidelis Ribeiro,50,1,0,Casa,970,1199
Rua Guaianases,Campos Elíseos,40,1,0,Studio e kitnet,1800,2099
Rua Cásper Líbero,Paulicéia,59,2,2,Apartamento,5000,5714
Rua Cayowaá,Perdizes,170,3,3,Apartamento,6000,10960
Rua Guaicurus,Água Branca,28,1,0,Studio e kitnet,2400,2793
Avenida Rouxinol,Indianópolis,30,1,1,Studio e kitnet,3900,5535
Rua do Lavapés,Cambuci,34,1,0,Studio e kitnet,1155,1414
"Avenida Ipiranga, 1284 - Santa Ifigênia, São Paulo - Sp, 01039-000, Brasil",Santa Ifigênia,45,1,0,Apartamento,1800,2257
Rua Campo Grande,Padroeira,73,2,1,Apartamento,2100,2797
Rua Álvaro de Carvalho,Centro,44,1,1,Studio e kitnet,2575,3462
Rua Azevedo Macedo,Vila Mariana,30,1,0,Studio e kitnet,3500,4219
Rua Ambrosina de Macedo,Vila Mariana,145,4,1,Casa,5700,6109
Rua Dona Elfrida,Chora Menino,105,3,2,Casa em condomínio,2000,2712
Rua Filipe Galvão,Vila Granada,24,1,0,Apartamento,1000,1038
Rua João Dias de Vergara,Jardim Olinda,70,2,0,Casa,900,938
Avenida Coronel Sezefredo Fagundes,Tucuruvi,50,2,1,Apartamento,2240,2558
Rua Marechal Barbacena,Vila Regente Feijó,160,3,2,Apartamento,4820,7298
Rua João Rudge,Casa Verde,80,2,2,Apartamento,4200,5022
Praça Franklin Roosevelt,Consolação,42,1,0,Studio e kitnet,3300,3967
Rua Critios,Vila Suzana,244,3,4,Apartamento,6000,9981
Rua Doutor Augusto de Miranda,Vila Pompéia,42,1,1,Studio e kitnet,4750,5959
Rua Gabriele D'annunzio,Campo Belo,36,1,1,Studio e kitnet,3400,4232
Rua Pero Correia,Vila Mariana,38,1,0,Apartamento,2189,2518
Rua 17 de Janeiro,Paraíso do Morumbi,24,1,0,Apartamento,1100,1442
Avenida Brasil,Jardim Barueri,80,2,1,Apartamento,2200,2949
Rua Raimundo Simão de Souza,Vila Suzana,300,3,3,Apartamento,15000,19490
Rua Ascenso Dias Leme,Imirim,44,1,0,Apartamento,1350,1490
Rua Oscar Cintra Gordinho,Liberdade,28,1,0,Studio e kitnet,860,1208
Rua João Mafra,Vila Brasílio Machado,45,2,0,Casa,1195,1316
Rua Luiz Gomes de São Tiago,Vila Santa Catarina,140,4,3,Casa,4000,4237
Avenida Marcos Penteado de Ulhôa Rodrigues,Tamboré,49,1,2,Apartamento,3000,3833
Rua José Arzão,Vila Praia,64,3,1,Apartamento,2200,2828
Rua Doutor Argemiro Couto de Barros,Chácara Inglesa,180,3,2,Casa,5000,5379
Rua Domingos Magno,Vila Silveira,80,2,0,Casa,1550,1616
Viela José Antônio Ferreira da Costa,Jardim das Flores,35,1,0,Casa,931,1108
Avenida Santo Amaro,Vila Nova Conceição,48,1,0,Apartamento,3708,4644
Rua Turiassu,Perdizes,39,2,0,Apartamento,4900,6089
Rua Professor Lúcio Martins Rodrigues,Jardim Leonor,294,4,5,Apartamento,8250,13450
Rua Doutor Sérgio Meira,Barra Funda,53,2,1,Apartamento,2200,3014
Rua Catuípe,Cidade Brasil,70,3,1,Casa,2000,2111
Rua Guirá-acangatara,Jardim Sao Francisco (zona Leste),48,2,1,Apartamento,1474,1856
Rua Urbano Duarte,Vila Baruel,50,1,0,Casa,1200,1334
Rua Achilles Masetti,Paraíso,97,2,1,Apartamento,4000,5066
Rua dos Buritis,Vila Parque Jabaquara,87,3,1,Apartamento,1800,2783
Rua Samuel Palmer,Jardim Jabaquara,80,2,2,Casa,2377,2898
Rua Amazonas,Osvaldo Cruz,60,2,1,Apartamento,2330,2776
Praça Júlio Mesquita,Republica,65,2,1,Apartamento,5000,6138
Rua Jaguaribe,Vila Buarque,47,1,1,Apartamento,4000,5165
Rua Calixto da Mota,Vila Mariana,44,1,1,Studio e kitnet,4200,5812
Rua Conselheiro Moreira de Barros,Lauzane Paulista,52,2,1,Apartamento,1366,1999
Rua República do Togo,Jardim Peri Peri,70,2,1,Casa,2633,2887
Rua Aguiar de Barros,Bela Vista,35,1,0,Apartamento,1200,1608
Rua João Sbarai,Vila Gomes,28,1,0,Studio e kitnet,1150,1290
Rua Áurea Batista dos Santos,Vila Morse,68,3,1,Apartamento,2400,3304
Rua Cândida Franco de Barros,Itaberaba,46,2,1,Apartamento,1650,2234
Rua Natividade Saldanha,São Lucas,45,0,0,Apartamento,1400,1855
Rua Rego Barros,Jardim Vila Formosa,46,2,1,Apartamento,1700,2115
Rua Caracaxá,Vila Nivi,160,3,1,Casa,2600,2710
Rua Coelho Barradas,Parque da Vila Prudente,30,1,0,Apartamento,1985,2362
Rua Joaquim Neves Monteiro,Jardim Ubirajara,118,3,2,Casa,2950,3075
Rua Francisco Credentino,Jardim Satelite,200,1,4,Casa,2500,2716
Rua Doutor Bento Teobaldo Ferraz,Várzea da Barra Funda,41,2,1,Apartamento,2650,3168
Rua Humberto I,Vila Mariana,16,1,0,Studio e kitnet,2400,3067
Rua Francisco da Lira,Tremembé,89,3,2,Apartamento,3000,3916
Rua Francisco Coimbra,Penha de França,50,2,1,Apartamento,1860,2563
Rua Mianos,Vila Mira,52,2,1,Apartamento,1470,2014
Rua Ana Doll de Morais,Parque Mandaqui,145,3,3,Casa,3740,4015
Avenida Marquês de São Vicente,Água Branca,74,3,1,Apartamento,3900,5025
Rua Deputado Laércio Corte,Paraíso do Morumbi,72,2,2,Apartamento,1700,2996
Rua Bernardino de Campos,Campo Belo,163,3,2,Casa,5250,5715
Rua Glicério,Liberdade,53,2,1,Studio e kitnet,2125,3074
Rua França,Parque das Nações,53,2,1,Apartamento,2100,2535
Avenida 23 de Maio,Vila Mariana,75,2,1,Apartamento,3000,4319
Avenida Alcântara Machado,Brás,65,2,0,Apartamento,1300,1777
Rua Professor Campos de Oliveira,Jardim Taquaral,266,4,4,Apartamento,11250,14300
Rua Dr. Fomm,Belenzinho,44,2,0,Apartamento,2200,2478
Avenida Sabiá,Indianópolis,50,1,1,Apartamento,3500,5019
Avenida Paes de Barros,Mooca,60,1,0,Apartamento,1500,2152
Rua Fonseca da Costa,Bosque da Saúde,209,3,2,Casa,6000,6674
Rua Alméria,Vila Granada,37,2,0,Apartamento,1290,1568
Rua Delegado Everton,Bela Vista,34,1,1,Apartamento,2150,2858
Rua Enótria,Vila Mazzei,31,1,0,Apartamento,1510,1889
Rua Teodoro Sampaio,Pinheiros,78,2,1,Apartamento,3570,6462
Rua Helena Zerrener,Liberdade,34,1,0,Studio e kitnet,690,1096
Rua Doutor Carlos Aldrovandi,Jardim Parque Morumbi,60,2,1,Apartamento,2500,3196
Rua Barão de Tramandaí,Vila Alpina,100,3,2,Casa,3000,3127
Rua Xavier Gouveia,Parque Colonial,128,3,2,Apartamento,3900,6396
Rua Galeão Coutinho,Vila Marina,70,1,0,Casa,1210,1262
Avenida Rotary,Vila das Bandeiras,37,2,1,Apartamento,1400,2012
Rua Lázaro Suave,City Bussocaba,53,2,1,Apartamento,3200,3837
Rua Vichy,Vila Baruel,85,2,0,Apartamento,1800,2243
Rua Harmonia,Sumarezinho,160,3,3,Apartamento,12500,15270
Rua João Nápoles Alvim,Jardim das Laranjeiras,285,3,4,Casa,4875,5607
Rua Fradique Coutinho,Pinheiros,80,3,2,Apartamento,5700,7444
Rua Acarituba,Santo Amaro,450,4,4,Casa,15000,19750
Rua Itajaí,Mooca,76,3,1,Apartamento,4200,5319
Avenida Parkinson,Alphaville Empresarial,138,3,3,Apartamento,14530,16280
Rua Antônio Rodrigues dos Ouros,Jardim Teresa,60,1,0,Casa,810,897
Avenida Sapopemba,Jardim Adutora,27,1,0,Apartamento,1400,1730
Rua Manoel da Nóbrega,Paraíso,157,3,1,Apartamento,5800,7892
Rua Nossa Senhora Conceição Aparecida,Quitaúna,90,2,1,Apartamento,1300,2131
Rua Pixibás,Vila Gustavo,34,1,0,Casa,1038,1112
Alameda Glete,Campos Elíseos,45,2,0,Apartamento,1590,1852
Rua Edvard Carmilo,Jardim Celeste,41,2,0,Apartamento,1250,1548
Rua Itza,Jardim Modelo,57,2,1,Apartamento,3500,4135
Avenida Jabaquara,Mirandópolis,65,2,0,Apartamento,2000,2917
Rua Eugênia de Carvalho,Vila Matilde,45,1,0,Casa,937,1094
Rua Jaci,Chácara Inglesa,82,3,2,Apartamento,3250,4503
Rua Panamericana,Taboão,85,2,0,Casa,1450,1568
Rua Oiti,Água Rasa,300,4,1,Casa,8500,8861
Rua Guarapuã,Jardim Franca,550,4,5,Casa,6000,7397
Rua José Rangel de Camargo,Parque Peruche,60,2,0,Apartamento,1200,1388
Rua Tapuias,Socorro,70,3,1,Apartamento,3190,4113
Rua Jaceguai,Bela Vista,40,1,0,Apartamento,3000,3116
Rua José Paulino de Araújo,Vila Constancia,60,2,0,Apartamento,1800,2063
Rua Gravataí,Consolação,25,1,0,Studio e kitnet,3000,3616
Avenida Doutor Altino Arantes,Vila Clementino,59,2,1,Apartamento,3000,4130
"Rua Conde de Porto Alegre, 606, Campo Belo",Campo Belo,150,3,2,Casa,4200,4761
Rua Diana,Perdizes,90,2,1,Apartamento,2399,4114
Rua Pamplona,Jardim Paulista,100,2,1,Apartamento,4500,6124
Alameda Ministro Rocha Azevedo,Cerqueira César,59,1,1,Apartamento,3000,5014
Rua João Gomes Batista,Jardim Cidália,64,2,2,Casa,2300,2489
Rua dos Buritis,Vila Parque Jabaquara,115,3,2,Apartamento,4200,6062
Rua Aristódemo Gazzotti,Vila das Belezas,50,2,1,Apartamento,2450,3085
Rua Amazonas da Silva,Vila Guilherme,63,2,1,Apartamento,10000,10990
Rua Doutor Almeida Lima,Mooca,30,1,0,Studio e kitnet,2200,2284
Rua Doutor Ênio Monte Alegre,Vila Emir,57,1,1,Studio e kitnet,900,936
Rua Orfanato,Vila Prudente,72,3,0,Apartamento,1800,2851
Rua Itapiru,Vila da Saúde,85,3,2,Apartamento,3400,4717
Rua Almirante Marques Leão,Bela Vista,98,1,0,Apartamento,5810,7493
Rua Santo Amaro,Bela Vista,60,1,0,Apartamento,1900,2490
Rua Praia do Cerejo,Vila Paulista,34,2,1,Apartamento,2200,2728
Rua German Burmeinster,Vila Nova Mazzei,74,2,1,Apartamento,1615,2566
Rua Correia Dias,Paraíso,23,1,0,Studio e kitnet,4000,4061
Rua Capitao Avelino Carneiro,Penha de França,37,1,0,Apartamento,1490,2017
Rua Guatemala,Vila Engenho Novo,90,2,1,Casa,2230,2352
Avenida Damasceno Vieira,Vila Mascote,90,2,1,Apartamento,2900,4326
Rua Inhambú,Vila Uberabinha,205,4,3,Apartamento,6500,10580
Rua Abolição,Bela Vista,50,1,0,Studio e kitnet,1700,1766
Rua Heitor Penteado,Sumarezinho,47,2,1,Apartamento,2200,3070
Rua Duarte de Azevedo,Santana,62,2,1,Apartamento,2000,2327
Rua Estefânia Louro,Tucuruvi,55,1,0,Apartamento,1600,1746
Rua Itapacuraí,Paraíso do Morumbi,138,3,2,Casa,5500,6433
Rua Bimbarra,Vila Formosa,53,2,2,Apartamento,2800,3808
Rua Basílio da Cunha,Vila Deodoro,69,2,0,Apartamento,1815,1885
Rua Azevedo Marques,Santa Cecilia,24,1,0,Studio e kitnet,800,1283
Rua Itanhaém,Vila Prudente,55,2,1,Apartamento,2200,2968
Rua Guaianases,Campos Elíseos,34,1,0,Apartamento,700,1127
Rua Luiz Vieira de Souza,Taboão,47,2,1,Apartamento,1500,2294
Rua Giacomo Cozzarelli,Vila Santa Teresa (zona Sul),46,2,1,Apartamento,1400,1738
Rua José Estevão de Magalhães,Vila Campestre,52,2,1,Apartamento,2340,2950
Rua Itaoca,Chácara Inglesa,60,2,0,Casa,1723,1862
Avenida Hilário Pereira de Souza,Centro,68,2,1,Apartamento,3200,4028
Rua Marechal Hermes da Fonseca,Santana,110,4,2,Apartamento,7500,9663
Rua Fortuna de Minas,Jardim Arize,250,3,2,Casa,4000,4170
Rua Antônio Carlos,Consolação,180,3,1,Apartamento,4300,6466
Rua Doutor Goulart Penteado,Vila Diva (zona Leste),130,3,3,Apartamento,4500,6232
Rua Açaí,Jardim Santa Maria,54,2,0,Apartamento,1497,1804
Rua Giovanni Boltraffio,Vila Santa Teresa (zona Sul),75,2,2,Apartamento,1326,2057
Rua São Francisco,Sé,26,1,0,Apartamento,975,1448
Rua Dante Alighieri,Vila Prudente,38,1,0,Casa,1300,1408
Avenida Coronel José Pires de Andrade,Vila Vera,60,2,0,Casa,1300,1455
Rua José de Oliveira Coelho,Vila Andrade,51,2,1,Apartamento,3000,3497
Rua Professora Maria de Lourdes Souza Nogueira,Vila Gea,45,2,0,Apartamento,1420,1534
Praça Marechal Deodoro,Santa Cecilia,79,2,0,Apartamento,2500,3026
Rua Correia de Lacerda,Jardim Vila Formosa,68,2,1,Apartamento,1430,2308
Rua Maestro Cardim,Bela Vista,40,1,1,Apartamento,2000,3133
Avenida São João,Centro,147,2,0,Apartamento,2850,3704
Rua dos Andradas,Santa Efigênia,51,1,0,Apartamento,1000,1615
Rua Nobel Almeida Kuke,Parque Continental Ii,64,1,0,Casa,1150,1267
Avenida Salgado Filho,Jardim Cristin Alice,52,2,0,Apartamento,1033,1388
Rua João Dias Teixeira,Chácara Belenzinho,75,2,0,Casa,1250,1385
Avenida Padre Vicente Melillo,Umuarama,60,2,1,Apartamento,1900,2787
Rua Haddock Lobo,Cerqueira César,137,3,1,Apartamento,12330,14610
Rua Domingos Ataide,Parque Reboucas,46,2,1,Apartamento,1200,1797
Rua Rosária Musarra,Vila California(zona Sul),150,3,2,Casa,4500,4900
Rudge,Bom Retiro,42,2,0,Apartamento,1700,2216
Rua Doutor Eduardo de Souza Aranha,Vila Olímpia,96,2,1,Apartamento,4038,5534
Rodovia Raposo Tavares,Jardim Adhemar de Barros,64,3,2,Apartamento,2856,3706
Rua Serranos,Vila do Bosque,183,3,2,Casa,3760,3905
Rua Padre Antônio de Gennaro Casa,Vila Cristália,48,2,0,Casa,895,933
Praça Doutor Mário Margarido,Liberdade,46,1,0,Studio e kitnet,1880,2252
Rua Doutor Miguel Vieira Ferreira,Jardim Zaira,96,3,2,Apartamento,3600,4645
Rua Álvaro de Carvalho,Bela Vista,32,1,0,Studio e kitnet,1200,1660
Rua Leopoldo de Bulhões,Indianópolis,55,2,1,Apartamento,4600,5804
Avenida Raimundo Pereira de Magalhães,Jardim Iris,54,2,1,Apartamento,2224,2900
Rua Grécia,Taboão,35,1,0,Casa,595,687
Rua Ipojuca,Cidade Mãe do Céu,24,1,0,Studio e kitnet,2240,2697
Rua Jaracatiá,Jardim Umarizal,52,2,1,Apartamento,1950,2514
Rua Íon Andresco,Vila Progresso (zona Norte),50,1,0,Casa,813,848
Avenida Miruna,Indianópolis,38,1,1,Studio e kitnet,3000,4019
Rua Joaquim dos Santos Andrade,Sé,28,1,0,Studio e kitnet,1003,1016
Rua Brás Sangiovanni,Vila Monte Alegre,62,2,1,Apartamento,2300,2984
Rua Benfica,Vila Medeiros,30,1,0,Casa,750,782
Alameda dos Guaiós,Planalto Paulista,184,4,3,Apartamento,7710,11440
Rua Helena Zerrener,Liberdade,28,1,0,Apartamento,819,1169
Rua Padre Paulo Canelles,Vila Adalgisa,149,3,4,Casa,4000,4170
Rua Conselheiro Moreira de Barros,Lauzane Paulista,62,3,1,Apartamento,1511,2387
Alameda Iraé,Indianópolis,24,1,0,Studio e kitnet,3300,4017
"Bela Vista, São Paulo - Sp, 01321-001, Brasil",Bela Vista,82,2,1,Apartamento,7000,8438
Rua Esmeraldino Cavalcanti Torres,Vila Isolina Mazzei,39,2,1,Apartamento,2300,2544
Rua Tabatinguera,Sé,52,2,1,Apartamento,1550,2090
Rua Bragança Paulista,Vila Cruzeiro,76,3,1,Apartamento,4000,4983
Rua Ministro Ferreira Alves,Perdizes,126,3,0,Apartamento,4500,6661
Rua Serra da Bocaina,Quarta Parada,50,2,1,Apartamento,2500,2981
Rua Marfim,Jardim Santa Cruz (campo Grande),90,3,2,Casa em condomínio,3170,3534
Rua Antônio Pereira Mendes,Jardim Prudência,150,1,1,Apartamento,1430,2183
Avenida Giovanni Gronchi,Vila Andrade,96,2,2,Apartamento,4200,5812
Rua Dona Brígida,Vila Mariana,85,1,0,Apartamento,3990,4684
Rua Doutor Paulo Nogueira Filho,Butantã,72,2,1,Apartamento,1250,2383
Rua Taváres Bastos,Pompeia,130,4,3,Apartamento,6200,8746
Rua Marquês de Valença,Alto da Mooca,77,3,2,Apartamento,3600,4555
Rua Doutor Melo Alves,Cerqueira César,31,1,1,Apartamento,4200,5205
Rua Alagoas,Centro,136,2,2,Apartamento,4600,5864
Rua Paschoal Garófalo,Vila Califórnia(zona Sul),204,3,2,Casa,3155,3302
Avenida Copacabana,Empresarial 18 do Forte,107,2,2,Apartamento,5200,6397
Rua Volta Redonda,Campo Belo,180,3,3,Apartamento,15000,18650
Rua Leôncio de Carvalho,Paraíso,30,1,1,Studio e kitnet,3800,6353
Rua Cásper Líbero,Paulicéia,63,2,1,Apartamento,1313,1869
Rua Francisco Marcondes Vieira,Jardim Lar Sao Paulo,150,3,3,Apartamento,8400,10540
Rua Professor Arnaldo João Semeraro,Jardim Santa Emilia,64,2,1,Apartamento,1550,2060
Rua Coronel Artur Godói,Vila Mariana,90,3,1,Casa,4000,4544
Rua Agostinho Rodrigues Filho,Indianópolis,26,1,0,Studio e kitnet,3500,4225
Rua Jaime Costa,Vila Camilópolis,50,2,1,Apartamento,1250,1478
Rua da Meação,Vila Regente Feijó,53,2,1,Apartamento,3300,3627
Rua Turiassu,Perdizes,18,1,0,Studio e kitnet,3200,3813
Rua Américo Brasiliense,Chácara Santo Antônio (zona Sul),28,1,1,Apartamento,2000,3835
Rua Miguel Arcanjo de Oliveira,Parque Paineiras,33,1,0,Apartamento,990,1133
Rua Cônego Luís Gonzaga Biazi,Carandiru,40,1,0,Studio e kitnet,1350,1612
Rua Professor José Leite E Oiticica,Vila Gertrudes,70,2,1,Apartamento,5800,7287
Rua Cruz de Malta,Parada Inglesa,106,2,1,Apartamento,3500,4760
Avenida Sebastião Henriques,Vila Siqueira (zona Norte),65,2,2,Apartamento,2100,3073
Rua Barão de Tatuí,Vila Buarque,25,1,0,Studio e kitnet,1250,1616
Rua Guaimbé,Mooca,80,3,1,Apartamento,2529,3227
Rua Visconde de Ourem,Jardim Aeroporto,200,3,4,Casa,4000,4780
Rua Miguel Masi Neto,Vila Suzana,150,4,2,Casa,3660,4021
Rua Salvador Mota,Vila Industrial,52,1,0,Casa,900,983
Rua Florianópolis,Vila Bertioga,108,3,2,Apartamento,6800,8510
Rua Corinto,Vila Indiana,72,3,2,Apartamento,2850,4255
Rua das Perobas,Vila Parque Jabaquara,84,3,1,Apartamento,2250,3237
Rua José de Oliveira Coelho,Vila Andrade,132,3,3,Apartamento,7650,10250
Rua Doutor Maurílio Vergueiro Pôrto,Vila Morumbi,82,2,3,Apartamento,2800,4422
Rua João Simões de Souza,Parque Reboucas,48,2,1,Apartamento,3000,3462
Rua Abdo Ambuba,Vila Andrade,130,3,2,Apartamento,2040,4075
Alameda Grajaú,Alphaville Industrial,69,2,1,Apartamento,3380,4176
Rua Armando D'almeida,Jardim Rizzo,110,3,2,Casa,3600,3767
Rua Monsenhor Passaláqua,Bela Vista,43,1,1,Apartamento,1976,2809
Avenida Itaboraí,Bosque da Saúde,80,2,1,Apartamento,2328,3018
Rua Frei Manuel Calado,Vila Marari,58,2,1,Apartamento,1350,2258
Rua Joaquim José Esteves,Santo Amaro,329,4,3,Apartamento,15000,26550
Rua Comendador Miguel Calfat,Vila Nova Conceição,155,3,2,Apartamento,7000,9710
Alameda Santos,Cerqueira César,80,1,1,Apartamento,4200,5629
Rua da Consolação,República,23,1,0,Studio e kitnet,2500,3226
Rua Jaime Rodrigues,Jardim Sabara,30,1,0,Studio e kitnet,1150,1165
Rua Alberto Moreira Batista Filho,Jardim Japao,20,1,0,Apartamento,900,996
Rua Aristides Viadana,Parque Residencial da Lapa,70,2,0,Apartamento,2200,2909
Rua Arnaldo Cintra,Vila Moreira,48,2,1,Apartamento,1800,2387
Rua Genebra,Bela Vista,25,1,0,Apartamento,3300,3792
Alameda Joaquim Eugênio de Lima,Jardim Paulista,45,1,0,Apartamento,2800,3608
Rua Antônio Hélio de Azevedo Marques,Vila Inglesa,40,1,0,Casa,1350,1441
Rua Barão do Triunfo,Brooklin,78,1,1,Apartamento,15000,16560
Avenida Iraí,Indianópolis,150,3,2,Casa,6200,6830
Rua Dom José de Barros,República,40,1,0,Apartamento,1800,2309
Rua Flórida,Cidade Monções,39,1,1,Apartamento,3600,4344
Rua Urbano da Silva,Vila Santa Edwiges,200,3,4,Casa,3860,4090
Avenida da Liberdade,Liberdade,30,1,0,Studio e kitnet,1400,1814
Rua Jorge Rizzo,Pinheiros,102,4,2,Apartamento,5000,7030
Rua Nilo,Aclimação,74,2,2,Apartamento,6200,7757
Alameda Ministro Rocha Azevedo,Cerqueira César,80,2,2,Apartamento,4100,5483
Rua Padre Isidoro,Vila Nova York,35,1,0,Apartamento,1300,1363
Rua Bartira,Perdizes,25,1,0,Apartamento,2850,3620
Rua Fiandeiras,Vila Olímpia,40,1,1,Apartamento,2300,4009
Rua Oscar Freire,Pinheiros,18,1,0,Studio e kitnet,3290,3947
Avenida Interlagos,Jardim Umuarama,72,3,2,Apartamento,3450,4386
Alameda América,Tamboré,202,3,3,Apartamento,13500,16000
Rua Frederico Abranches,Vila Buarque,32,1,0,Studio e kitnet,1260,1683
Rua Martins Fontes,Consolação,148,3,2,Apartamento,7200,10080
Rua Doutor Eduardo de Souza Aranha,Vila Nova Conceição,80,2,1,Apartamento,4000,5159
Rua Tenente Coronel José Joaquim Correia de Arruda,Vila Portuguesa,40,1,0,Casa em condomínio,1300,1322
Alameda Lorena,Jardim Paulista,64,1,1,Apartamento,3056,4154
Rua Cambaquara,Jardim São Paulo,235,4,3,Casa,11000,11880
Rua César Vallejo,Real Parque,82,2,2,Apartamento,2500,4376
Avenida Jacutinga,Indianópolis,50,1,1,Apartamento,4100,5572
Rua São Francisco,Sé,26,1,0,Studio e kitnet,1000,1473
Rua Bela Cintra,Consolação,40,1,0,Apartamento,3200,3898
Rua Doutor Nogueira Martins,Vila da Saúde,45,1,0,Casa,1500,1563
Rua Sepetiba,Siciliano,52,1,0,Apartamento,2500,2796
Rua João Antônio de Andrade,Jardim Frei Galvão,24,1,0,Casa,629,678
Rua Luís de Melo Maia,Vila Pedra Branca,35,1,0,Casa,1210,1262
Rua Fradique Coutinho,Pinheiros,82,2,0,Casa,4000,4614
Rua Elias de Sousa Pinto,Tremembé,70,2,0,Casa,1310,1475
Alameda Joaquim Eugênio de Lima,Jardim Paulista,383,3,3,Apartamento,8000,12640
Avenida João Simão de Castro,Vila Sabrina,56,3,1,Apartamento,1420,1644
Rua Francisca Emilia,Vila Firmiano Pinto,35,1,0,Casa,1130,1304
Rua Nazira Carone,Jardim Ampliação,41,1,1,Studio e kitnet,1376,2542
Rua Duarte de Azevedo,Santana,67,2,1,Apartamento,2130,2462
Rua das Monções,Jardim Sílvia,74,2,2,Apartamento,3200,3942
Rua Ministro Godói,Perdizes,27,1,0,Studio e kitnet,2600,3325
Avenida Mauro Marques da Silva,Vila Antônio,250,4,3,Casa,3800,4345
Rua Ezequiel Freire,Santana,41,1,1,Apartamento,2070,2985
Rua Doutor Bento Teobaldo Ferraz,Várzea da Barra Funda,44,2,0,Apartamento,2200,2685
Rua Marie Nader Calfat,Panamby,38,1,1,Studio e kitnet,1800,2465
Rua Sincorá,Jardim Umuarama,260,3,4,Casa,4200,4660
Alameda Itu,Jardim Paulista,130,3,1,Apartamento,4880,7587
Avenida Paes de Barros,Mooca,90,3,0,Apartamento,1880,2353
Rua Eugene Carriere,Jardim das Vertentes,64,3,1,Apartamento,5000,5882
Alameda Grajaú,Alphaville Industrial,60,1,1,Apartamento,3000,5240
Rua Hermann Teles Ribeiro,Vila Invernada,80,2,2,Casa,2210,2578
Rua Francisco Artassio,Jardim das Laranjeiras,39,1,0,Casa,1100,1147
Rua Dr. Fomm,Belenzinho,29,2,0,Apartamento,1830,2151
Rua Zike Tuma,Jardim Ubirajara,50,1,0,Casa,935,975
Rua Doutor Jesuíno Maciel,Campo Belo,48,1,1,Apartamento,4000,4809
Rua Conselheiro Nébias,Campos Elíseos,63,2,0,Apartamento,2800,3376
Rua Antares,Cidade Satelite Santa Barbara,53,2,1,Apartamento,1000,1393
Rua Doutor Heitor Pereira Carrilho,Vila Albertina,250,2,3,Casa,4500,4941
Rua Padre Raposo,Mooca,127,3,3,Apartamento,7500,9843
Avenida dos Imarés,Indianópolis,65,2,1,Apartamento,6000,7067
Rua Tenente Sylvio Fleming,Vila Bonilha,90,2,1,Casa,1700,1733
Alameda Lorena,Jardim Paulista,220,3,2,Apartamento,11820,14590
Rua Carlo Pallavicino,Jardim Vivan,70,2,1,Apartamento,1155,1559
R. João Baldinato,Vila Suzana,70,1,2,Apartamento,2700,4175
Rua Cônego Vicente Miguel Marino,Barra Funda,45,1,0,Casa,1600,1743
Rua Amaral Gurgel,Vila Buarque,40,1,0,Studio e kitnet,1000,1463
Rua Professor Antônio Filgueiras de Lima,Rio Pequeno,40,1,0,Apartamento,980,993
Avenida Duque de Caxias,Santa Efigênia,39,1,0,Studio e kitnet,1150,1558
Rua Barão do Rio Branco,Santo Amaro,40,1,0,Apartamento,970,1667
Rua Quatá,Vila Olímpia,53,1,2,Studio e kitnet,4800,6101
Rua Canto do Junco,Santana,150,3,2,Casa,8000,8662
Rua das Palmeiras,Gopoúva,50,2,1,Apartamento,1638,2078
Rua Visconde da Luz,Vila Nova Conceição,90,1,1,Apartamento,6500,10500
Rua Peixoto Gomide,Jardim Paulista,68,2,1,Apartamento,4000,5054
Rua Correia de Lemos,Chácara Inglesa,36,1,1,Studio e kitnet,2150,2800
Rua Diana,Perdizes,65,2,2,Apartamento,4650,6353
Rua Nossa Senhora da Saúde,Vila das Mercês,69,3,1,Apartamento,3300,4161
Rua Barão de Loreto,Vila São José,31,1,0,Apartamento,860,1696
Rua João Alfredo,Santo Amaro,33,2,0,Apartamento,3150,3646
Rua Augusta,Consolação,22,1,0,Apartamento,2600,3245
Avenida Parkinson,Alphaville Empresarial,198,3,2,Apartamento,11500,13280
Rua Bento Freitas,República,35,1,0,Apartamento,2100,2853
Rua Capitão Lorena,Vila Invernada,154,3,0,Casa,4000,4147
Rua Ituri,Vila Formosa,26,1,0,Apartamento,1150,1466
Rua Conselheiro Moreira de Barros,Lauzane Paulista,267,2,1,Casa,2000,2233
Avenida Senador Vergueiro,Anchieta,60,1,1,Apartamento,1249,1813
Avenida Santo Amaro,Brooklin,33,1,1,Studio e kitnet,3300,4227
Rua Alves de Almeida,Chácara Belenzinho,150,3,2,Casa em condomínio,2850,3255
Avenida Celso Garcia,Brás,54,1,0,Apartamento,1520,1678
Rua Tremembé,Rudge Ramos,79,3,2,Apartamento,1770,2658
Rua Francisco de Paula Pereira Pachêco,Jardim Odete,52,2,1,Apartamento,1350,1793
Rua Doutor Luís Carlos,Vila Aricanduva,140,2,1,Casa em condomínio,3100,3267
Rua Uxi,Jardim Santa Maria,80,2,1,Casa,1700,1842
Rua Doutor Clemente Jobim,Jardim da Glória,27,1,0,Studio e kitnet,1902,2365
Rua Corinto,Vila Indiana,62,2,1,Apartamento,2550,3278
Avenida Rouxinol,Indianópolis,46,1,1,Apartamento,3300,4402
Travessa Píres,Vila Pires,55,2,1,Apartamento,1800,2104
Rua dos Cafezais,Vila Santa Catarina,70,2,1,Casa,2195,2438
Rua Petrobrás,Vila Antonieta,80,2,1,Casa,1600,1718
Rua Nagasaki,Taboão,76,2,3,Casa,5000,5320
Avenida Portugal,Centro,41,2,1,Apartamento,2033,3778
Rua Guaicurus,Água Branca,29,1,0,Apartamento,2000,2327
Avenida Pires do Rio,Jardim Norma,28,1,0,Casa,950,1040
Rua Dona Maria Bráulio,Jardim Peri,200,2,2,Casa,1500,1603
Rua Henrique Fausto Lancellotti,Nova Piraju,45,1,1,Apartamento,3370,5467
Rua Simão de Tolêdo Piza,Água Rasa,40,1,0,Casa,950,990
Rua Barão de Campos Gerais,Real Parque,424,3,4,Apartamento,11000,21320
Avenida Parada Pinto,Santa Inês ,70,3,1,Apartamento,1725,2866
Rua Corrientes,Jardim Peri,70,2,0,Apartamento,2500,2699
Avenida Rio Branco,Campos Elíseos,40,1,0,Studio e kitnet,1190,1570
Rua Bonifácio Veronese,Jardim Jaqueline,61,2,1,Apartamento,2400,2951
Rua Manuel de Faria Dória,Vila Paulistania,50,1,0,Casa,800,834
Rua Professor José Geraldo de Lima,Vila Tiradentes,170,3,2,Casa,4837,5050
Rua Roger Chaffee,Interlagos,408,4,4,Casa,6780,8027
Rua Major Sertório,Vila Buarque,25,1,0,Apartamento,2500,3046
Rua Miguel Mota,Vila Canero,27,1,0,Studio e kitnet,1180,1225
Rua Pedro Bitolo,Rudge Ramos,130,2,2,Casa,2000,2219
Rua Josef Kryss,Parque Industrial Tomas Edson,48,2,1,Apartamento,5500,6247
Rua Antônio Florêncio dos Santos,Jardim Panorama (zona Leste),115,2,3,Casa,3000,3127
Rua dos Jacintos,Mirandópolis,119,2,0,Casa,3010,3471
Avenida Tietê,Campestre,60,2,1,Casa,1705,1849
Rua João José Pacheco,Jardim Vila Mariana,28,1,0,Studio e kitnet,2190,3049
Rua Gomes de Carvalho,Vila Olímpia,43,1,1,Apartamento,3400,4330
Avenida Raimundo Pereira de Magalhães,Jardim Iris,88,2,1,Apartamento,3100,3220
Rua Flora,Brás,35,2,0,Apartamento,1800,2237
Rua Pamplona,Jardim Paulista,81,1,1,Apartamento,3400,4373
Rua Elza Guimarães,Vila Amalia (zona Norte),42,1,0,Apartamento,940,1356
Rua Ribeiro de Barros,Vila Anglo Brasileira,72,2,2,Apartamento,5300,7035
Avenida São João,Santa Cecilia,38,1,0,Studio e kitnet,1350,1779
Rua Doutor Plínio Barreto,Bela Vista,50,1,1,Apartamento,3150,3836
Rua das Sempre-vivas,Jardim das Acácias,150,3,1,Casa,5000,5812
Rua Comendador Miguel Calfat,Vila Nova Conceição,151,3,2,Apartamento,7600,10520
Rua Voluntários da Pátria,Santana,67,3,1,Apartamento,2800,3813
Rua Francisco Tapajós,Vila Santo Estefano,56,2,1,Apartamento,2000,2988
Rua Franklin Magalhães,Vila Santa Catarina,55,2,1,Apartamento,2150,3113
Avenida Mandaqui,Limão,60,3,1,Apartamento,2847,3566
Rua Antônio Fóster,Vila Socorro,20,1,0,Studio e kitnet,970,1308
Rua Oneyda Alvarenga,Vila da Saúde,65,2,1,Apartamento,1669,2528
Rua Gaivota,Moema,44,1,1,Apartamento,2600,3504
Rua Atibaia,Vila Valparaíso,42,2,1,Apartamento,1700,2430
Rua Tietê,Rudge Ramos,58,3,1,Apartamento,1600,2151
Rua Gustavo da Silveira,Vila Santa Catarina,52,2,0,Apartamento,1500,2345
Rua Joaquim Norberto,Vila Paulicéia,45,1,2,Apartamento,2000,2853
Rua Conrado Mazzeo,Jardim Luísa,70,3,1,Apartamento,1732,2233
Rua Itavuru,Planalto Paulista,100,3,1,Apartamento,3000,3588
Rua Clemente Álvares,Lapa,40,1,0,Studio e kitnet,2000,2161
Rua da Imprensa,Vila São José (ipiranga),58,2,2,Apartamento,3402,4593
Rua Bento Gonçalves,Jardim Analia Franco,200,3,4,Casa,4100,4852
Rua Santo Amaro,Bela Vista,60,1,1,Apartamento,2175,2749
Rua das Palmeiras,Campos Elíseos,15,1,0,Studio e kitnet,1880,2387
Rua José Rafaeli,Socorro,80,3,1,Apartamento,2125,2948
Rua Doutor Raul da Rocha Medeiros,Tatuapé,52,2,1,Apartamento,3800,4672
Rua Coronel Francisco de Oliveira Simões,Paraíso do Morumbi,68,3,2,Apartamento,1800,2905
"R. Evans, São Paulo - Sp, 03648-020, Brasil",Vila Matilde,50,2,0,Apartamento,1800,2019
Rua Ernesto Capelari,Parque Santos Dumont,55,2,1,Apartamento,2320,3210
Rua Armando Ramos Filho,Moinho Velho,200,3,1,Casa,2560,2669
Rua João Marchiori,Cidade Patriarca,39,2,0,Apartamento,1500,1708
Rua da Meação,Vila Regente Feijó,86,3,2,Apartamento,3000,4664
Avenida Engenheiro Caetano Álvares,Limão,200,2,3,Casa,2240,2427
Rua Tenente Chantré,Vila Diva (zona Leste),220,3,2,Casa,4000,4200
Avenida Doutor Cardoso de Melo,Vila Olímpia,92,3,2,Apartamento,4500,7141
Avenida Nossa Senhora do Lorêto,Vila Medeiros,28,1,0,Studio e kitnet,1000,1038
Rua Cavour,Vila Prudente,65,2,1,Apartamento,3500,4365
Rua Padre Francisco João de Azevedo,Lauzane Paulista,140,3,2,Apartamento,4500,5654
Rua Girassol,Vila Madalena,95,1,2,Apartamento,6500,8610
Rua José Feliciano,Vila Mascote,53,1,1,Apartamento,4000,4745
Rua Alcides Alves,Casa Verde Alta,34,1,0,Casa,890,969
Rua Lima,Chácara Belenzinho,152,2,2,Casa,2250,2346
Mafalda,Chácara Belenzinho,60,1,0,Casa,1300,1430
Rua Doutor Zuquim,Santana,125,2,0,Apartamento,2000,2247
Rua Bruno Cavalcanti Feder,Quinta da Paineira,50,2,1,Apartamento,1700,2321
Rua Alencar Araripe,Jardim Santa Cruz (sacomã),82,3,2,Apartamento,3000,3859
Via Transversal Sul,Novo Osasco,64,3,1,Apartamento,1700,2299
Avenida Manuel Pímentel,Jardim Planalto,90,3,0,Casa,1600,1768
Rua Doutor Ângelo Vita,Tatuapé,25,1,0,Studio e kitnet,2200,2534
Rua Padre Chico,Santo Amaro,150,3,2,Casa em condomínio,3500,3966
Travessa Limoeiro,Água Fria,95,2,2,Casa,2257,2395
Rua Ministro Godói,Perdizes,33,1,0,Studio e kitnet,2220,2808
Rua Lino Coutinho,Ipiranga,100,3,1,Casa,4840,5376
Avenida Vereador José Diniz,Santo Amaro,41,1,1,Apartamento,3400,4047
Rua Bonifácio Veronese,Jardim Jaqueline,54,2,1,Apartamento,1800,2269
Rua Manuel Pitta,Vila Pita,56,2,1,Apartamento,1720,2376
Avenida Delmar,Alphaville Empresarial,62,2,1,Apartamento,2900,3478
Rua Anhanguera,Barra Funda,75,2,1,Apartamento,2955,3976
Rua Doutor Penaforte Mendes,Bela Vista,40,1,1,Studio e kitnet,1200,2150
Rua João Pimentel,Parque Peruche,60,1,0,Casa,1263,1346
Rua Aziz Jabur Maluf,Vila Clementino,124,3,2,Casa,6700,8160
Rua Francisca Miquelina,Bela Vista,31,1,0,Apartamento,1218,1604
Rua Elza Guimarães,Vila Amalia (zona Norte),59,3,1,Apartamento,1500,1958
Rua Bom Jesus,Vila Regente Feijó,50,2,1,Apartamento,2350,3112
Rua Togo,Jardim Japão,37,1,0,Studio e kitnet,1164,1273
Rua Artur Barreiros,Jardim Ester,110,2,1,Casa,3300,3440
Rua Avanhandava,Bela Vista,25,1,1,Studio e kitnet,2700,3791
Rua Vinte E Oito de Setembro,Vila Dom Pedro I,54,2,1,Apartamento,2575,3374
Rua Francisco Coelho dos Santos Filho,Jardim Kuabara,42,1,0,Casa,1175,1259
Rua Batinga,Vila Nova Mazzei,200,3,2,Casa,3650,3901
Rua Tenente Paulo Alves,Vila Vera,50,1,0,Casa,1400,1460
Rua Amália de Noronha,Pinheiros,65,2,0,Apartamento,2700,3384
Rua Cristóvão Bezerra Dantas,Parque Vitoria,60,1,0,Casa,1130,1222
Rua Armando Barreto,Jardim Colombo,164,3,2,Casa em condomínio,4507,4913
Rua Joana D'arc,Vila Cláudia,92,3,2,Apartamento,3000,3534
Rua Saturnino dos Santos,Vila Firmiano Pinto,55,2,0,Apartamento,2200,2438
Rua Alice Blanche,Lauzane Paulista,220,3,2,Casa,4500,4925
Rua Carlos Steinen,Paraíso,201,3,4,Apartamento,7850,10730
Rua Alexandre Levi,Cambuci,62,3,1,Apartamento,2490,3193
Rua Manguaba,Jardim Umuarama,62,2,1,Apartamento,1850,2491
Rua Trajano Reis,Jardim das Vertentes,84,3,2,Apartamento,3000,4333
Avenida Agenor Couto de Magalhães,Jardim Regina,52,2,1,Apartamento,2600,2700
Avenida Conselheiro Rodrigues Alves,Vila Mariana,125,2,2,Apartamento,6560,8837
Rua Paula Ney,Vila Mariana,41,1,0,Apartamento,3800,4462
Rua Capitão Leovigildo Silvério Gomes dos Reis,Planalto Paulista,27,1,0,Apartamento,1400,1568
Avenida Interlagos,Jardim Marajoara,95,2,1,Apartamento,3000,4612
Rua Professor Ciridião Buarque,Vila Anglo Brasileira,64,2,2,Apartamento,4300,5722
Avenida Aprigio Bezerra da Silva,Chácara Agrindus,117,4,2,Apartamento,4500,5457
Rua Antônio Xavier de Matos,Engenheiro Goulart,58,2,1,Apartamento,1405,1895
Rua Bernardino Vergueiro,Penha de França,45,2,0,Apartamento,1250,1498
Avenida Brigadeiro Luís Antônio,Bela Vista,11,1,0,Apartamento,2400,3000
Rua Tetsuaki Misawa,Vila Clementino,110,3,2,Casa,5250,5813
Rua Bonnard,Alphaville Empresarial,54,1,1,Apartamento,4800,5508
Rua Afonso Bandeira de Melo,Campo Belo,65,1,1,Apartamento,2800,3964
Rua Manacá,Jardim das Flores,84,2,2,Casa,3000,3287
Rua Karlina Reiman Wandabeg,Jardim Monte Kemel,55,2,1,Apartamento,1500,2458
Rua dos Buritis,Jardim Oriental,67,3,1,Apartamento,1700,2631
Rua Sabbado D’ângelo,Itaquera,40,1,0,Apartamento,4000,4354
Rua Cravinhos,Jardim Paulista,85,2,1,Apartamento,7253,9209
Rua Luís Coelho,Consolação,48,1,1,Studio e kitnet,2100,3692
Av Ipiranga,Centro,62,1,0,Apartamento,1400,2033
Avenida Itaberaba,Itaberaba,150,3,2,Casa,3500,3648
Rua Correggio,Vila Suzana,103,3,2,Apartamento,5000,6693
Rua Getúlio Soares da Rocha,Jardim das Acacias,103,3,2,Apartamento,7000,8243
Rua Otto de Alencar,Liberdade,32,1,0,Apartamento,1460,1811
Rua Dom Estevão Pimentel,Chácara Belenzinho,56,3,1,Apartamento,2000,2937
Rua Minerva,Perdizes,80,3,2,Apartamento,3400,5214
Rua Manuel Cherem,Vila Paulista,63,2,1,Apartamento,3690,4502
Rua Ponte Pensa,Parada Inglesa,37,2,0,Apartamento,1650,1949
Rua das Palmeiras,Vila Buarque,45,2,1,Apartamento,2000,2721
Rua Angatuba,Vila Sao Pedro,48,2,1,Apartamento,2500,2796
Rua Esmeralda Monteiro,Vila Campestre,50,1,0,Casa,940,999
Rua Alexandre Benois,Vila Andrade,40,1,1,Apartamento,1989,2599
Rua Professor Arnaldo João Semeraro,Jardim Santa Emília,37,2,0,Apartamento,1300,1800
Rua Humberto I,Vila Mariana,21,1,0,Studio e kitnet,3400,4053
Rua Anália Franco,Vila Regente Feijó,190,2,1,Casa,2300,2664
Rua Helena Zerrener,Liberdade,33,1,0,Apartamento,1460,1836
Avenida Cásper Líbero,Santa Ifigênia,55,1,0,Apartamento,1250,1753
Rua José Silvano Filho,Jardim Lucia,30,2,0,Studio e kitnet,860,893
Rua Laudelino Vieira de Campos,Jardim Felicidade (zona Oeste),60,1,1,Casa,2400,2562
Rua Maestro Cardim,Bela Vista,50,1,1,Apartamento,2400,3543
Rua Coronel Joviniano Brandão,Vila Prudente,130,3,1,Apartamento,2000,3828
Rua da Meação,Vila Regente Feijó,40,1,1,Apartamento,2200,2484
Alameda dos Jurupis,Moema,31,1,0,Studio e kitnet,3800,4403
Rua Haddock Lobo,Cerqueira César,128,2,0,Apartamento,8000,9622
Alameda Ministro Rocha Azevedo,Cerqueira César,52,1,2,Apartamento,9100,10150
Rua Ibirajá,Vila Guarani (z Sul),35,1,0,Apartamento,2200,2649
Rua Asdrúbal do Nascimento,Bela Vista,37,2,0,Apartamento,3880,4523
Rua Sansão Alves dos Santos,Cidade Monções,44,2,1,Apartamento,3000,4385
Rua Major Rubéns Florentino Vaz,Vila Pirajussara,14,1,0,Studio e kitnet,1750,1818
Rua das Paineiras,Jardim dos Lagos,147,3,2,Casa,3280,3542
Avenida Miguel Estefno,Vila da Saúde,100,1,1,Casa em condomínio,1489,1652
Rua Doutor Mário de Moura E Albuquerque,Jardim Monte Kemel,64,2,1,Apartamento,2570,3422
Rua Cachoeira da Ilha,Vila Carmosina,70,2,2,Apartamento,1800,2049
Rua Paulo Castaldelli,Parque Continental I,60,2,1,Apartamento,1400,1479
Rua dos Jequitibás,Campestre,95,3,2,Apartamento,3200,3448
Rua Constantino Sérgio,Jardim Palmares (zona Sul),80,2,0,Casa,1365,1438
Rua dos Pinheiros,Pinheiros,30,1,1,Apartamento,4000,4760
Rua Imperial,Santo Antônio,243,4,2,Casa,3690,4064
Rua Marselhesa,Vila Mariana,117,5,0,Casa,5513,6164
Alameda Franca,Jardim Paulista,174,3,2,Apartamento,6520,9851
Rua Bacada,Vila Medeiros,54,2,0,Casa,1224,1333
Rua Baltazar Soares,Cidade Dutra,200,3,2,Casa,6350,6871
Rua Guaraiuva,Cidade Monções,30,1,1,Casa,2394,2538
Rua Simão Lopes,Vila Moraes,60,3,1,Apartamento,1700,2347
Avenida Amador Bueno da Veiga,Penha de França,45,1,0,Casa,895,1086
Rua Xavier Gouvêia,Campo Belo,75,2,1,Apartamento,3800,5205
Rua das Nhandirobas,Jabaquara,14,1,0,Studio e kitnet,1500,1520
Avenida Dória,Campo Belo,52,2,1,Apartamento,3000,4101
Rua Barão de Itapetininga,República,35,1,0,Studio e kitnet,1200,1727
Rua Recanto Feliz,Campanário,75,2,1,Casa,1650,1763
Rua Freire de Andrade,Jardim Vila Galvão,120,2,2,Casa,2000,2136
Rua Tanque Velho,Vila Nivi,42,2,0,Casa em condomínio,1500,1625
Rua Intendência,Belenzinho,43,2,1,Apartamento,1957,2392
Rua Doutor Raphael de Oliveira Pirajá,Jardim Santos Dumont,80,2,2,Casa,2350,2389
Rua Caetanópolis,Jaguaré,59,2,1,Apartamento,2000,2752
Avenida Nossa Senhora do Sabará,Vila Emir,65,2,1,Apartamento,1730,2464
Rua Domingos de Morais,Vila Mariana,33,1,0,Apartamento,2500,3105
Rua Camélias,Parque Assunção,200,4,2,Casa,3500,3918
Avenida Santo Amaro,Moema,52,1,0,Apartamento,4500,5140
Rua Rêgo Freitas,República,26,1,0,Studio e kitnet,1207,1644
Alameda Santos,Jardim Paulista,100,3,1,Apartamento,3400,5794
Rua Inocêncio da Silva,Vila Sonia,270,4,6,Casa,7890,8225
Avenida Celso Garcia,Belenzinho,43,2,1,Apartamento,2390,2936
Rua Marte,Jardim Tupanci,62,2,1,Apartamento,2750,3245
Avenida Aratãs,Indianópolis,75,3,2,Apartamento,4400,6614
Rua Professor Alves Pedroso,Cangaíba,50,2,1,Apartamento,1490,1810
Avenida Professor Alfonso Bovero,Pompeia,81,2,1,Apartamento,2800,3873
Avenida dos Ourives,Jardim São Saverio ,40,2,0,Apartamento,1330,1741
Rua Piracuama,Pompeia,59,2,0,Apartamento,2800,3851
Rua Baltazar da Veiga,Vila Nova Conceição,42,1,1,Apartamento,3200,5390
Alameda Franca,Jardim Paulista,111,3,1,Apartamento,10530,12580
Rua Alayde de Souza Costa,Itaquera,71,2,2,Casa,2500,2606
Rua Ana Benvinda de Andrade,Santana,80,2,0,Casa,2000,2173
Rua Domingos José Sapienza,Vila Amália (zona Norte),69,3,1,Apartamento,1450,2085
Alameda Jaú,Jardim Paulista,38,1,0,Studio e kitnet,7500,8325
Rua Anhaia,Bom Retiro,30,1,1,Studio e kitnet,2300,2830
Rua Ministro Godói,Perdizes,30,1,0,Apartamento,2520,3372
Rua Fernando Torquato,Sapopemba,60,2,0,Casa em condomínio,1500,1609
Alameda Lorena,Jardim Paulista,179,3,1,Apartamento,14000,16590
Rua Alencar Araripe,Sacomã,54,2,1,Apartamento,1100,1914
Rua Capitão Raimundo Barros Nascimento,Km 18,200,3,2,Casa,3500,3983
Rua Rio Verde,Jardim Peri,280,5,2,Casa,4200,4628
Praça Júlio Mesquita,Santa Efigênia,48,1,1,Apartamento,3100,3840
Avenida General Olímpio da Silveira,Santa Cecília,78,2,1,Apartamento,2570,3515
Rua Rafael Jurado Navas,Parque Santos Dumont,132,3,0,Casa,2400,2655
Rua Francisco Cioffi,Vila Bertioga,390,5,4,Casa,10000,11170
Rua Antônio Vieira de Medeiros,Pinheiros,135,3,2,Casa,5500,5733
Rua Dionísio da Costa,Vila Mariana,80,2,0,Apartamento,1800,2363
Rua das Aningas,Jardim Oriental,115,3,2,Apartamento,3800,5777
Rua Monte Alegre,Perdizes,92,2,1,Apartamento,3935,5750
Rua dos Caciques,Vila da Saúde,61,2,1,Apartamento,2300,3342
Avenida Tarumã,Vila Pierina,70,3,2,Casa em condomínio,2050,2287
Rua Terra Roxa,Cidade Mãe do Céu,52,2,0,Casa em condomínio,2130,2460
Avenida Marcondes de Brito,Chácara Seis de Outubro,45,2,1,Apartamento,2400,2738
Rua Capote Valente,Pinheiros,90,2,1,Apartamento,4044,5234
Rua Voluntários da Pátria,Santana,42,1,2,Studio e kitnet,1925,2996
Rua Elias Antonio Zogbi,Santo Amaro,85,2,2,Apartamento,5500,6777
Rua País Natal,Jardim Filhos da Terra,70,2,0,Casa,6000,6255
Rua Manoel Antônio Pinto,Paraisópolis,207,2,2,Apartamento,2670,4984
Rua Bartolomeu Rodrigues,Parque São Luís,200,2,1,Casa,2100,2189
Rua José Luna,Jardim Vazani,50,2,0,Apartamento,1870,2042
Rua Gaspar Ricardo Júnior,Barra Funda,70,1,0,Casa,1800,2026
Rua Professor José Soares de Mello,Jardim Centenario,49,2,1,Apartamento,1300,1832
Rua Emília Bandeira de Melo,Imirim,35,1,0,Casa,920,992
Rua Jorge Americano,Alto da Lapa,45,2,1,Apartamento,2300,3346
Rua Professor João Simões,Vila Santo Estefano,35,1,0,Studio e kitnet,900,1135
Rua Comendador Elias Assi,Caxingui,90,2,2,Casa,5500,5812
Rua Doutor Bacelar,Vila Clementino,97,3,2,Apartamento,5500,7267
Rua Antônieta Leitão,Freguesia do Ó,57,2,1,Apartamento,1785,2519
Rua Serra de Juréa,Cidade Mãe do Céu,85,3,1,Apartamento,3480,5000
Rua Professor Aprígio Gonzaga,São Judas,60,2,1,Apartamento,2000,2914
Rua Barão de Loreto,Vila São José,29,1,0,Apartamento,820,1619
Rua Francisca Júlia,Santana,182,2,4,Apartamento,8500,12020
Rua Luiz Antônio Gonçalves,Vila Campanela,30,2,0,Studio e kitnet,1100,1352
Rua Artur Dias,Cursino,250,2,1,Casa,3200,3603
Rua Ângelo Bertini,Jardim Celeste,72,3,1,Apartamento,2430,2961
Rua Natividade Saldanha,São Lucas,32,0,0,Studio e kitnet,1200,1532
Rua Maia Lelo,Vila Paulo Silas,50,1,0,Casa,1700,1788
Rua Ituxi,Saúde,186,3,3,Apartamento,4710,7981
Avenida Marcos Penteado de Ulhôa Rodrigues,Tamboré,94,2,2,Apartamento,7000,8509
Avenida Prestes Maia,República,40,1,0,Apartamento,1280,2080
Rua Cândida Franco de Barros,Freguesia do Ó,46,2,1,Apartamento,2060,2532
Rua Jaguaribe,Consolação,42,1,0,Apartamento,1500,2134
Rua Cezar Zama,Santana,160,3,2,Apartamento,5000,7871
Rua Durvalino Blanco,Vila Aurora (zona Norte),50,2,0,Casa,1500,1673
Rua José dos Santos Júnior,Campo Belo,350,4,3,Casa,15000,15940
Rua Oásis,Jardim Oriental,35,1,0,Casa,1250,1339
Rua Almaquio Dinis,Vila Babilônia,300,5,3,Casa,5800,6046
"R. Evans, São Paulo - Sp, 03648-020, Brasil",Vila Matilde,55,2,0,Apartamento,1900,2124
Rua Catarina Vieira,Vila Dalila,44,2,0,Apartamento,2300,2559
Rua Casa do Ator,Vila Olímpia,160,2,2,Apartamento,7460,10400
Avenida Ipiranga,Santa Ifigênia,38,1,0,Apartamento,1450,1898
Avenida Presidente Juscelino Kubitschek,Vila Nova Conceição,82,1,1,Apartamento,11500,13920
Rua Ouvidor Portugal,Vila Monumento,30,1,0,Casa,1150,1241
Rua Capitão Pacheco E Chaves,Vila Prudente,35,1,0,Studio e kitnet,1200,1512
Rua Domingos Paiva,Brás,33,1,1,Apartamento,1700,2223
Rua Rafael de Proença,Vila Nova das Belezas,57,1,0,Casa,920,969
Rua Anete Queiroz Lacerda,Butantã,320,4,4,Casa,4590,5304
Rua Bicudo de Brito,Vila Guarani,45,2,0,Apartamento,1535,1794
Avenida Angélica,Consolação,155,3,1,Apartamento,8000,9967
Av. Gen. Valdomiro de Lima,Jabaquara,31,1,0,Apartamento,1679,1744
Rua Fábio Lopes dos Santos Luz,Vila Andrade,163,3,3,Apartamento,11000,14470
Rua Elza Delphino Ribeiro,Vila Mafra,50,1,1,Casa,1300,1535
Rua Alves Guimarães,Pinheiros,31,1,1,Studio e kitnet,3000,3983
Avenida Sapopemba,Jardim Planalto,28,1,0,Apartamento,1050,1411
Avenida João Caiaffa,Jardim Taboão,40,2,0,Apartamento,1500,1858
Rua Correia de Lemos,Chácara Inglesa,50,2,1,Apartamento,1840,2885
Rua Jorge Tibiriçá,Vila Mariana,196,3,2,Casa,4500,5275
Avenida João Pessoa,Jardim Utinga,63,3,1,Apartamento,1600,2095
Rua Quirino de Andrade,Centro,47,1,0,Apartamento,1912,2792
Rua São Maurício,Vila Galvão,85,3,1,Casa,2180,2402
Rua Doutor Sanareli,Vila Prudente,50,2,0,Casa,1489,1747
Rua Francisco Coelho dos Santos Filho,Jardim Kuabara,45,1,0,Casa,1200,1285
Rua Paranapanema,Vila da Saúde,60,2,1,Apartamento,2390,3355
Rua Mariquinha Viana,Água Fria,60,2,1,Casa em condomínio,1800,1981
Rua Pedro Inacio de Araujo,Vila São Silvestre,75,3,2,Apartamento,2500,3653
Rua Torrinha,Tatuapé,170,3,4,Apartamento,9985,13520
Avenida Alfredo Maluf,Vila Alto de Santo André,60,2,1,Apartamento,1380,1963
Rua Taciba,Vila Babilonia,40,1,0,Apartamento,1100,1175
Alameda Casa Branca,Jardim Paulista,78,1,2,Apartamento,4280,5530
Avenida Iraí,Indianópolis,70,2,1,Apartamento,2350,3949
Rua Sete de Abril,República,35,1,0,Studio e kitnet,1194,1890
Rua Delegado Moraes Novaes,Vila Andrade,72,2,2,Apartamento,3000,3919
Rua Manuel da Nóbrega,Paraíso,120,3,2,Apartamento,6700,7985
Avenida Paulista,Bela Vista,37,1,1,Apartamento,3000,3604
Avenida Corifeu de Azevedo Marques,Butantã,20,1,0,Studio e kitnet,1200,1266
Rua Barão do Bananal,Vila Pompéia,76,3,2,Apartamento,3500,4904
Rua Leais Paulistanos,Ipiranga,31,1,1,Apartamento,1833,2304
Rua Alexandre Benois,Vila Andrade,62,3,2,Apartamento,2862,3602
Rua Coronel Mursa,Brás,20,1,1,Apartamento,2600,2886
Avenida do Café,Vila Guarani,45,1,0,Apartamento,1800,2619
Rua São Vicente de Paulo,Santa Cecília,40,1,1,Studio e kitnet,1808,2527
Rua Doutor Nicolau de Sousa Queirós,Vila Mariana,36,1,0,Studio e kitnet,2300,3081
Avenida Diógenes Ribeiro de Lima,Alto da Lapa,70,2,1,Apartamento,2450,2955
Alameda das Tulípas,Alphaville,385,4,6,Apartamento,14140,16550
Rua Santa Isabel do Rio Negro,Jardim Íris,47,2,1,Apartamento,2440,2899
Avenida Ipiranga,República,29,1,0,Studio e kitnet,1725,2142
Rua Salvador Nunes,Ayrosa,180,3,0,Casa,1800,2032
Rua Araquã,Bela Vista,45,1,1,Apartamento,2400,3193
Rua Doutor Roberto Mercatelli,Barra Funda,140,3,2,Casa,3850,4057
Avenida Albert Bartholome,Jardim das Vertentes,83,3,2,Apartamento,3500,4590
Avenida Salgado Filho,Centro,37,1,1,Studio e kitnet,2137,2661
Rua Tupinambás,Vila Alzira,72,2,2,Apartamento,3100,3474
Rua Coronel Antônio de Sá Barreto,Vila Elze,80,2,1,Casa,1600,1723
Rua Cavour 399 Apto 124 B/a,Vila Prudente,75,3,2,Apartamento,2900,3648
Rua Cayowaá,Perdizes,70,2,1,Apartamento,3500,4702
Rua Bom Pastor,Ipiranga,34,1,1,Apartamento,2340,3121
Viaduto Nove de Julho,Centro,20,1,1,Studio e kitnet,2100,2789
Rua Dragões da Independência,Tucuruvi,45,2,1,Apartamento,1995,2298
Rua Cristóvão Pereira,Campo Belo,500,5,4,Casa,14000,16590
Estrada das Lágrimas,São José,80,3,2,Apartamento,3500,4344
Alameda Franca,Jardim Paulista,125,2,1,Apartamento,3800,5441
Rua Catarina Vieira,Vila Dalila,42,1,0,Apartamento,2000,2247
Avenida Bussocaba,Umuarama,41,1,1,Apartamento,2100,2627
Avenida Giovanni Gronchi,Vila Andrade,455,4,4,Apartamento,7000,9789
Rua Cipriano Barata,Ipiranga,40,1,0,Apartamento,1000,1224
Rua Celeste Fernandes Dalphorno,Jardim Rosana,40,1,0,Casa,800,949
Rua Professor Arnaldo João Semeraro,Jardim Santa Emilia,75,3,1,Apartamento,1800,2501
Rua Dona Ana Néri,Cambuci,37,2,1,Apartamento,1300,1740
Rua Sargento Estanislau Custódio,Instituto de Previdência,30,1,0,Apartamento,1100,1342
Rua Francisco de Carvalho Melo,Jardim Agu,144,3,0,Casa,3800,4365
Rua Frei Caneca,Consolação,25,1,0,Studio e kitnet,2800,3393
Rua Pinheiro Preto,Jardim Santa Cecília,125,2,0,Casa,1700,1833
Rua José Antônio Coelho,Vila Mariana,76,2,1,Apartamento,2384,3781
Rua Marajó,Brás,20,1,0,Studio e kitnet,1100,1143
Rua George Ohm,Cidade Monções,88,2,1,Apartamento,8000,9249
Rua Doutor Morais Dantas,Vila Barbosa,34,2,0,Apartamento,1400,1724
Rua Lima E Silva,Ipiranga,30,1,0,Casa,850,887
Rua Antônio Júlio dos Santos,Fazenda Morumbi,320,3,5,Apartamento,4900,8031
Alameda Joaquim Eugênio de Lima,Jardim Paulista,106,3,2,Apartamento,9800,12490
Rua Padre Mário Fontana,Parque da Mooca,350,3,4,Casa,15000,15710
Rua Barra Mansa,Jardim Franca,38,1,0,Apartamento,1300,1552
Avenida Sargento Geraldo Sant'ana,Jardim Taquaral,74,3,2,Apartamento,2600,3414
Rua Maria do Carmo,Vila Alpina,42,2,0,Apartamento,2000,2211
Avenida Sargento Geraldo Sant’ana,Jardim Taquaral,36,2,1,Apartamento,3400,4199
Rua Vieira de Morais,Campo Belo,31,1,0,Studio e kitnet,4400,5284
Rua Luís Correia de Melo,Vila Cruzeiro,59,1,1,Studio e kitnet,4250,5228
Rua Santo Amaro,Bela Vista,33,1,0,Studio e kitnet,1313,1594
Rua Diogo Moreira,Pinheiros,26,1,1,Studio e kitnet,5000,6584
Rua do Arraial,Vila Gumercindo,67,2,1,Apartamento,2480,3293
Rua Nanau,Água Fria,150,3,1,Casa,3350,3526
Avenida Túlio Teodoro de Campos,Vila Paulista,34,1,1,Apartamento,2200,2774
Rua Genebra,Bela Vista,25,1,0,Studio e kitnet,2764,3271
Rua Ana Soares Barcelos,Vila Venditti,45,2,1,Apartamento,1800,2264
Rua Gabriele D'annunzio,Campo Belo,37,1,1,Studio e kitnet,3500,4276
Rua Anacleto,Vila Isolina Mazzei,40,2,0,Apartamento,1500,1722
Rua da Paz,Chácara Santo Antônio,143,3,2,Apartamento,10000,10130
Viela Altair,Jardim Palmira,70,2,0,Casa,980,1072
Avenida Ipiranga,República,30,1,0,Studio e kitnet,1600,1978
Rua Urbano da Silva,Vila Santa Edwiges,48,2,1,Apartamento,1800,2029
Av. Salgado Filho,Jardim Iporanga,40,2,1,Apartamento,1210,1326
Rua Cotonificio Adelina,Belenzinho,130,2,2,Casa,3100,3220
Rua Santa Madalena,Liberdade,20,1,0,Studio e kitnet,850,883
Rua Ministro Godói,Perdizes,26,1,0,Studio e kitnet,3010,3499
Rua Bernardina Gonçalves Hahne,Instituto de Previdencia,100,2,2,Casa,4500,4691
Rua Rio Grande,Vila Mariana,85,1,1,Apartamento,2700,3865
Rua Bresser,Brás,63,2,0,Apartamento,1214,2091
Rua Belila,Parque Guarani,24,1,0,Studio e kitnet,780,819
Rua Brás Lourenço,Vila Mariana,43,1,0,Studio e kitnet,1215,1263
Alameda Lorena,Jardim Paulista,30,1,1,Studio e kitnet,2400,4463
Avenida Doutor Cardoso de Melo,Vila Olímpia,74,2,1,Apartamento,5500,7208
Rua Reims,Jardim das Laranjeiras,260,3,4,Casa,5000,5495
Rua Domingos Leme,Vila Nova Conceição,158,4,3,Apartamento,12000,16230
Rua Atuaí,Penha de França,42,2,1,Apartamento,1875,2197
Rua Primícias,Chácara Califórnia,40,1,0,Apartamento,1500,1760
Avenida Padre Lourenço,Vila Dalila,60,3,0,Casa,1400,1544
Rua Vacaria,Vila Planalto,43,2,1,Apartamento,1174,1419
Rua Viêira Pinto,Vila Aricanduva,52,2,1,Apartamento,1800,2488
Rua Andaraí,Vila Floresta,77,3,2,Apartamento,2970,3689
Rua José Alves Dantas,Vila Gomes,17,1,0,Studio e kitnet,1250,1298
Rua Iracema Senna Cerqueira dos Santos,Cidade Intercap,180,4,2,Casa,3400,3716
Rua Ouvidor Portugal,Vila Monumento,19,1,0,Apartamento,1050,1125
Rua Haddock Lobo,Cerqueira César,114,2,1,Apartamento,4820,7000
Rua Corcovado,Parque Residencial da Lapa,75,2,1,Apartamento,2265,2797
Rua Gabriele D’annunzio,Brooklin,50,1,1,Apartamento,4850,5416
Avenida do Cursino,Vila das Merces,80,2,1,Apartamento,2000,3126
Rua Aurora,República,28,1,0,Studio e kitnet,2390,3093
Rua Martinho Gonçalves,Parque Casa de Pedra,25,1,0,Casa,552,576
Rua Ibituruna,Parque Imperial,31,1,0,Casa,1500,1680
Avenida Casa Verde,Casa Verde,75,1,0,Apartamento,2700,3463
Rua Francisca Miquelina,Bela Vista,39,1,0,Studio e kitnet,2200,3164
Rua Cardeal Arcoverde,Pinheiros,55,2,1,Apartamento,3808,4862
Rua Maracanã,Vila Ipojuca,89,2,2,Apartamento,7000,8999
Travessa Carlos Antônio Sussmann,Vila Yara,140,3,3,Casa,4370,4781
Rua Rubens Sverner,Chácara Santo Antônio (zona Sul),35,1,0,Studio e kitnet,2400,2510
Rua Crato,Jardim Nordeste,42,2,0,Apartamento,1009,1346
Rua Augusto Farina,Butantã,180,2,2,Casa,4000,4520
Rua Alfredo Pujol,Santana,25,1,0,Studio e kitnet,2100,2598
Alameda dos Arapanés,Moema,63,2,1,Apartamento,7000,8048
Rua Sedan,Utinga,40,1,0,Casa em condomínio,800,864
Avenida Curió,Campanário,47,2,1,Apartamento,1900,2447
Rua Tupi,Santa Cecília,98,2,1,Apartamento,4500,5716
Rua Major Freire,Vila Monte Alegre,60,2,1,Apartamento,2500,3460
Augusta,Bela Vista,100,2,2,Apartamento,13130,16390
Rua Jaguarete,Casa Verde,75,3,1,Apartamento,3100,3220
Rua Haddock Lobo,Cerqueira César,41,1,1,Apartamento,15000,17930
Rua Pais Leme,Pinheiros,68,2,1,Apartamento,10310,12160
Rua João José Pachêco,Jardim Vila Mariana,22,1,0,Studio e kitnet,2200,2909
Rua João Baldinato,Vila Suzana,69,1,2,Studio e kitnet,2200,3551
Rua Paschoalina Belloti,Jardim City,42,2,1,Apartamento,1320,1751
Rua Marino Navarro,Jardim Patente Novo,115,3,2,Casa,3360,3503
Avenida dos Ourives,Jardim Sao Saverio,40,2,0,Apartamento,1500,1918
Rua Marina Crespi,Mooca,100,4,2,Apartamento,4500,5958
Rua Virgínia,Vila Carrao,40,2,0,Apartamento,1500,1808
Rua Abílio Soares,Paraíso,230,5,3,Apartamento,12800,17390
Rua Alexandrino da Silveira Bueno,Cambuci,40,2,0,Apartamento,1600,2007
Rua Abílio Soares,Paraíso,168,4,3,Apartamento,12500,16510
Rua Professor Oliveira Fausto,Alto da Mooca,230,4,2,Casa,5700,5942
Rua Mil Oitocentos E Vinte E Dois,Ipiranga,30,1,0,Casa,1250,1353
Rua Santo Amaro,Bela Vista,116,2,1,Apartamento,6000,6932
Rua Avelino Lopes,Centro,33,1,0,Apartamento,1650,1875
Rua Pires de Almeida,Vila Pita,50,2,1,Apartamento,1400,2149
Rua Antônio de Macedo Soares,Campo Belo,50,1,1,Apartamento,3350,4029
Rua Manifesto,Ipiranga,22,1,0,Studio e kitnet,1100,1205
Rua Colônia da Glória,Vila Mariana,150,3,2,Apartamento,5350,8015
Rua Debret,Vila São José,50,1,0,Studio e kitnet,1800,2289
Rua Conselheiro Ramalho,Bela Vista,56,1,0,Apartamento,2100,2631
Rua Charles Chaplin,Vila Suzana,205,4,5,Apartamento,12180,13950
Rua Arnaldo Cintra,Vila Moreira,47,2,1,Apartamento,5000,5643
Rua Assuero Roque,Vila Roque,35,1,0,Apartamento,1300,1344
Rua Paim,Bela Vista,34,1,1,Studio e kitnet,2500,3247
Rua Conselheiro Nébias,Campos Elíseos,45,1,0,Apartamento,4500,5154
Rua Leôncio da Costa Vieira,Jardim Piqueroby,45,2,0,Apartamento,3100,3350
Rua Antônio Cardoso,Jardim Terezópolis,90,2,1,Casa,1400,1500
Rua Doutor Cândido Espinheira,Perdizes,200,3,1,Casa,5720,6413
Rua Doutor Amando Franco Soares Caiuby,Parque Bairro Morumbi,200,4,3,Apartamento,4000,7002
Rua Abílio Barbosa Lima,Jardim Ester Yolanda,156,4,1,Casa,3900,4165
Rua Lucinda Rabêlo,Vila Milton,57,1,1,Apartamento,1200,1597
Rua Coronel Diogo,Jardim Glória,55,2,1,Apartamento,2800,3828
Avenida Fortaleza da Conceição,Vila Costa Melo,43,2,0,Apartamento,1700,1933
Rua Doutor Carlos Guimarães,Catumbi,30,1,0,Casa,900,938
Avenida Doutor Guilherme Dumont Vilares,Jardim Londrina,71,3,1,Apartamento,2000,2895
Rua Almirante Marques de Leão,Bela Vista,30,1,0,Apartamento,2400,2436
Rua Brentano,Vila Leopoldina,64,3,1,Apartamento,2898,3840
Rua Doutor Zuquim,Santana,35,1,1,Apartamento,1608,2450
Rua Doutor Djalma Pinheiro Franco,Vila Santa Catarina,75,2,1,Apartamento,1600,2534
"R. Evans, São Paulo - Sp, 03648-020, Brasil",Vila Matilde,49,2,0,Apartamento,2500,2746
Rua Álvaro Guimarães,Bela Vista,40,1,1,Studio e kitnet,3700,5172
Rua Doutor Vicente Giacaglini,Vila Bela,31,2,1,Apartamento,1975,2252
Rua Aurora,República,35,1,0,Studio e kitnet,2500,3549
Rua Engenheiro Jorge Oliva,Vila Mascote,213,5,2,Casa,6560,7205
Rua Gabriel dos Santos,Santa Cecília,62,2,2,Apartamento,2840,4495
Rua Emílio do Lago,Jardim Vila Formosa,140,3,2,Casa,2750,2906
Rua Japurá,República,99,2,1,Apartamento,1940,2948
Rua Luiz Antônio Gonçalves,Vila Campanela,40,1,0,Studio e kitnet,1200,1457
Rua Toledo Barbosa,Belenzinho,52,2,0,Apartamento,2100,2430
Rua Antônio Canero,Mooca,220,4,3,Casa,3670,3987
Praça Alberto Lion,Cambuci,40,2,0,Apartamento,2300,2834
Avenida Giovanni Gronchi,Vila Andrade,83,2,2,Apartamento,3200,4435
Rua Arco-verde,Vila Guilhermina,100,3,2,Casa,2400,2602
Rua Xiró,Jardim das Laranjeiras,47,2,1,Apartamento,1650,2441
Rua Azevedo Soares,Vila Gomes Cardim,172,3,3,Apartamento,12000,14970
Rua Vereador Pedro Brasil Bandecchi,Vila Amélia,62,1,0,Apartamento,1200,1797
Rua Pires de Campos,Alto da Mooca,33,1,1,Apartamento,2250,2787
Avenida Rio de Janeiro,Vila Bremen,54,2,1,Apartamento,1190,1649
Rua Aléssio de Paolis,Vila do Castelo,130,2,1,Casa em condomínio,2076,2879
Rua Bela Cintra,Consolação,45,1,1,Apartamento,2443,3017
Rua Doutor Alcídes da Costa Vidigal,Centro,150,2,2,Casa,4150,4499
Rua Manuel Jacinto,Vila Morse,385,3,3,Casa,8000,9207
Rua Dom Lúcio de Sousa,Vila Gumercindo,120,2,2,Casa,3200,3527
Rua Serra de Jairé,Quarta Parada,37,2,0,Apartamento,2200,2678
Rua João José Pacheco,Jardim Vila Mariana,22,0,0,Studio e kitnet,2200,2808
Avenida Mazzei,Vila Nova Mazzei,16,1,0,Casa,930,970
Rua Herculano de Freitas,Bela Vista,32,1,0,Apartamento,3150,3721
Rua Glória do Goitá,Vila Independencia,25,1,0,Apartamento,1300,1620
Rua Mauá,Centro,59,1,0,Apartamento,1200,1716
Rua Esmeraldino Cavalcanti Torres,Vila Isolina Mazzei,30,1,0,Casa em condomínio,1420,1595
Avenida Prestes Maia,República,37,1,0,Apartamento,1700,2559
Rua Itararé,Vila Alzira,130,2,1,Apartamento,2300,2523
Rua Tabapuã,Itaim Bibi,121,3,0,Apartamento,3702,4774
Rua Padre Lebret,Jardim Leonor,61,2,1,Apartamento,4900,6183
Rua Professor Tranquilli,Vila Mariana,78,3,2,Apartamento,8000,9624
Rua Dona Vitória Speers,Vila Formosa,80,3,0,Casa,2000,2285
Rua Professor Egas Moniz,Jardim Londrina,501,5,5,Casa,13820,15410
Rua Doutor Jesuíno Maciel,Campo Belo,64,2,1,Apartamento,2350,3592
Avenida Parkinson,Alphaville Empresarial,98,2,2,Apartamento,7500,9240
Rua Dom Carlos Gouveia,Vila Continental,110,4,4,Casa,4500,4691
Rua Umburetama,Ipiranga,70,2,1,Casa,1950,1983
Alameda Barão de Limeira,Santa Efigênia,90,3,0,Apartamento,2000,2477
Rua Poetisa Colombina,Jardim Bonfiglioli,80,3,2,Apartamento,3200,4665
Rua Chile,Vila Santa Luzia,40,1,0,Studio e kitnet,1300,1350
Avenida Leôncio de Magalhães,Jardim São Paulo,38,1,1,Studio e kitnet,1890,2310
Viaduto Nove de Julho,Centro,51,1,0,Apartamento,1161,1845
Rua Marc Chagall,Água Branca,108,3,2,Apartamento,7500,9310
Rua Alsácia,Jardim Aeroporto,150,3,2,Casa,3800,3961
Avenida Estados Unidos,Parque das Nações,50,2,1,Apartamento,1980,2552
Rua Aurora,Santa Efigênia,70,1,0,Apartamento,1650,2273
Avenida Celso Garcia,Tatuapé,80,3,2,Apartamento,2800,3785
Avenida Júlio Prestes,Vila Galvão,65,2,1,Apartamento,1500,2110
Rua dos Carmelitas,Sé,41,1,0,Apartamento,868,1358
Rua Antônio Júlio dos Santos,Morumbi,55,2,1,Apartamento,1454,2019
Rua Adolfo Reile,Jardim Celeste,63,3,1,Apartamento,2500,3396
Rua Dom José Maurício,Carandiru,45,1,0,Apartamento,1190,1452
Rua Antônio Dias da Silva,Vila Amalia (zona Norte),100,3,1,Casa,3500,3697
Rua Francisco Foot,Jd Tranquilidade ,48,2,1,Apartamento,1100,1302
"Alameda Jaú - Jardim Paulista, São Paulo - Sp, Brasil",Jardim Paulista,156,3,3,Apartamento,11250,16390
Rua Manuel Cueva,Jardim Satelite,28,1,0,Casa,950,990
Rua Epaminondas Melo do Amaral,Sítio do Mandaqui,59,2,2,Apartamento,1550,2393
Rua Doutor Diogo de Faria,Vila Clementino,167,4,1,Apartamento,2900,5087
Rua Evaldo Calabrez,Vila Princesa Isabel,50,2,0,Casa,800,874
Rua Guaçui,Alto da Mooca,200,3,3,Casa,6750,7336
Rua Branco de Araújo,Chácara Santo Antônio (zona Sul),193,3,1,Casa,3500,3558
Rua José Soares de Azevedo,Vila Santa Luzia,30,1,0,Studio e kitnet,750,853
Rua Isidoro Favaro,Rio Pequeno,75,2,3,Casa,2120,2301
Rua Antônio Henriques Cardoso,Vila Bruna,175,3,3,Casa,3740,4069
Rua Alexandre Leví,Cambuci,51,2,1,Apartamento,2200,2784
Rua Manoel Dutra,Bela Vista,58,1,0,Apartamento,2000,2689
Rua Doutor Artur Rudge Ramos,Vila Caminho do Mar,98,2,1,Casa,1700,1841
Rua Tanque Velho,Vila Nivi,60,2,0,Casa,1350,1472
Rua Padre Luiz da Grã,Saúde,22,1,0,Casa,920,993
Rua Mussa Kuraien,Parque Mandaqui,92,3,1,Apartamento,2000,2293
Avenida dos Parques,Tamboré,97,1,2,Apartamento,5700,7100
Rua Willis Roberto Banks,Parque Maria Domitila,53,2,1,Apartamento,1400,2153
Avenida Thomas Edison,Barra Funda,69,2,1,Apartamento,3940,4705
Rua Brigadeiro Tobias,Centro,30,1,2,Studio e kitnet,1450,1982
Rua Haroldo Pacheco E Silva,Vila Ipojuca,69,2,1,Apartamento,2000,3176
Rua Izabel Velho,Freguesia do Ó,56,2,1,Apartamento,1900,2636
Rua Américo Garibaldi,Vila Arruda,60,2,0,Casa,1250,1423
Rua Santa Carolina,Vila São Pedro,50,2,1,Apartamento,2150,2403
"Est. Velha da Penha, 88 - Tatuapé, São Paulo - Sp, 03090-020, Brasil - Cond. Residencial Aldeia dos Pássaros",Tatuapé,68,2,3,Apartamento,2483,3311
Alameda Joaquim Eugênio de Lima,Jardim Paulista,50,1,0,Apartamento,2900,3882
Travessa Angelina Fernandes,Penha de França,140,2,1,Casa,2500,2668
Rua da União,Vila Mariana,30,1,0,Apartamento,1980,2078
Rua Jaguarete,Casa Verde,50,2,1,Apartamento,3264,3977
Rua Belchior de Azevedo,Vila Leopoldina,49,2,1,Apartamento,2700,3489
Rua Álvaro Rodrigues,Vila Cordeiro,160,3,2,Apartamento,6500,9649
Avenida Moema,Planalto Paulista,100,3,2,Apartamento,7300,8847
Avenida Jurema,Moema,50,1,1,Apartamento,3698,4679
Avenida José Lopes Lázaro,Presidente Altino,60,2,1,Casa,3000,3935
Rua Tiangua,Vila Mascote,110,3,2,Apartamento,5440,7318
Rua da Consolação,Cerqueira César,30,1,1,Studio e kitnet,2500,3455
Rua Martiniano de Carvalho,Bela Vista,93,2,1,Apartamento,3397,4648
Avenida Raimundo Pereira de Magalhães,Jardim Íris,46,2,1,Apartamento,1700,2055
Rua Pires da Mota,Aclimação,72,2,0,Casa,2400,2502
Rua Lisboa,Pinheiros,105,3,1,Apartamento,12000,13580
Praça Ministro Costa Manso,Liberdade,29,1,0,Studio e kitnet,1070,1445
Rua Artur Bernardes,Vila Invernada,120,2,2,Casa,2300,2578
Rua da Consolação,Consolação,34,1,0,Studio e kitnet,2350,2911
Rua da Consolação,República,27,1,0,Apartamento,2250,2901
Rua Pascal,Campo Belo,38,1,1,Studio e kitnet,3000,3891
Rua Hemisfério,Chácara Belenzinho,55,2,1,Casa em condomínio,1800,2064
Avenida Giovanni Gronchi,Vila Andrade,55,2,2,Apartamento,2800,3666
Rua Doutor Sérgio Meira,Barra Funda,65,2,1,Apartamento,2760,3774
"Rua Topázio, 701 - Vila Mariana, São Paulo - Sp, Brasil",Vila Mariana,33,1,1,Studio e kitnet,3000,3868
Rua Sebastião Andrade Bonani,Jardim Prudência,69,2,1,Casa,2000,2244
Rua Amazonas,Centro,62,2,3,Apartamento,3200,3958
Rua Tristão de Oliveira,Vila Gumercindo,60,2,0,Casa,1555,1726
Rua Jaroslav Hajek,Jardim Moreira,100,2,0,Apartamento,1600,1662
Rua Itapeva,Bela Vista,60,2,1,Apartamento,2800,3909
Largo do Arouche,República ,30,1,0,Studio e kitnet,3500,4217
Rua Desembargador Aragão,Vila Mariana,22,1,0,Apartamento,2800,3293
Rua Pensilvânia,Cidade Monções,176,3,3,Apartamento,15000,17780
Rua Jovina Maria de Jesus,Jardim das Acácias,209,4,2,Casa,6950,7722
Rua Diogo de Oliveira Neves,Terceira Divisão de Interlagos,250,3,1,Casa,1850,2058
Rua Maria Cândida,Vila Guilherme,100,3,2,Casa,2887,3009
Rua Adolfo Gordo,Campos Elíseos,28,1,1,Apartamento,1800,2311
Avenida Ipiranga,República,33,1,0,Studio e kitnet,1800,2519
Praça Dirceu de Lima,Casa Verde,80,2,0,Casa,2700,3129
Rua Maria Zélia,Piqueri,30,1,1,Casa,1550,1624
Rua Nicolau Barreto,Vila Cordeiro,50,1,1,Apartamento,5400,6258
Alameda Itu,Jardim Paulista,115,3,2,Apartamento,15000,18860
Avenida Ômega,Empresarial 18 do Forte,83,3,2,Apartamento,5300,6592
Rua Florânia,Vila Nair,40,1,0,Casa,1200,1427
Rua Santo Antônio,Bela Vista,49,1,1,Studio e kitnet,3100,4137
Rua Guaratuba,Vila Guarani (z Sul),44,2,1,Apartamento,1700,2400
Rua Friedrich Von Voith,Jardim Sao Joao (jaragua),50,2,0,Apartamento,2220,2506
Avenida Deputado Emílio Carlos,Limão,87,3,1,Apartamento,2200,3144
Rua Afonso de Freitas,Paraíso,100,3,1,Apartamento,12000,13970
Avenida Cupecê,Cidade Ademar,54,2,1,Apartamento,1955,2831
Rua Cavour,Vila Prudente,31,1,0,Apartamento,1450,1661
Rua Epitácio Pessoa,República,37,1,0,Apartamento,1500,1934
Rua Augusta,Consolação,86,2,0,Apartamento,4400,5169
Rua Almirante Ari Parreiras,Jardim Vergueiro,40,1,0,Casa,759,859
Rua Ibitirama,Vila Prudente,27,1,1,Studio e kitnet,2100,2681
Rua Caramuru,Parque Monte Alegre,293,5,5,Casa em condomínio,8500,9993
Avenida Miruna,Indianópolis,30,1,0,Apartamento,2610,3609
Rua Santa Madalena,Liberdade,64,1,0,Apartamento,1780,2658
Rua Itanhaém,Vila Prudente,96,2,1,Casa,2210,2357
Rua Acaraú,Bela Vista,33,1,0,Apartamento,2150,2681
Rua Mateus Grou,Pinheiros,76,2,0,Apartamento,3300,3976
Rua Marcus Pereira,Vila Suzana,102,3,2,Apartamento,2800,4420
Rua Nelson Gama de Oliveira,Vila Andrade,67,2,1,Apartamento,2600,3638
Rua Rubens Sverner,Chácara Santo Antônio (zona Sul),38,1,0,Studio e kitnet,2350,2457
Rua Comendador Yamamoto,Jardim Trussardi,35,1,1,Casa,1500,1671
Avenida Mascote,Vila Mascote,162,1,2,Apartamento,5000,6827
Avenida Vila Ema,Vila Ema,43,2,0,Apartamento,1400,1948
Rua Bento Freitas,República,24,1,0,Studio e kitnet,2800,3458
Rua Conceição Marcondes Silva,Vila Congonhas,193,4,4,Apartamento,12500,17930
Rua Realengo,Alto de Pinheiros,272,4,3,Apartamento,14000,18240
Alameda Itu,Cerqueira César,105,3,1,Apartamento,10840,12640
Rua Manuel Leiroz,Vila Penteado,45,2,0,Apartamento,1360,1863
Avenida Raimundo Pereira de Magalhães,Jardim Marilu,62,2,1,Apartamento,1600,2112
Rua Tabatinguera,Sé,25,1,0,Studio e kitnet,1870,2445
Rua Doutora Neyde Apparecida Sollitto,Vila Clementino,30,1,0,Studio e kitnet,1350,1402
Avenida João Pessoa,Lauzane Paulista,74,2,1,Apartamento,1500,2258
Rua Marie Nader Calfat,Jardim Ampliação,44,2,1,Apartamento,1670,2398
Rua Tapendi,Vila Catupia,120,3,2,Casa,3490,3649
Avenida Nove de Julho,Bela Vista,77,2,0,Apartamento,2150,2793
Rua Xingu,Vila Valparaíso,60,3,1,Apartamento,1700,2291
Alameda dos Araés,Planalto Paulista,120,3,1,Casa,3600,4012
Rua das Rosas,Parque Assunção,275,3,4,Casa,6800,7466
Rua Glicério,Liberdade,49,2,1,Apartamento,2400,2997
Avenida São Luís,Centro Histórico de São Paulo,310,3,1,Apartamento,4600,7578
Rua Ourânia,Vila Madalena,72,2,1,Apartamento,4300,5200
Avenida Ômega,Empresarial 18 do Forte,51,1,1,Apartamento,3250,3816
Rua José Pereira de Castro,Vila Hermínia,210,3,4,Casa,4000,4342
Rua Heitor Ariente,Jardim das Vertentes,400,4,5,Casa,11000,12050
Avenida Aratãs,Indianópolis,72,2,1,Apartamento,4500,5555
Rua Paschoalina Belloti,Jardim City,38,2,1,Apartamento,1580,1893
Rua Gregório Ferro,Jardim Raposo Tavares,50,1,2,Casa,1060,1108
Rua Dom Vilares,Vila das Merces,50,1,0,Casa,1125,1298
Rua Itza,Jardim Modelo,50,2,1,Apartamento,1750,2178
Rua Vitória,Santa Efigênia,78,1,0,Apartamento,1100,1579
Rua Kansas,Brooklin Paulista,66,2,1,Apartamento,6500,7980
Avenida Condessa Elizabeth de Robiano,Jardim America da Penha,54,2,1,Apartamento,2100,2757
Rua Bicudo Cortês,Vila Anglo Brasileira,102,2,2,Casa,3060,3315
Rua Visconde de Parnaíba,Jardim Brasília (zona Norte),38,2,0,Apartamento,1970,2496
Rua Foz do Jutaí,Vila Água Funda,64,1,1,Casa,1600,1668
Rua Claudino José Branco,Jardim Maraba,20,1,0,Studio e kitnet,630,654
Avenida Mendonça Drumond,Jardim Maringá,80,2,1,Casa,1850,1928
Rua Cipriano Barata,Ipiranga,50,1,0,Apartamento,1920,2278
Rua Anália Franco,Vila Regente Feijó,70,2,2,Apartamento,5500,6354
Rua Marília de Dirceu,Jardim Aeroporto,200,2,1,Casa,8000,8398
Rua Maracanã,Vila Ipojuca,25,1,0,Studio e kitnet,1600,1762
Rua Brasil,Rudge Ramos,136,3,2,Apartamento,3200,4833
Rua Paulo Martinez,Jardim Seckler,27,1,0,Apartamento,885,925
Rua Charles Darwin,Vila Santa Catarina,56,2,1,Apartamento,1470,2202
Rua Casa do Ator,Vila Olímpia,36,1,1,Studio e kitnet,3696,4955
Alameda Riberio da Silva,Campos Elíseos,35,1,0,Studio e kitnet,1550,1978
Rua Teresa,Quarta Parada,70,2,0,Casa,1380,1438
Rua Mercedes Lopes,Vila Santana,54,2,1,Apartamento,1800,2619
Estrada Velha da Penha,Tatuapé,60,2,1,Apartamento,2500,3138
Avenida Regente Feijó,Vila Regente Feijó,24,1,0,Studio e kitnet,1350,1402
Rua Doutor Mário Vicente,Vila Dom Pedro I,35,1,0,Casa,2000,2037
Rua da Mooca,Mooca,152,3,2,Apartamento,7500,9808
Rua Branca Raposo,Jardim Carlu,85,2,1,Casa,2000,2169
Rua Maria Otília,Vila Regente Feijó,42,1,1,Studio e kitnet,3360,4283
Rua Ministro Godói,Perdizes,22,1,0,Studio e kitnet,2500,3050
Rua Doutor Washington Pedro Lanzzelotti,Novo Osasco,59,1,0,Casa,1200,1251
Rua John Speers,Jardim Helian,40,2,0,Apartamento,3000,3266
Rua Ribeirão Branco,Vila Bertioga,29,1,0,Apartamento,2430,2661
Rua Nossa Senhora Acheropita,Vila Santa Clara,42,1,1,Casa,1600,1715
Rua Pascal,Campo Belo,61,2,1,Apartamento,4200,5427
Avenida Professor Luiz Ignácio Anhaia Mello,Vila Graciosa,34,1,0,Studio e kitnet,1200,1547
Rua Santo Elias,Parque São Jorge,42,1,1,Apartamento,1700,2555
Rua Flórida,Cidade Monções,98,2,2,Apartamento,7650,10330
Rua Clélia,Lapa,100,3,1,Apartamento,2652,3914
Avenida Nove de Julho,Bela Vista,43,1,0,Apartamento,1300,1756
Rua Alessandro Alberti,Jardim Celeste,52,2,1,Apartamento,1300,1905
Rua Manuel Ribas,Vila Campanela,25,1,0,Studio e kitnet,1000,1288
Rua Paim,Bela Vista,34,1,1,Apartamento,3400,3881
Rua Afonso Pena,Bom Retiro,40,2,0,Apartamento,3400,3794
Rua Obadia,Novo Osasco,200,2,1,Casa,1500,1730
Rua Francisca Miquelina,Bela Vista,19,1,0,Studio e kitnet,1870,2379
Rua Vasconcelos Drumond,Vila Monumento,86,2,1,Apartamento,2500,3657
Rua Sargento Jeter Augusto Pereira,Parque Novo Mundo,20,1,0,Casa,720,792
Rua Afonso de Freitas,Paraíso,200,4,3,Apartamento,7500,12370
Avenida Senador Casemiro da Rocha,Mirandópolis,138,3,2,Apartamento,8000,10610
Rua Leite Penteado,Vila Medeiros,50,2,0,Apartamento,1350,1395
Rua Custódio de Oliveira,Vila Suzana,75,3,2,Apartamento,2750,4176
Avenida Ipiranga,Santa Cecilia,29,1,0,Studio e kitnet,1007,1306
Rua Estilo Barroco,Santo Amaro,84,2,1,Apartamento,3540,4706
Rua Judith Passald Esteves,Vila Sonia,55,3,1,Apartamento,2100,3190
Rua Professor Vasconcelos Sarmento,Vila Ré,46,1,1,Apartamento,1950,2165
Avenida Vereador José Diniz,Santo Amaro,47,1,1,Apartamento,2799,3526
Rua Doutor Eduardo de Souza Aranha,Vila Nova Conceição,100,3,1,Apartamento,4999,6642
Rua Henrique Neri Ramos,Saúde,60,1,1,Casa,900,968
Rua Ernesto Capelari,Parque Santos Dumont,58,2,2,Apartamento,1750,2685
Rua Marie Nader Calfat,Jardim Ampliacao,48,2,1,Apartamento,2100,2801
Rua Rêgo Freitas,República,28,1,0,Apartamento,2500,2960
Rua João de Godói Moreira,Socorro,56,1,0,Casa,1650,1720
Rua Afonso Bandeira de Melo,Campo Belo,30,1,0,Studio e kitnet,1350,1461
Rua Eunice Weaver,Jardim Anália Franco,175,3,3,Casa,5070,5633
Rua Professor Demóstenes B. Figueira Marques,Cambuci,59,2,1,Apartamento,1831,2247
Rua Bonnard,Alphaville Empresarial,47,1,1,Apartamento,4500,5147
Avenida Abílio Pereira de Almeida,Vila São Domingos,60,1,0,Casa,940,980
Rua José Gonçalves,Vila Andrade,104,3,2,Apartamento,7900,9472
Rua Mucajaí,Indianópolis,80,2,0,Casa,3200,3458
Rua Jacaiobi,Vila Prudente,150,2,2,Casa,2440,2773
Rua Antônio Morais Barros,Vila Zilda,87,2,2,Apartamento,5000,6093
Rua Padre Carvalho,Pinheiros,40,1,1,Apartamento,4300,5557
Avenida Doutor Guilherme Dumont Vilares,Jardim Londrina,155,3,3,Apartamento,3100,5530
Avenida Sapopemba,Vila Regente Feijó,98,3,1,Apartamento,3150,4208
Rua Turiassu,Perdizes,40,2,1,Apartamento,2300,3738
Avenida Interlagos,Interlagos,70,3,1,Apartamento,1700,2766
Rua Teixeira de Abreu,Jardim Itapeva,230,4,2,Casa,10000,11030
Rua Francisco Leitão,Parque Monte Alegre,430,5,6,Casa em condomínio,14110,15780
Rua José Flávio,Penha de França,81,3,2,Apartamento,2800,3892
Rua Capote Valente,Pinheiros,32,1,0,Studio e kitnet,3850,4661
Rua Doutor Teodoro Baima,República,44,1,0,Apartamento,1100,1574
Rua Doutor James Ferraz Alvim,Vila Suzana,200,3,2,Apartamento,5812,8911
Rua Major Freire,Vila Monte Alegre,48,1,0,Apartamento,2125,2652
Rua Joaquim Oliveira Freitas,Vila Mangalot,51,2,1,Apartamento,920,1572
Rua Dante Alighieri,Jardim Nossa Senhora Aparecida,65,1,1,Casa em condomínio,1770,1842
Rua Carlos Bigatti,Jardim Castelo,50,2,1,Apartamento,1400,1854
Rua Paulo de Avelar,Vila Dom Pedro Ii,232,3,4,Casa,6000,6664
Rua Beta,Jardim Santa Cruz (sacomã),220,4,4,Casa,3100,3386
Av Dr Bernardino B F Carvalho,Vila Talarico,73,3,1,Apartamento,2000,2600
Rua Manoel Cruz,Vila Ernesto,40,1,0,Studio e kitnet,2399,2677
Avenida Engenheiro Heitor Antônio Eiras Garcia,Rio Pequeno,70,3,1,Apartamento,1400,2155
Rua Humberto I,Vila Mariana,30,1,0,Studio e kitnet,4850,5587
Rua Eugênio de Freitas,Vila Guilherme,61,2,1,Apartamento,2800,3533
Rua da Consolação,Consolação,42,1,2,Apartamento,6000,7082
Rua Ampére,Jardim Tabatinga,179,3,4,Casa,3500,3758
Rua Elizabeth Barbegian Baldinato,Vila Suzana,76,3,2,Apartamento,3200,4189
Rua José Antônio Coelho,Vila Mariana,41,1,1,Apartamento,3300,3794
Rua Luís César Pannain,Lapa,384,3,5,Casa,15000,17140
Rua Padre Lebret,Jardim Leonor,94,1,2,Apartamento,3800,5384
Rua Eugênio de Medeiros,Pinheiros,39,1,1,Apartamento,3760,4551
Avenida Onze de Junho,Vila Clementino,42,1,0,Apartamento,2950,3422
Rua Tupi,Vila Valparaiso,60,2,1,Apartamento,1600,2122
Rua Brigadeiro Galvão,Barra Funda,37,1,1,Apartamento,3100,3835
Rua Ângelo David Thomé,Rudge Ramos,150,3,1,Apartamento,2650,3156
Alameda Itu,Cerqueira César,100,1,1,Apartamento,3500,4677
Rua Santa Marcela,Jardim Roberto,55,2,1,Apartamento,2000,2192
Rua Vitoantonio Del Vecchio,Parque da Mooca,385,4,5,Casa,8500,9503
Rua Padre João Manuel,Cerqueira César,136,3,1,Apartamento,9000,11650
Rua Carapocaia,Vila Isolina Mazzei,60,2,0,Casa,1610,1678
Avenida Álvaro Ramos,Água Rasa,28,1,0,Studio e kitnet,1000,1169
Rua Genebra,Bela Vista,35,1,1,Studio e kitnet,1200,1782
Rua Palestra Itália,Perdizes,49,1,0,Apartamento,5385,5931
Praça Alberto Lion,Cambuci,34,2,0,Apartamento,1443,1829
Rua José Buono,Jaçanã,150,3,2,Casa,3010,3137
Rua Baronesa Itu,Santa Cecília,36,1,0,Studio e kitnet,3200,3858
Rua Doutor Tomás Carvalhal,Paraíso,55,1,0,Apartamento,3800,5467
Avenida Miguel Frias E Vasconcelos,Jaguaré,80,2,0,Apartamento,3200,4187
"R. Santo Amaro - Bela Vista, São Paulo - Sp, Brasil",Bela Vista,116,2,1,Apartamento,3480,4125
Rua Francisco Carlos de Souza,Sítio Morro Grande,143,3,4,Casa,3200,3455
Rua Cônego José Norberto,Jardim da Saúde,46,1,0,Casa,900,983
Rua Almirante Noronha,Jardim São Paulo,80,2,1,Apartamento,2060,2600
Rua Pasquale Gallupi,Morumbi,59,3,1,Apartamento,1300,1900
Rua da Mooca,Mooca,57,2,0,Apartamento,2100,2697
Praça Marechal Deodoro,Santa Cecília,77,2,0,Apartamento,1683,2448
Rua Humberto I,Vila Mariana,22,1,0,Apartamento,2800,3259
Praça Doutor Pereira do Rego,Cidade Patriarca,30,1,0,Casa,630,679
Rua Professor Doutor José Marques da Cruz,Jardim das Acacias,27,1,0,Studio e kitnet,3320,4153
Rua Santo Antônio,Bela Vista,38,1,1,Apartamento,3530,4290
Avenida Rotary,Vila das Bandeiras,36,2,1,Apartamento,1700,2074
Rua Professor Alexandre Correia,Jardim Vitória Régia,350,4,4,Apartamento,11250,17480
Rua Corgie Assad Abdalla,Vila Sônia,107,3,2,Apartamento,6375,8865
Avenida do Oratório,Jardim Angela (zona Leste),46,2,1,Apartamento,1650,2071
Rua Itamonte,Vila Medeiros,60,1,0,Casa,950,1199
Rua Ribeiro de Lima,Bom Retiro,114,2,0,Apartamento,2500,3388
Rua Doutor Eduardo de Magalhães Gouveia,Jardim Luísa,16,1,0,Casa,800,834
Rua Planeta,Chácara Belenzinho,40,1,0,Casa,959,1093
Avenida Alberto Augusto Alves,Vila Andrade,39,1,1,Apartamento,2500,3052
Rua João Ventura Batista,Vila Guilherme,42,2,0,Apartamento,1800,2319
Avenida Itacira,Planalto Paulista,260,4,5,Casa,10500,11710
Rua Jaíba,Vila Nair,50,1,0,Casa,1329,1448
Alameda Yayá,Jardim Aida,89,2,2,Apartamento,2950,4103
Avenida Pasteur,Vila Nova Savoia,136,3,3,Casa,4980,5247
Rua César Penna Ramos,Vila Santa Maria,50,1,0,Casa,1160,1213
Rua Iquiririm,Butantã,65,2,2,Apartamento,3000,4246
Rua Antônio Pires de Campos,Vila Ema,250,1,5,Casa,4500,5091
Rua dos Aliados,Vila São Pedro,50,2,1,Apartamento,2100,2581
Rua Paulo Martinez,Jardim Seckler,31,1,0,Apartamento,835,872
Rua Félix de Sousa,Vila Congonhas,250,3,4,Casa,6000,6755
Rua Álvaro de Carvalho,Centro,48,1,1,Apartamento,2100,3127
Rua João Gomes Batista,Jardim Cidália,300,3,2,Casa,4375,4561
Rua Antônio de Proença,Piqueri,78,2,1,Apartamento,2290,3189
Avenida Ipiranga,Centro Histórico de São Paulo,30,1,0,Studio e kitnet,1850,2367
Rua Tupi,Santa Cecília,40,1,1,Apartamento,3200,4015
Rua dos Cafezais,Vila Santa Catarina,136,3,2,Apartamento,6964,8403
Rua Professor Sousa Barros,Vila Guarani (z Sul),122,1,2,Apartamento,3500,5792
Rua Antônio de Macedo Soares,Campo Belo,155,3,3,Apartamento,13000,16860
Rua Doutor César,Santana,55,2,0,Apartamento,2000,2716
Rua Doutor César,Santana,76,2,1,Apartamento,2800,4120
Rua Leonardo de Fássio,Jardim Santa Helena,300,4,6,Casa,8000,9157
Rua Newton Prado,Bom Retiro,100,2,0,Apartamento,5000,5764
Rua Isaura Abad Giacomelli,Jardim Aurelia,29,1,0,Studio e kitnet,1550,1920
Rua João Bizarro da Nave,Vila Diva (zona Leste),34,1,1,Casa,1400,1460
Rua Apiacás,Perdizes,37,1,0,Studio e kitnet,2500,3521
Rua Orleães,Jardim Vila Formosa,50,2,0,Casa,1450,1511
Rua Osiris Magalhães de Almeida,Jardim Monte Kemel,70,3,0,Apartamento,2400,3474
Rua Graúna,Vila Uberabinha,141,0,0,Casa,7000,7208
Rua Doutor Silvino Canuto Abreu,Vila Congonhas,112,3,2,Apartamento,2600,5017
Rua Coremu,Vila Esperança,51,2,0,Apartamento,1300,1624
Rua João Rafael Jafet,Interlagos,106,2,1,Casa,2600,2710
Rua Gerivatiba,Butantã,35,1,1,Studio e kitnet,3800,5057
Rua Alvorada,Vila Olímpia,25,1,1,Studio e kitnet,3500,4610
Avenida José Galante,Vila Suzana,393,4,6,Apartamento,8000,14210
Rua Barreiro da Raiz,Vila Nova Carolina,75,1,2,Casa,999,1041
Rua Arco-verde,Vila Guilhermina,120,2,2,Casa,3300,3355
Praça Júlio Mesquita,Santa Efigênia,42,1,0,Studio e kitnet,1120,1547
Rua Caxiúna,Vila Celeste,80,2,0,Casa,1300,1455
Rua Alvorada,Vila Olímpia,65,2,1,Apartamento,3584,4681
Avenida Macuco,Moema,98,3,2,Apartamento,9300,11480
Rua Joaquim Afonso de Souza,Casa Verde Alta,26,1,0,Apartamento,920,1022
Travessa Santa Joaquina,Vila Mangalot,50,1,0,Casa,1100,1227
Rua Heitor Peixoto,Cambuci,45,2,1,Apartamento,2150,2853
Rua Anhumas,Vila São João Batista,70,2,2,Casa em condomínio,2500,2884
Rua Miosótis,Jardim das Flores,320,5,4,Casa,9200,9791
Avenida Pedro Bueno,Jabaquara,230,4,3,Casa,8750,9413
Avenida São João,Campos Elíseos,29,1,0,Studio e kitnet,1100,1342
Rua Aquiles Jovane,Jardim Celeste,50,2,1,Apartamento,1220,1881
Avenida Duque de Caxias,Campos Elíseos,60,1,0,Apartamento,1800,2514
Rua Doutor Clóvis de Oliveira,Vila Progredior,51,1,0,Apartamento,2300,2389
Rua Bandeira Paulista,Itaim Bibi,42,1,1,Apartamento,7000,9736
Rua Tenente Sotomano,Jardim Brasil (zona Norte),30,1,0,Casa,779,812
Rua Pangaré,Vila Butantã,38,2,1,Apartamento,1995,2572
Avenida Brigadeiro Luís Antônio,Bela Vista,42,1,0,Apartamento,1600,2101
Rua Martim Burchard,Brás,49,2,1,Apartamento,1551,2006
Rua Iguaré,Tatuapé,60,2,1,Apartamento,1519,2083
Rua Martiniano de Carvalho,Bela Vista,45,1,0,Studio e kitnet,2400,2818
Rua Engenheiro Gutierrez,Jardim Monjolo,60,2,0,Casa,1420,1480
Avenida Bosque da Saúde,Saúde,42,1,0,Casa,2000,2235
Avenida José Galante,Vila Suzana,290,4,5,Apartamento,10000,15390
Rua Senador César Lacerda Vergueiro,Sumarezinho,62,2,1,Apartamento,5890,7806
Rua Major Diogo,Bela Vista,30,1,0,Studio e kitnet,1500,2087
Rua Natividade Saldanha,São Lucas,38,0,0,Studio e kitnet,1300,1688
Rua Antônio Rodrigues Passos,Jardim Cidade Pirituba,100,2,0,Casa,1608,1676
Rua da Consolação,Cerqueira César,120,2,1,Apartamento,6800,8190
Rua Rafael de Proença,Vila Nova das Belezas,62,1,0,Casa,920,969
Rua Francisco Bernardino,Piqueri,125,3,3,Casa,2950,3075
Rua Conselheiro Furtado,Liberdade,26,1,0,Studio e kitnet,2100,2566
Rua Nancy Silva Cabral,Parque Continental Ii,120,3,1,Casa,2280,2551
Rua Oboé,Vila Nossa Senhora de Fátima,60,2,2,Apartamento,1500,1949
Rua Bueno Brandão,Vila Nova Conceição,100,2,1,Apartamento,5000,7132
Avenida Rebouças,Pacaembu.,130,3,1,Apartamento,3900,5908
Rua João Burjakian,Lauzane Paulista,15,1,0,Studio e kitnet,550,591
Rua Brigadeiro Tobias,Centro,55,1,1,Apartamento,2800,3527
Rua Valentim Magalhães,Água Rasa,10,1,0,Studio e kitnet,1450,1506
Rua Viela,Vila Moreira,50,1,0,Casa,1200,1285
Alameda Iraé,Indianópolis,25,1,0,Studio e kitnet,3690,4373
Rua Doutor Fábio Montenegro,Vila Guilhermina,42,1,0,Apartamento,1940,2325
Rua Santa Izabel,Vila Augusta,50,2,1,Apartamento,1800,2254
Rua Joaquim Guarani,Jardim das Acácias,70,1,2,Apartamento,5000,6303
Avenida Engenheiro Armando de Arruda Pereira,Vila do Encontro,70,3,1,Apartamento,2200,2904
Avenida dos Minuanos,Vila Aricanduva,53,2,1,Apartamento,890,1575
Rua Nossa Senhora das Dores,Vila Formosa,150,2,2,Casa,2200,2443
Rua Guaipá,Vila Leopoldina,60,1,1,Casa,2315,2671
Rua Miguel Arcanjo de Oliveira,Parque das Paineiras,34,2,0,Apartamento,1135,1299
Rua Ibituruna,Parque Imperial,65,3,1,Apartamento,1900,3235
Rua Itapajé,Vila Nova Cachoeirinha,40,2,0,Casa,1200,1301
Rua Natingui,Vila Madalena,43,1,1,Apartamento,3300,4379
Rua Luís Correia de Melo,Vila Cruzeiro,210,3,4,Apartamento,13000,15450
Avenida Júlio de Mesquita,Bela Vista,65,2,0,Casa,1800,2010
Rua Domingos Paiva,Brás,39,1,0,Apartamento,2330,2950
Rua Doutor Penaforte Mendes,Bela Vista,70,2,0,Casa,3000,3127
Rua Sansão Alves dos Santos,Cidade Monções,47,1,1,Apartamento,4600,5841
Rua Indiana,Brooklin Paulista,120,2,2,Casa,4000,4336
Avenida João Paulo da Silva,Vila da Paz,54,2,0,Apartamento,1700,2238
Rua Doutor Goulart Penteado,Vila Diva (zona Leste),131,3,3,Apartamento,4800,7235
Rua Voltolino,Água Rasa,41,2,0,Apartamento,2000,2227
Rua Álvaro de Carvalho,Centro,37,1,0,Studio e kitnet,1900,2566
Rua Vitório Tafarello,Km 18,70,2,1,Apartamento,3000,3859
Rua Itaiteva,Jardim Ampliação,43,1,1,Studio e kitnet,1990,2067
Rua Domingos da Fonseca,Parque da Mooca,55,1,0,Apartamento,2360,2451
Avenida Rio Branco,Campos Elíseos,35,1,0,Apartamento,1300,1580
Avenida Buenos Aires,Vila Buenos Aires,51,2,1,Apartamento,1498,1820
Rua Togo,Jardim Japão,27,1,0,Apartamento,1100,1215
Rua Rego Freitas,República,29,1,0,Apartamento,2000,2426
Rua Fernando Dondon,Tatuapé,39,1,0,Studio e kitnet,2850,3369
Rua Xambicá,Vila Leopoldina,30,1,0,Casa,1250,1370
Rua das Rosas,Mirandópolis,150,3,2,Casa,6000,6735
Rua Marcos Lopes,Vila Nova Conceição,169,3,3,Apartamento,13500,19320
Rua Arthur Azevedo,Recanto das Rosas,300,3,2,Casa,3610,3920
Rua Fraiburgo,Cidade Líder,55,1,0,Casa,999,1041
Rua Iberê da Costa Franco,Vila Libanesa,73,1,0,Casa,870,907
Rua Sebastião Gonçalves,Vila Albano,140,3,2,Casa,2700,2814
Rua Gilberto Sampaio,Jardim São Paulo(zona Norte),96,2,1,Apartamento,1700,2948
Rua Machado Dutra,Jardim Vila Carrao,45,1,0,Casa,1000,1042
Rua Xiró,Jardim das Laranjeiras,394,4,6,Casa,7800,8719
Rua Madre Emilie de Villeneuve,Vila Santa Catarina,79,3,2,Apartamento,2600,4030
Rua Siqueira Bueno,Belenzinho,60,2,0,Apartamento,1500,1683
Rua Gopouva,Vila Capitao Rabelo,83,2,1,Apartamento,1500,2073
Rua Heitor Penteado,Sumarezinho,105,3,1,Apartamento,5000,6691
Rua Maragojipe,Vila Antonina,42,1,0,Apartamento,1250,1498
Rua dos Jatobás,Vila Parque Jabaquara,57,2,1,Apartamento,1700,2506
Rua Ministro Ferreira Alves,Perdizes,180,3,2,Casa,3950,4317
Praça João Correa Lemos,Vila Sao Vicente,142,3,3,Apartamento,4840,7229
Rua Doutor José Gustavo Nunes,Parque Edu Chaves,45,1,0,Casa,1280,1335
Rua Paim,Bela Vista,35,1,0,Apartamento,3100,3526
Rua Cananéia,Vila Valparaíso,56,2,2,Apartamento,2300,2869
Avenida Ceci,Planalto Paulista,220,3,3,Casa em condomínio,5500,5933
Rua Atica,Jardim Brasil (zona Sul),35,1,1,Apartamento,1600,2524
Rua Professor Antônio Filgueiras de Lima,Rio Pequeno,35,1,0,Studio e kitnet,1000,1013
Rua Alves Guimarães,Pinheiros,84,2,1,Apartamento,3990,6044
Rua Piauí,Santo Antônio,89,2,1,Apartamento,2264,3100
Rua Desembargador Aragão,Vila Mariana,40,1,1,Studio e kitnet,4900,5471
Rua Acarembó,Vila Alpina,80,2,3,Casa,3490,3548
Rua Jacaré-copaíba,Vila Marina,56,2,1,Apartamento,1284,1845
Rua Oliveira Catrambi,Jardim Vila Formosa,72,2,1,Apartamento,6000,6577
Rua Barra Mansa,Jardim Franca,350,5,3,Casa,5810,6418
Rua Bolívar Ribeiro Boaventura,Jardim Penha,35,1,0,Apartamento,1000,1038
Rua Ernest Renan,Morumbi,62,3,1,Apartamento,1940,2465
Rua Angá,Vila Formosa,56,2,1,Apartamento,2500,3081
Avenida Renata,Chácara Belenzinho,120,3,1,Casa,2500,2806
Rua Major Quedinho,Centro,47,1,1,Apartamento,3400,4258
Avenida Duque Caxias,Campos Elíseos,57,1,1,Studio e kitnet,1120,1834
Rua João Baldinato,Vila Suzana,70,1,1,Apartamento,3100,4273
Rua Darwin,Jardim Santo Amaro,80,2,2,Apartamento,3350,4513
Rua Cocais,Jardim Oriental,139,2,2,Casa,3040,3169
Rua Washington Luís,Centro Histórico de São Paulo,26,1,0,Studio e kitnet,1500,2046
Rua Carneiro Leão,Brás,62,2,1,Apartamento,3808,4432
Rua Ângelo Viêira de Brito,Jardim Lar Sao Paulo,230,3,2,Casa,5600,6213
Avenida Dória,Vila Alexandria,53,2,1,Apartamento,2900,4032
Rua Francisco Tapajós,Vila Santo Estéfano,60,2,1,Apartamento,1800,3564
Rua Francisco Tapajós,Vila Santo Estefano,60,2,1,Apartamento,4230,5089
Rua Antônio Guarmerino,Jardim Celeste,57,2,1,Apartamento,1370,2058
Avenida Belisário Pena,Vila Maria Alta,40,1,0,Casa,920,1013
Rua Murutinga do Sul,Chácara Santo Antônio (zona Leste),90,3,1,Apartamento,2500,3428
Rua Camargo,Paulicéia,54,3,1,Apartamento,1200,1794
Rua Crixás,Santana,180,3,2,Casa,4500,4845
Rua Oscar Freire,Cerqueira César,296,3,1,Apartamento,8000,12620
Rua da Esperança,Vila Medeiros,43,1,1,Apartamento,1700,2187
Rua Doutor Clemente Jobim,Jardim da Gloria,37,1,0,Apartamento,2800,3258
Rua dos Gusmões,Santa Efigênia,30,1,0,Studio e kitnet,820,1102
Rua Doutor Almeida Lima,Brás,42,1,0,Apartamento,1955,2300
Rua Martiniano de Carvalho,Bela Vista,49,1,0,Apartamento,1500,1883
Avenida Cupecê,Jardim Prudência,55,2,1,Apartamento,1600,2426
Rua Gema,Campanário,52,2,0,Apartamento,1200,1247
Rua Sargento Agostinho Ferreira,Vila Maria,50,1,0,Casa,825,900
Rua Clemente Pereira,Ipiranga,34,1,0,Casa,1420,1499
Rua Lagoa de Dentro,Vila Silvia,45,2,1,Apartamento,1350,1602
Rua Salto,Paraíso,30,1,1,Studio e kitnet,3300,4652
Rua Abrahão Calux,Vila Moinho Velho,78,3,1,Apartamento,2800,4063
Rua Euclides Pacheco,Vila Gomes Cardim,110,2,0,Casa,2400,2636
Rua Hipódromo,Mooca,64,3,1,Apartamento,2900,3567
Praça Júlio Mesquita,Santa Efigênia,50,1,1,Apartamento,4000,4782
Rua Curituba,Parque São Jorge,158,2,1,Casa,2800,2926
Rua 24 de Maio,República,40,1,0,Studio e kitnet,1000,1338
Rua Augusto de Mendonça,Vila Dalila,60,2,1,Apartamento,1410,1551
Rua Professor José Leite E Oiticica,Vila Gertrudes,50,1,1,Apartamento,7500,8505
Rua João Bizarro da Nave,Vila Diva (zona Leste),60,2,0,Apartamento,1965,2775
Rua do Paraíso,Paraíso,90,3,1,Casa,3300,3624
Rua Doutor Penaforte Mendes,Bela Vista,30,1,1,Apartamento,1500,2341
Rua Ancara,Utinga,52,2,1,Apartamento,1600,1994
Rua Pirizal,Vila Carmosina,80,2,0,Casa,1700,1793
Rua Urbano da Silva,Vila Jaguara,39,1,0,Apartamento,1350,1610
Rua Otávio de Moura,Vila Carolina,145,3,4,Casa,6000,6391
Rua Antônio Guedes da Silva,Gopouva,85,3,2,Casa,1900,1981
Rua Pereira Leite,Vila Madalena,465,4,4,Casa,15000,15810
Rua do Gasômetro,Brás,60,1,0,Studio e kitnet,995,1408
Rua Santa Justina,Vila Olímpia,32,1,1,Studio e kitnet,4999,5432
Rua Francisca Miquelina,Bela Vista,99,2,0,Apartamento,3000,3504
Rua José Carlos de Toledo Piza,Jardim Parque Morumbi,70,2,2,Apartamento,2700,3566
Rua Bandeira Paulista,Itaim Bibi,49,1,1,Apartamento,4000,6347
Rua João Pereira,Lapa,35,2,0,Apartamento,2500,2920
Rua Tuiucuê,Jardim da Saúde,135,3,3,Apartamento,3500,5688
Rua Domingos da Fonseca,Parque da Mooca,50,2,1,Apartamento,1500,2310
Rua Joaquim Ferreira,Água Branca,65,2,2,Apartamento,4000,5381
Rua Doutor Cesário Mota Júnior,Vila Buarque,35,1,0,Apartamento,1320,1805
Rua Boa Vista,Vila Camilopolis,66,2,2,Casa,2600,2700
Rua São Domingos,Bela Vista,42,1,0,Apartamento,1809,2365
Rua Abel Ramos,Vila Maria Alta,55,2,0,Casa,1600,1740
Rua da Consolação,Cerqueira César,68,2,1,Apartamento,6380,7476
Rua Antônio Guarmerino,Parque do Estado,51,2,1,Apartamento,1070,1811
Rua Dráusio,Paulicéia,138,2,2,Casa,2300,2398
Rua Sabbado D’ângelo,Itaquera,40,2,0,Apartamento,4000,4354
Rua Cunha Gago,Pinheiros,31,1,1,Apartamento,2300,3151
Avenida Brigadeiro Luís Antônio,Jardim Paulista,105,3,1,Apartamento,3560,5530
Avenida Curió,Campanário,58,2,1,Apartamento,1200,1831
Rua Alberto Leal,Jabaquara,140,2,2,Casa,3200,3877
Rua Trapiche,Vila Matilde,30,1,0,Apartamento,1250,1588
Avenida Ômega,Empresarial 18 do Forte,70,2,1,Apartamento,7700,9131
Rua Augusto Farina,Jardim Bonfiglioli,30,1,0,Studio e kitnet,1260,1338
Rua Madre Cabrini,Vila Mariana,146,3,2,Apartamento,4000,6091
Rua Abdo Ambuba,Vila Andrade,84,2,1,Apartamento,2400,3400
Rua Mituto Mizumoto,Sé,44,1,0,Apartamento,1400,1594
Rua Pedralva,Alto de Pinheiros,160,3,3,Apartamento,5000,9709
Rua Padre Venâncio de Resende,Vila Bandeirantes,80,2,0,Casa,1099,1296
Avenida Padre Antônio José dos Santos,Cidade Monções,64,2,1,Apartamento,4500,5539
Rua João Simões de Souza,Vila Suzana,84,3,2,Apartamento,4500,5589
Avenida Rebouças,Pinheiros,38,1,1,Apartamento,3500,4116
Rua Maria Otília,Tatuapé,202,3,3,Apartamento,4700,8997
Avenida Nove de Julho,Bela Vista,40,1,1,Apartamento,2210,2966
Rua Custódio de Mendonça,Santana,38,2,0,Apartamento,3500,3785
Avenida Engenheiro Armando de Arruda Pereira,Jabaquara,118,3,1,Apartamento,2440,3285
Avenida Interlagos,Jardim Umuarama,66,2,2,Apartamento,2180,3041
Rua Custódio de Mendonça,Santana,40,1,0,Apartamento,3500,3785
Rua das Grumixamas,Jardim Oriental,200,3,3,Apartamento,5500,8462
Rua Batista Caetano,Aclimação,160,3,2,Apartamento,5741,8029
Avenida Sargento Geraldo Sant'ana,Jardim Taquaral,126,2,2,Apartamento,6500,6585
Rua Orlando Pinto Ribeiro,Vila Campo Grande,230,4,6,Casa,4500,5020
Rua Jotacá,Vila Picinin,150,3,1,Casa,1800,2026
Rua Professor Tamandaré Toledo,Itaim Bibi,45,1,1,Apartamento,3401,4900
Rua José Medina Zavalla,Vila Araguaia,43,1,0,Casa,620,647
Rua Michael Faraday,Cidade Monções,34,1,0,Casa,1360,1557
Rua Florêncio de Abreu,Centro Histórico de São Paulo,23,1,0,Studio e kitnet,1900,2275
Rua Lopes da Costa,Chácara São João,30,1,0,Casa em condomínio,1000,1157
Rua Cayowaá,Perdizes,68,3,1,Apartamento,3000,4182
Rua Hercília,Vila Matilde,250,3,4,Casa,3100,3432
Rua Jacaré Copaíba,Vila Marina,58,2,1,Apartamento,1500,2270
Rua Bandeira Paulista,Itaim Bibi,80,1,2,Apartamento,6500,11360
Rua Doutor Nicolau de Sousa Queirós,Vila Mariana,24,1,0,Studio e kitnet,2800,3333
Rua Capibaribe,Jardim Aeroporto,225,4,3,Casa,7267,8014
Rua das Municipalidades,Ipiranga,50,2,1,Apartamento,1880,2202
Rua Professor José Horácio Meirelles Teixeira,Vila Suzana,120,3,3,Apartamento,3500,5173
Rua Professora Haidée Silva Martins,Jardim Campo Grande,325,4,2,Casa,8000,8340
Rua Vicenzo Paciullo,Jardim Las Vegas,45,2,1,Apartamento,1650,2193
Rua Gil de Oliveira,Chácara Seis de Outubro,36,1,0,Studio e kitnet,1278,1628
Rua Pedro Gomes Cardim,Vila Progredior,85,3,1,Apartamento,3200,4636
Rua Casa do Ator,Vila Olímpia,28,1,1,Studio e kitnet,3696,4728
Rua Doutor Oscar Monteiro de Barros,Vila Suzana,290,3,4,Apartamento,10000,14950
Avenida do Taboão,Taboão,49,2,1,Apartamento,1020,1594
Rua Juatuba,Sumarezinho,135,3,0,Casa,8000,8167
Rua Luís Antônio dos Santos,Santa Teresinha,67,3,1,Apartamento,2100,3453
Rua Doutor Luiz Migliano,Vila Suzana,64,3,2,Apartamento,2190,2887
Avenida Sapopemba,Jardim Utinga,38,2,1,Apartamento,990,1382
Avenida Rangel Pestana,Brás,32,1,0,Apartamento,1900,2249
Rua Nunes Ferreira Filho,Vila Cavaton,270,3,3,Casa,6500,6910
Rua Amaral Gurgel,Vila Buarque,25,1,0,Studio e kitnet,1100,1427
Rua Venezuela,Taboão,49,1,1,Apartamento,970,1230
Avenida Miguel Yunes,Usina Piratininga,48,2,1,Apartamento,1800,2169
Rua Florindo Braglia,Jardim São Paulo(zona Norte),40,1,0,Casa,1900,2041
Rua Wilson Ribeiro Bonfim,Vila Inglesa,37,2,0,Apartamento,1350,1802
Rua Oscar Freire,Pinheiros,60,2,0,Apartamento,2900,3701
Avenida Brigadeiro Luís Antônio,Bela Vista,40,0,1,Studio e kitnet,2700,3556
Rua Veríssimo Cardoso,Jardim Maristela,126,3,2,Casa,2960,3085
Rua Havana,Taboão,82,2,1,Casa,1090,1225
Rua Dr. Laerte Sertuba,Vila Suzana,67,3,1,Apartamento,1600,2364
Avenida Baltazar Santana,Jardim Planalto,60,2,1,Apartamento,1200,1647
Travessa Mário Antônio Correia,Tucuruvi,260,4,6,Casa,9750,10350
Rua Relíquia,Jardim das Laranjeiras,53,2,1,Apartamento,2600,3300
Rua Guilherme Rehder,Parque Jabaquara,107,3,2,Casa,3500,3743
Rua Engenheiro Prudente,Vila Monumento,64,2,1,Apartamento,3000,4371
Rua Guarapuava,Mooca,37,1,0,Apartamento,1900,2324
Rua Marechal Barbacena,Vila Regente Feijó,140,2,0,Casa,2444,3181
Rua Itaperima,Vila Graciosa,180,3,2,Casa,2480,2586
Rua Campêlo,Vila Nova Mazzei,38,1,0,Apartamento,1280,1537
Avenida Condessa Elizabeth de Robiano,Jardim América da Penha,39,2,1,Apartamento,1750,2378
Rua Fábio,Chácara Belenzinho,55,2,1,Apartamento,1550,1610
Rua Dona Antônia de Queirós,Consolação,56,2,1,Apartamento,4300,5139
Avenida Ipiranga,República,41,1,0,Apartamento,1904,2538
Rua Amazonas,Osvaldo Cruz,30,1,0,Casa,1000,1242
Rua Adelino de Almeida Castilho,Tatuapé,53,2,1,Apartamento,3100,3600
Rua José de Figueiredo Seixas,Imirim,48,2,1,Apartamento,1660,2274
Rua Gravataí,Consolação,31,1,0,Apartamento,2962,3576
Avenida Nova Cantareira,Tucuruvi,70,2,1,Apartamento,2200,3094
Rua da Consolação,República,24,1,0,Studio e kitnet,2600,3287
Alameda Tietê,Cerqueira César,200,2,1,Casa em condomínio,12000,15330
Rua Humberto I,Vila Mariana,47,1,1,Apartamento,3170,4198
Rua Camargo,Butantã,61,2,1,Apartamento,4500,5538
Alameda Amazonas,Alphaville Industrial,96,3,2,Apartamento,5625,6716
Rua Engenheiro Aubertin,Lapa de Baixo,38,1,0,Studio e kitnet,1500,1641
Rua Joinville,Vila Mariana,42,1,1,Apartamento,2218,4323
Rua José Zappi,Vila Prudente,120,3,2,Casa,3840,4195
Rua Padre João Manuel,Cerqueira César,140,2,1,Apartamento,15000,18560
Rua Canuto Saraiva,Mooca,72,3,1,Apartamento,3200,3988
Avenida Cásper Líbero,Centro Histórico de São Paulo,25,1,0,Studio e kitnet,2500,3112
Rua Conde Prates,Parque da Mooca,400,4,5,Casa,15000,16390
Rua Costa Aguiar,Ipiranga,70,3,0,Casa,4410,4597
Avenida Sebastião Davino dos Reis,Jardim Tupanci,78,3,2,Apartamento,3600,4504
Rua Glória do Goitá,Vila Independencia,36,1,0,Apartamento,1560,1986
Avenida Vereador José Diniz,Santo Amaro,45,1,1,Apartamento,2200,3069
Rua Augusta,Consolação,44,1,1,Studio e kitnet,6000,7063
Rua Cisplatina,Ipiranga,54,2,1,Apartamento,1836,2740
Travessa Caldeira Filho,Jardim Brasil (zona Norte),100,2,0,Casa,1600,1668
Rua Inhambu,Vila Uberabinha,130,3,2,Apartamento,7500,11460
Rua José de Almeida Soares,Vila Sonia,180,4,4,Casa,3890,4240
Rua Carneiro da Cunha,Vila da Saúde,77,2,2,Apartamento,2430,3647
Rua Doutor Ernesto Moreira,Mooca,280,4,3,Casa,6400,7102
Rua Pedro Cubas,Piqueri,150,3,2,Casa,4500,4592
Rua Guarará,Jardim Paulista,150,3,2,Apartamento,7250,10310
Rua Doutor Seng,Bela Vista,40,1,1,Apartamento,3300,4632
Rua Buturuna,Jardim Clímax,32,1,0,Casa em condomínio,820,865
Rua Mil Oitocentos E Vinte E Dois,Ipiranga,120,2,1,Casa,4000,4170
Rua da Bonança,Freguesia do Ó,34,1,0,Casa,1550,1616
Alameda Ministro Rocha Azevedo,Cerqueira César,40,1,1,Apartamento,2300,4589
Rua Estado de Israel,Vila Clementino,46,1,1,Apartamento,4300,5235
Rua Professor José Horácio Meirelles Teixeira,Vila Suzana,180,3,3,Apartamento,3156,5744
Rua Álvaro Anes,Santa Maria,179,2,2,Casa,3600,3808
Avenida Gago Coutinho,Santa Maria,45,1,1,Casa,920,984
Avenida Vereador Abel Ferreira,Vila Regente Feijó,68,3,2,Apartamento,2058,3105
Rua Doutor Luiz Migliano,Jardim Vazani,125,4,2,Apartamento,6200,7681
Rua Calixto da Mota,Vila Mariana,44,1,1,Apartamento,3900,5848
Rua Dutra Rodrigues,Luz,26,1,0,Studio e kitnet,1450,1656
Rua São Gil,Tatuapé,105,3,3,Apartamento,5500,7117
Alameda Purús,Alphaville Industrial,64,1,1,Apartamento,3800,5447
Avenida Rudge,Bom Retiro,31,1,0,Apartamento,1300,1750
Avenida Celso Garcia,Tatuapé,50,1,0,Apartamento,2140,2755
Rua Marcos Arruda,Belém,40,1,0,Apartamento,950,1420
Rua Joaquim Carlos,Brás,75,2,0,Apartamento,1700,1803
Rua Azém Abdalla Azém,Jardim Bonfiglioli,76,3,1,Apartamento,7500,8974
Rua Marquês Itu,Vila Buarque,25,1,0,Studio e kitnet,1999,2526
Rua Rio Grande do Sul,Santo Antônio,61,2,1,Apartamento,2300,3164
Rua Antonio Eduardo,Jardim Modelo,32,1,0,Casa,1000,1042
Rua James Stolz,Vila Ema,75,2,1,Apartamento,1699,2021
Rua do Aclamado,Jardim Sao Bento,350,3,4,Casa,8000,9810
Rua Marilândia,Freguesia do Ó,70,0,0,Casa,3100,3152
Rua Conselheiro Cotegipe,Belenzinho,60,2,1,Apartamento,3600,4048
Rua Joaquim Morais,Vila Santa Catarina,50,2,1,Apartamento,1500,2353
Rua Bom Sucesso,Cidade Mãe do Céu,72,2,1,Casa,2500,2831
Largo General Osório,Santa Ifigênia,30,1,0,Studio e kitnet,1071,1425
Avenida Estados Unidos,Parque das Nações,67,2,2,Apartamento,4500,5257
Rua Antero de Quental,Vila Santa Clara,108,3,2,Casa,4410,4558
Avenida São João,Santa Cecília,24,1,0,Studio e kitnet,1240,1560
Rua Cascavel,Jardim Danfer,50,1,0,Casa,1200,1285
Rua Diogo Vaz,Cambuci,62,2,1,Apartamento,2000,2716
Rua Tasuke Uematsu,Taboão,150,3,2,Casa,2580,2761
Rua Treze de Outubro,Novo Osasco,36,1,1,Casa,1050,1158
Rua Antônio Dare,Vila Cavaton,230,3,4,Casa,3900,4291
Rua Bahia,Higienópolis,146,3,2,Apartamento,6000,8847
Rua Luís Alardo de Menezes,Vila Califórnia,56,1,0,Apartamento,990,1228
Rua Itapuí,Vila Arriete,49,1,0,Studio e kitnet,992,1139
Rua Padre Lebret,Jardim Leonor,60,1,2,Apartamento,4000,5381
Rua Cancioneiro de Évora,Santo Amaro,120,3,2,Casa,4500,5225
Rua Heitor Penteado,Sumarezinho,47,1,0,Apartamento,2300,2589
Rua Paracatu,Parque Imperial,83,3,2,Apartamento,4200,5433
Rua General Nestor Passos,Jardim Paraíso,40,1,1,Apartamento,2200,2811
Rua Nova Fátima,Jardim Santa Bárbara,75,1,1,Casa,1050,1145
Avenida da Liberdade,Liberdade,40,1,0,Studio e kitnet,2500,3066
Rua Duque Costa,Interlagos,66,3,1,Apartamento,3000,4005
Rua Realismo,Jardim Cidália,30,1,0,Casa,765,922
Rua Durvalino Trevisan,Parque Continental,60,1,1,Casa,1400,1502
Rua Araguari,Vila Uberabinha,240,3,3,Apartamento,11030,16440
Avenida Duque de Caxias,Campos Elíseos,40,1,1,Apartamento,2450,3189
Avenida Ceci,Planalto Paulista,190,3,3,Casa,4500,5270
Rua Francisco Foot,Jardim Tranqüilidade,45,2,1,Apartamento,1100,1292
Rua Antônio Júlio dos Santos,Fazenda Morumbi,45,2,1,Apartamento,2200,2934
Avenida 23 de Maio,Paraíso,130,3,1,Apartamento,12950,14830
Rua Cajaíba,Vila Pompéia,102,2,2,Apartamento,6500,8325
Rua Seis de Junho,Chácara Mafalda,60,2,1,Casa,2000,2208
Rua Teodoro Sampaio,Pinheiros,115,2,0,Apartamento,5500,8152
Rua Lacedemônia,Jardim Brasil (zona Sul),63,2,1,Apartamento,2800,2908
Rua Azevedo Júnior,Brás,48,2,1,Apartamento,2300,2928
Rua Cícero Dantas,Parque Cisper,100,3,0,Casa,2500,2606
Rua Pitinga,Vila Lucia,60,2,2,Apartamento,2400,3141
Rua Doutor Joaquim D'aquino Fonseca,Sítio do Mandaqui,90,2,1,Casa,1500,1563
Rua do Boqueirão,Saúde,400,3,4,Casa,9100,9668
Rua Barão de Loreto,Vila São José,29,1,0,Studio e kitnet,820,1619
Rua Heitor Peixoto,Cambuci,64,2,2,Apartamento,4600,6065
Rua São Benedito,Santo Amaro,105,2,1,Casa,4500,4760
Rua Natividade Saldanha,São Lucas,29,0,0,Studio e kitnet,1150,1452
Avenida Cásper Líbero,Vila Osasco,60,2,1,Apartamento,2300,3102
Rua Alberto Filipini,Umuarama,110,2,0,Casa,1800,1964
Rua José Gonçalves Gomide,Vila Guilherme,50,1,0,Apartamento,600,803
Alameda Itanhaém,Alphaville,360,4,4,Casa em condomínio,13560,15400
Rua Dr. Rubens Meireles,Várzea da Barra Funda,48,1,1,Apartamento,3200,4023
Rua Silva Teles,Pari,69,3,2,Apartamento,3500,4112
Rua José Manuel da Fonseca Júnior,Vila Matilde,160,3,2,Casa,4900,5381
Rua Professor Sousa Barros,Vila Guarani (z Sul),65,2,1,Apartamento,1550,2865
Rua Antonieta de Morais,Vila Matilde,57,2,1,Apartamento,1700,2536
Rua Rosário do Sul,Jardim Maringá,50,1,0,Casa,1159,1249
Rua Pires da Mota,Aclimação,45,1,0,Apartamento,1600,2161
Rua do Boqueirão,Vila da Saúde,120,2,0,Casa,1550,1891
Rua Águas Formosas,Jardim Brasil (zona Norte),36,1,1,Apartamento,1300,1694
Avenida Celso Garcia,Tatuapé,56,1,0,Apartamento,1450,1807
Rua Itapiru,Saúde,70,2,2,Apartamento,3400,4913
Rua Bartolomeu Diniz,Lauzane Paulista,160,2,3,Casa,4840,5255
Rua Anhumas,Vila Ema,50,2,0,Casa,1114,1261
Rua Bela Cintra,Consolação,24,1,0,Studio e kitnet,2450,3315
Rua Nova Brasília,Jardim Dona Sinhá,45,2,1,Apartamento,1200,1527
Rua Casa Forte,Água Fria,83,3,0,Apartamento,1901,2784
Alameda Ribeiro da Silva,Campos Elíseos,60,2,0,Apartamento,1360,1978
Rua Laerte,Vila Mariza Mazzei,36,1,0,Casa,1000,1042
Rua Professor José Ferraz de Arruda Júnior,Interlagos,300,3,4,Casa,5000,5133
Rua Potunduva,Vila Mariana,15,1,0,Studio e kitnet,1590,1735
Rua Domingos da Fonseca,Parque da Mooca,200,3,2,Apartamento,15000,17480
Rua Domingos Maza,Vila Boacava,25,1,0,Casa em condomínio,800,834
Rua Doutor Fábio Montenegro,Vila Guilhermina,30,1,0,Apartamento,1464,1700
Rua Doutor Artur Zapponi,Parque Sao Luis,39,1,0,Studio e kitnet,1158,1235
Rua Arnaldo Pedroso D'horta,Vila Elze,80,3,1,Casa,1000,1042
Rua Manuel Leiroz,Vila Penteado,38,1,0,Apartamento,1350,1702
"Alameda Casa Branca - Jardim Paulista, São Paulo - Sp, Brasil",Jardim Paulista,112,3,1,Apartamento,3900,5950
Rua Guarapuava,Mooca,36,1,0,Apartamento,1850,2281
Rua Irapé,Cidade Mãe do Céu,110,2,2,Casa,3570,3930
Rua Durval Fontoura Castro,Vila Paulista,45,2,0,Casa,1450,1563
Rua Filipe de Alcaçova,Pinheiros,91,4,0,Casa,3500,3748
Rua Marcolino Vaz Figueira,Jardim das Esmeraldas,100,2,0,Casa,1450,1661
Rua Glicério,Liberdade,60,3,1,Apartamento,3060,3920
Rua Salim Izar,Vila Progredior,84,2,1,Apartamento,4500,5019
Rua Tamarataca,Mooca,190,3,3,Apartamento,7700,10430
Avenida Industrial,Campestre,75,3,1,Apartamento,4100,4639
Rua Capote Valente,Pinheiros,35,1,0,Apartamento,3900,5751
Rua Deolinda Rodrigues,Jardim Ester,72,2,1,Apartamento,2240,3383
Rua Joaquim Carlos,Jardim Brasília (zona Norte),60,1,0,Apartamento,1800,2148
Rua Joaquim Rosa da Silva,Jardim Colorado,45,2,0,Apartamento,1200,1317
Avenida São Miguel,Vila Marieta,15,1,0,Studio e kitnet,990,1187
Rua Peixoto Gomide,Jardim Paulista,67,2,1,Apartamento,3293,4551
Rua Caeté-açu,Vila Paulicéia,65,2,0,Casa,2200,2294
Rua Padre Machado,Bosque da Saúde,60,2,1,Apartamento,2300,3508
Rua Torquato Tasso,Vila Prudente,60,2,0,Casa,1700,1773
Rua Mogi Mirim,Vila Bertioga,55,2,1,Apartamento,2000,2886
Rua Vespasiano de Oliveira,Vila Elvira,235,4,3,Casa em condomínio,9500,10880
Rua Pedro de Toledo,Vila Clementino,90,1,1,Apartamento,3632,5472
Avenida Francisco Matarazzo,Água Branca,168,3,3,Apartamento,12000,13830
Ministro Godói,Perdizes,25,1,0,Apartamento,2400,2731
Rua Maia Lelo,Vila Paulo Silas,30,1,0,Casa,1350,1422
Rua Barão de Tramandaí,Vila Alpina,58,2,0,Apartamento,2000,2197
Fábia,Vila Romana,172,4,3,Apartamento,8130,10420
Rua Glória do Goitá,Jardim Independência (são Paulo),50,2,1,Apartamento,1400,2046
Rua Dom Armando Lombardi,Vila Progredior,250,0,3,Casa,10000,10290
Rua Doutor Albuquerque Lins,Santa Cecília,52,2,1,Apartamento,1986,2613
Rua Artur Bernardes,Vila Invernada,35,1,0,Apartamento,1380,1643
Avenida Brigadeiro Luís Antônio,Bela Vista,35,1,0,Apartamento,1236,1868
Rua Oliveira Catrambi,Jardim Vila Formosa,76,2,1,Studio e kitnet,6000,6577
Rua Joaquim Nunes Teixeira,Vila Plana,44,1,0,Apartamento,1250,1648
Rua Guaranésia,Vila Maria,40,2,0,Apartamento,1350,1963
Rua Rubens Sverner,Chácara Santo Antônio (zona Sul),22,1,0,Studio e kitnet,1900,1991
Rua Anastácio de Souza Pinto,Nossa Senhora do O,74,3,1,Apartamento,2600,3444
Rua Márcia Angélica Lopes,Parque Sao Francisco,67,3,1,Casa em condomínio,1050,1136
Avenida Rio Branco,Campos Elíseos,90,2,0,Apartamento,2600,3489
Rua Coronel Gustavo Santiago,Vila Zilda,44,2,0,Studio e kitnet,2550,2799
Rua Consolação,Consolação,34,1,1,Studio e kitnet,3114,3830
Rua dos Pinheiros,Pinheiros,35,1,1,Studio e kitnet,3800,4567
Avenida Brigadeiro Luís Antônio,Bela Vista,35,2,0,Apartamento,2780,3491
Rua Doutor José de Andrade Figueira,Vila Suzana,132,3,3,Apartamento,5760,7877
Rua Mercedes Lopes,Vila Santana,60,2,1,Apartamento,1380,2477
Rua Dom Francisco de Sousa,Centro,130,3,0,Apartamento,3400,4644
Rua Marquês Itu,Vila Buarque,30,1,1,Studio e kitnet,2200,2884
Rua Santa Maria Goretti,Utinga,57,2,1,Apartamento,1670,1775
Avenida Miguel Frias E Vasconcelos,Jaguaré,73,3,2,Apartamento,3300,4196
Rua José de Camargo,Vila Mariana,98,3,1,Apartamento,2500,4007
Rua João Cachoeira,Vila Nova Conceição,138,3,2,Apartamento,14530,18140
Rua Nanuque,Vila Leopoldina,80,3,1,Casa,3000,3207
Rua Merino,Jardim Julieta,50,1,0,Casa,870,907
Avenida Otacílio Tomanik,Butantã,89,3,2,Apartamento,3468,4474
Rua Correia Dias,Paraíso,40,1,1,Apartamento,4000,4878
Viela Renaldo Laporta,Vila Aurora (zona Norte),30,1,0,Casa,500,521
Rua Tomé de Lara,Tucuruvi,43,2,0,Apartamento,2000,2227
Rua Costa Barros,Vila Alpina,37,2,0,Apartamento,1660,1724
Avenida Muzambinho,Vila Fachini,46,1,0,Casa,1155,1279
Rua Campos Sales,Brás,50,2,1,Apartamento,2000,2571
Rua da Consolação,Cerqueira César,85,2,1,Apartamento,6500,7427
Rua Winifred,Vila Carrão,140,3,3,Casa,3880,3945
Avenida Henriqueta Mendes Guerra,Centro,55,2,1,Apartamento,3400,3879
Rua Atílio Lofredo,Padroeira,60,1,0,Casa,700,736
Avenida Yervant Kissajikian,Vila Constanca,48,2,1,Apartamento,2000,2511
Alameda Casa Branca,Jardim Paulista,88,2,1,Apartamento,3800,5904
Rua Santo Antônio,Bela Vista,32,2,0,Apartamento,1500,2020
Rua São Paulo Antigo,Real Parque,185,3,3,Apartamento,5000,9403
Rua Azevedo Marques,Santa Cecília,34,0,0,Studio e kitnet,1139,1563
Rua Rio Verde,Vila Bruna,56,2,1,Apartamento,1800,2469
Rua Guaraja,Vila Mazzei,70,2,1,Apartamento,1600,2131
Rua Doutor Fausto Ribeiro de Carvalho,Rudge Ramos,92,2,1,Apartamento,2400,2768
Rua Olídio Rocato,Bonfim,176,4,2,Casa,2700,2974
Alameda Campinas,Jardim Paulista,146,3,1,Apartamento,4020,6155
Rua João Graeber,São Lucas,39,2,0,Apartamento,3500,4001
Rua São Serapião,Vila Ré,53,2,0,Apartamento,1250,1519
Rua Vergueiro,Vila Mariana,28,1,0,Studio e kitnet,3300,3742
Rua Ernani Pinto,Vila Maria Alta,67,3,2,Apartamento,2371,3301
Rua Mamede Rocha,Vila Palmares,45,1,0,Casa,997,1065
Rua Paulo Maldi,Tucuruvi,60,1,0,Casa,1500,2063
Rua Padre Leonel Franca,Vila Prudente,185,3,2,Casa,3220,3857
Rua Augusto Blasi,Jardim Celeste,54,2,1,Apartamento,780,1485
Rua Avanhandava,Bela Vista,69,2,1,Apartamento,2550,3281
Rua Luís Correia de Melo,Vila Cruzeiro,60,2,1,Apartamento,4200,4999
Rua Acruás,Campo Belo,250,4,5,Casa,12190,13960
Rua Águas da Prata,Vila Palmeiras,120,3,3,Casa,2600,2826
Rua Artur,Imirim,89,3,3,Apartamento,2553,4043
Rua do Bosque,Barra Funda,35,2,0,Apartamento,2200,2568
Avenida José Muniz Ribeiro,Vila Paranaguá,260,3,4,Casa,5000,5587
Rodovia Raposo Tavares,Jardim Olympia,55,2,1,Apartamento,1800,2489
Rua Barão Serro Largo,Vila Regente Feijó,400,4,4,Casa,8000,9924
Rua Maria Dias Hog,Parque Continental Ii,40,1,0,Casa,700,780
Rua Euclides Pacheco,Vila Gomes Cardim,42,1,1,Apartamento,2220,3047
Rua Carlos Petit,Vila Mariana,35,1,1,Studio e kitnet,3800,3950
Avenida Duque de Caxias,Campos Elíseos,52,2,1,Apartamento,3000,3766
Avenida Thomas Edison,Barra Funda,27,1,0,Apartamento,1490,1877
Alameda São Caetano,Santa Paula,60,2,1,Apartamento,2218,2866
Rua Carneiro da Cunha,Vila da Saúde,70,3,1,Apartamento,2364,3519
Rua Galeão Coutinho,Vila Marina,50,1,0,Casa,882,919
Rua Ferreira de Araújo,Pinheiros,70,2,1,Apartamento,7800,9284
Rua Gama Lobo,Vila Dom Pedro I,72,2,1,Apartamento,4500,5023
Rua dos Buritis,Jardim Oriental,62,2,1,Apartamento,1900,2799
Rua Jordânia,Vila Guilhermina,34,1,0,Apartamento,1150,1244
Rua Marie Nader Calfat,Jardim Ampliação,41,1,1,Apartamento,1997,2634
Rua Baronesa de Itu,Vila Buarque,36,1,1,Studio e kitnet,5000,5852
Rua Indiana,Brooklin,124,4,2,Apartamento,15000,17630
Rua Vinte E Dois de Agosto,Vila Bela Vista (zona Norte),48,2,1,Apartamento,3104,3524
Avenida Brigadeiro Luís Antônio,Bela Vista,34,1,0,Studio e kitnet,1105,1592
Avenida Professor Francisco Morato,Vila Sônia,84,3,2,Apartamento,3500,4349
Rua Upaiama,Vila São Geraldo,60,1,0,Casa,900,1111
Rua Lisboa,Cerqueira César,73,2,1,Apartamento,3524,4765
Avenida Yervant Kissajikian,Vila Constança,59,3,1,Apartamento,2100,2573
Rua Fiandeiras,Itaim Bibi,72,2,1,Apartamento,4147,5486
Rua Emboaçava,Parque da Mooca,70,2,0,Casa,2560,2734
Rua Deodate Pereira Rezende,Jaguaribe,65,2,1,Apartamento,1800,2477
Avenida Vila Ema,Vila Ema,51,2,0,Apartamento,1450,1832
Rua Geremia Lunardelli,Jardim Peri Peri,160,4,2,Casa,4900,5309
Rua Valson Lopes,Vila Butantã,32,2,1,Apartamento,2600,3285
Rua Deputado Emílio Carlos,Vila Campesina,67,3,1,Apartamento,4000,4832
Alameda Barão de Piracicaba,Campos Elíseos,55,2,0,Apartamento,1550,2010
Rua Ascencional,Jardim Ampliação,36,1,1,Apartamento,2200,2749
Rua João Simões de Souza,Parque Reboucas,89,2,2,Apartamento,4350,5430
Rua Desembargador Guimarães,Água Branca,44,1,1,Apartamento,3000,4241
Rua Sebastião Martins,Jardim Bonfiglioli,40,1,0,Casa,1300,1355
Rua Doutor Solon Fernandes,Vila Rosália,60,1,0,Apartamento,1150,1342
Rua José Rafaeli,Socorro,85,3,1,Apartamento,1800,2491
Rua Cândido Lacerda,Vila Regente Feijó,200,4,4,Apartamento,8500,12090
Rua José Antônio Coelho,Vila Mariana,50,2,0,Apartamento,2639,3148
Rua Intendência,Brás,85,2,0,Apartamento,1900,2374
Rua do Tramway,Parada Inglesa,47,1,1,Apartamento,2000,2829
Rua Doutor Ângelo Vita,Vila Zilda,25,1,0,Studio e kitnet,2120,2633
Rua Visconde de Parnaíba,Brás,38,2,0,Apartamento,2000,2514
Rua Ouro Branco,Jardim Paulista,39,1,1,Apartamento,1980,3420
Rua Melo Peixoto,Tatuapé,52,2,1,Apartamento,1957,2559
Rua Balthazar da Veiga,Vila Nova Conceição,172,3,2,Apartamento,11480,14520
Rua Potá,Vila Formosa,200,3,3,Casa,3675,3831
Rua Pamplona,Bela Vista,65,1,1,Apartamento,4800,4862
Rua Terceiro-sargento João Soares de Faria,Parque Novo Mundo,56,2,1,Apartamento,1350,1905
Rua Sansão Alves dos Santos,Cidade Monções,76,2,2,Apartamento,5800,7588
Travessa Primeiro-sargento-polícia Militar Raul Fernandes das Neves Neto,Vila Gustavo,35,1,0,Casa,878,915
Rua Professor João Simões,Vila Santo Estefano,20,1,0,Studio e kitnet,800,1031
Rua Mafalda,Chácara Belenzinho,60,1,0,Casa,1380,1513
Rua Tobias Monteiro,Parque Jabaquara,110,3,2,Casa,2661,2959
Avenida Santa Catarina,Vila Mascote,55,1,1,Apartamento,2150,2831
Rua José Benedito Salinas,Jardim Itapeva,68,2,1,Apartamento,2440,3101
Rua Henrique Sertório,Tatuapé,32,1,0,Studio e kitnet,2100,2598
Alameda Franca,Jardim Paulista,127,2,2,Apartamento,4700,6599
Rua Artemis,Vila Babilônia,20,1,0,Casa,700,772
Viaduto Nove de Julho,Centro,18,1,0,Studio e kitnet,2535,3092
Rua Pedro Gomes Cardim,Vila Progredior,88,2,2,Apartamento,3500,5422
Rua Alvorada,Vila Olímpia,44,2,1,Apartamento,3300,5124
Rua Galvão Bueno,Liberdade,36,1,1,Studio e kitnet,3750,5462
Avenida Rio Branco,Campos Elíseos,56,1,0,Studio e kitnet,1500,1558
Rua Santo Amaro,Bela Vista,40,1,0,Studio e kitnet,1100,1442
Rua Aguiar de Barros,Bela Vista,65,2,1,Apartamento,7000,8170
Rua Irmã Filomena,Vila Nova Carolina,35,1,0,Apartamento,2142,2235
Rua Sansão Alves dos Santos,Cidade Monções,70,2,2,Apartamento,4304,6018
Rua Rio Espera,Vila Rio de Janeiro,130,3,2,Casa,3700,3943
Rua Doutor Nicolau de Sousa Queirós,Vila Mariana,28,1,0,Studio e kitnet,2320,3431
Rua Augusto Farina,Butantã,140,3,2,Casa,3800,4186
Rua Augusta,Consolação,40,1,1,Apartamento,3300,4888
Rua Doutor Renan Basto,Vila Guarani,400,6,2,Casa,8200,8965
Rua Paulo Célso Costa,Vila Mariana,30,1,0,Casa,600,638
Avenida Santo Albano,Vila Vera,30,1,0,Casa,1062,1107
Rua do Erário,Vila Bertioga,85,2,0,Casa,1600,1815
Alameda América,Alphaville Empresarial,202,3,3,Apartamento,12500,15020
Rua Manoel Cruz,Vila Ernesto,32,1,0,Studio e kitnet,2190,2459
Avenida Itaberaba,Nossa Senhora do Ó,54,2,1,Apartamento,1750,2518
Alameda dos Antúrios,Residencial Seis (alphaville),360,5,4,Casa em condomínio,10500,12560
Rua Barão de Tatuí,Vila Buarque,46,1,0,Apartamento,1200,1794
Rua Quilombo,Jardim Santa Cecília,150,3,2,Casa,2291,2388
Rua Savério Quadrio,Jardim Amaralina,44,2,1,Apartamento,1300,1600
Rua Tabatinguera,Sé,40,1,0,Apartamento,950,1296
Rua Dona Veridiana,Vila Buarque,62,2,0,Apartamento,3200,3732
Rua Conselheiro Elias de Carvalho,Vila Santa Catarina,80,1,1,Casa,2300,2498
Rua Batataes,Jardim Paulista,55,2,0,Apartamento,3540,6176
Rua Paulistânia,Vila Madalena,58,2,1,Apartamento,4950,6220
Avenida Rebouças,Cerqueira César,27,1,0,Studio e kitnet,3800,4447
"Rua Kalil Nader Habr - Vila Santo Estefano, São Paulo - Sp, Brasil",Vila Santo Estéfano,18,1,0,Casa,580,635
Avenida Miguel Yunes,Usina Piratininga,75,3,2,Apartamento,3300,3902
Rua Jaboticabal,Vila Bertioga,160,2,4,Apartamento,12590,14690
Rua General Chagas Santos,Vila da Saúde,32,1,1,Apartamento,2699,3593
Rua Aprigio Rego Lopes,Jabaquara,230,3,1,Casa,4240,4779
Rua Sampson,Brás,25,1,0,Studio e kitnet,800,1086
Rua General Jardim,Vila Buarque,27,1,0,Studio e kitnet,3000,3576
Rua Martins Fontes,Centro Histórico de São Paulo,35,1,0,Apartamento,1627,1995
Avenida Marcos Penteado de Ulhôa Rodrigues,Tamboré,140,3,2,Apartamento,8750,10780
Rua Morro Alto,Vila Santa Maria,150,3,2,Casa,3350,3562
Rua Vieira de Morais,Campo Belo,142,3,2,Casa,6700,6845
Rua Jupi,Santo Amaro,70,3,1,Apartamento,4100,4607
Rua Sousa Lima,Barra Funda,72,3,1,Apartamento,4500,5523
Rua Sena Madureira,Vila Clementino,27,1,1,Studio e kitnet,2600,4317
Rua Doutor Mário de Campos,Americanópolis,50,2,0,Casa em condomínio,1275,1335
Alameda Madeira,Alphaville Industrial,57,1,1,Apartamento,3750,5612
Rua Manuel Álvares da Costa,Jardim Ester Yolanda,144,3,2,Casa,3900,4150
Rua Manuel de Soveral,Jardim São Paulo(zona Norte),75,3,1,Apartamento,2400,3211
Avenida Oiapoque,Alphaville Centro Industrial E Empresarial/alphaville.,168,3,3,Apartamento,9800,11240
Rua Herval,Belenzinho,30,1,0,Apartamento,1800,2069
Rua Cônego Vicente Miguel Marino,Barra Funda,38,1,1,Apartamento,2400,2953
Rua Leôncio da Costa Vieira,Jardim Piqueroby,36,2,0,Studio e kitnet,2800,3038
Rua Augusto dos Anjos,Melville Empresarial Ii,85,2,2,Apartamento,5500,6726
Rua Vicente Pereira de Assunção,Vila Constança,36,1,0,Apartamento,1100,1196
Rua Caramuru,Vila da Saúde,24,1,0,Apartamento,2400,2845
Rua Augusta Santel,Jardim Celeste,54,2,1,Apartamento,2000,2756
Rua Jaci,Chácara Inglesa,68,2,2,Apartamento,3034,4063
Rua Martins Fontes,Centro,40,1,1,Apartamento,2800,3668
Rua Aroaba,Vila Leopoldina,72,2,1,Apartamento,5340,6800
Avenida Rebouças,Pinheiros,49,1,1,Apartamento,5962,6998
Rua dos Aliados,Vila Sao Pedro,70,2,2,Apartamento,2230,2727
Rua José Codina,Jardim São Silvestre,50,1,0,Casa,900,938
Rua Dom Meinrado,Jardim Monjolo,40,1,0,Casa,1027,1070
Rua Afonso Braz,Vila Nova Conceição,47,1,1,Apartamento,3900,5476
Rua Barão de Iguape,Liberdade,45,2,0,Apartamento,1600,2159
Praça Conceição do Herval,Chácara Santo Antônio (zona Leste),51,2,0,Apartamento,1300,1598
Rua Antonio Avelino Neves,Jardim Valéria,67,1,0,Casa,750,832
Rua Doutor José de Andrade Figueira,Vila Suzana,110,3,2,Apartamento,4000,5431
Rua Santa Ângela,Vila Palmeiras,70,2,0,Apartamento,1350,1430
Rua Vale da Perdiz,Jardim Miriam,20,1,0,Casa,650,677
Rua Jorge Augusto,Vila Centenário,36,1,0,Apartamento,1500,1734
Rua Cipriano Barata,Ipiranga,115,3,2,Apartamento,6800,8907
Rua dos Americanos,Barra Funda,62,2,1,Apartamento,3100,4100
Rua Doutor César Castiglioni Júnior,Casa Verde,70,1,0,Casa,1800,2089
Rua José Lopes Dias,Jardim São Luís,146,3,2,Casa,2650,2846
Rua Professor Arnaldo João Semeraro,Jardim Santa Emília,52,2,1,Apartamento,3000,3406
Rua São Dario,Jardim Bonfiglioli,250,4,3,Casa,4000,4525
Rua Carnaíba,Vila Diva,250,3,3,Casa,4000,4320
Rua Marselha,Jaguaré,97,3,1,Apartamento,1800,2669
Rua Caconde,Jardim Paulista,180,3,1,Apartamento,15000,18400
Via Transversal Sul,Novo Osasco,45,2,1,Apartamento,800,1178
Praça Carlos Gomes,Liberdade,78,1,0,Apartamento,1600,1762
Avenida Leôncio de Magalhães,Jardim São Paulo,38,1,1,Apartamento,1900,2622
Rua do Oratório,Mooca,99,2,1,Apartamento,1870,2819
Rua Heitor Penteado,Sumarezinho,80,3,1,Apartamento,3111,4067
Rua Casa do Ator,Vila Olímpia,69,2,1,Apartamento,2910,3970
Travessa Cleto da Silva,Jardim Pedro José Nunes,40,1,0,Casa,550,642
Rua Ministro Godói,Perdizes,110,3,0,Apartamento,5400,6480
Rua da Glória,Liberdade,54,2,1,Apartamento,2830,3715
Rua Sansão Alves dos Santos,Cidade Monções,51,1,1,Apartamento,6800,8101
Rua Adolfo Lima Barros,Cidade Líder,40,1,0,Casa,1000,1116
Rua Debret,Vila São José (ipiranga),40,1,0,Studio e kitnet,1750,2268
Rua Forte William,Jardim Fonte do Morumbi,76,1,0,Apartamento,9000,10200
Rua Francisca Miquelina,Bela Vista,45,1,0,Studio e kitnet,2250,3157
Rua Haddock Lobo,Jardim Paulista,100,3,1,Apartamento,3900,6349
Alameda Jaú,Jardim Paulista,28,1,1,Studio e kitnet,2830,4224
Praça Doutor Mário Margarido,Liberdade,35,1,0,Studio e kitnet,750,1195
Rua Antonieta,Boa Vista,70,2,0,Casa,1400,1561
Rua Martins Fontes,Bela Vista,33,1,0,Studio e kitnet,1265,1664
Rua Paracatu,Parque Imperial,70,2,0,Apartamento,1855,2292
Avenida Brigadeiro Luís Antônio,Bela Vista,60,2,0,Apartamento,1990,2603
Avenida Alberto Fontana,Jardim Celeste,56,2,1,Apartamento,1600,2152
Rua Maciel Monteiro,Vila Santa Teresa (zona Leste),48,2,0,Apartamento,1800,1953
Rua Maracaí,Aclimação,45,1,1,Apartamento,2749,4005
Rua Diego de Castilho,Panamby,77,2,2,Apartamento,3980,5427
Avenida dos Ourives,Parque Bristol,62,3,1,Apartamento,1600,2162
Rua Sargento Jeter Augusto Pereira,Parque Novo Mundo,20,1,0,Studio e kitnet,617,682
Rua Sousa Coutinho,Sacomã,50,2,1,Apartamento,2350,2980
Rua das Aroeiras,Jabaquara,350,4,2,Casa,5800,6090
Avenida Melchert,Chácara Seis de Outubro,121,2,2,Casa em condomínio,3550,3674
Rua Barão de Tatuí,Vila Buarque,36,1,1,Studio e kitnet,1629,2277
Rua Martim Burchard,Jardim Brasília (zona Norte),50,2,0,Apartamento,3000,3841
Rua Antônio Dare,Vila Cavaton,60,2,0,Casa,1350,1437
Rua Moacir Miguel da Silva,Jardim Bonfiglioli,300,3,4,Casa,4125,4300
Rua Gomes de Carvalho,Vila Olímpia,76,3,1,Apartamento,6800,8455
Rua Baronesa de Itu,Santa Cecilia,78,2,1,Apartamento,3300,5369
Rua Coronel Higino Borges dos Santos,Santana,160,3,2,Casa,5250,5738
Rua Quixadá,Vila Invernada,45,2,1,Apartamento,2200,2707
Rua Glicério,Liberdade,46,2,1,Apartamento,2200,2934
Avenida Jardim Japão,Jardim Brasil,50,2,0,Apartamento,1150,1194
Avenida Celso Garcia,Brás,82,3,2,Casa,2890,3017
Rua Manoel Oliveira Gonçalves,Jardim Jaçanã,30,1,0,Casa,500,509
Rua Domiciano Leite Ribeiro,Vila Guarani (z Sul),59,2,1,Apartamento,2150,2968
Avenida Professor Vicente Rao,Santo Amaro,160,3,2,Casa,3150,3584
Rua Alzira,Vila Alzira,62,2,1,Apartamento,3100,3970
Rua Campo Grande,Padroeira,70,2,1,Apartamento,2100,2797
Rua Teffé,Santa Maria,100,3,2,Apartamento,2950,3989
Rua George Smith,Lapa,55,2,1,Apartamento,3200,3932
Rua Dª. Elias Chaves,Campos Elíseos,35,1,0,Studio e kitnet,1200,1495
Avenida Interlagos,Jardim Umuarama,74,3,2,Apartamento,5000,5193
Rua da Consolação,Jardim Paulista,27,1,0,Studio e kitnet,2590,3204
Rua Batataes,Jardim Paulista,32,1,1,Apartamento,2480,3842
Avenida da Água Funda,Taboão,60,1,0,Casa,799,833
Avenida José Galante,Vila Suzana,388,4,4,Apartamento,7000,13440
Rua Loureiro,Jardim Santa Maria,80,2,1,Casa,1300,1355
Rua Padre João Manuel,Cerqueira César,100,3,2,Apartamento,13000,18500
Rua Relógio de Sol,Parque Residencial da Lapa,140,4,2,Casa,5000,5380
Rua da Mooca,Mooca,61,2,1,Apartamento,5340,6170
Rua Dom José Marcondes,Jardim Almanara,43,2,1,Apartamento,1740,2313
Rua Leôncio da Costa Vieira,Jardim Piqueroby,39,2,0,Studio e kitnet,3000,3246
Rua Anápolis,Vila Augusta,90,2,0,Casa,1500,1593
Rua Correggio,Vila Suzana,89,2,0,Apartamento,3525,4853
Rua Barão de Jaceguai,Campo Belo,201,3,5,Apartamento,15000,19100
Rua Pinto Serva,Jardim Taboao,180,3,4,Casa,4500,4983
Rua Cajaíba,Vila Pompéia,44,1,1,Apartamento,2600,3913
Rua Alfredo Mendes da Silva,Jardim Jussara,65,3,2,Apartamento,1800,2704
Avenida Cupecê,Jardim Prudência,65,2,1,Apartamento,2100,3027
Rua Salém Bechara,Centro,38,1,1,Apartamento,2390,2959
Rua Aureliano do Amaral,Vila Nova Esperança,250,3,2,Casa,2300,2690
Rua Murilo Furtado,Parque Vitoria,110,2,1,Casa,1816,2108
Rua Guanás,Vila Sônia,275,3,2,Casa,7800,8373
Rua Riskallah Jorge,Centro,34,1,0,Studio e kitnet,1040,1420
Rua Cupiara,Água Rasa,131,3,0,Casa,3000,3397
Rua Comendador Gil Pinheiro,Chácara Califórnia,120,2,1,Casa,1800,1926
Rua Doutor Ivo Define Frasca,Vila Olímpia,150,4,2,Apartamento,12000,15480
Alameda Lorena,Jardim Paulista,38,1,1,Apartamento,2929,4087
Rua das Seringueiras,Vila Parque Jabaquara,56,2,1,Apartamento,2400,3293
Rua Manuel Leiroz,Vila Penteado,64,2,1,Apartamento,2730,3631
Rua Marechal Barbacena,Tatuapé,105,3,2,Apartamento,6100,6335
Rua Lacedemônia,Jardim Brasil (zona Sul),100,2,2,Apartamento,3290,4900
Rua General Florêncio,Quitaúna,50,1,1,Casa,2500,2731
Rua Ouro Branco,Jardim Paulista,37,1,1,Apartamento,3750,5403
Rua Júlio Sayago,Vila Ré,56,2,2,Casa em condomínio,1750,1954
Rua Pierre de Beranger,Campo Grande,70,1,0,Casa,1500,1525
Rua Jaguariaíva,Vila Guilhermina,40,2,0,Apartamento,1500,1907
Rua Guiratinga,Chácara Inglesa,62,2,1,Apartamento,3306,4411
Rua Voluntários da Pátria,Santana,28,1,0,Apartamento,1800,2329
Rua João Mafra,Vila Brasílio Machado,56,2,2,Apartamento,1900,2700
Rua Doutor Alfredo de Castro,Barra Funda,57,2,1,Apartamento,3300,4143
Avenida Guarulhos,Vila Venditti,50,2,1,Apartamento,1450,1936
Rua Brigadeiro Tobias,Centro Histórico de São Paulo,38,2,0,Apartamento,1500,2433
Rua Amaro Guerra,Vila São Francisco (zona Sul),250,3,2,Casa,5500,5733
Rua Sousa Reis,Vila Indiana,92,3,2,Apartamento,2800,4355
Largo General Osório,Santa Efigênia,20,1,0,Studio e kitnet,1200,1516
Rua São Francisco,Sé,62,1,0,Apartamento,1100,1822
Rua Domingos Lopes da Silva,Morumbi,215,3,4,Apartamento,5000,9473
Rua Gregório de Morais Rego,Jardim Consórcio,50,1,0,Casa,950,1040
Avenida Cupecê,Jardim Prudência,37,1,0,Apartamento,1800,2279
Avenida Parada Pinto,Vila Nova Cachoeirinha,49,2,1,Apartamento,1550,2199
Avenida José Júlio,Jaguaribe,62,2,1,Apartamento,1500,1973
Avenida Alberto Augusto Alves,Vila Andrade,26,1,0,Studio e kitnet,2910,3322
Rua Mair,Parque Maria Luiza,60,1,1,Casa,1260,1336
Rua da Consolação,Consolação,50,1,1,Apartamento,2500,3351
Rua Antonieta Leitão,Nossa Senhora do Ó,70,3,1,Apartamento,2800,3503
Rua Oscar Cintra Gordinho,Liberdade,25,1,0,Apartamento,1500,1921
Rua Schilling,Vila Leopoldina,40,1,1,Apartamento,2950,3791
Rua Lorena,Vila Alice,240,3,5,Casa,3500,3729
Rua Delegado Moraes Novaes,Vila Andrade,55,2,1,Apartamento,2060,2825
Avenida Dedo de Deus,Vila Formosa,36,1,0,Apartamento,1150,1524
Rua Caetano Pinto,Brás,146,3,0,Apartamento,3200,3708
Rua General Júlio Marcondes Salgado,Campos Elíseos,70,2,0,Apartamento,2200,2762
Rua São Paulo,Sé,35,1,0,Apartamento,2000,2416
Rua Turmalina,Jardim dos Camargos,168,3,4,Casa,6300,6588
Rua Mennucci,Jabaquara,147,3,2,Casa,5500,5886
Avenida Etiópia,Vila Morellato,60,4,1,Casa,2300,2339
Rua Luís Carlos Paraná,Jardim Cidália,170,3,2,Casa,3700,4082
Avenida Madame Curie,Jardim Dourado,70,2,1,Apartamento,1282,1684
Rua Kabul,Parque da Lapa,160,4,1,Casa,5679,6022
Rua Bélgica,Parque das Nações,100,3,0,Casa,2800,2919
Rua Deputado Laércio Corte,Paraíso do Morumbi,80,1,2,Apartamento,4570,7477
Rua Melo Alves,Cerqueira César,31,1,0,Studio e kitnet,4000,4762
Rua das Lobélias,Vila Bela,55,2,1,Apartamento,1650,2294
Rua Dom Armando Lombardi,Vila Progredior,101,3,2,Apartamento,3500,5125
Rua Barata Ribeiro,Bela Vista,48,1,0,Studio e kitnet,2300,3079
Alameda Lorena,Jardim Paulista,150,3,1,Apartamento,5500,7971
Rua João Adolfo,Centro Histórico de São Paulo,40,1,0,Studio e kitnet,1500,1708
Rua Poconé,Vila Floresta,160,3,2,Casa em condomínio,2800,3476
Rua Manuel Cherem,Vila Paulista,64,3,1,Apartamento,2500,3263
Rua Mandioré,Vila Formosa,30,1,0,Studio e kitnet,800,901
Rua Domingos Paiva,Brás,32,1,0,Apartamento,2125,2557
Rua Valson Lopes,Vila Butantã,28,1,0,Apartamento,1800,2189
Rua Ministro Heitor Bastos Tigre,Jardim Monte Kemel,180,3,4,Casa,3600,4025
Av. Padre Arlindo Vieira,Jardim Maria Estela,66,3,1,Apartamento,2310,2915
Rua Luís Filipe Alberti,Jardim Maringá,55,2,1,Apartamento,1400,1925
Avenida Cupecê,Jardim Prudência,73,3,1,Apartamento,2200,3008
Rua São Benedito,Santo Amaro,70,1,1,Apartamento,4400,5670
Rua Professor José Horácio Meirelles Teixeira,Vila Suzana,150,4,2,Apartamento,9500,12150
Rua do Estilo Barroco,Chácara Santo Antônio (zona Sul),180,3,2,Casa,7600,8143
Rua Silva Teles,Pari,60,2,1,Apartamento,3500,4385
Rua Estônia,Parque das Nações,40,2,1,Apartamento,1700,1971
Rua Cláudio,Água Branca,70,2,1,Apartamento,3300,4639
Avenida Ajarani,Cidade Patriarca,63,3,1,Apartamento,1599,2316
Rua Doutor Bacelar,Vila Clementino,98,2,2,Apartamento,11100,12930
Rua Gabriel Quadros,Barro Branco (zona Norte),470,3,6,Casa,9790,10960
Rua Coronel Francisco de Oliveira Simões,Paraíso do Morumbi,135,2,2,Apartamento,5900,7311
Avenida Ômega,Alphaville,196,3,3,Apartamento,9400,11200
Rua Doutor Ângelo Vita,Tatuapé,24,1,0,Studio e kitnet,2100,2600
Avenida Doutor Guilherme Dumont Vilares,Jardim Londrina,74,3,1,Apartamento,2700,3604
Rua Ipiranga,Jardim Aeroporto,63,2,1,Apartamento,5200,6161
Rua Professor Macedo Soares,Vila Mariana,115,2,1,Casa,3529,4075
Rua Doutor Luís Barreto,Bela Vista,31,1,0,Apartamento,1000,1511
Rua Tutóia,Vila Mariana,80,3,2,Apartamento,5150,6645
Rua Amâncio Pedro de Oliveira,Vila Maracanã,51,2,1,Apartamento,2400,2868
Rua Conselheiro Brotero,Barra Funda,67,1,0,Casa,2350,2499
Avenida Ipiranga,República,184,3,1,Apartamento,12000,13550
Alameda Joaquim Eugênio de Lima,Jardim Paulista,100,3,1,Apartamento,4000,5536
Rua São João da Bocaina,Chácara Mafalda,75,2,1,Casa,1800,2076
Rua Ingaíbos,Vila Formosa,51,2,1,Apartamento,2000,2557
Rua Raiz da Serra,Vila Parque Jabaquara,40,1,0,Casa,1200,1376
Rua São Miguel,Bela Vista,35,1,1,Apartamento,2500,3296
Avenida Agua Funda,Vila Guarani (z Sul),36,1,0,Casa,1100,1222
Rua Iguatinga,Santo Amaro,16,1,0,Studio e kitnet,1300,1850
Rua Leandro Teixeira,Paraisópolis,48,2,1,Apartamento,1260,1848
Rua Antônio Carlos,Consolação,450,5,1,Apartamento,9200,15330
Rua José da Silva Ribeiro,Vila Andrade,83,2,2,Apartamento,2900,4512
Rua Luís Asson,Vila Buenos Aires,50,1,1,Casa,1400,1540
Rua Tucuna,Pompeia,92,2,1,Apartamento,4700,5973
Avenida Lasar Segall,Vila Celeste,80,2,0,Apartamento,4000,4954
Rua das Camélias,Parque Assunção,125,3,3,Casa em condomínio,4200,4702
Rua Fidalga,Pinheiros,70,1,3,Apartamento,5000,7637
Rua Dom Macário,Saúde,54,2,1,Apartamento,1200,1587
Rua Antônio Júlio dos Santos,Fazenda Morumbi,61,2,1,Apartamento,2400,3003
Avenida Jurucê,Indianópolis,75,2,0,Apartamento,2480,3811
Avenida Ipiranga,Centro,75,1,0,Apartamento,2150,3033
Rua Guaicurus,Água Branca,29,1,0,Studio e kitnet,2290,2679
Rua Nossa Senhora de Fátima,Santa Paula,71,2,2,Apartamento,3800,4536
Rua Cajaíba,Vila Pompéia,540,4,4,Apartamento,10000,13820
Rua Jaceguai,Bela Vista,38,1,0,Apartamento,2300,2389
Rua Frei Walter Kempt,Vila Tolstoi,28,1,0,Studio e kitnet,758,857
Rua Vale da Perdiz,Jardim Miriam,26,1,0,Casa,730,761
Avenida Brigadeiro Luís Antônio,Sé,88,2,0,Apartamento,2200,3116
Rua Vitória Régia,Jardim das Flores,397,4,3,Casa,8000,8748
Rua Cardoso de Almeida,Perdizes,106,3,1,Apartamento,3276,4918
Rua Professor Tamandare Toledo,Itaim Bibi,45,1,1,Apartamento,4200,5515
Rua Doutor Fábio Montenegro,Vila Guilhermina,34,1,0,Apartamento,1600,1972
Rua Tabatinguera,Sé,50,2,0,Apartamento,1300,2015
Rua Ouvidor Peleja,Vila Mariana,55,2,1,Apartamento,2700,3649
Rua Doutor Alfredo de Castro,Barra Funda,66,2,1,Apartamento,3300,4147
Praça da Bandeira,Centro Histórico de São Paulo,118,2,0,Apartamento,3000,3726
Rua Costa Barros,Vila Alpina,42,2,0,Apartamento,1850,1921
Rua Rocha,Bela Vista,48,1,0,Apartamento,5000,5693
Rua Dr Moraes Dantas,Vila Barbosa,35,2,1,Apartamento,1550,1899
Rua Martim Afonso de Souza,Vila Pires,48,2,2,Apartamento,1645,2024
Viela Renaldo Laporta,Vila Romero,25,1,0,Casa,850,907
Rua Curuçá,Vila Maria Baixa,40,1,0,Apartamento,1200,1646
Rua José da Costa de Andrade,Jardim Santa Terezinha (zona Leste),48,2,1,Apartamento,1000,1438
Rua Ministro Mário Carneiro,Vila Santa Teresa,80,1,1,Casa,1100,1147
Rua Euclides de Andrade,Jardim Vera Cruz,84,2,0,Apartamento,2876,3877
Rua Aratiba,Vila Endres,90,2,2,Casa,2500,2626
Rua Folha de Hera,Parque Guarani,200,4,2,Casa,3500,3613
Rua Pedro Colaço,Piqueri,73,2,2,Apartamento,1834,2895
Rua Cláudio Aparecido Oliveira,Jardim Roberto,84,2,1,Apartamento,2550,3337
Rua Rubem de Souza,Vila Inglesa,62,3,1,Apartamento,1650,2335
Rua Doutor Milton Cotrim Sonzzini,Vila Guarani (zona Sul),49,2,1,Casa,1600,1680
Rua Santa Justina,Vila Olímpia,33,1,1,Studio e kitnet,3150,4658
Rua da Glória,Liberdade,25,1,0,Studio e kitnet,985,1323
Rua Cabo João Teruel Fregoni,Ponte Grande,75,3,2,Apartamento,2800,3584
Rua Giovani Recordati,Parque São Domingos,81,3,2,Apartamento,3100,4535
Avenida Marechal Mario Guedes,Jaguaré,70,2,1,Apartamento,2700,3686
Rua dos Estudantes,Sé,38,1,0,Studio e kitnet,1648,2061
Rua Frei Caneca,Consolação,60,2,0,Apartamento,3465,3974
Rua Padre Lebret,Jardim Leonor,47,1,1,Apartamento,10000,11350
Avenida Ipiranga,República,41,1,0,Studio e kitnet,1300,1980
Rua Rosália de Castro,Vila Campestre,109,2,2,Casa,1900,1981
Rua Iguará,Vila Alpina,32,1,0,Studio e kitnet,1200,1477
Rua República do Iraque,Brooklin Paulista,377,4,5,Casa,12500,14290
Rua Antônio Júlio dos Santos,Fazenda Morumbi,112,3,2,Apartamento,3000,4319
Rua Fidélis Papini,Vila Prudente,67,2,1,Apartamento,1802,2866
Rua Pacajás,Vila Cosmopolita,25,1,0,Apartamento,770,819
Rua Bom Sucesso,Cidade Mãe do Céu,42,2,0,Apartamento,1900,1974
Rua Dias da Silva,Vila Maria,67,2,1,Apartamento,3300,3932
Rua Frei Inácio da Conceição,Vila São Luís(zona Oeste),15,1,0,Studio e kitnet,1010,1549
Rua Conceição Marcondes Silva,Vila Congonhas,150,2,1,Casa,3400,3708
Rua Álvaro Rodrigues,Vila Cordeiro,40,1,1,Apartamento,3500,4453
Avenida Paes de Barros,Mooca,98,3,1,Apartamento,3000,3889
Avenida Parkinson,Alphaville Empresarial,156,3,2,Apartamento,6130,8116
Avenida Tarumã,Vila Pierina,33,2,0,Apartamento,1110,1533
Rua Marie Nader Calfat,Jardim Ampliação,34,1,1,Studio e kitnet,1606,2409
Rua Doutor Miranda de Azevedo,Vila Anglo Brasileira,110,2,2,Apartamento,15000,17340
Rua João Vitorino de Souza,Jardim Caravelas,76,2,1,Apartamento,2820,3775
Rua Padre José Vieira de Matos,Conjunto Habitacional Padre Manoel da Nóbrega,52,2,1,Apartamento,1300,1590
Rua Bento Freitas,República,25,1,0,Studio e kitnet,2000,2441
Rua Santo Amaro,Bela Vista,39,1,0,Apartamento,3100,3951
Rua dos Jequitibás,Campestre,63,2,2,Apartamento,2990,3447
Rua Leandro Dupré,Vila Clementino,55,1,1,Apartamento,2200,3108
Rua Haddock Lobo,Cerqueira César,180,3,1,Apartamento,11200,14320
Alameda Jaú,Jardim Paulista,152,4,2,Apartamento,13000,16300
Rua João Álvares da França,Freguesia do Ó,40,1,0,Apartamento,1500,1678
Rua Martins Fontes,Centro,51,1,1,Apartamento,2900,3929
Avenida Professor Luiz Ignácio Anhaia Mello,Vila Prudente,58,2,1,Apartamento,3880,4760
Rua Capitão Rabelo,Jardim São Paulo,92,3,2,Apartamento,4700,5694
Rua Maria Pais de Barros,Vila Marari,230,3,2,Casa,3200,3669
Rua Marie Nader Calfat,Jardim Ampliação,56,2,1,Apartamento,2150,2788
Rua Margarida Stach,Vila Ema,57,1,1,Casa,1550,1616
Avenida General Olímpio da Silveira,Santa Cecília,45,2,0,Apartamento,1745,2247
Rua Carlos Magalhães,Parque Reboucas,45,2,1,Apartamento,1500,2086
Rua Cabo João Teruel Fregoni,Ponte Grande,46,2,1,Apartamento,2200,2856
Rua Tapari,Vila Esperança,23,1,0,Apartamento,1700,2110
Rua Paratiba,Jardim Nordeste,64,2,1,Apartamento,1850,1921
Rua Antônio Baião,Vila Santa Clara,82,2,2,Casa em condomínio,3000,3769
Rua Pedro Nunes,Jardim Dona Sinha,80,1,1,Casa,1372,1430
Rua Doutora Neyde Apparecida Sollitto,Vila Clementino,28,1,0,Studio e kitnet,1200,1216
Rua Werner Goldberg,Jardim Tupanci,75,2,1,Apartamento,3563,4133
Rua Stela Marina,Brooklin,25,1,0,Apartamento,3300,3884
Avenida Professora Virgília Rodrigues Alves de Carvalho Pinto,Jardim Leonor Mendes de Barros,47,2,1,Apartamento,2200,2884
Rua Norma Pieruccini Giannotti,Barra Funda,88,2,2,Apartamento,7000,8137
Rua Santo Irineu,Bosque da Saúde,80,3,2,Apartamento,3000,4814
Rua Conselheiro Rodrigues Alves,Vila Mariana,137,3,1,Apartamento,5600,7276
Rua Coronel José Lopes de Toledo,Vila Antonieta,50,1,0,Casa,1240,1370
Rua Itapeva,Bela Vista,52,1,1,Apartamento,2200,4134
Rua Lácio,Vila Formosa,42,1,0,Casa em condomínio,2200,2373
Avenida Conselheiro Rodrigues Alves,Vila Mariana,160,3,1,Apartamento,8530,11370
Avenida Flora,Bussocaba,62,2,1,Apartamento,1300,2120
Avenida Moema,Planalto Paulista,100,4,2,Apartamento,7300,8772
Avenida dos Ourives,Jardim São Savério,40,2,1,Apartamento,1300,1850
Rua Nhamunda,Vila Dalila,28,1,0,Casa,1100,1206
Sp-270 Km 15,Jardim Arpoador,74,2,2,Apartamento,3675,4668
Rua Gradaú,Vila Bela,50,2,2,Apartamento,2500,3231
Rua Flórida,Cidade Monções,100,3,2,Apartamento,6000,7874
Rua dos Carmelitas,Sé,63,2,0,Apartamento,1500,2020
Rua Ministro Godói,Perdizes,23,1,0,Apartamento,2700,3297
Rua Cristianópolis,Água Rasa,112,3,2,Apartamento,2830,4893
Rua Marquês de Maricá,Jardim Santa Cruz (sacomã),60,1,0,Casa,1350,1457
Rua Ponte Pensa,Parada Inglesa,48,2,0,Apartamento,2050,2366
Rua François Carlier,Vila Santa Teresa (zona Sul),130,3,2,Casa,3800,4011
Avenida Coronel Sezefredo Fagundes,Tucuruvi,70,3,0,Casa,2000,2034
Rua Bento Freitas,República,30,1,0,Studio e kitnet,1900,2424
Avenida Mutinga,Jardim Libano,32,1,0,Casa,1020,1112
Rua Benvinda Aparecida de Abreu Leme,Santana,25,1,1,Studio e kitnet,2298,2622
Alameda Lorena,Jardim Paulista,170,3,1,Apartamento,9750,12600
Rua Formosa,Jardim Flor da Montanha,28,1,0,Apartamento,700,851
Rua Botocudos,Vila Anastácio,92,3,1,Casa,3500,3635
Rua Taguá,Liberdade,68,1,1,Studio e kitnet,1500,2102
Rua Haddock Lobo,Cerqueira César,50,2,0,Apartamento,3280,4396
Rua Santos Reis,Ipiranga,28,1,0,Studio e kitnet,1100,1262
Rua Serra de Jairé,Quarta Parada,24,1,0,Studio e kitnet,1550,1920
Rua Crubixa,Vila Araguaia,60,3,1,Apartamento,1660,2204
Rua Antonieta,Picanço,70,2,1,Apartamento,1600,1971
Rua Ministro Nélson Hungria,Vila Tramontano,35,1,1,Apartamento,1655,2537
Rua São Vicente de Paulo,Santa Cecilia,38,1,1,Studio e kitnet,2230,3066
Rua Brigadeiro Tobias,Centro Histórico de São Paulo,49,2,0,Apartamento,1600,2103
Rua Apiacás,Pompeia,25,1,0,Apartamento,3560,4130
Rua Joaquim Roseira,Jardim Novo Taboao,115,3,1,Apartamento,4725,5396
Rua Luís Góis,Mirandópolis,69,2,1,Apartamento,2320,3010
Rua Jota Carlos,Jardim Brasil (zona Norte),35,1,0,Casa,808,842
Rua Francisco Valente,Jardim Ester Yolanda,58,2,1,Apartamento,1700,2546
Rua Turiassu,Perdizes,80,2,1,Apartamento,7000,7090
Rua Santa Maria do Cambuca,Vila Tolstoi,23,1,0,Studio e kitnet,850,883
Alameda Santos,Cerqueira César,106,2,1,Apartamento,5043,6761
Avenida Cupecê,Jardim Prudência,34,2,0,Apartamento,1800,2239
Rua Diogo Vaz,Cambuci,71,2,1,Apartamento,1850,2910
Rua Malebranche,Jardim Vila Mariana,70,3,2,Apartamento,3734,5719
Travessa Antônio Bernacchi,Parada Inglesa,50,1,0,Casa,1350,1407
Rua Cristiano Viana,Cerqueira César,73,2,1,Apartamento,6000,7231
Rua Dragões da Independência,Tucuruvi,50,1,0,Casa,1200,1254
Rua Hercília,Vila Matilde,69,2,2,Casa,2500,2731
Rua da Consolação,Consolação,29,1,0,Studio e kitnet,1750,2228
Avenida Brigadeiro Luís Antônio,Bela Vista,25,1,0,Apartamento,2700,3414
Rua Cachoeira do Arari,Vila Leonor,40,2,1,Apartamento,1480,1721
Avenida Washington Luís,Santo Amaro,65,2,1,Apartamento,2200,2964
Rua Imbituba,Vila Prudente,167,2,2,Apartamento,4300,5445
Travessa Ferreira Guimarães,Vila Brasil,40,1,0,Casa,950,990
Rua Mil Oitocentos E Vinte E Dois,Ipiranga,126,2,2,Casa,4000,4067
Rua dos Andradas,Santa Ifigênia,28,1,0,Studio e kitnet,720,1180
Rua Dom João Maria Ogno,Vila Matilde,50,1,1,Casa,1750,1824
Alameda Itu,Jardim Paulista,80,2,0,Apartamento,4200,5591
Avenida Carlos Ferreira Endres,Vila Endres,50,1,0,Apartamento,916,1000
Rua Santa Gertrudes,Chácara Santo Antônio (zona Leste),130,3,2,Casa,4700,5099
Rua Oneyda Alvarenga,Vila da Saúde,62,2,1,Apartamento,2000,2979
Rua José da Costa de Andrade,Cidade Líder,45,2,1,Apartamento,1400,1854
Rua Ezequiel Freire,Santana,71,2,0,Apartamento,2300,2639
Rua Achiles Beline,Padroeira,53,2,1,Apartamento,1462,2087
Rua Professora Ana de Andrade Santana,Jardim Leonor,412,5,2,Casa,15000,16520
Rua Doutor Melo Alves,Cerqueira César,135,3,1,Apartamento,5500,8513
Rua Cananéia,Jardim Sílvia,54,2,1,Apartamento,2000,2518
Avenida Doutor Cardoso de Melo,Vila Olímpia,65,2,1,Apartamento,4204,5611
Rua Amandaú,Tucuruvi,35,2,0,Apartamento,2500,2976
Rua das Uvaias,Vila da Saúde,71,2,1,Apartamento,3000,4043
Rua Marialva,Cidade Patriarca,95,3,2,Casa,3300,3502
Rua Itatinga,Pacaembu,580,5,5,Casa,11520,12180
Rua Maragojipe,Vila Antonina,35,1,0,Apartamento,1100,1322
Rua Bela Cintra,Consolação,109,3,0,Apartamento,10070,12070
Rua Afonso de Freitas,Paraíso,200,2,1,Apartamento,5328,7929
Avenida Rio de Janeiro,Vila Bremen,50,2,2,Apartamento,1300,1750
Rua Santa Leocádia,Vila Isolina Mazzei,78,3,2,Apartamento,2500,3400
Rua Gomes Nogueira,Ipiranga,80,2,1,Casa,2400,2440
Rua Firmiano Cardoso,Chácara Cruzeiro do Sul,45,2,1,Apartamento,1650,1853
Rua Manoel Simões,Jardim Sao Saverio,65,1,2,Casa,1650,1720
Rua Arnaldo Alvernaz Nunes,Jardim Sao Jose,50,1,0,Casa,930,1025
Rua Turiassu,Perdizes,25,1,0,Studio e kitnet,3000,3947
Rua Belfort Matos,Vila Constança,100,3,1,Casa,2600,2710
Rua Luiz Antônio Gonçalves,Vila Campanela,30,1,0,Studio e kitnet,1000,1248
Rua Achiles Belline,Padroeira,57,2,1,Apartamento,2200,2284
Avenida São João,República,28,1,0,Studio e kitnet,1394,1493
Rua Coronel Rodovalho,Penha de França,70,3,1,Apartamento,2360,3272
Rua Joaquim Antunes,Pinheiros,54,2,1,Apartamento,4977,6343
Rua Joel Jorge de Melo,Vila Mariana,40,1,0,Casa,1980,2214
Avenida Antônio Manograsso,Vila Formosa,60,1,0,Casa,1125,1193
Rua Angatuba,Vila Sao Pedro,115,2,2,Casa,4125,4335
Rua Emília Marengo,Vila Regente Feijó,74,2,0,Apartamento,1955,3075
Rua Marquesa de Santos,Vila Dom Pedro I,43,1,1,Studio e kitnet,2400,3293
Rua Isabel Dias,Mooca,20,1,0,Apartamento,1590,1611
Avenida da Liberdade,Liberdade,28,1,0,Studio e kitnet,3850,4438
Rua Glicerio,Liberdade,45,2,1,Apartamento,2580,3283
Rua João de Sousa Dias,Campo Belo,100,2,2,Apartamento,4000,6325
Rua Américo Samarone,Vila Moinho Velho,69,2,1,Apartamento,2250,2937
Rua Guaravera,Vila Domitila,80,2,1,Casa,2000,2085
Rua Soldado Thomás Antônio Machado,Vila Esplanada,87,3,1,Casa,1800,2016
Rua Doutor James Ferraz Alvim,Vila Suzana,270,4,4,Apartamento,7300,13390
Alameda dos Guaiós,Planalto Paulista,60,2,1,Apartamento,4000,5301
Rua Amaral Gurgel,Centro,92,2,1,Apartamento,2300,3426
Rua Pernambucana,Conceição,58,3,1,Apartamento,1900,2599
Rua Pais de Araújo,Itaim Bibi,48,1,1,Apartamento,3500,5394
Avenida Aprígio Bezerra da Silva,Chácara Agrindus,122,3,1,Apartamento,3750,4364
Rua Embaúba,Vila Sacadura Cabral,41,2,1,Apartamento,1260,1458
Rua Diamante Preto,Vila Gomes Cardim,95,3,3,Apartamento,4000,6239
Rua Alexandre Benois,Vila Andrade,49,2,1,Apartamento,2900,3462
Rua Doutor Clementino,Belenzinho,134,3,2,Apartamento,9600,11200
Rua Rei Alberto,Parque Edu Chaves,37,1,0,Casa,950,990
Praça Barão de Itaqui,Vila Gomes Cardim,50,1,1,Apartamento,2657,3435
Rua Desembargador Dalmo do Valle Nogueira,Vila Suzana,66,2,2,Apartamento,2900,4132
Rua Cataguás,Vila Congonhas,140,3,3,Apartamento,4600,8274
Rua Il Sogno Di Anarello,Vila Mariana,35,1,1,Apartamento,2670,3804
Rua André Natale,Jardim Popular,80,2,1,Casa em condomínio,1900,2220
Rua Pantaleão Brás,Jardim Ester,122,4,2,Casa,8500,8919
Rua Dom Paulo Pedrosa,Real Parque,80,1,1,Apartamento,3000,4206
Rua Urano,Aclimação,63,1,2,Apartamento,3300,4961
Rua Miguel Rachid,Vila Paranagua,30,1,0,Apartamento,950,1047
Rua Oscar Freire,Pinheiros,20,1,0,Apartamento,3900,4395
Rua Marquês de Itu,Vila Buarque,62,1,1,Apartamento,2600,3834
Avenida Cangaíba,Cangaíba,39,2,1,Apartamento,1200,1482
Avenida Cásper Líbero,Centro,25,1,0,Studio e kitnet,2100,2571
Rua Rússia,Vila Santa Luzia,64,2,1,Apartamento,2600,3025
Avenida Vila Ema,Vila Ema,32,1,0,Apartamento,1300,1640
Rua Antônio Píres,Vila Albertina,72,2,1,Apartamento,3082,3801
Praça Princesa Isabel,Santa Cecilia,35,1,0,Apartamento,1400,1829
Rua Charles Darwin,Vila Santa Catarina,80,2,1,Apartamento,1400,2276
Avenida Ômega,Empresarial 18 do Forte,134,2,2,Apartamento,12000,14320
Rua Frei Caneca,Consolação,120,2,2,Apartamento,4200,5747
Rua Poetisa Colombina,Jardim Bonfiglioli,70,3,1,Apartamento,3750,4716
Alameda Lorena,Jardim Paulista,69,2,1,Apartamento,4000,5280
Rua Zurich,Suiço,110,1,1,Casa,1950,2092
Rua Teodoro Sampaio,Pinheiros,42,2,1,Apartamento,2500,3251
Rua Paris,Sumaré,32,1,1,Studio e kitnet,3100,3854
Rua Descampado,Vila Vera,74,3,2,Apartamento,4000,4913
Rua Henrique Fausto Lancelotti,Vila Congonhas,65,1,1,Apartamento,2700,4329
Rua Antônio Artoni,Vila Vera,85,2,1,Casa,2000,2177
Rua Heitor Ariente,Vila Sonia,280,3,2,Casa,3800,4210
Rua Gomes de Carvalho,Vila Olímpia,74,2,1,Apartamento,3300,4476
Rua Major Diogo,Bela Vista,37,1,1,Apartamento,2750,3578
Rua Caparaó,Vila Formosa,40,1,0,Casa,1200,1251
Rua Egeu,Jardim Regina Alice,140,2,1,Casa,2220,2373
Rua Marselha,Jaguaré,79,3,1,Apartamento,2200,2984
Rua Nestor Teixeira Forte,Tucuruvi,175,3,3,Casa,5000,5308
Rua Ângelo Sangirardi,Jardim Palmares (zona Sul),112,3,1,Casa,2950,3075
Rua Professor Ari Bouzan,Butantã,20,1,0,Studio e kitnet,854,937
Rua Glicério,Liberdade,53,1,0,Apartamento,1000,1458
Rua Doutor Alvares Teixeira,Jardim Tango,15,1,1,Casa,15000,15640
Avenida Jabaquara,Mirandópolis,35,1,1,Apartamento,1820,2597
Rua Antônio Clemente,Jardim Sao Paulo(zona Norte),40,1,0,Apartamento,1800,1989
Avenida Brigadeiro Faria Lima,Cocaia,43,2,1,Apartamento,1600,2158
Rua João Francisco de Moura,Vila Campo Grande,72,2,1,Apartamento,1810,2764
Rua Pereira Barreto,Santo Amaro,83,3,2,Apartamento,5000,6017
Rua Joaquim Ferreira,Água Branca,260,3,3,Apartamento,12000,15540
Alameda Terras Altas,Tamboré,122,3,2,Apartamento,6700,8828
Rua Pedro de Castro Velho,Jardim Iva,45,1,0,Casa,950,1014
Rua Coronel Jordão,Vila Guilherme,39,1,1,Apartamento,2047,2841
Rua Juquis,Indianópolis,38,1,0,Apartamento,2200,3477
Rua Marcelo Muller,Jardim Independência,25,1,0,Studio e kitnet,730,758
Rua Janguruçu,Parque da Mooca,37,1,2,Studio e kitnet,2040,2318
Rua Bárbara Heliodora,Vila Romana,87,3,2,Apartamento,3000,5356
Rua Doutor Nicolau Alberto Defina,Jardim da Saúde,65,2,1,Apartamento,1200,1949
Rua Afonso de Oliveira Santos,Vila Suzana,362,5,3,Apartamento,7300,8582
Avenida Amador Bueno da Veiga,Penha de França,34,1,1,Apartamento,1445,2214
Rua Doutor Luiz Migliano,Jardim Caboré,50,1,1,Apartamento,4000,4886
Rua Gerivatiba,Butantã,37,1,1,Apartamento,5050,6528
Rua Municipal,Fundação,70,1,0,Casa,1500,1563
Rua Turiassu,Perdizes,169,3,3,Apartamento,15000,19900
Avenida Jardim Japão,Jardim Brasil,55,2,0,Apartamento,1150,1194
Avenida Cásper Líbero,Vila Osasco,95,3,1,Apartamento,1850,2296
Rua Oratório,Jardim Sônia Maria,60,1,0,Casa,1500,1599
Rua Agudos Grandes,Vila Gustavo,200,4,6,Casa,5000,5406
Rua Sapetuba,Butantã,79,3,1,Apartamento,6000,7285
Rua Cuiabá,Vila Alzira,50,2,1,Apartamento,2570,2603
Rua Tenente Otávio Gomes,Aclimação,35,1,0,Apartamento,1051,1331
Avenida Ireré,Planalto Paulista,275,4,3,Casa,11500,12840
Rua Itapiru,Vila da Saúde,80,3,1,Apartamento,3500,4576
Rua Dona Tecla,Jardim Flor da Montanha,59,2,1,Apartamento,3000,3606
Rua Doutor Plínio Barreto,Bela Vista,100,3,1,Apartamento,2200,3574
Rua Dois de Julho,Ipiranga,39,1,1,Apartamento,1880,2991
Rua Demóstenes,Campo Belo,160,3,3,Apartamento,6000,9168
Rua Roma,Lapa,166,3,3,Apartamento,11000,14550
Rua Nazaré Paulista,Vila Madalena,104,3,1,Apartamento,5200,6975
Rua Doutor Miranda de Azevedo,Vila Anglo Brasileira,217,3,4,Casa,14060,15100
Rua Santa Leocádia,Vila Isolina Mazzei,50,2,1,Casa em condomínio,1900,2081
Rua da Consolação,Consolação,64,2,1,Apartamento,4500,6029
Avenida Benigno Carrera,Vila Campestre,33,1,0,Studio e kitnet,1400,1454
Rua Rego Freitas,República,41,1,0,Studio e kitnet,2670,3299
Rua Alambique,Vila Gustavo,100,2,1,Apartamento,1690,1795
Rua Carmo do Rio Verde,Jardim Caravelas,91,3,2,Apartamento,5500,6729
Rua Comendador Armando Pereira,Parque Casa de Pedra,40,1,0,Casa em condomínio,1100,1189
Rua Francisca Miquelina,Bela Vista,20,1,0,Studio e kitnet,1700,2096
Rua Domingos de Santa Maria,Vila Guarani (z Sul),64,2,1,Apartamento,1994,2940
Avenida Marcos Penteado de Ulhoa Rodrigues,Tamboré,140,3,2,Apartamento,6000,8033
Rua José de Oliveira,Parque Peruche,45,1,0,Apartamento,1390,1486
Rua Francisco Leitão,Pinheiros,58,1,1,Apartamento,4500,5667
Rua do Paraíso,Paraíso,43,1,1,Apartamento,3360,4450
Rua Rainha Vitória Eugênia,Vila Campestre,70,2,0,Casa,1420,1522
Rua Fernão Albernaz,Vila Nova Savoia,40,1,0,Casa em condomínio,1100,1165
Rua Joaquim Floriano,Itaim Bibi,28,1,0,Apartamento,5000,5873
Rua Vinte E Oito de Setembro,Vila Dom Pedro I,27,1,0,Studio e kitnet,1800,2256
Rua Doutor José de Andrade Figueira,Vila Suzana,200,2,2,Apartamento,3000,5112
Rua Santa Marcela,Jardim Roberto,60,2,1,Apartamento,1500,2231
Rua Monte Aprazível,Vila Nova Conceição,161,3,4,Apartamento,15000,19850
Rua Cônego José Norberto,Vila Brasílio Machado,60,2,2,Apartamento,2700,3957
Rua Doutor Maurício de Lacerda,São Judas,61,2,2,Apartamento,2550,3628
Rua Baía Grande,Vila Alpina,40,1,0,Casa,1000,1067
Rua Forte da Barra,Jardim Santa Efigenia,40,1,0,Casa,1140,1188
Rua Silvino de Godoy,Jardim Cidade Pirituba,70,2,0,Casa,1580,1721
Avenida Brigadeiro Luís Antônio,Bela Vista,40,1,0,Apartamento,2000,2577
Avenida João de Barros,Socorro,50,2,1,Apartamento,2900,3562
Rua Paiaguás,Vila Congonhas,217,3,5,Apartamento,15000,22640
Rua Percílio Neto,Vila Gumercindo,111,3,2,Apartamento,15000,16290
Rua Mil Oitocentos E Vinte E Dois,Ipiranga,26,1,0,Casa,1231,1283
Rua Justino Nigro,Interlagos,250,4,2,Casa,4500,4900
Rua Susana Rodrigues,Santo Amaro,62,2,0,Apartamento,1569,2096
Rua Coronel Meireles 462 Casa 11 Penha Vila Lais,Vila Laís,180,3,2,Casa em condomínio,3800,4122
Avenida Nove de Julho,Bela Vista,35,1,1,Apartamento,5500,6120
Rua Guilherme Asbahr Neto,Chácara Monte Alegre,120,2,1,Casa,4500,4816
Rua Pedroso Alvarenga,Itaim Bibi,29,1,1,Studio e kitnet,5700,6404
Rua Joaquim José Esteves,Santo Amaro,338,4,3,Apartamento,15000,24540
Rua Fani Lerner,Parque Nações Unidas,43,2,0,Apartamento,1350,1402
Avenida Marechal Eurico Gaspar Dutra,Santana,45,1,0,Casa,1078,1226
Rua Chamantá,Vila Prudente,240,3,4,Casa,3800,4086
Rua Guaperuvu,Vila Aricanduva,36,1,0,Apartamento,1200,1501
Rua Engenheiro Bianor,Butantã,26,1,0,Apartamento,3200,3738
Rua São Diogo,Vila Araguaia,69,2,1,Casa em condomínio,2200,2293
Alameda Joaquim Eugênio de Lima,Jardim Paulista,70,2,1,Apartamento,3500,5601
Rua Fradique Coutinho,Pinheiros,135,3,2,Apartamento,6200,10130
Rua Marcelo Homem de Melo,Quarta Parada,62,2,0,Casa,2500,2594
Rua Alves Guimarães,Pinheiros,58,2,1,Apartamento,5000,6147
Avenida Amador Bueno da Veiga,Penha de França,58,2,1,Apartamento,2500,3476
Avenida Vila Ema,Vila Ema,26,1,0,Apartamento,1600,2012
Rua Oliveira Alves,Ipiranga,125,3,2,Apartamento,7000,8070
Rua Antônio de Barros,Vila Carrão,34,2,0,Apartamento,1690,1768
Avenida Joaquina Ramalho,Vila Guilherme,60,3,1,Apartamento,3000,3845
Rua São João Batista,Cambuci,70,3,1,Apartamento,2200,2844
Rua Luiz Seráphico Júnior,Jardim Caravelas,109,3,2,Apartamento,6500,8084
Rua Ouvidor Portugal,Vila Monumento,19,1,0,Studio e kitnet,1050,1126
Rua Emília Marengo,Vila Regente Feijó,60,2,1,Apartamento,2000,3044
Rua Campos Bicudo,Jardim Europa,50,1,1,Studio e kitnet,3500,5415
Rua Daniel José Pereira,Rio Pequeno,125,4,2,Casa em condomínio,3880,4334
Rua Tabatinguera,Sé,98,2,0,Apartamento,2600,3250
Rua Guararapes,Brooklin Paulista,72,2,1,Apartamento,3500,5187
Rua Leôncio da Costa Vieira,Jardim Piqueroby,37,1,0,Apartamento,1250,1428
Rua Doutor Penaforte Mendes,Bela Vista,37,1,0,Studio e kitnet,1800,2539
Rua Matias Pacheco,Vila Palmeiras,90,2,1,Casa,2010,2189
Rua Caconde,Jardim Paulista,122,2,0,Apartamento,3200,5114
Rua Engenheiro Jean Buff,Jardim Paraíso,36,1,0,Apartamento,1520,2119
Rua Camé,Mooca,100,2,2,Apartamento,2720,4557
Rua Francisco Alves,Vila Romana,22,1,0,Casa,950,1124
Rua Palacete das Águias,Vila Alexandria,60,2,1,Apartamento,1955,3130
Rua José Getúlio,Liberdade,36,1,0,Apartamento,2100,2911
Rua José Teles da Conceição,Cipava,30,1,1,Studio e kitnet,1000,1038
Rua Ibitirama,Vila Prudente,68,2,1,Apartamento,1400,2176
Rua Santa Justina,Vila Olímpia,110,3,1,Apartamento,3702,5409
Rua Antônio Gebara,Planalto Paulista,260,4,3,Casa,8800,9823
Rua Taubaté,Vila Fernandes,54,2,1,Apartamento,2560,3172
Praça da República,República,39,1,1,Studio e kitnet,2210,2896
Rua Alexandrino da Silveira Bueno,Cambuci,38,2,0,Apartamento,1750,2068
Rua Antônio Benedito Machado Florence,Jardim Cidade Pirituba,74,1,0,Casa,1600,1668
Rua São José,Santo Amaro,216,3,4,Apartamento,6000,9954
Rua Maria Carolina,Jardim Paulistano,27,1,1,Studio e kitnet,5000,5779
Rua Luciano Fernandes,Jardim Divinolandia,300,3,3,Casa,2500,2584
Rua Lucrécia Maciel,Jabaquara,51,2,1,Apartamento,2800,3555
Rua Primeira Cruz,Parque Independencia,250,3,1,Casa,2150,2403
Largo São José do Maranhão,Maranhão,46,1,0,Casa,1700,1843
Avenida Padres Olivetanos,Vila Esperança,35,1,0,Apartamento,1400,1497
Alameda das Camélias,Alphaville,344,4,4,Casa em condomínio,11490,13640
Vespasiano,Vila Romana,175,3,3,Casa,7250,7870
Rua Tabatinguera,Liberdade,34,1,0,Apartamento,978,1381
Avenida Ômega,Melville Empresarial Ii,212,3,2,Apartamento,14000,17610
Rua Domingos Fasolari,Casa Verde,150,3,0,Casa,3020,3314
Avenida Nova Independência,Brooklin,125,2,3,Apartamento,9200,11960
Rua Cajaíba,Pompeia,80,2,1,Apartamento,2820,3924
Rua Bonnard,Alphaville Empresarial,47,1,2,Apartamento,3300,3900
Rua Karl Czernick,Santo Amaro,275,4,3,Casa,5330,6024
Rua Major Dantas Cortez,Vila Gustavo,50,2,1,Apartamento,1780,2371
Rua Cupiara,Vila Santa Clara,131,4,3,Casa,3000,3398
Rua Comendador Miguel Calfat,Vila Nova Conceição,37,1,1,Apartamento,3200,3990
Rua Paraíba do Sul,Vila Rosália,104,3,1,Casa,2000,2160
Rua Vieira de Morais,Campo Belo,52,1,1,Studio e kitnet,4000,5149
Rua Mario Amaral,Paraíso,100,3,1,Apartamento,7270,8899
Avenida Ômega,Melville Empresarial I E Ii,51,1,1,Apartamento,3700,4322
Rua Caetanos,Vila Regente Feijó,180,3,2,Casa,8000,8472
Rua Pascal,Campo Belo,36,1,1,Studio e kitnet,3120,3999
Rua Cambembé,Cidade Mãe do Céu,35,1,0,Casa,1700,1863
Avenida Lacerda Franco,Cambuci,72,2,0,Apartamento,2200,3082
Avenida Ítalo Brasileiro Piva,Picanço,64,2,1,Apartamento,4500,5174
Praça Visconde de Sousa Fontes,Parque da Mooca,80,2,1,Apartamento,3500,5002
Rua Domingos Lopes da Silva,Vila Suzana,58,1,1,Apartamento,3400,4331
Rua Estado de Israel,Vila Clementino,42,1,1,Apartamento,1700,2455
Largo do Arouche,República,30,1,0,Apartamento,2000,2627
Rua Henri Dunant,Santo Amaro,232,4,2,Casa,10380,11190
Rua Eugênio de Medeiros,Pinheiros,34,1,1,Apartamento,4850,5677
Rua Doutor Alfredo de Castro,Barra Funda,59,2,1,Apartamento,3300,4224
Alameda Jaú,Jardim Paulista,107,3,1,Apartamento,6900,9022
Rua Costa Aguiar,Ipiranga,110,3,2,Casa,5500,5993
Rua Josef Kryss,Parque Industrial Tomas Edson,29,1,0,Apartamento,1760,2206
Alameda Jaú,Jardim Paulista,30,1,1,Studio e kitnet,3100,4387
Rua Alfredo Jorel,Jardim Celeste,49,2,1,Apartamento,1700,2280
Rua Verônica,Vila dos Andrades,70,2,0,Casa em condomínio,1300,1472
Rua Doutor Albuquerque Lins,Santa Cecilia,32,1,1,Apartamento,2800,3903
Rua Simão de Toledo Piza,Vila Libanesa,65,2,1,Casa,1680,1844
Rua dos Estudantes,Sé,24,1,0,Studio e kitnet,1572,2028
Rua Nossa Senhora da Saúde,Jardim Previdencia,22,1,0,Casa,1190,1263
Rua Michigan,Cidade Monções,130,2,2,Apartamento,14000,16270
Rua Florindo Braglia,Jardim São Paulo(zona Norte),25,1,0,Casa em condomínio,1500,1622
Alameda Eduardo Prado,Campos Elíseos,32,1,1,Studio e kitnet,1150,1714
Rua René Zamlutti,Jardim Vila Mariana,140,3,3,Apartamento,3990,6701
Avenida Lacerda Franco,Cambuci,51,2,1,Apartamento,2650,3640
Av Leonardo da Vinte,Vila Nogueira,43,2,2,Apartamento,2100,3341
Rua Comendador Armando Pereira,Parque Casa de Pedra,50,1,0,Casa em condomínio,980,1063
Rua Cipriano Barata,Ipiranga,53,2,1,Apartamento,2700,3563
Avenida Yervant Kissajikian,Vila Constança,55,2,1,Apartamento,1650,2221
Rua Girassol,Vila Madalena,25,1,0,Apartamento,2770,3508
Rua Martim Burchard,Brás,39,2,0,Apartamento,2500,2993
Rua Paulo Vidigal Vicente de Azevedo,Vila Siqueira (zona Norte),70,2,0,Apartamento,2480,2812
Avenida Mofarrej,Vila Leopoldina,96,2,2,Apartamento,6500,7795
Rua Agostinho Beltrano,Tremembé,50,2,0,Casa,900,915
Rua João Perestrello,Vila Nova Mazzei,145,3,2,Casa,2900,3154
Avenida Belisário Pena,Vila Maria Alta,70,2,1,Apartamento,2400,3131
Rua João Antônio de Oliveira,Mooca,82,2,2,Apartamento,4200,5570
Avenida Sanatório,Jardim Modelo,30,1,1,Casa,1030,1114
Travessa Santa Filomena,Vila Campo Grande,4,1,0,Casa,630,641
Rua dos Macaxás,Vila Nair,100,2,3,Casa,3800,3863
Avenida Professor José Maria Alkmin,Jardim Ester,30,1,0,Casa,1200,1251
Avenida São João,Santa Cecília,42,1,1,Studio e kitnet,1634,2354
Rua Coronel Luís de Faria E Sousa,Vila do Encontro,45,1,1,Casa,1587,1765
Avenida Rangel Pestana,Jardim Brasília (zona Norte),33,1,0,Apartamento,1900,2273
Rua Amaral Gama,Santana,77,2,2,Apartamento,4200,5374
Avenida Flora,Jaguaribe,80,3,2,Apartamento,1900,2744
Rua Caetano Pinto,Brás,25,1,0,Apartamento,1012,1267
Rua Joaquim José Esteves,Santo Amaro,340,4,3,Apartamento,11250,18890
Rua Giacomo Cozarelli,Vila Santa Teresa (zona Sul),48,2,1,Apartamento,1129,1523
Rua das Gamboas,Vila Mazzei,70,1,0,Casa,1250,1303
Rua Torres da Barra,Água Branca,31,1,0,Apartamento,1664,2129
Rua Hassib Mofarrej,Vila Leopoldina,35,1,0,Studio e kitnet,2800,3208
Rua Joaquim Távora,Vila Mariana,70,2,1,Apartamento,3600,5027
Rua Itajaí,Mooca,76,2,1,Apartamento,4200,5612
Rua Doutor Laerte Setúbal,Vila Suzana,64,3,1,Apartamento,3200,4195
Avenida Itaberaba,Nossa Senhora do Ó,56,2,1,Apartamento,2300,2918
Avenida Divino Salvador,Planalto Paulista,83,2,1,Casa,3700,4197
Rua Pontins,Santana,178,3,4,Apartamento,7800,10920
Avenida Rubem Berta,Indianópolis,27,1,0,Studio e kitnet,3200,3998
Rua Benjamin Costa,Jardim Aeroporto,100,3,2,Casa,3800,3961
Rua Chafic Maluf,Santo Amaro,120,2,2,Casa,5734,5977
Rua Genebra,Bela Vista,42,1,1,Studio e kitnet,4500,5284
Rua Capote Valente,Pinheiros,52,1,2,Apartamento,3960,5820
Rua Franklin do Amaral,Imirim,42,2,1,Apartamento,2000,2345
Rua Augusta,Consolação,52,2,0,Apartamento,2910,3683
Rua Vitória Régia,Campestre,101,3,2,Apartamento,4000,5215
Rua Nelson Gama de Oliveira,Vila Andrade,80,2,1,Apartamento,3200,4195
Rua Jose Ferreira Brandao,Jardim do Papai,125,3,5,Casa,3500,3898
Rua Stela Marina,Brooklin Paulista,24,1,0,Studio e kitnet,3010,3567
Rua João Avelino Pinho Mellão,Paraisópolis,51,2,1,Apartamento,2300,3236
Rua Taquarituba,Jabaquara,40,2,1,Casa,1000,1042
Rua Atuaí,Vila Esperança,35,1,1,Studio e kitnet,1560,2182
Rua Jaboticabal,Vila Bertioga,89,2,2,Apartamento,3100,4470
Rua Doutor Fleury Silveira,Vila Santa Maria,42,2,1,Apartamento,1550,2109
Avenida Professora Ida Kolb,Jardim das Laranjeiras,70,2,1,Apartamento,2700,3558
Praça Doutor Mário Margarido,Liberdade,36,1,0,Studio e kitnet,816,1274
"Rua Haddock Lobo, 804",Cerqueira César,45,1,1,Apartamento,2790,5143
Rua José Maria Lisboa,Jardim Paulista,110,2,1,Apartamento,11500,14600
Rua Santo Amaro,Bela Vista,30,1,0,Apartamento,1377,1983
Rua Martim Burchard,Brás,45,2,0,Apartamento,1640,2048
Rua Domingos Maza,Vila Boacava,33,1,0,Casa em condomínio,1100,1147
Alameda Barros,Santa Cecilia,35,1,0,Apartamento,2000,2519
Rua Carolina Soares,Vila Diva (zona Norte),35,1,1,Apartamento,2200,2914
Avenida José Joaquim Seabra,Jardim Ivana,40,1,0,Studio e kitnet,1070,1211
Rua Doutor Penaforte Mendes,Bela Vista,41,1,1,Apartamento,3400,4278
Rua Major Quedinho,República,33,1,0,Apartamento,1020,1607
Rua Ministro Godói,Perdizes,25,1,0,Apartamento,2950,3494
Rua das Flechas,Vila Santa Catarina,81,2,1,Apartamento,6800,7703
Rua Doutor Mário Ferraz,Jardim Europa,90,1,0,Apartamento,8500,11560
Rua Janguruçu,Parque da Mooca,36,1,1,Studio e kitnet,2200,2485
Alameda Franca,Jardim Paulista,77,2,1,Apartamento,5400,6653
Rua Doutor Antônio Bento,Santo Amaro,106,3,2,Apartamento,7000,8572
Rua dos Comerciários,Cidade Vargas,220,4,6,Casa,10000,10930
Avenida Doutor Washington Luíz,Rudge Ramos,48,2,1,Apartamento,1700,2129
Avenida Lins de Vasconcelos,Vila Mariana,65,2,2,Apartamento,4200,5451
Avenida Raimundo Pereira de Magalhães,Jardim Íris,64,3,1,Apartamento,2820,3758
Rua dos Jacintos,Mirandópolis,44,1,1,Apartamento,1600,2809
Rua Gregório Zucchini,Jardim Olympia,230,4,5,Casa em condomínio,5000,5957
Rua Domingos Fasolari,Casa Verde,109,3,2,Apartamento,7200,8620
Rua do Oratório,Mooca,45,2,1,Apartamento,2400,3138
Rua Sebastião Gonçalves Silva,Casa Verde,65,1,1,Casa,1500,1647
Rua Pereira Leite,Alto de Pinheiros,325,4,4,Casa,12000,12610
Rua Abílio Pedro Ramos,Vila Nilo,50,2,0,Casa,1020,1093
Rua Professor Raul Briquet,Vila Libanesa,35,1,0,Casa,980,1122
Rua Senador César Lacerda Vergueiro,Sumarezinho,149,3,2,Apartamento,13000,16080
Rua Tenente Sylvio Fleming,Vila Bonilha,64,2,1,Apartamento,1200,1950
Avenida Jaguaré,Jaguaré,91,3,0,Apartamento,2500,3164
Rua Santo Irineu,Bosque da Saúde,82,2,1,Casa,3400,3680
Rua Riskallah Jorge,Centro,46,1,0,Studio e kitnet,1530,1929
Rua Flora,Brás,49,2,0,Apartamento,1650,2091
Rua Demerval da Fonseca,Jardim Santa Terezinha (zona Leste),60,3,1,Apartamento,1200,1697
Rua Tapari,Vila Esperança,22,1,0,Studio e kitnet,1950,2262
Rua Marquês de Itu,Vila Buarque,30,1,0,Studio e kitnet,980,1418
Rua Abílio Soares,Paraíso,127,2,1,Apartamento,4000,5743
Rua Bucuituba,Vila Margarida,34,1,0,Apartamento,1100,1216
Rua Aurora,Santa Efigênia,28,1,0,Studio e kitnet,1990,2551
Avenida 11 de Junho,Vila Clementino,75,2,1,Apartamento,3017,4187
Alameda Mamoré,Alphaville Industrial,24,1,1,Studio e kitnet,2800,3508
Rua Valson Lopes,Vila Butantã,38,2,1,Apartamento,3000,3435
Avenida Curió,Campanário,40,2,1,Apartamento,1734,2312
Avenida Deputado Emílio Carlos,Limão,43,2,1,Apartamento,1250,1882
Rua Almansa,Vila Andrade,105,2,3,Apartamento,7800,9965
Rua Augusta,Cerqueira César,25,1,0,Casa,1232,1726
Rua Antônio Carlos,Consolação,64,2,0,Apartamento,6200,7367
Avenida Rio Branco,Campos Elíseos,32,1,0,Apartamento,1300,1800
Rua Carlos Belmiro Correia,Parque Peruche,57,2,1,Casa,1500,2306
Rua das Águias Reais,Vila Cardoso Franco,50,2,1,Apartamento,791,1212
Rua Bertioga,Chácara Inglesa,63,2,1,Apartamento,3370,4263
Rua Buritis,Vila Parque Jabaquara,134,3,2,Apartamento,8625,11500
Rua Solimões,Barra Funda,300,3,0,Casa,2550,2859
Rua Doutor Nelson da Veiga,Vila Nova Mazzei,65,2,1,Casa em condomínio,2987,3479
Avenida Parkinson,Alphaville Empresarial,255,4,3,Apartamento,12500,14980
Rua José Paolone,Santa Paula,56,2,1,Apartamento,2910,3547
Avenida Vereador José Diniz,Santo Amaro,23,1,0,Studio e kitnet,3200,3667
Rua Professor Lúcio Martins Rodrigues,Jardim Leonor,294,4,2,Apartamento,13000,18110
Rua Vitório Tafarello,Km 18,50,1,0,Casa,780,813
Rua Oliveira Catrambi,Jardim Vila Formosa,77,2,1,Studio e kitnet,6000,6577
Rua Rubéns de Souza Araújo,Vila Mangalot,58,2,1,Apartamento,1500,2363
Rua Adalgisa,Vila Nilo,65,2,0,Casa,1150,1199
Rua Oscar Freire,Pinheiros,148,2,1,Apartamento,5000,6523
Rua Borges Lagoa,Vila Clementino,45,1,1,Apartamento,4100,5317
Avenida Miguel Stéfano,Bosque da Saúde,57,2,1,Apartamento,2200,2884
Avenida Professor José Maria Alkmin,Jardim Ester,64,2,1,Apartamento,1858,2532
"R. Conselheiro Moreira de Barros - Santana, São Paulo - Sp, Brasil",Santana,140,3,3,Apartamento,3000,5203
Rua Pedro Vicente,Luz,28,1,0,Studio e kitnet,1450,1656
Rua Doutor Plínio Barreto,Bela Vista,60,2,1,Apartamento,5500,6504
Rua Salgueiral,Jardim Cidália,91,2,2,Casa,5000,5193
Rua José Getúlio,Liberdade,42,2,0,Apartamento,1600,2112
Rua Cajaíba,Vila Pompéia,70,3,1,Apartamento,2850,4150
Rua Hipódromo,Brás,22,1,0,Studio e kitnet,1400,1454
Avenida Doutor Ezequiel Campos Dias,Jardim Jussara,15,1,0,Apartamento,1090,1132
Rua Marcus Pereira,Vila Suzana,300,3,3,Apartamento,3100,5787
Rua Sampaio Viana,Paraíso,39,1,1,Studio e kitnet,3950,5109
Rua Bela Cintra,Consolação,110,2,1,Apartamento,4100,5608
Rua Latif Fakhouri,Vila Santa Catarina,58,2,2,Apartamento,2400,3333
Rua Baltazar da Silveira,Vila Pereira Cerca,250,3,6,Casa,5250,5472
Rua Haddock Lobo,Cerqueira César,98,3,1,Apartamento,10170,12550
Viaduto Nove de Julho,Centro,50,1,0,Apartamento,1750,2288
"Rua Turiuba, 114, Água Fria",Água Fria,38,1,0,Casa em condomínio,1249,1367
Rua Joaquim Ferreira,Água Branca,45,1,1,Apartamento,3250,4233
Rua Serra de Jairé,Quarta Parada,40,1,0,Apartamento,2700,3185
Rua Conde de São Joaquim,Bela Vista,35,1,1,Apartamento,1600,2490
Rua da Matriz,Santo Amaro,92,2,0,Apartamento,1800,2417
Rua Cayowaá,Perdizes,200,5,3,Apartamento,8500,11670
Avenida Nove de Julho,Bela Vista,30,1,0,Studio e kitnet,2000,2342
"Campo Belo, São Paulo - Sp, 04610-001, Brasil",Campo Belo,260,4,4,Apartamento,11900,16930
Rua João Cachoeira,Vila Nova Conceição,125,2,1,Apartamento,4500,6066
Rua Tenente Ubirajara Monory,Jabaquara,60,3,0,Apartamento,2200,2734
Rua João Burjakian,Lauzane Paulista,36,1,0,Apartamento,930,966
Avenida Junta Mizumoto,Jardim Peri Peri,23,1,0,Casa em condomínio,1500,1734
Rua Queriri,Chácara Califórnia,72,3,1,Apartamento,2500,3651
Rua Kansas,Brooklin Paulista,66,1,1,Apartamento,6040,8143
Rua Mazzini,Aclimação,108,2,1,Apartamento,4125,5244
Rua Capitão-mor Jerônimo Leitão,Centro Histórico de São Paulo,36,1,0,Studio e kitnet,1785,2144
Rua Sebastião Paes,Campo Belo,90,2,2,Apartamento,3630,5000
Rua Agop Kerimian,Vila Celeste,250,2,2,Casa,2180,2277
Rua Valdomiro Lôbo da Costa,Vila das Mercês,20,1,0,Apartamento,890,962
Rua Dona Antônia de Queirós,Consolação,37,1,1,Apartamento,2700,3588
Rua Armando Ramos Filho,Moinho Velho,40,1,0,Apartamento,1200,1347
"Rua Quedas , 315",Vila Isolina Mazzei,60,2,0,Casa em condomínio,2600,2785
Rua Doutor Caetano Estellita Pernet,Jardim Haia do Carrao,48,1,0,Casa,841,876
R. Santo Antônio,Bela Vista,44,1,0,Apartamento,2000,2419
Rua Borba Gato,Santo Amaro,87,3,2,Apartamento,3600,5335
Rua Abaitara,Vila Mesquita,25,1,0,Casa,800,936
Rua das Palmeiras,Gopoúva,75,3,1,Apartamento,2600,3320
Rua Solidônio Leite,Vila Ivone,54,2,1,Apartamento,1300,1810
Avenida Vila Ema,Vila Ema,27,1,0,Apartamento,950,1327
Rua Major Sertório,Vila Buarque,45,2,0,Apartamento,3200,4183
Rua Azevedo Soares,Vila Gomes Cardim,55,2,1,Apartamento,3500,4271
Rua São Gil,Tatuapé,80,2,1,Casa,2300,2398
Avenida Prestes Maia,Centro,37,1,0,Apartamento,1560,1986
Rua Salvador Mastropietro,Vila Prudente,90,1,0,Casa,1500,1704
Rua Mercedes Salano Castineiras,Jardim Patente Novo,64,2,2,Apartamento,1999,2595
Rua Enótria,Vila Mazzei,41,1,1,Apartamento,1840,2212
Rua Floro de Oliveira,Jardim Adriana,50,2,1,Apartamento,1200,1547
Rua Bacarira,Chácara Santo Antônio (zona Leste),90,3,1,Casa,2600,2710
Rua Doutor Goulart Penteado,Vila Diva (zona Leste),135,3,3,Apartamento,7500,9480
Rua Abraão Miguel do Carmo,Vila Monte Alegre,97,3,2,Apartamento,2961,4297
Rua do Oratório,Mooca,100,2,1,Casa,4000,4170
Rua Vinte E Quatro de Maio,República,37,1,0,Apartamento,1015,1435
Rua Vicenzo Paciulo,Jardim Gracinda,70,2,1,Apartamento,2300,2935
Rua Alexandre Levi,Cambuci,72,2,2,Apartamento,3800,4598
Rua Guaratuba,Vila Guarani (zona Sul),89,4,2,Apartamento,15000,17110
Avenida Professor Francisco Morato,Butantã,67,2,1,Apartamento,4900,5739
Rua Alto Taquari,Jardim Vista Linda,120,3,2,Casa,2500,2606
Rua Júlio Diniz,Vila Olímpia,200,3,2,Casa,6900,8027
Avenida Varsóvia,Vila Metalurgica,50,2,1,Apartamento,4000,4463
Rua Davi Hume,Vila Mariana,22,1,0,Apartamento,2850,3527
Rua Jumana,Mooca,45,1,0,Apartamento,2000,2242
Rua Frei Mont’alverne,Vila Aricanduva,90,2,1,Casa,3500,3648
Rua Professor João Simões,Vila Santo Estéfano,50,1,0,Casa,1110,1232
Rua Jaceguai,Bela Vista,34,1,0,Apartamento,2200,2284
Rua Doutor Olavo Egídio,Santana,34,1,1,Apartamento,3000,3116
Rua Bela Cintra,Consolação,26,1,0,Studio e kitnet,3292,3927
Rua Bela Cintra,Consolação,42,1,1,Studio e kitnet,2200,3958
Rua Professor Vital Palma E Silva,Jardim Europa,98,2,2,Apartamento,4500,8245
Rua Gerivatiba,Butantã,35,1,1,Apartamento,5800,7148
Avenida Brigadeiro Luís Antônio,Bela Vista,58,2,1,Apartamento,4500,5436
Avenida Ultramarino,Lauzane Paulista,50,1,0,Casa,1000,1042
Rua Paulo de Avelar,Vila Dom Pedro Ii,58,2,2,Apartamento,2400,3623
Rua Ascencional,Jardim Ampliação,39,1,1,Apartamento,2400,3323
Rua Vitoantonio Del Vecchio,Parque da Mooca,33,1,1,Apartamento,2813,4629
Avenida Nove de Julho,Jardim Paulista,40,1,1,Apartamento,4800,4862
Alameda Ribeiro da Silva,Campos Elíseos,42,1,0,Studio e kitnet,1000,1605
Rua Antônio Gebara,Vila da Saúde,100,3,2,Casa,4000,4236
Rua Percílio Neto,Vila Gumercindo,65,2,2,Apartamento,2250,3418
Rua dos Americanos,Barra Funda,56,2,2,Apartamento,3100,4417
Rua Carlos Belmiro Correia,Parque Peruche,57,2,1,Apartamento,1500,2408
Rua Gomes Leal,Vila Dionisia,90,3,2,Casa,2000,2085
Avenida Cipriano Rodrigues,Vila Formosa,39,2,1,Apartamento,1800,2319
Avenida Professora Virgília Rodrigues Alves de Carvalho Pinto,Jardim Leonor Mendes de Barros,170,3,2,Casa em condomínio,2800,3701
Avenida Edmundo Amaral,Piratininga,57,2,1,Apartamento,1200,1973
Rua Catulo da Paixão Cearense,Vila da Saúde,85,2,2,Apartamento,4095,5438
Rua Visconde de Aguiar Toledo,Vila Congonhas,20,1,0,Casa,2050,2387
Rua Humaitá,Bela Vista,51,1,0,Apartamento,1300,1968
Rua Doutor Orlando Zamitti Mammana,Jardim Paraíso,68,2,1,Apartamento,3500,5041
Rua Comendador Gabriel Calfat,Jardim Leonor,350,4,5,Casa,15000,16640
Rua Pirizal,Vila Carmosina,80,2,1,Casa,1800,1896
Rua Conde de Irajá,Vila Mariana,68,1,0,Apartamento,2200,2648
Alameda dos Araés,Planalto Paulista,367,6,4,Casa,9000,9270
Avenida Braz Leme,Santana,115,2,2,Apartamento,5500,7084
Rua Camundo,Planalto Paulista,140,4,2,Casa,6000,6409
Rua Antônio Aggio,Jardim Ampliação,75,2,2,Apartamento,2395,3994
Rua Guatemala,Vila Engenho Novo,85,2,1,Casa,2400,2532
Rua Manoel Augusto Ferreirinha,Nova Gerty,90,2,1,Apartamento,3500,3914
Rua Coronel Luís Barroso,Santo Amaro,33,1,1,Apartamento,2550,3379
Rua Kalil Nader Habr,Vila Santo Estefano,70,3,1,Casa,2200,2293
Rua Itajaí,Mooca,84,3,1,Apartamento,3550,4681
Avenida Arruda Botelho,Alto de Pinheiros,113,3,2,Apartamento,8000,10740
Rua Albino Boldasso Gabril,Vila Cruzeiro,37,1,0,Casa,1350,1551
Rua Aquiles Jovane,Jardim Celeste,48,2,1,Apartamento,1400,2017
Rua Doutor Albuquerque Lins,Santa Cecília,96,3,0,Apartamento,3999,4610
Rua Henrique Casela,Jardim América da Penha,45,2,1,Apartamento,1400,1754
Rua Helena Zerrener,Liberdade,50,2,0,Apartamento,1420,1863
Avenida Brigadeiro Luís Antônio,Jardim Paulista,47,1,1,Apartamento,3000,4120
Rua Doutor Teodoro Baima,República,20,1,0,Apartamento,2500,2912
Avenida Maestro Villa-lobos,Vila Gustavo,80,2,0,Casa,1300,1475
Rua Rio Verde,Vila Bruna,47,2,1,Apartamento,1785,2374
Rua Domingos Lopes da Silva,Vila Suzana,220,3,4,Apartamento,4500,8191
Rua São Bernardo,Cidade Mãe do Céu,34,2,1,Apartamento,2300,2330
Rua Rêgo Freitas,República,20,1,0,Studio e kitnet,2100,2523
Rua Tapari,Vila Esperança,23,1,0,Studio e kitnet,1675,2005
Rua Maria Béu Nunes,Jardim Kuabara,181,4,2,Casa,3800,4146
Rua da Consolação,República,24,1,0,Apartamento,2400,2934
Rua Gargaú,Jardim Planalto,65,2,0,Casa,800,834
Rua Domiciano Leite Ribeiro,Vila Guarani (zona Sul),59,2,1,Apartamento,2700,3533
Avenida Paes de Barros,Mooca,107,3,1,Apartamento,2000,3353
Rua Vitor Costa,Bosque da Saúde,40,1,0,Casa,1300,1495
Avenida dos Parques,Centro de Apoio I (alphaville),48,1,1,Studio e kitnet,2700,3784
Rua Rui Barbosa,Vila Osasco,103,2,1,Casa,3900,4152
Alameda Ministro Rocha Azevedo,Cerqueira César,120,2,1,Apartamento,7000,9423
Rua Lacedemônia,Jardim Brasil (zona Sul),100,3,2,Apartamento,2680,4461
Alameda Cores da Mata,Tamboré,125,2,2,Apartamento,7000,9070
Rua dos Buritis,Jardim Oriental,240,4,4,Casa,10000,10480
Rua Alba,Vila Parque Jabaquara,61,2,1,Apartamento,2200,2296
Avenida Escragnolle Dória,Jardim Vila Formosa,30,1,0,Casa,1300,1355
Avenida Gaivota Preta,Jardim Valeria,50,2,1,Apartamento,1500,1788
Rua Arruda Alvim,Pinheiros,50,1,2,Apartamento,3707,5006
Rua Yayá,Canhema,44,2,1,Apartamento,2065,2701
Rua Doutor José de Queirós Aranha,Vila Mariana,80,2,1,Apartamento,2290,3198
Rua Doutor José Carlos de Toledo Piza,Jardim Parque Morumbi,104,3,1,Apartamento,6500,7476
Rua Murutinga,Jardim Oriental,120,4,0,Casa,5160,5522
Rua Francisco Borges,Bom Retiro,69,1,0,Apartamento,1650,2020
Alameda dos Jurupis,Moema,56,1,1,Apartamento,4000,5884
Avenida Sebastião Henriques,Vila Siqueira (zona Norte),67,3,1,Apartamento,3000,3817
Avenida São João,República,29,1,0,Apartamento,1427,1792
Rua do Paraíso,Paraíso,46,1,2,Studio e kitnet,2850,4304
Rua Ouricuri,Vila Formosa,40,1,0,Casa em condomínio,800,834
Rua Bela Cintra,Consolação,150,3,1,Apartamento,5000,7949
Rua Conselheiro Furtado,Liberdade,35,1,0,Studio e kitnet,1350,1923
Rua Angá,Vila Formosa,57,2,1,Apartamento,2400,2902
Avenida Nova Cantareira,Tucuruvi,52,2,1,Apartamento,1400,2425
Avenida Tiradentes,Jardim das Nações,63,2,0,Apartamento,1600,1962
Rua Carolina Soares,Vila Diva (zona Norte),40,1,1,Apartamento,2099,2962
Rua Chamantá,Vila Prudente,150,2,2,Casa,4750,5058
Rua Amadis,Ipiranga,28,1,0,Apartamento,1400,1418
Alameda Lorena,Jardim Paulista,170,2,2,Apartamento,7000,9960
Rua Tabatinguera,Sé,26,1,0,Apartamento,1020,1339
Avenida Brumado de Minas,Jardim Independência (são Paulo),70,2,1,Casa,1670,1960
Rua Santa Archélia,Jardim Casablanca,50,1,0,Casa,900,938
Rua das Aroeiras,Jardim,60,2,2,Apartamento,2300,2857
Rua Abdo Ambuba,Vila Andrade,50,2,2,Apartamento,1900,3084
Rua Marquês de Valença,Alto da Mooca,79,3,2,Apartamento,3000,4228
Avenida Gago Coutinho,Santa Maria,38,1,1,Casa,870,932
Rua Castilho,Brooklin Paulista,45,1,1,Apartamento,3510,4250
Rua Marechal Hermes da Fonseca,Santana,52,1,1,Apartamento,1592,2004
Rua Liestal,Lauzane Paulista,60,2,1,Apartamento,1800,2569
Rua Édison,Campo Belo,128,2,2,Apartamento,8000,9901
Rua Tonelero,Vila Ipojuca,69,2,2,Apartamento,3900,5350
Rua Santa Isabel,Vila Buarque,55,1,0,Apartamento,1600,2112
Rua Aimberê,Sumaré,57,2,1,Apartamento,4500,5646
Praça Conceição do Herval,Chácara Santo Antônio (zona Leste),56,2,0,Apartamento,1350,1618
Rua França Pinto,Vila Mariana,145,4,2,Apartamento,6350,9027
Rua Amaral Gurgel,Vila Buarque,34,2,0,Apartamento,2625,3271
Avenida Salgado Filho,Centro,56,2,1,Apartamento,1240,1522
Rua Renato,Vila Ré,12,1,0,Studio e kitnet,950,987
Alameda Arlíndo Farias,Jardim Pazini,220,2,0,Casa,2390,2576
Rua Geishofer,Jardim Baruch,82,2,1,Apartamento,1250,1617
Rua Doutor Oscár Bernardes,Vila Palmares,70,2,1,Casa,1324,1380
Rua Maratona,Vila Alexandria,330,3,2,Casa,5900,6335
Avenida Yervant Kissajikian,Vila Constancia,55,2,1,Apartamento,1870,2591
Rua Mangaratú,Casa Verde,198,3,3,Casa,3100,3324
Rua Glicério,Liberdade,53,2,1,Apartamento,2450,3375
Rua Álvaro Alvin,Cipava,249,4,4,Casa,7300,7897
Avenida Roque Petroni Júnior,Jardim das Acácias,22,1,0,Studio e kitnet,3800,4521
Rua Cinco de Outubro,Americanópolis,120,2,1,Casa,1846,1924
Rua Professor Lúcio Martins Rodrigues,Vila Sonia,182,4,3,Apartamento,9000,13050
Marcos Pereira,Jardim Leonor,175,2,2,Apartamento,2030,3258
Rua General Glicério,Centro,45,1,0,Apartamento,1400,1854
Rua Tapari,Vila Esperança,72,3,1,Apartamento,3000,4000
Avenida José Galante,Vila Suzana,82,1,2,Apartamento,4550,6225
Avenida do Oratório,Jardim Angela (zona Leste),33,1,0,Apartamento,950,1100
Rua Padre Sabóia de Medeiros,Vila Maria Alta,90,2,1,Casa,1500,1713
Rua Joaquim Távora,Vila Mariana,28,1,0,Studio e kitnet,3499,3876
Rua Francisco Vieira Bueno,Vila Primavera,60,2,0,Casa,1327,1467
Avenida Giovanni Gronchi,Morumbi,310,5,6,Casa,12470,13790
Rua Fernão Dias,Pinheiros,26,1,0,Apartamento,3200,3948
Rua do Lavapés,Cambuci,30,1,0,Apartamento,1500,1850
Rua Helena Zerrener,Liberdade,32,1,0,Studio e kitnet,810,1255
Rua Abagiba,Vila da Saúde,73,3,2,Apartamento,2810,4018
Rua das Palmeiras,Vila Buarque,10,1,0,Studio e kitnet,1720,2136
Via Transversal Sul,Novo Osasco,46,2,1,Apartamento,1450,2193
Avenida Jamaris,Planalto Paulista,30,1,1,Studio e kitnet,1908,3728
Rua Joana Avancini Prado,Jardim Lallo,130,3,3,Casa,2600,2710
Rua Mariano Procópio,Ipiranga,28,1,0,Apartamento,2800,3370
Rua Santo Amaro,Bela Vista,169,3,0,Apartamento,2448,3843
Rua Gonçalo Pires,Vila Sonia,100,2,6,Casa,3100,3542
Rua Senador César Lacerda Vergueiro,Sumarezinho,65,2,0,Apartamento,2500,3355
Rua Doutor Nicolau de Sousa Queirós,Vila Mariana,85,2,2,Apartamento,15000,17190
Rua Coronel Mursa,Brás,19,1,0,Casa em condomínio,1850,2216
Rua Princesa Isabel,Brooklin Paulista,38,1,0,Apartamento,2160,3151
Rua Maria Antônia,Vila Buarque,85,2,1,Apartamento,3500,4469
Avenida Senador Queirós,Centro Histórico de São Paulo,22,1,0,Studio e kitnet,1600,2321
Rua Freire Farto,Jabaquara,20,1,0,Casa,1150,1170
Rua Artur Rodrigues Alcântara,Jardim Vila Galvão,47,2,1,Apartamento,2430,2861
Rua Guarará,Jardim Paulista,150,3,1,Apartamento,9442,9806
Praça Pedro Lessa,Centro Histórico de São Paulo,37,1,0,Studio e kitnet,2190,3010
Rua Professor Luis Eulálio de Bueno Vidigal,Centro,49,2,1,Apartamento,2600,3057
Avenida Joaquina Ramalho,Vila Guilherme,62,2,1,Apartamento,2125,2948
Avenida Pompéia,Pompeia,160,3,3,Casa,3750,4950
Rua Panônia,Jardim Colombo,200,3,0,Casa em condomínio,3072,3536
Rua Alves de Almeida,Chácara Belenzinho,62,2,1,Casa em condomínio,2200,2479
Rua Diana,Perdizes,86,2,1,Apartamento,2500,3763
Rua Domingos Afonso,Vila Santa Clara,63,2,1,Apartamento,4800,5607
Rua das Heras,Vila Lucia,50,2,0,Apartamento,1655,1878
Rua Carapocaia,Vila Isolina Mazzei,160,3,1,Casa,2700,3056
Rua Campos Belos,Vila Rosalia,110,3,2,Casa,5000,5462
Rua Padre João Manuel,Cerqueira César,80,1,1,Apartamento,5900,7754
Rua São José,Santo Amaro,330,3,3,Apartamento,12000,18150
Avenida Junta Mizumoto,Jardim Peri Peri,35,1,0,Apartamento,2500,2587
Rua Benedita Aparecida Nogueira,Cidade Intercap,166,3,3,Casa,3200,3465
Rua Eugênio de Medeiros,Pinheiros,34,1,1,Studio e kitnet,4750,5582
Rua Brigadeiro Tobias,Centro Histórico de São Paulo,52,1,0,Apartamento,1000,1638
Rua Aguiar de Barros,Bela Vista,20,1,0,Studio e kitnet,2100,2489
Rua Iracema Senna Cerqueira dos Santos,Cidade Intercap,200,3,1,Casa,2500,2731
Rua Consolação,Cerqueira César,70,2,1,Apartamento,3800,4858
Rua Princesa Isabel,Canhema,50,1,0,Casa,700,830
Avenida da Paz,Jardim São Judas Tadeu,62,2,1,Apartamento,1500,2337
Avenida Guarulhos,Ponte Grande,52,2,1,Apartamento,2300,2761
Rua Canuto do Val,Vila Buarque,50,1,0,Apartamento,2800,3328
Rua Doutor Saulo de Castro Bicudo,Jardim Maria Rita,200,3,4,Casa,4000,4200
Rua São Quirino,Vila Guilherme,34,2,0,Apartamento,1500,1858
Avenida 23 de Maio,Vila Mariana,130,3,1,Apartamento,6000,7591
Alameda Campinas,Alphaville,340,4,6,Casa em condomínio,15000,17190
Rua Professora Gioconda Mussolini,Vila Gomes,100,2,3,Casa,3900,4583
Rua Aurélia,Vila Romana,60,2,0,Casa,1850,2005
Rua Francisco Shigueki Nomura,Imirim,40,1,0,Apartamento,780,890
Rua Padre Feliciano Domingues,Jardim Mariliza,78,3,2,Apartamento,5200,6433
Alameda Ministro Rocha Azevedo,Cerqueira César,40,1,1,Studio e kitnet,4200,7591
Rua Heitor Peixoto,Cambuci,68,2,1,Apartamento,4800,5860
Rua Amaral Gurgel,Vila Buarque,25,1,0,Apartamento,2230,2831
Avenida Jabaquara,Mirandópolis,25,1,0,Studio e kitnet,2500,3176
Avenida Álvaro Ramos,Belenzinho,24,1,0,Studio e kitnet,1700,2378
Rua Luiz Antônio Gonçalves,Vila Campanela,220,3,4,Casa,2200,2326
Rua Albion,Lapa,60,2,0,Casa,2450,2554
Rua Flávio Iazzetti,Parque dos Principes,199,4,2,Casa,6000,7510
Rua Dona Antônia de Queirós,Consolação,57,1,1,Apartamento,4500,5464
Avenida João Dias,Santo Amaro,70,2,0,Apartamento,2230,3116
Rua Jaceru,Vila Gertrudes,53,1,1,Apartamento,4443,5404
Rua Palestina,Vila Mascote,130,3,1,Casa,4000,4311
Praça da República,República,28,1,0,Studio e kitnet,2400,3211
Rua Danúbio Azul,Jardim Guanca,42,1,1,Casa,990,1092
Rua Leopoldo Miguez,Cambuci,59,2,1,Apartamento,2019,2397
Rua Marituba,Chácara Monte Alegre,250,4,2,Casa,10000,11030
Rua Doutor Luiz Migliano,Jardim Caboré,98,2,2,Apartamento,4800,6044
Avenida Joaquina Ramalho,Vila Guilherme,42,1,0,Studio e kitnet,1500,1677
Rua Tapiraí,Vila Isolina Mazzei,67,2,1,Apartamento,2884,3695
Rua Antônio de Almeida Naves,Cidade dos Bandeirantes,42,2,1,Apartamento,2189,2706
Rua Luís Simões,Piqueri,125,2,1,Casa,2400,2502
Avenida Coronel Francisco Júlio César Alfieri,Vila São Paulo,65,2,1,Apartamento,1500,2562
Avenida Miguel Estefno,Saúde,70,3,2,Apartamento,4100,4999
Avenida Brigadeiro Luís Antônio,Jardim Paulista,75,2,2,Apartamento,5460,6992
Rua Alexandre Benois,Vila Andrade,70,1,2,Apartamento,2750,3728
Rua Coronel Oscar Porto,Paraíso,105,2,1,Apartamento,4080,5861
Avenida Delmar,Alphaville Empresarial,92,2,2,Apartamento,6259,7141
Rua Corinto de Toledo,Parque Jabaquara,135,3,4,Casa,6500,7051
"Jaguaré, São Paulo - Sp, 05334-080, Brasil",Jaguaré,45,1,0,Casa,800,834
Rua Estado de Israel,Vila Clementino,43,1,1,Apartamento,4500,5248
Alameda Afonso Schmidt,Santa Teresinha,175,3,2,Casa,3650,4141
Rua Piraçununga,Vila Bertioga,60,2,0,Studio e kitnet,1280,1393
Rua Dom Joaquim de Oliveira,Cidade Patriarca,40,2,0,Apartamento,1500,1708
Rua Amandaú,Parada Inglesa,34,2,0,Apartamento,1850,2246
Rua Algarobeira,Vila Iório,85,2,1,Casa,2100,2191
Rua República do Iraque,Brooklin Paulista,400,4,4,Casa em condomínio,14000,18690
Rua Montes Aureos,Penha de França,124,3,2,Apartamento,4070,4283
Rua Nelson Gama de Oliveira,Vila Andrade,55,2,1,Apartamento,2920,3836
Avenida do Cursino,Vila Moraes,63,2,1,Apartamento,2400,2993
Rua Tenente Coronel José Joaquim Correia de Arruda,Vila Portuguesa,50,2,0,Casa,1550,1576
Rua Coronel Francisco Júlio César Alfieri,Vila Sao Paulo,50,2,1,Apartamento,1650,2134
Rua Valson Lopes,Vila Butantã,25,1,0,Apartamento,2250,2602
Avenida Interlagos,Jardim Marajoara,65,2,1,Apartamento,2800,3992
Rua Rego Freitas,República,39,1,0,Apartamento,1400,1865
Rua São Benedito,Santo Amaro,95,2,1,Apartamento,2700,3540
Rua Brigadeiro Galvão,Barra Funda,96,3,2,Apartamento,6500,8146
Rua Nelson,Vila Isolina Mazzei,212,4,3,Casa,3750,3910
Avenida Jandira,Indianópolis,162,3,3,Apartamento,10500,13570
Avenida Celso Garcia,Tatuapé,67,2,1,Apartamento,4800,5716
Rua Bela Cintra,Consolação,200,3,2,Apartamento,15000,21700
Rua Joaquim Ferreira,Água Branca,60,2,1,Apartamento,3500,4686
Rua Tucunduva,Vila São Vicente,83,2,1,Apartamento,1800,2802
Rua Coronel Bento Bicudo,Piqueri,55,2,1,Apartamento,1420,2075
Avenida Flora,Jaguaribe,65,2,2,Apartamento,2000,3002
Rua Aldeia Paracanti,Vila Ré,31,1,0,Apartamento,1900,2394
Rua Barata Ribeiro,Bela Vista,55,2,1,Apartamento,2900,3835
Avenida Escola Politécnica,Lajeado,51,2,1,Apartamento,1800,2549
Rua Caraíbas,Pompeia,142,3,2,Apartamento,7500,10210
Rua Sebastião Paes,Nova Piraju,140,3,0,Casa,4000,4092
Rua Plínio Salgado,Jardim Peri Peri,180,4,4,Casa,5500,6035
Avenida Presidente Joao Goulart,Umuarama,50,2,1,Apartamento,2000,2718
Rua Djalma Pessolato,Interlagos,56,2,1,Apartamento,2800,3653
Avenida Cásper Líbero,Vila Osasco,198,3,3,Casa,3850,4368
Rua Aurélia,Vila Romana,70,2,0,Casa,2500,2726
Rua Maria Názaro da Silva,Sítio Morro Grande,172,3,4,Casa,3975,4313
Avenida Marcondes de Brito,Chácara Seis de Outubro,38,1,0,Apartamento,1200,1397
Rua Francisca Miquelina,Bela Vista,31,1,0,Studio e kitnet,1180,1613
Rua Ministro Roberto Cardoso Alves,Jardim Novo Santo Amaro,50,2,0,Apartamento,1900,2350
Rua Nestor Pestana,Consolação,62,1,0,Apartamento,2000,2515
Rua Maria Pais de Barros,Vila Marari,20,1,0,Studio e kitnet,566,588
Avenida Leonardo da Vinci,Vila Guarani (z Sul),50,2,1,Apartamento,1450,2416
Alameda Canto dos Passaros,Centro Empresarial Tamboré,200,3,2,Apartamento,12000,14760
Rua Desembargador Bandeira de Mello,Santo Amaro,111,3,0,Apartamento,1650,2678
Rua Claudino Barbosa,Macedo,110,2,1,Casa,3100,3232
Rua Pederneiras,Vila Palmares,60,3,1,Apartamento,1500,2214
Rua Alexandre Gusmão,Vila Socorro,48,1,0,Casa,970,1012
Rua Professor João Simões,Vila Santo Estéfano,30,1,0,Casa,880,992
Rua Asdrúbal do Nascimento,Bela Vista,44,1,0,Studio e kitnet,1010,1639
Praça Carlos Gomes,Centro,33,1,0,Studio e kitnet,1230,1710
Rua Engenheiro Bianor,Butantã,29,1,1,Studio e kitnet,2790,3392
Rua Doutor Sérgio Meira,Barra Funda,37,2,0,Apartamento,1950,2620
Rua Curiá,Jardim Sabara,58,2,1,Apartamento,3500,4145
Rua Paulo Andrighetti,Alto do Pari,54,2,1,Apartamento,2700,3150
Rua Vinte E Oito de Setembro,Vila Dom Pedro I,120,2,2,Casa,3500,3691
Rua General Jardim,Vila Buarque,34,1,0,Apartamento,1980,3094
Alameda Campinas,Jardim Paulista,112,2,3,Apartamento,12800,16580
Rua Vieira de Morais,Campo Belo,360,6,4,Casa,7000,7366
Rua das Gloxíneas,Cidade Nova São Miguel,100,3,0,Casa,1300,1355
Rua Padre Lebret,Jardim Leonor,120,2,2,Apartamento,3993,5836
Rua Conselheiro Nébias,Campos Elíseos,43,1,0,Studio e kitnet,900,1403
Rua Carlos de Mesquita,Jardim Jussara,400,3,3,Casa,6500,10570
Rua Cristiano Viana,Cerqueira César,90,1,1,Apartamento,4500,6579
Rua Manuel Vaz,Jardim Consórcio,90,2,1,Casa em condomínio,4250,4755
Rua Conselheiro Moreira de Barros,Santana,207,4,3,Apartamento,8630,10920
Rua Guaianazes,Campos Elíseos,57,2,0,Apartamento,1683,2018
Rua Mozart,Vila Rosália,56,2,1,Apartamento,2200,2685
Avenida Doutor Guilherme Dumont Vilares,Jardim Londrina,48,1,2,Apartamento,1940,2947
Rua Carlos Weber,Vila Leopoldina,80,3,2,Apartamento,3576,4874
Rua São Severiano,Vila Santana,27,1,0,Studio e kitnet,1260,1439
Rua Doutor Vila Nova,Vila Buarque,33,1,0,Studio e kitnet,2140,2793
Rua Haddock Lobo,Cerqueira César,60,1,2,Apartamento,7880,8184
Rua Baxiúva,Jardim Novo Santo Amaro,200,4,2,Casa,3740,4365
Avenida Interlagos,Interlagos,110,4,2,Apartamento,2560,3997
Rua José Maciel Neto,Jardim Maria Rosa,82,2,1,Apartamento,1890,2373
Rua General Júlio Marcondes Salgado,Campos Elíseos,40,1,1,Apartamento,1800,2568
Avenida Nova Cantareira,Tucuruvi,72,2,0,Apartamento,2580,3078
Avenida Vila Ema,Vila Ema,32,2,0,Apartamento,1250,1622
Avenida André Ramalho,Parque João Ramalho,45,1,0,Apartamento,980,1155
Avenida Guarulhos,Ponte Grande,50,2,0,Apartamento,1410,1844
Rua Glicério,Liberdade,60,1,0,Apartamento,1040,1530
Rua Otávio Lima Mendes,Jardim Rosa de Franca,82,2,1,Casa,1350,1507
Rua Major Quedinho,Centro,74,2,0,Apartamento,1500,2238
Avenida Jabaquara,Mirandópolis,33,1,1,Apartamento,2000,2736
Rua Heitor Penteado,Sumarezinho,48,2,1,Apartamento,2900,3558
Avenida Rangel Pestana,Brás,45,1,0,Apartamento,1200,1674
Rua Almirante Brasil,Mooca,50,2,0,Apartamento,3000,3766
Rua do Símbolo,Jardim Ampliacao,75,2,2,Apartamento,2452,3334
Rua Brigadeiro Gavião Peixoto,Lapa,312,5,3,Casa,10000,11190
Rua Nova Brasília,Jardim Dona Sinhá,52,2,1,Apartamento,1400,1733
Rua Antônio Ribeiro Macedo,Vila Bancária,11,2,1,Apartamento,1200,1286
Rua Professor Dias Castejon,Jardim Monte Kemel,200,4,3,Casa,5400,5763
Rua Artur Prado,Bela Vista,55,2,1,Apartamento,3400,4936
Rua Doutor Fontes de Resende,Vila Dalila,37,2,0,Apartamento,1550,1760
Rua Piratininga,Brás,60,2,1,Apartamento,2272,2968
Rua Teodoro Sampaio,Pinheiros,33,1,1,Apartamento,2100,2741
Rua Henrique Casela,Jardim América da Penha,55,2,1,Apartamento,1550,1825
Rua Manoel Dutra,Bela Vista,26,1,0,Studio e kitnet,1900,2114
Avenida Salgado Filho,Centro,59,2,1,Apartamento,1180,1524
Rua Cristiano Viana,Cerqueira César,80,1,0,Apartamento,3306,3983
Rua Conselheiro Ramalho,Bela Vista,32,1,0,Studio e kitnet,1700,2176
Rua Marquês de Lages,Vila das Merces ,54,2,1,Apartamento,2420,3015
Rua Comprida,Vila Mazzei,54,2,0,Apartamento,1700,1866
Rua do Bosque,Barra Funda,36,2,0,Apartamento,2200,2568
Rua Vicente Amato Sobrinho,Jaraguá,63,2,2,Casa em condomínio,1340,1572
Avenida Monte Celeste,Vila Santa Maria,57,2,2,Apartamento,1900,2648
Rua Clóvis Beviláqua,Jardim Vista Alegre,45,2,1,Apartamento,950,1488
Avenida Ministro Petrônio Portela,Vila Amélia,81,3,1,Apartamento,3600,4394
Rua Pio Xii,Liberdade,60,2,1,Apartamento,3000,4119
Avenida Nordestina,Cidade Nova São Miguel,35,2,0,Apartamento,1200,1512
Rua Santa Germana,Vila Buenos Aires,50,1,0,Casa em condomínio,890,1140
Rua Doutor Luiz Migliano,Jardim Vazani,148,2,2,Apartamento,7300,9114
R. João Adolfo,Centro,49,1,0,Apartamento,1070,1681
Rua Dona Antônia de Queirós,Consolação,40,1,1,Apartamento,2801,3664
Rua Francisco Giuliani,Vila Brasilina,50,1,0,Casa,1330,1386
Rua Bela Cintra,Consolação,48,1,1,Apartamento,2600,3597
Rua Vinte E Quatro de Maio 188,Centro Histórico de São Paulo,32,1,0,Apartamento,1500,1928
Rua Franco Alfano,Jardim Vazani,400,6,5,Casa,6750,8136
Rua Visconde Parnaíba,Brás,42,1,1,Apartamento,2300,2995
Rua Pedroso,Bela Vista,32,1,0,Apartamento,1400,1526
Rua Cristiano Viana,Cerqueira César,24,1,0,Studio e kitnet,3200,3691
Rua Conchilia,Vila Albertina,79,2,1,Casa,2800,2919
Alameda Campinas,Jardim Paulista,60,1,1,Apartamento,5000,6796
Rua Jocelyn Bennaton,Vila Nova Caledônia,98,3,2,Casa,4100,4281
Rua Natal,Vila Bertioga,86,3,2,Apartamento,3366,4438
Rua Carlos dos Santos,Jardim Brasil (zona Norte),40,1,0,Casa em condomínio,900,938
Rua Taquaruçu,Parque Jabaquara,57,2,2,Apartamento,2000,3088
Rua Ciridião Durval,Vila Paulista,34,1,1,Apartamento,1252,2148
Rua Nhandeara,Vila Carrão,127,3,2,Apartamento,4000,5924
Rua São Bernardo,Cidade Mãe do Céu,60,1,1,Casa,1500,1713
R Emília Pilon,City Bussocaba,41,2,1,Apartamento,1450,1796
Rua Planalto dos Acantilados,Parque Santa Madalena,125,2,1,Casa,1800,1876
Avenida Pedro Bueno,Jabaquara,150,3,2,Casa,3500,3912
Rua Manuel Leiroz,Vila Penteado,30,1,0,Casa,1150,1282
Rua João Gomes Batista,Jardim Cidália,30,1,0,Apartamento,1250,1698
Avenida Mazzei,Vila Mazzei,29,1,0,Apartamento,1070,1255
Rua Conde Luiz Zunta,Jardim Santa Cruz (campo Grande),250,3,3,Casa,2700,2898
Rua Francisca Emília,Vila Firmiano Pinto,192,4,2,Casa,4800,5337
Alameda das Boninas,Mirandópolis,280,3,4,Apartamento,7200,11380
Rua Edmundo Juventino Fuentes,Parque Tomas Saraiva,73,3,1,Apartamento,2200,2824
Rua Bartholomeu do Canto,Vila Palmeiras,28,1,0,Apartamento,1500,1773
Rua Herculano de Freitas,Bela Vista,42,2,1,Apartamento,4000,4771
Avenida Curió,Campanário,55,2,1,Apartamento,1300,2076
Rua Borges Lagoa,Vila Clementino,12,1,0,Studio e kitnet,960,1613
Rua São Benedito,Santo Amaro,185,3,2,Apartamento,7500,10430
Avenida Cásper Líbero,Centro,27,1,0,Studio e kitnet,2000,2577
Rua Joseph Nigri,Várzea da Barra Funda,69,2,1,Apartamento,4496,5684
Praça Doutor Mário Margarido,Liberdade,40,1,0,Apartamento,950,1381
Rua Professor José Horácio Meirelles Teixeira,Vila Suzana,35,1,1,Studio e kitnet,1300,2340
Rua Lisboa,Pinheiros,30,1,1,Studio e kitnet,3500,4091
Rua Conde de São Joaquim,Bela Vista,62,1,0,Apartamento,3200,3603
Rua Messias dos Reis Costa,Vila Nova Cachoeirinha,21,1,0,Studio e kitnet,900,935
Rua das Pitangueiras,Jardim,132,2,2,Casa,3150,3394
Avenida Salgado Filho,Centro,37,1,1,Apartamento,1775,2238
Rua Aracuípe,Jardim Prudência,63,2,2,Apartamento,4190,5320
Praça Quatorze Bis,Bela Vista,75,2,0,Apartamento,3300,4035
Rua Simão Álvares,Pinheiros,80,2,1,Apartamento,4500,6122
Rua Isidoro de Laet,Água Fria,75,2,1,Casa,1900,2165
Avenida Doutor Felipe Pinel,Vila Pirituba,36,2,0,Apartamento,1380,1848
Avenida Professor Miguel Franchini Neto,Loteamento City Jaragua,45,2,1,Apartamento,2125,2522
Rua Ibirajá,Vila Guarani (z Sul),65,2,1,Apartamento,2600,3459
Rua Pantojo,Vila Regente Feijó,300,3,6,Casa,9750,10330
Rua Abelardo Pinto,Centro,37,1,0,Studio e kitnet,1224,1688
Rua Petrobrás,Vila Antonieta,40,2,1,Apartamento,1324,1587
Rua Harmonia,Vila Madalena,98,1,1,Apartamento,11560,12640
Rua Vinte E Oito de Setembro,Vila Dom Pedro I,80,2,0,Casa,2400,2502
Rua Regino Aragão,Vila Moinho Velho,63,2,2,Apartamento,2800,3512
Rua Joaquim Norberto,Santana,125,2,1,Casa,5250,5472
Rua Barão de Capanema,Cerqueira César,125,3,2,Apartamento,9000,10980
Rua da Gávea,Vila Maria,150,4,2,Casa,4500,4742
Rua Dona Amélia Rufina,Vila Água Funda,60,1,0,Casa,1400,1460
Rua Engenheiro Antônio Jovino,Vila Andrade,78,3,1,Apartamento,2500,3286
Avenida Vila Ema,Vila Prudente,61,2,1,Apartamento,2350,3251
Rua Conselheiro Ramalho,Bela Vista,30,1,0,Studio e kitnet,1328,1785
Rua Catumbi,Catumbi,48,2,1,Studio e kitnet,3000,3539
Avenida Morais Costa,Vila Industrial,49,2,0,Apartamento,1985,2269
Rua Campevas,Perdizes,35,1,1,Apartamento,1990,2837
Avenida Álvaro Ramos,Quarta Parada,265,3,5,Casa,8390,9043
Rua Elias Antônio Zogbi,Santo Amaro,85,3,1,Apartamento,5500,6680
Rua Corgie Assad Abdalla,Vila Sônia,316,4,5,Casa,7995,8919
Rua José Gonçalves Galeão,Jardim Avelino,130,3,2,Apartamento,5800,7521
Rua Doutor Luís Barreto,Bela Vista,39,1,0,Apartamento,1300,1823
Rua Soldado Paulo Emídio Pereira,Jardim Japao,35,1,0,Casa,760,809
Rua Celso Ramos,Vila Andrade,55,2,1,Apartamento,2800,3508
Rua Francisco Bayardo,Perdizes,71,3,2,Apartamento,4284,6017
Rua Antônio Tavares Velho,Jardim Raposo Tavares,38,1,0,Studio e kitnet,780,980
Avenida Miguel Yunes,Usina Piratininga,62,2,1,Apartamento,2950,3549
Rua Japuruchitá,Alto da Mooca,250,3,2,Casa,5900,6455
Rua João Rudge,Casa Verde,100,3,0,Casa,2000,2285
Rua Doutor Antônio Barbosa Bueno,Vila Sônia,115,2,2,Casa,5200,5420
Rua Fábio Lopes dos Santos Luz,Vila Andrade,39,1,1,Studio e kitnet,3050,3772
Rua Jorge Fares,Jardim São Luís,120,3,2,Casa em condomínio,3800,4851
Rua Carlos Magalhães,Parque Reboucas,40,2,1,Apartamento,1940,2615
Rua Edvard Carmilo,Jardim Celeste,32,2,0,Apartamento,1200,1569
Rua Guapiaçu,Vila Clementino,400,4,3,Casa,15000,16640
Rua Anhaia,Bom Retiro,36,1,1,Studio e kitnet,2800,3579
Rua Cachoeira do Sul,Jaguará,58,2,1,Apartamento,1957,2532
Rua Pamplona,Jardim Paulista,55,1,1,Apartamento,2990,3956
Rua Cristóvão Bezerra Dantas,Parque Vitória,50,1,0,Casa,577,601
Rua José Maria Lisboa,Jardim Paulista,151,3,2,Apartamento,11250,14380
Rua Ibaial,Chácara do Vovó,50,2,1,Apartamento,1250,1599
Rua Jaceru,Vila Gertrudes,51,1,1,Apartamento,3509,4438
Rua Doutor Fausto Ferraz,Bela Vista,102,3,1,Apartamento,6999,8678
Avenida Parada Pinto,Vila Nova Cachoeirinha,55,2,1,Apartamento,3200,3803
Avenida Emílio Ribas,Jardim Tijuco,57,2,1,Apartamento,2000,2568
Rua Nova Jerusalém,Chácara Santo Antônio (zona Leste),95,2,0,Apartamento,2000,2227
Rua Vergueiro,Vila Mariana,40,1,1,Apartamento,4800,4862
Rua Luís Gama,Cambuci,28,1,0,Apartamento,1400,2014
Rua Santa Izabel,Vila Augusta,55,2,1,Studio e kitnet,2410,3053
Avenida Angélica,Consolação,268,4,2,Apartamento,5800,8707
Rua Brigadeiro Tobias,Centro,30,1,0,Studio e kitnet,2300,2905
Rua Carlos Steinen,Paraíso,254,3,3,Apartamento,8000,14910
Rua Antero de Quental,Vila Santa Clara,56,2,1,Apartamento,2500,3246
Rua Adolfino de Arruda Castanho,Vila Dinorah,80,2,2,Casa,2517,2694
Rua Doutor Mário Ferraz,Jardim Paulistano,60,1,1,Apartamento,5800,7581
Avenida Adolfo Coelho,Lauzane Paulista,208,5,2,Casa,4100,4526
Rua Bela Cintra,Consolação,136,3,1,Apartamento,5000,7083
Rua Silveira Bueno,Chácara Califórnia,35,1,0,Studio e kitnet,1580,1651
Rua Josefina Luíse de Moraes,Jardim Maria Rosa,92,2,2,Casa,2300,2518
Rua Manoel Bernardo Medeiros,Macedo,74,3,2,Apartamento,2400,3338
Rua Monte Alto,Cidade Mãe do Céu,240,3,3,Casa,4500,5025
Rua Salvador Sala,Piqueri,90,3,0,Casa,1500,1704
Rua Dália,Jardim das Flores,110,3,2,Casa,4000,4350
Rua Ascenso Ribeiro,Vila Morse,135,3,2,Casa,4000,4305
Rua Valson Lopes,Vila Butantã,38,2,0,Apartamento,3000,3435
Avenida Guapira,Tucuruvi,29,1,0,Apartamento,2000,2527
Rua Tonelero,Vila Ipojuca,90,3,0,Casa,2500,2751
Avenida Basiléia,Lauzane Paulista,52,2,0,Apartamento,1450,2079
Rua Marechal Deodoro,Santo Amaro,240,3,2,Apartamento,10900,14550
Rua Doutor Chibata Miyakoshi,Paraíso do Morumbi,34,1,1,Studio e kitnet,3050,4613
Avenida Nova Cantareira,Tucuruvi,107,2,1,Apartamento,1825,2496
Avenida Lins de Vasconcelos,Cambuci,130,3,1,Casa,3600,4028
Rua das Dálias,Vila Bela,25,1,0,Apartamento,1150,1344
Avenida Barão de Monte Mor,Real Parque,170,1,2,Apartamento,8000,10740
Rua Serra de Botucatu,Vila Gomes Cardim,99,3,2,Apartamento,6000,7451
Rua Padre Lebret,Jardim Leonor,50,1,1,Studio e kitnet,9000,10550
Rua Domingos Paiva,Brás,49,1,0,Apartamento,4100,5158
Rua Apuru,Vila Prudente,220,3,3,Casa,2500,2542
Rua Bom Pastor,Ipiranga,56,1,0,Apartamento,3000,3276
Rua Pedro de Resende,Tatuapé,90,2,0,Casa,2300,2488
Rua Doutor Nogueira Martins,Vila da Saúde,40,1,0,Casa,2000,2085
Avenida Doutor Alberto de Oliveira Lima,Vila Tramontano,240,6,3,Casa,5250,6509
Rua Marcus Pereira,Vila Suzana,103,2,1,Apartamento,3000,4596
Alameda Joaquim Eugênio de Lima,Jardim Paulista,45,1,1,Apartamento,3000,3986
Rua Luiz Porrio,Bela Vista,35,2,0,Apartamento,2000,2577
Rua Coronel Pedro Dias de Campos,Chácara Seis de Outubro,58,2,1,Casa em condomínio,2650,3070
Rua Francisco Polito,Vila Prudente,417,6,3,Casa,10700,12150
Rua do Manifesto,Ipiranga,110,2,1,Casa,2800,3040
Rua Macaé,Jardim Barbosa,67,2,1,Apartamento,1500,2160
Rua José Debieux,Santana,90,2,1,Apartamento,2448,3506
Rua Professor José Soares de Mello,Jardim Centenário,47,2,1,Apartamento,1200,1696
Rua José de Sampaio Leite,Jardim Oriental,20,1,0,Studio e kitnet,880,997
Rua Galeno de Castro,Jurubatuba,36,1,0,Apartamento,2650,3068
Rua Inhambú,Vila Uberabinha,50,2,1,Apartamento,3250,4077
Rua Francisco Preto,Vila Morse,250,3,3,Casa,5810,6407
Rua Daniel de Toledo,Vila Hebe,44,2,0,Apartamento,1500,1892
Alameda Itu,Jardim Paulista,245,3,1,Apartamento,5450,8184
Rua Padre Leonel Franca,Vila Libanesa,180,4,4,Casa,5700,6302
Rua Fernando Dondon,Tatuapé,30,1,0,Studio e kitnet,1550,1662
Rua Correia de Lemos,Chácara Inglesa,41,1,0,Apartamento,2420,2871
Rua Epaminondas Melo do Amaral,Sítio do Mandaqui,48,2,1,Apartamento,1850,2314
Rua Antônia Soveral,Chácara Santo Antônio (zona Leste),29,1,0,Apartamento,1196,1292
Rua Santa Júlia,Vila Carrao,35,1,1,Casa,1380,1438
Avenida Águas de São Pedro,Vila Paulicéia,200,5,2,Casa,4140,4655
Rua Doutor José de Sá,Santo Amaro,132,2,2,Casa,6700,6830
Rua Doutor Gomes Ferraz,Vila Pereira Barreto,58,3,1,Apartamento,2500,2699
Rua Curupace,Mooca,80,2,0,Apartamento,2000,2043
Rua Italina,Vila Carmosina,46,2,1,Apartamento,1700,2221
Rua Mauá,Centro,58,1,0,Studio e kitnet,1400,1804
Rua Marquês Lages,Vila Moraes,63,2,1,Apartamento,3100,3790
Rua Maria Otília,Vila Regente Feijó,41,1,1,Apartamento,2650,3464
Rua Galiléia,Casa Verde Média,50,2,0,Casa,1200,1351
Rua Avanhandava,Bela Vista,30,1,0,Studio e kitnet,1250,1708
Avenida Embaixador Cavalcanti de Lacerda,Jardim Bonfiglioli,285,3,6,Casa,5000,5696
Rua Queluz,Jardim Paulista,220,3,2,Apartamento,9500,12530
Rua Professor Djalma Bento,Jardim Luanda,110,3,2,Casa,3500,3840
Rua Professor Nova Gomes,Vila Madalena,260,4,2,Casa,15000,15900
Alameda Itapecuru,Alphaville Industrial,64,2,1,Apartamento,4500,4698
Rua das Palmeiras,Vila Buarque,12,1,0,Apartamento,2400,2855
Avenida Doutor Francisco Mesquita,Jardim Ibitirama,35,1,0,Apartamento,1550,1930
Alameda Lorena,Jardim Paulista,218,3,2,Apartamento,12660,18830
Avenida da Aclimação,Aclimação,100,2,0,Apartamento,3500,4609
Rua Tenente Heli Câmara,Freguesia do Ó,40,2,0,Casa em condomínio,1312,1472
Alameda Ministro Rocha Azevedo,Cerqueira César,128,2,2,Apartamento,15000,18620
Avenida Luiz Dumont Villares,Jardim São Paulo,55,1,1,Apartamento,3200,5623
Rua Tucuna,Perdizes,45,1,1,Apartamento,2600,3450
Avenida Duquesa de Goiás,Real Parque,85,3,2,Apartamento,3100,4625
Avenida Paes de Barros,Mooca,117,3,1,Apartamento,1940,3789
Rua Doutor Zuquim,Santana,40,1,1,Apartamento,1400,2295
Rua Alcantarilla,Vila Andrade,135,4,4,Apartamento,3500,5907
Rua João Biancalana,Paulicéia,62,3,1,Apartamento,1800,2319
Avenida Sapopemba,Vila Regente Feijó,36,1,0,Casa,950,1057
Rua Amarais,Vila Carrão,60,1,0,Casa,1403,1492
Rua Martino Pesenti,Conjunto Habitacional Teotonio Vilela,36,1,1,Casa,900,938
Rua Joaquim Rodrigues Costa,Vila Maria Alta,25,2,0,Casa,1001,1043
Rua Geraldo de Mendonça Mello,Vila Isa,102,3,2,Apartamento,3980,5167
Rua Almeida Brandão,Vila Guilhermina,60,2,1,Casa,1524,1677
Alameda Sombreiro,Adalgisa,109,3,2,Apartamento,7000,8620
Avenida Lacerda Franco,Cambuci,88,2,0,Apartamento,2750,3485
Rua Doutor Bettencourt Rodrigues,Sé,61,1,0,Apartamento,1440,2003
Rua Tamandaré,Liberdade,45,1,0,Studio e kitnet,1350,1982
Rua Doutor Martins de Oliveira,Jardim Londrina,70,3,2,Apartamento,3500,4389
Rua Barão de Santo Ângelo,Jardim do Tiro,30,1,1,Apartamento,1250,1398
Rua Quatá,Vila Olímpia,54,1,1,Studio e kitnet,3010,4201
Rua Manuel da Nóbrega,Paraíso,100,3,1,Apartamento,5000,6443
Rua Conde de São Joaquim,Bela Vista,45,1,1,Apartamento,2240,3227
Rua Senador César Lacerda Vergueiro,Sumarezinho,84,3,2,Apartamento,6000,7851
Rua General Jardim,Vila Buarque,26,1,0,Apartamento,2000,2360
Rua Almeida Brandão,Vila Guilhermina,39,2,0,Apartamento,1750,2089
Rua Teerã,Parque da Lapa,70,2,0,Casa,2150,2409
Rua Antônio Júlio dos Santos,Fazenda Morumbi,103,3,2,Apartamento,3922,5434
Rua Maestro João de Souza Lima,Jardim Líbano,135,3,2,Casa,3200,3543
Rua Dona Ana Neri,Cambuci,41,2,1,Apartamento,2200,2575
Rua General Jardim,Vila Buarque,36,1,0,Studio e kitnet,1220,1565
Avenida Brumado de Minas,Jardim Independência (são Paulo),60,3,0,Casa,1500,1563
Praça Júlio Mesquita,Santa Efigênia,70,2,0,Apartamento,3500,4135
Rua Caminho do Pilar,Vila Gilda,135,3,2,Apartamento,7000,8335
Rua João Manuel,Chácara Califórnia,37,1,0,Apartamento,1570,1790
Rua Washington Luís,Centro Histórico de São Paulo,40,1,1,Apartamento,1900,2650
Avenida Leôncio de Magalhães,Jardim São Paulo,31,1,0,Studio e kitnet,1870,2412
"R. Bonnard, 2- Alphaville Empresarial, Barueri - Sp, 06414, Brasil",Alphaville Empresarial,52,2,1,Apartamento,3000,3739
Avenida João Paulo da Silva,Vila da Paz,45,2,0,Apartamento,2000,2647
Rua Anhaia,Bom Retiro,31,1,0,Studio e kitnet,3500,4071
Rua Antônio Tavares,Aclimação,52,1,0,Apartamento,2000,2577
Alameda Jaú,Jardim Paulista,40,1,1,Studio e kitnet,3200,5327
Rua Bica de Pedra,Vila Anglo Brasileira,110,2,2,Casa,3500,3651
Alameda Santos,Cerqueira César,92,2,0,Apartamento,3500,4627
Rua Aguaçaí,Pari,80,2,0,Casa,2500,2722
Rua Itararé,Bela Vista,30,2,0,Apartamento,1643,1898
Rua Coelho Barradas,Parque da Vila Prudente,41,2,1,Apartamento,2500,3246
Rua Halionore,Vila Prudente,90,2,2,Casa,2715,2830
Rua Caramuru,Saúde,229,3,2,Casa,3850,4428
Rua Princesa Isabel,Vila Guiomar,98,3,2,Apartamento,2300,2499
Rua Azevedo Soares,Vila Gomes Cardim,138,4,4,Apartamento,5350,7556
Rua Capitão Otávio Machado,Chácara Santo Antônio (zona Sul),97,3,2,Apartamento,3800,5229
Rua Valson Lopes,Vila Butantã,68,3,1,Apartamento,2500,3305
Rua Lagoa do Campelo,Itaquera,37,2,0,Apartamento,1200,1647
Rua Jorge Chammas,Vila Mariana,350,4,2,Casa,6000,6893
Rua Assungui,Vila Gumercindo,156,3,2,Casa,5130,5681
Rua Ana Demerson,Vila Mariana,80,2,2,Casa,3350,3613
Rua Horácio Alves da Costa,Jardim Nosso Lar,67,3,2,Apartamento,3800,4774
Rua Doutor Cesário Mota Júnior,Vila Buarque,26,1,0,Studio e kitnet,2070,2710
Rua Alberto José da Mota,Vila Sao Luiz (valparaizo),50,1,0,Casa,1000,1047
Rua Dias da Silva,Vila Maria Baixa,63,1,1,Apartamento,4000,4867
Rua Iguatemi,Itaim Bibi,73,2,1,Apartamento,3650,4991
Avenida Portugal,Centro,43,1,1,Apartamento,2000,3894
Rua Brigadeiro Tobias,Centro Histórico de São Paulo,42,1,1,Apartamento,1950,2476
Rua Vergueiro,Vila Firmiano Pinto,65,1,0,Apartamento,1596,1787
Alameda Grajaú,Alphaville Industrial,96,3,1,Apartamento,3000,4035
Rua Vieira de Morais,Campo Belo,57,1,1,Apartamento,4000,5198
Rua Nebraska,Brooklin Novo,65,2,1,Apartamento,3120,4692
Rua Manuel Simões de Medeiros,Vila Paulo Silas,125,2,4,Casa,2670,2782
Rua Jaguarão,Cidade Vargas,300,4,6,Casa,5600,6298
Rua Avinhao,Jardim das Maravilhas,50,2,1,Apartamento,1460,1606
Rua Amaral Gurgel,Vila Buarque,35,2,0,Apartamento,1500,2308
"Rua Fortunato Ferraz, 320 - Vila Anastácio, São Paulo - Sp, 05093-000, Brasil",Vila Anastácio,50,2,1,Apartamento,2350,3148
Rua Jubair Celestino,Presidente Altino,38,2,1,Apartamento,2400,2892
Avenida Cupecê,Jardim Prudência,33,1,0,Apartamento,1100,1359
Rua Atuaí,Vila Esperança,49,2,1,Apartamento,2000,2860
Rua Cavour,Vila Prudente,40,2,0,Apartamento,1850,2121
Av. Gen. Valdomiro de Lima,Jabaquara,60,2,1,Apartamento,2580,2879
Rua Cecilia,Vila Esperança,94,2,3,Casa,2650,2762
Rua das Jabuticabeiras,Cidade Jardim,420,4,2,Casa,13000,20380
Avenida dos Imarés,Moema,91,2,2,Apartamento,6500,8331
Rua Eugênio Lorenzetti,Jardim Iris,59,2,1,Apartamento,2900,3434
Rua Araguari,Moema,48,1,1,Apartamento,3700,5568
Rua Vicente Alves da Silva,Jardim Roberto,50,2,1,Apartamento,2200,3022
Rua Doutor Elias Chaves,Campos Elíseos,65,2,1,Apartamento,2160,3223
Rua Ouro Branco,Jardim Paulista,38,1,1,Apartamento,1850,3249
Rua São Quirino,Vila Guilherme,36,2,1,Apartamento,1700,2243
Avenida Mariana Caligiori Ronchetti,Jardim Peri,43,1,0,Casa,550,684
Rua Sebastião Paes,Campo Belo,85,2,1,Apartamento,2750,4192
Avenida Portugal,Jardim Bela Vista,44,1,1,Apartamento,4600,4854
Rua Fiandeiras,Vila Olímpia,42,1,1,Apartamento,2300,4056
Avenida Doutor Guilherme Dumont Vilares,Jardim Londrina,96,2,2,Apartamento,4100,6086
Avenida Raimundo Pereira de Magalhães,Jardim Íris,50,1,1,Apartamento,2500,3161
Rua Pérsia,Parque das Nações,37,1,0,Apartamento,900,985
Rua João Agostinho,Vila Paulistania,65,2,1,Casa,1400,1460
Rua Bela Cintra,Consolação,35,1,0,Apartamento,2960,3824
Rua Ouvidor Peleja,Vila Mariana,70,1,1,Casa,2000,2290
Rua Dom Estevão Pimentel,Chácara Belenzinho,86,2,2,Casa em condomínio,2197,2720
Rua da Consolação,Cerqueira César,28,1,1,Studio e kitnet,2350,3255
Rua Cunha Horta,Consolação,30,1,0,Apartamento,1600,1695
Avenida Cásper Líbero,Centro,42,1,0,Studio e kitnet,1700,2194
Rua Aurora,Santa Efigênia,33,1,0,Studio e kitnet,900,1339
Rua Princesa Isabel,Brooklin Paulista,152,3,2,Apartamento,6500,9774
Rua Luís de França Júnior,Vila Nova Caledonia,250,4,5,Casa em condomínio,10000,13210
Rua São João Batista,Cambuci,102,2,0,Apartamento,1850,2221
Rua Dom Constantino Barradas,Vila Gumercindo,64,2,1,Apartamento,3300,4130
Alameda Itapecuru,Alphaville Centro Industrial E Empresarial/alphaville.,61,1,2,Apartamento,2700,3619
Rua das Palmeiras,Gopoúva,51,2,1,Apartamento,1220,1657
Avenida Curió,Campanário,44,2,1,Apartamento,1700,2266
Viaduto Dona Paulina,Centro Histórico de São Paulo,40,1,0,Studio e kitnet,1324,1843
Rua Campos Vergueiro,Vila Anastácio,59,2,1,Apartamento,2800,3538
Rua General Calado,Vila Regente Feijó,300,3,5,Casa,5800,6521
Avenida Tucunaré,Tamboré,77,3,2,Apartamento,2381,3102
Avenida Inácio Cunha Leme,Jardim Ipanema (zona Sul),378,6,3,Casa,11250,12350
Rua Aristides Jofre,Casa Verde Alta,58,2,1,Apartamento,1250,1942
Rua França Carvalho,Alto da Mooca,280,3,3,Casa,7000,7906
Rua Tapuitinga,Vila Mafra,230,4,4,Casa,4950,5745
Rua Laudelino Vieira de Campos,Jardim Felicidade (zona Oeste),156,2,1,Casa,4500,4864
Rua Bela Cintra,Consolação,119,3,1,Apartamento,11140,13300
Rua José Oscar Abreu Sampaio,Jardim Anália Franco,375,4,4,Apartamento,10900,19260
Rua Sepetiba,Siciliano,85,2,1,Casa em condomínio,3800,4161
Rua Canindezinho,Jardim das Vertentes,20,1,0,Studio e kitnet,970,1008
Rua Dom Sebastião do Rego,Vila Gumercindo,20,1,0,Casa,1100,1147
Rua Visconde de Parnaíba,Brás,36,1,1,Apartamento,2200,2754
Rua Doutor Veiga Filho,Santa Cecilia,43,1,1,Apartamento,2300,3298
Rua Paes de Andrade,Aclimação,119,3,0,Casa,3700,3958
Rua Padre Lebret,Jardim Leonor,87,1,2,Apartamento,4500,6010
Rua Rodrigo Vieira,Jardim Vila Mariana,15,1,0,Studio e kitnet,1150,1232
Rua Arnaldo Cintra,Vila Moreira,49,2,1,Apartamento,1995,2636
Rua Jaíba,Vila Nair,60,1,1,Apartamento,1544,1633
Rua Sincorá,Jardim Umuarama,100,3,2,Apartamento,2754,4504
Rua Oscar Freire,Cerqueira César,55,2,0,Apartamento,3950,5097
Rua Alaor Bronzone,Jardim Casablanca,43,1,0,Apartamento,1310,1360
Rua Doutor Artur Zapponi,Parque Sao Luis,40,1,0,Studio e kitnet,1158,1235
Rua Augusto dos Anjos,Melville Empresarial I E Ii,45,1,1,Apartamento,3300,4046
Rua Cláudio Mendonça,Parque Jabaquara,178,3,2,Casa,2950,3297
Rua Dutra Rodrigues,Luz,26,1,0,Apartamento,1450,1656
Avenida Francisco Vieira Bueno,Vila Primavera,50,1,0,Casa,830,922
Rua Henrique Sertório,Tatuapé,62,1,2,Studio e kitnet,2120,3740
Rua Vinte E Oito de Setembro,Vila Dom Pedro I,27,1,0,Apartamento,2100,2681
Avenida Doutor Bernardino Brito Fonseca de Carvalho,Vila Talarico,45,2,0,Apartamento,1350,1722
Rua Doutor Almeida Lima,Mooca,34,1,0,Apartamento,2125,2352
Rua João Francisco de Moura,Campo Grande,100,3,3,Casa,2490,2815
Rua Ibitirama,Vila Prudente,80,2,1,Apartamento,1015,1814
Rua Correia de Almeida,Jabaquara,240,3,3,Casa,4875,5457
Rua José Justino Pereira,Água Fria,183,4,4,Casa,5000,5512
Avenida Duque de Caxias,Campos Elíseos,39,1,0,Studio e kitnet,1955,2390
Avenida Professor Sylla Mattos,Jardim Santa Cruz (sacomã),54,2,1,Apartamento,1184,1859
Rua José Pereira de Carvalho,Vila Lageado,102,3,2,Apartamento,5000,6332
Rua José Zappi,Vila Prudente,70,2,0,Casa,2000,2265
Rua Clementine Brenne,Morumbi,36,2,0,Apartamento,1690,2055
Rua Francisco Pedro do Amaral,Jaguaré,60,1,0,Casa,1080,1325
Rua Cidade Lion,Jardim Anny,58,2,1,Apartamento,1840,2450
Rua Maracá,Vila Guarani (z Sul),76,2,1,Apartamento,4000,5103
Alameda Mamoré,Alphaville Industrial,170,3,2,Apartamento,5910,8169
Rua Augusto dos Anjos,Melville Empresarial Ii,81,3,1,Apartamento,5000,6038
Avenida Engenheiro Heitor Antônio Eiras Garcia,Jardim Esmeralda,40,2,0,Apartamento,1500,1958
Avenida José Galante,Vila Suzana,76,1,2,Apartamento,6900,9086
Rua Salvador Caruso,Vila Ipojuca,57,2,2,Apartamento,2550,3809
Rua Vilar de Figos,Vila Nova das Belezas,24,1,0,Apartamento,1200,1637
Rua Orfanato,Vila Prudente,85,2,0,Apartamento,1240,2175
Largo do Paissandu,Centro,110,2,0,Apartamento,1700,2533
Rua Paulo Martinez,Jardim Seckler,52,1,0,Apartamento,1035,1093
Rua Doutor Bento Teobaldo Ferraz,Várzea da Barra Funda,40,2,0,Apartamento,2350,2782
Avenida Itaboraí,Bosque da Saúde,55,2,1,Apartamento,2300,3396
Avenida José Galante,Vila Andrade,220,4,4,Apartamento,8250,11800
Rua dos Andradas,Santa Ifigênia,40,1,0,Studio e kitnet,1000,1354
Rua Balsa,Freguesia do Ó,59,2,1,Apartamento,2800,3335
Rua Conde de Porto Alegre,Campo Belo,370,4,5,Casa,15000,17160
Rua Barros Sobrinho,Vila Ema,60,2,1,Apartamento,2900,3898
Rua Renascença,Vila Congonhas,29,1,1,Apartamento,3215,4276
Rua Ministro Jesuíno Cardoso,Chácara Itaim,100,3,2,Casa em condomínio,7270,7908
Rua Caruso,Vila Alpina,124,2,1,Casa,2426,2666
Avenida Aratãs,Indianópolis,48,1,1,Apartamento,2300,2830
Rua Serra de Bragança,Vila Gomes Cardim,35,1,1,Studio e kitnet,2449,3151
Rua dos Povoadores,Vila Antonina,30,1,0,Apartamento,1500,1608
Avenida Radialista Manoel de Nóbrega,Adalgisa,360,3,3,Casa,5030,5924
Rua Tomé Portes,Vila Dom Pedro Ii,50,2,1,Apartamento,4210,5300
Rua Luiz Antônio Gonçalves,Vila Campanela,25,1,0,Studio e kitnet,1000,1248
Rua Mossoró,Vila Nova,37,1,0,Casa em condomínio,900,938
Rua Cândido Lacerda,Vila Regente Feijó,12,1,2,Apartamento,9136,9499
Rua Conselheiro Moreira de Barros,Santana,328,3,4,Apartamento,11000,14560
Rua Ulisses Cruz,Tatuapé,34,2,0,Apartamento,1700,2246
Rua Maria Zélia,Piqueri,41,1,1,Casa,1550,1624
Rua Brasília,Rudge Ramos,75,1,1,Casa,1000,1112
Avenida das Cerejeiras,Jardim Japao,60,2,0,Apartamento,1820,1950
Rua Leôncio de Carvalho,Paraíso,65,2,0,Apartamento,2800,3484
Rua Amandaú,Parada Inglesa,37,1,0,Apartamento,2500,2916
Rua Alméria,Vila Granada,34,1,0,Apartamento,1190,1386
Rua da Consolação,Cerqueira César,109,1,1,Apartamento,5500,8595
Rua Engenheiro Américo da Graça Martins,Jardim Monte Azul,39,2,0,Apartamento,1700,1999
Rua Croata,Lapa,67,2,2,Apartamento,5330,6694
Rua Martim Afonso,Belenzinho,40,1,1,Apartamento,1600,2220
Rua Major Quedinho,Centro,49,1,1,Apartamento,3750,4887
Rua Martins Fontes,Centro,153,3,0,Apartamento,3200,5006
Rua Doutor César,Santana,55,1,0,Apartamento,1550,2035
Avenida Washington Luís,Santo Amaro,42,1,0,Apartamento,1450,1950
Travessa Nossa Senhora das Neves,Vila Gustavo,55,1,0,Casa,1450,1595
Rua Conselheiro Furtado,Liberdade,30,1,0,Studio e kitnet,2198,2682
Avenida Júlio Buono,Vila Gustavo,40,2,0,Apartamento,1600,1762
Rua Álvaro de Carvalho,Centro Histórico de São Paulo,47,1,0,Apartamento,3500,4171
Avenida Benjamin Harris Hunnicutt,Portal dos Gramados,49,2,1,Apartamento,1605,2338
Rua Martinho Prado,Bela Vista,41,1,0,Apartamento,1300,1929
Travessa Gaspar Brebos,Vila Pereira Barreto,26,1,0,Casa,950,990
Rua Rego Freitas,República,26,1,0,Apartamento,2000,2105
Rua Barralhara,Cidade Antônio Estevão de Carvalho,40,1,1,Casa,1300,1502
Alameda Joaquim Eugênio de Lima,Jardim Paulista,136,1,1,Apartamento,6335,8898
Rua Osiris Magalhães de Almeida,Jardim Londrina,100,1,1,Casa,2500,2686
Rua Guarará,Jardim Paulista,50,1,1,Apartamento,5300,6739
Alameda Franca,Jardim Paulista,125,3,1,Apartamento,7760,8059
Rua Aurélia,Vila Romana,83,2,1,Apartamento,4100,5061
Avenida Diógenes Ribeiro de Lima,Alto de Pinheiros,57,2,0,Apartamento,2450,3505
Rua Adolfo Schnabel,Vila Ema,54,1,0,Apartamento,1600,1962
Rua Artur Prado,Bela Vista,26,1,0,Studio e kitnet,3000,3600
Rua Adalberto Kemeny,Parque Industrial Tomas Edson,47,0,1,Apartamento,2330,3190
Rua Paulo Orozimbo,Cambuci,164,2,2,Apartamento,4600,6664
Rua Clemente Pereira,Ipiranga,41,1,1,Apartamento,1981,2798
Rua Padre Manuel Bernardes,Vila Nova Manchester,45,2,1,Apartamento,1310,2602
Rua Sousa Rocha,Chácara Belenzinho,40,2,0,Apartamento,1200,1447
Rua Cambuci do Vale,Cidade Dutra,189,4,2,Apartamento,8600,10580
Rua Visconde de Itaboraí,Vila Azevedo,90,4,2,Apartamento,4800,6985
Alameda Tietê,Cerqueira César,82,1,2,Studio e kitnet,8500,10720
Rua Edward Joseph,Vila Suzana,57,2,2,Apartamento,1363,2159
Rua Maria Pais de Barros,Vila Marari,130,2,2,Casa,2730,2924
Rua Conde de São Joaquim,Bela Vista,73,2,1,Apartamento,2300,3142
Rua Carlos Petit,Vila Mariana,25,1,0,Studio e kitnet,2500,3058
Rua Alves Guimarães,Pinheiros,43,1,1,Apartamento,3900,4865
Rua das Flechas,Vila Santa Catarina,302,4,3,Casa,6250,7423
Estrada das Violetas,Santa Maria,44,2,1,Apartamento,950,1383
Rua Martiniano de Carvalho,Bela Vista,30,1,1,Apartamento,2100,3161
Avenida Jabaquara,Mirandópolis,30,1,0,Studio e kitnet,2950,3534
Rua Henrique Fausto Lancellotti,Nova Piraju,42,1,1,Apartamento,3628,5242
Alameda Eduardo Prado,Campos Elíseos,32,1,1,Apartamento,1428,1952
Rua Tomé de Lara,Tucuruvi,40,2,0,Apartamento,2200,2284
Rua Bom Sucesso,Cidade Mãe do Céu,70,2,0,Casa,2000,2301
Rua Tebas,Jardim Brasil (zona Sul),83,2,2,Apartamento,5625,7246
Rua Francisco Rossano,Sítio da Figueira,44,2,1,Apartamento,1500,1958
Rua Conde Prates,Parque da Mooca,72,2,1,Apartamento,2990,4012
Rua Francisco Preto,Vila Morse,146,3,2,Apartamento,5000,7262
Rua Doutor José de Queirós Aranha,Vila Mariana,92,3,0,Apartamento,4000,5079
Avenida Nove de Julho,Bela Vista,50,2,0,Apartamento,1250,2018
Rua Guirá-acangatara,Jardim São Francisco (zona Leste),47,2,1,Apartamento,1800,2189
Rua País Natal,Jardim Filhos da Terra,101,2,0,Apartamento,7690,7987
Rua Jacatirão,Santo Amaro,380,4,4,Casa,11250,12130
Rua Cidade de Bagdá,Vila Mira,60,2,1,Apartamento,1530,2193
Rua Salvador Tolezano,Parque Mandaqui,65,2,1,Apartamento,1650,2183
Rua José Bernardo Pinto,Vila Guilherme,53,2,0,Apartamento,1200,1547
Rua Bandeira Paulista,Itaim Bibi,54,1,1,Apartamento,4400,5611
Avenida Padre Lebret,Jardim Leonor,47,1,1,Apartamento,4100,5152
Avenida Washington Luís,Santo Amaro,170,4,3,Apartamento,5600,7937
Avenida Piassanguaba,Planalto Paulista,27,1,0,Casa,1200,1343
Largo Senador Raul Cardoso,Vila Mariana,179,3,2,Apartamento,8000,10990
Marcelo Muller,Jardim Independência,25,1,0,Studio e kitnet,750,779
Avenida Pau Brasil,Cidade das Flores,212,3,2,Casa,5810,6107
Rua Jucuruçu,Parada Xv de Novembro,47,2,1,Apartamento,1150,1414
Avenida Moaci,Planalto Paulista,60,2,0,Casa,2368,2747
Rua Ribeirão Branco,Vila Bertioga,39,2,1,Apartamento,2590,2823
Rua Major Quedinho,Centro,30,1,0,Studio e kitnet,1751,2319
Rua São Benedito,Santo Amaro,157,3,2,Apartamento,4220,6306
Rua General Calado,Vila Regente Feijó,220,3,3,Apartamento,3900,7618
Rua Alexandre Rider,Jardim Raposo Tavares,130,3,2,Casa,3000,3311
Rua Barata Ribeiro,Bela Vista,25,1,1,Apartamento,1500,2282
Rua Doutor Falcão Filho,Centro Histórico de São Paulo,42,1,0,Apartamento,1000,1538
Rua Antônio Pinto do Rêgo Freitas,Jardim Boa Vista (zona Oeste),130,6,3,Studio e kitnet,3000,3200
Rua Treze de Maio,Bela Vista,106,2,1,Apartamento,9900,11470
Rua Alexandre Rapin,Jardim Sao Saverio,50,2,1,Apartamento,1040,1770
Rua Mercedes Salano Castineiras,Jardim Patente Novo,58,2,1,Apartamento,1765,2459
Rua Mateus García,Vila Irmãos Arnoni,90,2,2,Casa em condomínio,2400,2827
Rua Caminha de Amorim,Alto de Pinheiros,151,2,0,Casa,15000,16140
Rua Antônio Gomes Ferreira,Parque Fongaro,34,2,0,Studio e kitnet,1100,1360
Rua Bartira,Perdizes,30,1,0,Studio e kitnet,3100,3765
Rua Almirante Brasil,Mooca,50,2,1,Apartamento,1700,2424
Rua Moxei,Lapa de Baixo,380,4,2,Casa,3050,3800
Rua Casa do Ator,Vila Olímpia,37,1,1,Studio e kitnet,3696,4620
Avenida Vereador José Diniz,Santo Amaro,42,1,1,Apartamento,3290,4101
Rua Coronel João Gabi,Jabaquara,370,3,3,Casa,6780,7581
Avenida Coronel Sezefredo Fagundes,Tucuruvi,100,3,3,Apartamento,2160,2581
Alameda Franca,Jardim Paulista,150,3,1,Apartamento,8000,11310
Rua Afonso Célso Figueiredo,Jardim Montreal,197,2,3,Casa,3600,3898
Rua Vergueiro,Vila Firmiano Pinto,56,2,1,Apartamento,1650,2552
Rua Bandeira Paulista,Itaim Bibi,45,1,0,Apartamento,5500,7584
Rua Tília,Jardim das Flores,49,1,0,Casa,930,974
Avenida Professor Ascendino Reis,Vila Clementino,26,1,0,Studio e kitnet,2790,3366
Rua Nhu-guaçu,Nova Piraju,60,2,1,Apartamento,7500,9157
Rua José Henrique,Vila Guilherme,35,1,0,Apartamento,950,1237
Avenida João Peixoto Viegas,Vila Constancia,74,3,2,Apartamento,2660,3829
Rua Coronel Joaquim Antônio Dias,Tatuapé,29,1,0,Studio e kitnet,1800,2208
Rua Adolfo Schnabel,Vila Ema,26,1,0,Apartamento,1200,1488
Rua Doutor Seng,Bela Vista,80,2,0,Apartamento,3060,3690
Rua Diogo Jácome,Vila Nova Conceição,50,1,1,Studio e kitnet,4800,6681
Avenida Rio de Janeiro,Vila Bremen,49,2,1,Apartamento,1170,1614
Rua Monsenhor Francisco de Paula,Vila Aricanduva,46,2,0,Apartamento,1799,1928
Avenida Onze de Junho,Vila Clementino,34,1,0,Apartamento,2266,2787
Rua Major Quedinho,Bela Vista,34,1,0,Studio e kitnet,1690,2035
Avenida Nove de Julho,Bela Vista,68,1,1,Apartamento,2000,2443
Rua Clodomiro de Oliveira,Parque Reboucas,44,2,1,Apartamento,3520,3985
Rua Valdir Niemeyer,Sumaré,30,1,0,Studio e kitnet,4500,5176
Rua da Consolação,Cerqueira César,91,2,0,Apartamento,3800,5050
Rua Elza Guimarães,Vila Amália (zona Norte),48,2,0,Apartamento,1100,1542
Rua Pires de Campos,Alto da Mooca,34,2,0,Apartamento,1795,2334
Rua Martiniano de Carvalho,Bela Vista,52,2,1,Apartamento,4300,5118
Rua Franklin do Amaral,Vila Nova Cachoeirinha,47,2,1,Apartamento,2220,2765
Rua João Alfredo,Santo Amaro,38,2,0,Apartamento,2100,2547
Avenida Rubens Fraga de Toledo Arruda,Engenheiro Goulart,45,1,0,Casa,1200,1251
Rua Janguruçu,Parque da Mooca,37,1,0,Studio e kitnet,2040,2318
Rua Manuel da Nóbrega,Paraíso,112,2,1,Apartamento,5500,7656
Avenida Brigadeiro Luís Antônio,Bela Vista,38,1,0,Apartamento,1248,1736
Avenida Cerejeiras,Jardim Japão,58,2,1,Apartamento,1700,2571
Passagem Francisco Gomes de Morães,Vila Yolanda,195,4,1,Casa,2130,2393
Rua Bueno de Andrade,Aclimação,40,1,0,Apartamento,1620,2168
Rua Engenheiro José Bueno Bicalho,Jardim Vergueiro (sacomã),55,2,1,Apartamento,2125,2204
Rua Doutor Fleury Silveira,Vila Santa Maria,44,2,1,Apartamento,1650,2232
Rua Cajaíba,Vila Pompéia,60,1,0,Apartamento,2009,2447
Rua Professora Jessie Martins Valdrigue,Jardim Oriental,110,3,1,Casa,2950,3075
Rua Amarais,Vila Carrão,120,3,0,Casa,2550,2744
Avenida José Galante,Vila Suzana,100,2,2,Apartamento,4000,5401
Avenida dos Eucaliptos,Indianópolis,90,3,2,Apartamento,6500,8302
Travessa Carlos Ramirez,Vila Água Funda,54,1,1,Casa,1500,1563
Rua da Fonte,Jardim Bela Vista,75,2,2,Apartamento,2500,3316
Avenida Ômega,Empresarial 18 do Forte,86,1,1,Apartamento,9000,10150
Rua Barata Ribeiro,Bela Vista,19,1,0,Studio e kitnet,4000,4654
Rua Baía Grande,Vila Bela,40,1,1,Casa,1100,1177
Rua Izabel de Oliveira,Piqueri,100,2,0,Casa,1680,1851
Avenida Elísio Teixeira Leite,Vila Brasilândia,75,2,1,Casa,2400,2545
Rua dos Estudantes,Liberdade,41,1,0,Studio e kitnet,1275,2118
Rua Ulisses Cruz,Tatuapé,25,1,0,Studio e kitnet,1840,2286
Rua Ibitirama,Vila Prudente,33,1,0,Studio e kitnet,1900,2612
Rua Cayowaá,Perdizes,72,2,1,Apartamento,5000,5964
Rua Bartolomeu de Gusmão,Vila Mariana,44,1,1,Apartamento,2222,2906
Avenida Conceição,Carandiru,70,2,1,Apartamento,4366,5266
Rua Dona Vicentina Alegretti,Penha de França,38,2,1,Apartamento,1340,1541
Avenida Mofarrej,Vila Leopoldina,70,2,1,Apartamento,3400,4190
Alameda das Tulípas,Residencial Cinco (alphaville),385,4,6,Apartamento,13600,15380
Avenida Jabaquara,Mirandópolis,62,2,1,Apartamento,4500,5891
Rua Pedro Inácio Araujo,Vila São Silvestre,239,4,2,Casa em condomínio,4100,5631
Rua Visconde Parnaíba,Brás,45,1,1,Apartamento,2200,2831
Rua Visconde da Luz,Vila Nova Conceição,67,1,1,Apartamento,4500,7391
Rua Doutor Jesuíno Maciel,Campo Belo,124,2,1,Apartamento,2816,4719
Rua Shikazo Myai,Cidade São Francisco,38,1,0,Casa,1640,1835
Rua Venâncio Aires,Pompeia,133,3,1,Apartamento,5000,5193
Rua Sebastiana Vieira,Parque Mandaqui,250,3,3,Casa,4500,4925
Rua Epaminondas Melo do Amaral,Sítio do Mandaqui,59,2,1,Apartamento,2660,3357
Rua João Moura,Pinheiros,56,1,2,Apartamento,5000,6708
Praça Xavier da Silveira,Vila Lúcia Elvira,107,3,2,Apartamento,8000,9359
Rua Mexicana,Vila Endres,52,2,1,Apartamento,1350,1889
Rua Murutinga do Sul,Chácara Santo Antônio (zona Leste),80,3,1,Apartamento,2500,3472
Rua Jaboatão,Casa Verde,130,3,0,Casa,2500,2773
Rua Girassol,Vila Madalena,25,1,0,Studio e kitnet,2600,3334
Avenida do Cursino,Bosque da Saúde,90,2,1,Apartamento,3000,4005
Alameda Santos,Cerqueira César,26,1,1,Apartamento,4500,6635
Rua Saramenha,Sumaré,350,2,1,Casa,5500,5875
Dr Djalma Pinheiro Frranco,Vila Mascote,86,2,2,Apartamento,2900,4216
Rua Quariteré,Parque da Mooca,322,5,5,Casa,8700,10110
Rua Pero Correia,Vila Mariana,42,1,0,Studio e kitnet,1711,2027
Rua Tijuco Preto,Tatuapé,220,4,2,Casa,10000,10990
Avenida Sargento Geraldo Sant’ana,Jardim Taquaral,30,2,1,Apartamento,2200,3001
Rua Hungara,Vila Ipojuca,55,2,1,Apartamento,2990,3964
Rua Olívio Basílio Marçal,Jardim Cirino,53,2,2,Apartamento,2176,2706
Rua Tamoios,Campo Belo,200,3,2,Casa,2830,3200
Rua Ituri,Vila Formosa,48,2,1,Apartamento,1750,2060
Rua Bela Cintra,Consolação,132,3,1,Apartamento,10960,13530
Avenida Tiradentes,Luz,48,2,1,Apartamento,2860,3406
Rua Antonieta Leitão,Nossa Senhora do Ó,60,2,1,Apartamento,1500,2322
Rua 24 de Maio,República,58,1,0,Apartamento,1800,2304
Rua Joaquim Guarani,Jardim das Acacias,36,1,0,Apartamento,3600,4290
Rua Mateus Nunes de Siqueira,Vila Marina,180,3,2,Casa,4125,4325
Rua Professor Bourhan Helou,Jardim Ana Rosa,38,1,0,Casa,890,988
Rua Inês Pereira,Brooklin,70,3,1,Casa,2194,2546
Rua Artur Tescaro,Santo Amaro,110,2,1,Casa,2700,2814
Rua João de Sousa Dias,Campo Belo,200,3,3,Apartamento,9500,13220
Rua Capitão José Machado,Jardim Primavera (zona Norte),40,1,0,Casa,1300,1355
Rua Central,Parque Santo Antônio,52,1,0,Casa,900,934
Rua Caruaru,Vila Ester,100,2,1,Casa,1900,2065
Rua Frei Caneca,Bela Vista,17,1,0,Studio e kitnet,2700,3271
Rua Bueno de Andrade,Liberdade,25,1,0,Apartamento,980,1578
Rua Getúlio Soares da Rocha,Jardim das Acácias,69,2,1,Apartamento,7050,7820
Rua Manuel da Nóbrega,Paraíso,147,3,2,Apartamento,9500,11230
Avenida Pompéia,Vila Pompéia,50,2,2,Apartamento,2880,3999
Rua Marie Nader Calfat,Jardim Ampliação,60,2,1,Apartamento,2684,3728
Rua Dona Vitória Speers,Vila Formosa,264,3,3,Casa,5000,5458
Rua Caramuru,Vila da Saúde,27,1,0,Apartamento,2210,2782
Rua Caraputinga,Vila America,50,2,1,Apartamento,1500,1960
Rua Paulo de Avelar,Vila Dom Pedro Ii,72,2,1,Apartamento,2303,3512
Alameda Barretos,Alphaville,397,3,2,Casa em condomínio,15000,16940
Rua das Tâmaras,Vila Paulista,39,1,1,Apartamento,1610,2401
Rua Paulo Barreto,Vila Barreto,69,2,1,Apartamento,2400,3405
Alameda Mamoré,Alphaville Industrial,154,4,3,Apartamento,6180,7987
Rua Alberto Quatrine Bianchi,Vila Penteado,55,1,1,Casa,1350,1417
Rua Bela Cintra,Consolação,55,1,1,Apartamento,3300,4309
Rua Santo Antônio,Bela Vista,31,2,0,Apartamento,2010,2613
Rua Doutor Ângelo Vita,Tatuapé,26,1,0,Studio e kitnet,1800,2482
Rua Nova York,Brooklin,40,1,1,Apartamento,3800,4699
Rua das Flechas,Vila Santa Catarina,77,3,1,Apartamento,1550,2502
Rua Gil Vicente,Vila Dionisia,60,2,0,Casa,1070,1271
Avenida Bosque da Saúde,Vila da Saúde,20,1,0,Studio e kitnet,1300,1520
Rua Drava,Vila Moinho Velho,40,1,0,Casa,970,1012
Avenida Jaçanã,Guapira,72,3,1,Apartamento,2100,3103
Avenida Mutinga,Vila Pirituba,50,2,1,Casa,1410,1553
Rua Lagoa Panema,Vila Guilherme,60,3,2,Apartamento,6500,7746
Rua Doutor Laerte Setúbal,Vila Suzana,64,2,1,Apartamento,2100,2991
Rua Manuel Onha,Vila Oratório,150,2,2,Casa,3200,3335
Alameda América,Tamboré,224,3,3,Apartamento,11630,14060
Rua Capitão Lorena,Vila Invernada,45,2,0,Apartamento,1700,2108
Avenida Miguel Yunes,Usina Piratininga,74,2,2,Apartamento,3950,4612
Rua Mandu,Vila Granada ,70,3,0,Casa,3000,3486
Rua Conselheiro Brotero,Santa Cecilia,70,2,1,Apartamento,2700,3905
Rua Antônio Gomes Ferreira,Sacomã,32,2,0,Apartamento,1350,1652
Rua José Manso,Vila Matilde,42,2,0,Apartamento,2600,2759
Rua James Junqueira,Vila Trabalhista,140,2,2,Casa,1900,2031
Rua Bela Cintra,Consolação,222,3,2,Apartamento,15000,20920
Rua Indiana,Brooklin Paulista,50,1,1,Apartamento,2600,3370
Rua Domingos da Fonseca,Parque da Mooca,180,3,3,Apartamento,3938,6439
Rua Ciro Costa,Perdizes,30,1,1,Studio e kitnet,2300,3141
Rua Monsenhor Magaldi,Jardim Promissão,150,3,2,Casa,4350,4707
Rua Bento Freitas,República,23,1,0,Studio e kitnet,2700,3153
"R. Evans, São Paulo - Sp, 03648-020, Brasil",Vila Matiilde,55,2,0,Apartamento,1900,2124
Rua Agostinho Gomes,Ipiranga,40,1,0,Casa,1133,1381
Avenida dos Ourives,Jardim São Savério,63,3,1,Apartamento,1460,2018
Rua Barão de Iguape,Liberdade,29,1,0,Studio e kitnet,1600,1967
Avenida dos Ourives,Jardim Sao Saverio,43,2,0,Apartamento,1300,1700
Rua Tamarataca,Mooca,181,3,3,Apartamento,4500,7848
Avenida Guarapiranga,Jardim das Flores,51,2,1,Apartamento,2920,3545
Rua Santo Amaro,Bela Vista,40,1,0,Apartamento,1626,2134
Rua dos Trilhos,Mooca,90,2,0,Apartamento,2450,2482
Rua Visconde de Parnaíba,Mooca,38,2,0,Apartamento,2900,3452
Rua Brigadeiro Tobias,Centro Histórico de São Paulo,55,1,1,Apartamento,2650,3241
Rua Paulo Lício Rizzo,Centro,109,3,2,Apartamento,3000,4524
Rua Canário,Moema,42,1,1,Apartamento,2987,3689
Rua Manuel Gadelho,Vila Centenário,140,3,2,Casa,3500,3648
Rua Paulo Izzo,Jardim Alzira,95,3,2,Casa,3200,3562
Avenida Menotti Laudisio,Jardim Cidade Pirituba,26,1,1,Studio e kitnet,1400,1734
Avenida Onze de Junho,Vila Clementino,40,1,1,Apartamento,1850,2506
Rua Delegado Everton,Bela Vista,32,1,1,Apartamento,1600,2482
Rua Tamandaré,Liberdade,35,1,0,Apartamento,1100,1720
Rua Bagé,Vila Mariana,110,3,1,Apartamento,6500,7880
Rua Asdrúbal do Nascimento,Bela Vista,55,1,0,Apartamento,1260,1992
Rua Doutor Chibata Miyakoshi,Paraíso do Morumbi,57,1,2,Apartamento,2500,3653
Rua Doutor Teodoro Quartim Barbosa,Vila São Francisco,55,2,1,Apartamento,3000,3669
Rua Severino Soares,Vila Nova Mazzei,30,1,0,Apartamento,780,810
Rua Arapá,Vila Santa Catarina,38,1,1,Apartamento,1980,2739
Rua General Argolo,Vila Invernada,46,1,0,Studio e kitnet,1400,1503
Rua Diogo de Oliveira,Sítio do Morro,50,2,0,Apartamento,1590,1852
Rua Aurora,Santa Ifigênia,28,1,0,Studio e kitnet,2100,2717
Rua Arisugawa,Jardim Japao,80,2,1,Casa,2070,2158
Rua do Córrego,Vila Carrão,47,2,0,Apartamento,2200,2451
Rua Pascoa Campi,Anchieta,140,3,1,Casa,3000,3217
Avenida Ministro Petrônio Portela,Vila Amélia,60,2,1,Apartamento,1400,2064
Avenida Ômega,Empresarial 18 do Forte,42,1,1,Studio e kitnet,3600,4170
Rua Assano,Jardim Japão,65,1,0,Casa em condomínio,880,967
Avenida Marcos Penteado de Ulhôa Rodrigues,Tamboré,51,1,1,Studio e kitnet,6300,7406
Avenida Interlagos,Interlagos,150,3,2,Casa,3280,3626
Rua Francisco Pereira,Vila Galvão,56,2,1,Apartamento,2100,2624
Rua Antonio de Aguiar,Jardim Oriental,160,3,3,Casa,5525,5960
Rua Cubatão,Vila Mariana,25,1,0,Studio e kitnet,4350,4906
Rua Elias da Costa,Vila Carolina,170,3,2,Casa,2700,2914
Rua Apinajés,Perdizes,68,3,1,Apartamento,4750,6058
Rua Araguaia,Vila Curuca,64,2,1,Apartamento,3600,4459
Avenida Duque de Caxias,Campos Elíseos,35,1,0,Studio e kitnet,900,1376
Rua Ângelo Pereira,Vila Talarico,40,1,0,Casa,1200,1344
Rua Ibaiti,Vila Mafra,200,3,1,Casa,2520,2707
Rua Fernão Marques,Vila Graciosa,47,1,0,Casa,980,1186
Rua Alméria,Vila Granada,38,1,0,Apartamento,1480,1757
Avenida Santo Amaro,Vila Nova Conceição,91,3,1,Apartamento,3090,4274
Avenida Jandira,Indianópolis,72,2,2,Apartamento,7000,7953
Rua Otacílio de Albuquerque,Vila Maria Alta,40,1,1,Casa,890,992
Avenida Nossa Senhora da Assunção,Vila Butantã,20,1,0,Studio e kitnet,1300,1390
Rua Frei Caneca,Consolação,18,1,0,Studio e kitnet,2350,2962
Rua Professor Atílio Innocenti,Vila Nova Conceição,48,1,1,Apartamento,3733,5189
Praça Miguel Ortega,Parque Assunção,68,2,1,Apartamento,1700,2545
Rua Alberico Galvão Bueno,Vila Santo Estefano,180,2,2,Casa,2800,2919
Rua dos Jacintos,Mirandópolis,41,1,0,Apartamento,2800,3514
Avenida Valdemar Ferreira,Butantã,74,2,1,Apartamento,3000,4224
Rua Guido Bonici,Jardim Belém,49,2,1,Apartamento,1500,1995
Rua Doutor Cristiano de Sousa,Jardim Leonor,460,4,3,Casa,7500,8831
Rua das Ameixeiras,Conjunto Residencial Jardim Canaã,50,2,0,Casa,1000,1042
Avenida Moreira Guimarães,Indianópolis,58,2,1,Apartamento,1890,2998
Avenida Maestro Villa-lobos,Vila Gustavo,28,1,0,Apartamento,1500,1684
Avenida Mazzei,Vila Mazzei,56,3,1,Apartamento,2440,2902
Rua Leonardo Cerveira Varandas,Paraíso do Morumbi,132,3,2,Apartamento,7500,10220
Rua Doutor Olavo Egídio,Santana,60,2,1,Apartamento,3500,4463
Rua Brigadeiro Tobias,Centro,40,1,0,Apartamento,1224,1571
Rua Engenheiro Domício de L. Pacheco E Silva,Vila Campo Grande,172,3,4,Casa,3500,3841
Rua Doutor Erasmo Teixeira de Assunção,Jardim Leonor,345,4,4,Casa,7356,8996
Rua Dom Valentim,Jardim Colombo,70,2,3,Casa,2590,2723
Rua Doutora Neyde Apparecida Sollitto,Vila Clementino,60,1,1,Apartamento,2100,3626
Rua João Avelino Pinho Mellão,Fazenda Morumbi,145,4,3,Apartamento,3200,5528
Avenida José Galante,Vila Suzana,70,2,1,Apartamento,2220,3506
Rua Aurora,Santa Efigênia,26,1,0,Studio e kitnet,1200,1569
Rua Alexandre Teixeira,Vila Euthalia,98,3,2,Casa,2414,2516
Rua Maracanã-guaçu,Jardim São Francisco (zona Leste),46,2,1,Apartamento,1400,1743
Rua dos Estudantes,Sé,27,1,0,Studio e kitnet,2900,3393
"Santa Maria, Osasco - Sp, 06150-740, Brasil",Santa Maria,125,2,1,Casa em condomínio,3100,3252
Avenida Jabaquara,Mirandópolis,28,1,0,Studio e kitnet,3000,3642
Rua Bueno de Andrade,Aclimação,38,1,0,Apartamento,1850,2363
Rua Doutor Oscar Monteiro de Barros,Vila Suzana,75,3,2,Apartamento,2550,4111
Rua Helena Maria Vita Roso,Jardim das Vertentes,110,2,2,Casa,3500,3648
Rua Olegário de Oliveira,Vila Buenos Aires,70,2,1,Casa,1390,1449
Rua Bom Sucesso,Cidade Mãe do Céu,70,2,1,Casa,2500,2831
Rua da Esperança,Vila Medeiros,41,1,0,Apartamento,1650,2141
Rua Marechal Barbacena,Vila Regente Feijó,53,1,1,Apartamento,4100,4894
Rua Helena Zerrener,Liberdade,33,1,0,Studio e kitnet,1000,1388
Rua Silva Bueno,Ipiranga,60,1,0,Apartamento,1280,1865
Rua Ida Boschetti,Vila Medeiros,100,3,1,Casa,2370,2584
Avenida Maria José Vasconcellos Mankel,Vila Clarice,50,2,0,Casa,1300,1355
Rua Carlos Magalhães,Parque Reboucas,50,1,1,Apartamento,1500,2008
Avenida Ipiranga,Centro Histórico de São Paulo,118,2,0,Apartamento,3700,5034
Rua José Jardim da Silveira,Jardim Taquaral,50,1,0,Apartamento,1650,1671
Praça Alexandre Fleming,Mooca,90,3,2,Apartamento,2800,4130
Av Eng. Armando de Arruda Pereira,Vila do Encontro,44,1,1,Apartamento,1280,1863
Rua Francisca Miquelina,Bela Vista,27,1,0,Studio e kitnet,3500,4032
Rua Silvestre Vasconcelos Calmon,Vila Pedro Moreira,86,2,2,Apartamento,3000,3116
Rua Tobias Monteiro,Campo Belo,570,5,4,Casa,10000,10200
Travessa Geraldo Ferraz,Vila Santista,90,1,0,Casa,1680,1751
Rua Tuiuti,Tatuapé,165,3,3,Apartamento,9000,11310
Rua Sargento Osvaldo,Vila Zilda,52,2,1,Apartamento,2100,2888
Rua Canumá,Jardim dos Estados,365,3,4,Casa,15000,17120
Rua Avanhandava,Bela Vista,29,1,0,Studio e kitnet,2600,3206
"R. Dr. Almeida Lima, 835 - Mooca, São Paulo - Sp, 03164-000, Brasil",Mooca,30,1,0,Apartamento,3000,3416
Rua Padre Aníbal Difrância,Jardim Mangalot,156,2,3,Casa,2300,2445
Rua Edvard Carmilo,Jardim Celeste,42,2,1,Apartamento,2000,2677
Rua Domingos Antonio Ciccone,Chácara Santo Antônio (zona Sul),145,2,2,Casa,6410,7015
Rua Brigadeiro Gavião Peixoto,Lapa,365,5,3,Casa,9500,13290
Rua Severínia,Tatuapé,150,2,3,Casa,3750,3910
Rua Anhangüera,Barra Funda,50,1,1,Apartamento,3150,3926
Rua Jaboticabal,Vila Bertioga,85,3,2,Apartamento,5640,7122
Rua Antônio Bento,Jardim Paulista,200,4,3,Casa,11500,12720
Rua Marquês Olinda,Vila Dom Pedro I,81,3,2,Apartamento,2700,4268
Avenida Duque Caxias,Campos Elíseos,54,1,0,Apartamento,1900,2574
Rua Copacabana,Santa Teresinha,165,3,2,Apartamento,3100,5780
Rua Antônio Clemente,Jardim São Paulo(zona Norte),100,2,2,Casa em condomínio,2850,3176
Rua Bonnard,Alphaville,54,1,2,Apartamento,7300,7619
Rua Doutor Elias Chaves,Campos Elíseos,32,1,1,Apartamento,1581,2023
Rua Sócrates,Vila Sofia,147,5,3,Apartamento,4650,7634
Rua Brás de Arzão,Nova Piraju,194,3,3,Casa,5300,5467
Avenida Duque de Caxias,Campos Elíseos,30,1,0,Studio e kitnet,1300,1780
Rua Conde de Sarzedas,Sé,37,2,0,Apartamento,3000,3516
Viaduto Nove de Julho,Centro,41,1,0,Studio e kitnet,1500,1924
Rua Dr. Luiz Migliano,Jardim Vazani,70,2,0,Casa,3088,3285
Rua Palacete das Águias,Vila Alexandria,190,3,3,Casa,8000,8800
Rua do Lavapés,Cambuci,65,2,0,Apartamento,1550,2220
Rua Franklin Magalhães,Vila Santa Catarina,15,1,0,Casa,750,846
Avenida Nova Cantareira,Tucuruvi,53,2,1,Apartamento,1600,2746
Rua Doutor Guilherme Bannitz,Itaim Bibi,40,1,1,Apartamento,4900,5934
Rua Capote Valente,Pinheiros,58,2,1,Apartamento,2609,3510
Rua Tubarana,Vila Mariana,18,1,0,Studio e kitnet,2000,2026
Avenida Miguel Yunes,Usina Piratininga,72,3,2,Apartamento,3000,3847
Rua Professor José Horácio Meirelles Teixeira,Vila Suzana,160,4,3,Apartamento,12700,15920
Rua Teofrasto,Vila Olinda,234,3,6,Casa,4310,4493
Rua Lourdes Fernandes Grossmann,Vila Santo Estéfano,70,1,0,Casa,1400,1552
Rua Vinte E Três de Outubro,Ferreira,116,3,2,Casa,4500,4741
Rua Pintassilgo,Vila Uberabinha,50,1,1,Apartamento,2800,3480
Rua Bela Cintra,Consolação,85,1,1,Apartamento,3500,4798
Rua Cachoeiro de Itapemirim,Vila Matilde,43,2,1,Apartamento,2125,2427
Rua Marieta Xavier,Jardim de Lorenzo,60,3,1,Casa,1200,1476
Rua Joaquim Guarani,Jardim das Acácias,29,1,0,Studio e kitnet,3000,3672
Rua Augusta,Consolação,190,2,1,Apartamento,8000,11180
Rua Ribeirão Branco,Vila Bertioga,36,2,0,Apartamento,2430,2661
Rua Domingos Maza,Vila Boacava,30,1,0,Casa em condomínio,1000,1042
Avenida Rebouças,Pinheiros,90,3,1,Apartamento,4590,5832
Alameda Mamoré,Alphaville Industrial,30,1,1,Apartamento,2424,3162
Rua Floro de Oliveira,Jardim Adriana,70,2,2,Casa em condomínio,1500,1878
Alameda Barros,Santa Cecília,53,1,1,Apartamento,2038,2656
Estrada Itaquera Guaianazes,Itaquera,48,2,1,Apartamento,1200,1697
Rua Serra de Jairé,Quarta Parada,38,2,0,Apartamento,2800,3325
Rua Júlio de Menezes,Jardim da Gloria,54,1,1,Apartamento,2100,2459
Rua Maria José de Jesus Miranda,Vila Iório,120,2,4,Casa,2600,2710
Rua Bartolomeu de Torales,Vila Mazzei,38,1,1,Casa em condomínio,1850,2058
Rua Teotônio de Oliveira,Vila Santa Virginia,50,2,0,Apartamento,1450,1626
Rua Colômbia,Jardim America,52,2,1,Apartamento,2065,2941
Avenida Rudge,Bom Retiro,43,2,0,Apartamento,2999,3434
Rua Bagé,Vila Mariana,75,1,1,Apartamento,10000,11290
Rua Abagiba,Saúde,127,2,2,Casa,2700,2745
Rua João Crudo,Centro,78,2,0,Apartamento,2000,3058
Rua Alonso Calhamares,Vila Regente Feijó,100,3,2,Apartamento,6090,7777
Rua Bartira,Perdizes,32,1,0,Studio e kitnet,2800,3308
Rua Loureiro da Cruz,Aclimação,47,2,1,Apartamento,3200,4492
Rua Francisco Marengo,Tatuapé,57,1,0,Apartamento,1948,2482
Rua Luiz Grassmann,Jardim Mirante,30,1,0,Apartamento,1400,1734
Rua Manuel José de Almeida,Vila Cruz das Almas,273,3,6,Casa,4000,4462
Rua Coronel Rodovalho,Penha de França,70,2,1,Apartamento,1250,1977
Rua Ângelo Santi,Vila Friburgo,120,4,3,Casa,3385,3791
Rua Flávio de Melo,Vila Mariana,82,2,2,Apartamento,3700,5170
Rua Doutor Abelardo Vergueiro César,Vila Alexandria,98,3,2,Casa,3900,4166
Rua Brigadeiro Godinho dos Santos,Vila Pirituba,50,2,0,Apartamento,3330,4401
Rua Maracá,Jabaquara,90,2,1,Apartamento,2660,4012
Rua Banharão,Vila Formosa,33,2,0,Studio e kitnet,1317,1434
Rua Rio Preto,Vila Valparaíso,70,2,2,Apartamento,2700,3366
Rua Benedito Faber,Lajeado,52,2,1,Apartamento,2290,2869
Rua Doutor José de Queirós Aranha,Vila Mariana,58,2,1,Apartamento,2200,3065
Alameda Ribeirão Preto,Bela Vista,70,2,0,Apartamento,2750,3741
Rua Nanau,Água Fria,150,1,1,Casa,3350,3527
Rua Fiandeiras,Vila Olímpia,50,1,1,Apartamento,4100,4817
Rua Conselheiro Brotero,Santa Cecilia,260,2,2,Apartamento,6000,10110
Rua Antônio do Campo,Pedreira,92,2,2,Casa,2640,2985
R Nereu Rangel Pestana,Vila Parapuã,35,2,0,Apartamento,1100,1563
Rua Susana Leger,Jardim Arizona,80,2,2,Casa,2670,2715
Rua Visconde de Parnaíba,Brás,51,2,1,Apartamento,3500,4254
Avenida Santa Inês,Parque Mandaqui,51,2,1,Apartamento,1938,2715
Rua Josef Kryss,Parque Industrial Tomas Edson,46,2,0,Apartamento,3000,3596
Rua Isidoro Kauffman,Parque Residencial Julia,72,2,0,Casa,3200,3480
Rua Caetanópolis,Jaguaré,65,3,1,Apartamento,2200,2850
Rua Professor Augusto Mondin,Jardim Santa Cruz (campo Grande),90,2,1,Casa,1900,2021
Rua Doutor Antônio Bento,Santo Amaro,135,3,2,Apartamento,6000,7506
Avenida Duque de Caxias,Campos Elíseos,53,2,0,Apartamento,1680,2007
Rua Sargento José Spessoto,Vila Mariana,60,1,1,Casa,2100,2647
Rua das Grumixamas,Vila Parque Jabaquara,86,3,1,Apartamento,2900,3898
Rua Miguel Arcanjo de Oliveira,Parque Paineiras,41,2,0,Apartamento,1410,1624
Avenida Doutor Altino Arantes,Vila Clementino,96,3,1,Apartamento,4500,6059
"Vila Guarani, São Paulo - Sp, 04317-180, Brasil",Vila Guarani,56,2,1,Apartamento,2299,3092
Rua Costa Barros,Sítio Pinheirinho,52,2,1,Apartamento,1400,2043
Rua Jovina,Vila Mascote,60,2,1,Apartamento,2800,3808
"R. Girassol - Vila Madalena, São Paulo - Sp, Brasil",Vila Madalena,41,1,1,Apartamento,3900,4969
Alameda Lorena,Jardim Paulista,40,1,1,Apartamento,5100,6955
Rua Alvorada,Vila Olímpia,66,2,1,Apartamento,3800,5726
Rua Padre Raposo,Mooca,360,4,3,Apartamento,7680,12810
Rua Avanhandava,Bela Vista,70,1,0,Apartamento,3100,3657
Praça Ituzaingó,Vila Regente Feijó,290,3,2,Apartamento,5475,9452
Avenida Marcos Penteado de Ulhôa Rodrigues,Tamboré,49,1,1,Studio e kitnet,2950,3979
Avenida Doutor Ricardo Jafet,Ipiranga,80,3,1,Apartamento,2100,2991
Avenida Mário Lopes Leão,Santo Amaro,33,2,0,Apartamento,2400,2920
Rua Fernando Dondon,Tatuapé,24,1,0,Studio e kitnet,1600,1964
Avenida Curió,Jardim Campanario,46,2,1,Apartamento,1284,1816
Rua Muritiba,Vila Scarpelli,30,1,1,Casa,920,1068
Rua Caetanos,Vila Regente Feijó,160,3,3,Apartamento,15000,17470
Praça Silveiras,Vila Paulicéia,120,2,2,Apartamento,6700,7924
Rua das Imbiras,Vila Mazzei,40,1,0,Casa,1140,1248
Rua Frederico Abranches,Vila Buarque,36,1,1,Apartamento,1746,2283
Rua Alexandre Bening,Jardim Inga,55,1,0,Casa,600,671
Rua Lauro Muller,Vila Palmares,37,1,0,Apartamento,750,839
R. Agulha,Vila Libanesa,362,3,0,Casa,5170,7212
Rua Vicenza,Vila Dom Pedro Ii,59,2,1,Apartamento,8000,8839
Alameda dos Anapurus,Indianópolis,32,1,1,Studio e kitnet,5000,6943
Rua Coronel Homero da Silveira,Parque Peruche,70,1,1,Casa,1500,1655
Rua Alexandre Benois,Vila Andrade,65,3,1,Apartamento,2800,3579
Rua Xavier Gouveia,Parque Colonial,154,3,3,Apartamento,13500,16280
Rua Doutor Argemiro Couto de Barros,Chácara Inglesa,69,1,0,Casa,1500,1563
Rua Marquesa de Santos,Vila Dom Pedro I,41,1,2,Apartamento,2600,3425
Passagem João Batista de Araújo,Bonfim,102,2,2,Casa,3100,3389
Avenida Alcântara Machado,Brás,80,2,0,Apartamento,1500,1835
Rua São Miguel,Vila Alpina,121,3,1,Casa,3900,4111
Rua Jorge Tibiriçá,Vila Mariana,37,1,1,Apartamento,4300,4871
Rua Campevas,Perdizes,119,3,2,Apartamento,6000,8785
Rua Itaici,Santa Teresinha,70,3,1,Apartamento,2600,3383
Rua Ibiaporã,Cursino,70,2,1,Casa,2000,2034
Rua Gabus Mendes,República,96,2,0,Apartamento,2600,3489
Rua Caquito,Vila Sao Geraldo,50,2,0,Casa,1360,1597
Avenida Dona Helena Pereira de Moraes,Parque do Morumbi,220,2,0,Apartamento,11250,16620
Rua Soldado José Fernandes da Silva,Jardim Japão,63,3,1,Apartamento,3200,4023
Rua José Maria Lisboa,Jardim Paulista,159,3,1,Apartamento,14280,16620
Rua José Dias da Costa,Morumbi,64,2,1,Apartamento,1300,1950
Rua Doutor Francisco Malta Cardoso,Jardim Cordeiro,400,3,4,Casa,11250,16670
Avenida Ceci,Planalto Paulista,327,3,5,Casa,10000,10750
Rua Achiles Belline,Padroeira,48,2,1,Apartamento,1600,2352
Rua Vinte E Quatro de Dezembro,Vila Dom Pedro Ii,55,2,0,Apartamento,3200,3843
Rua Catarina Vieira,Vila Dalila,44,1,0,Apartamento,2300,2559
Rua Corypheu de Azevedo Marques,Jardim Paraventi,100,2,0,Casa,1365,1423
Rua Professor Athanassof,Cidade Patriarca,42,2,0,Apartamento,1410,1544
Rua Queriri,Chácara Califórnia,75,3,1,Apartamento,2800,3066
Travessa Limoeiro,Água Fria,50,1,1,Casa,1000,1042
Rua Vergueiro,Vila Mariana,28,1,1,Apartamento,3700,4148
Rua 17 de Janeiro,Panamby,34,1,0,Studio e kitnet,1780,2149
Rua Sarandira,Jaguaré,12,1,0,Casa,1070,1181
Rua Piraçununga,Vila Bertioga,64,3,2,Apartamento,2600,3565
Rua Professor Lúcio Martins Rodrigues,Jardim Leonor,200,3,3,Apartamento,9000,12280
Rua Arapá,Vila Mascote,125,3,3,Apartamento,5100,7317
Rua Virginópolis,Sacomã,80,2,1,Casa,2426,2529
Avenida Sanatório,Jardim Modelo,30,1,0,Casa,998,1080
Rua Antônio Peres Paniágua,São Pedro,46,2,1,Apartamento,1000,1402
Rua Ascânio,Chácara Mafalda,80,2,0,Casa,1550,1646
Avenida Doutor Francisco Mesquita,Quinta da Paineira,35,1,0,Apartamento,2300,2639
Rua Abadiânia,Vila Guilhermina,31,1,0,Apartamento,1098,1367
Rua Elías Mussa Fajuri,Rio Pequeno,54,2,0,Apartamento,1200,1467
Rua Santa Teresa de Jesus,Vila Santa Terezinha (zona Norte),50,2,0,Apartamento,1358,1493
Avenida Doutor Francisco Mesquita,Quinta da Paineira,35,1,1,Apartamento,1511,1877
Avenida Delmar,Alphaville Empresarial,70,2,1,Apartamento,5750,6609
Rua Desembargador Aragão,Vila Mariana,22,1,0,Studio e kitnet,2836,3526
Rua Doutor Francisco Figueiredo Barreto,Vila Anglo Brasileira,110,3,1,Casa,5300,5909
Rua Ibiraporã,Jardim Londrina,360,3,4,Casa,6000,6814
Rua Jaracatia,Jardim Umarizal,52,2,1,Apartamento,2125,2622
Rua Olávo Leite,Vila Andrade,55,2,2,Apartamento,3059,4020
Rua Décio Reis,Alto de Pinheiros,310,4,4,Casa,15000,21050
Rua Vicente Prado,Bela Vista,75,1,0,Apartamento,1960,2135
R. João Rossi,Jardim Cocaia,50,2,1,Apartamento,1261,1962
Avenida Prestes Maia,Centro,52,1,0,Apartamento,1300,1736
Avenida Nove de Julho,Bela Vista,28,1,0,Studio e kitnet,1000,1441
Rua Caminho do Engenho,Ferreira,97,2,1,Casa,2300,2398
Rua Dom Bosco,Mooca,80,3,0,Apartamento,1600,1862
Praça Franklin Roosevelt,Consolação,29,1,0,Apartamento,2500,3096
Largo Padre Péricles,Barra Funda,64,1,0,Apartamento,1800,2259
Rua Doutora Neyde Apparecida Sollitto,Vila Clementino,35,1,0,Apartamento,1320,1371
Rua Major Diogo,Bela Vista,27,1,0,Apartamento,1200,1588
Rua Ingu,Guaiaúna,42,2,0,Apartamento,1800,2249
Rua das Perobas,Vila Parque Jabaquara,74,2,2,Apartamento,1500,2722
Avenida do Anastácio,São Domingos,65,3,1,Apartamento,1990,2615
Rua Manuel Soeiro Ramirez,Jardim Mimar,60,2,1,Casa,1500,1588
Rua Alexandre Benois,Vila Andrade,46,2,1,Apartamento,2900,3562
Rua Cesário Ramalho,Cambuci,59,1,0,Apartamento,1650,1793
Rua Padre João,Penha de França,80,2,0,Casa em condomínio,1550,1616
Rua Vergel,Água Rasa,230,3,4,Casa,5910,6378
Rua Araguaia,Vila Curuca,87,3,2,Apartamento,3500,3756
Alameda Eduardo Prado,Campos Elíseos,39,1,1,Apartamento,1200,1722
Praça da República,República,30,1,1,Studio e kitnet,2160,3030
Avenida Brigadeiro Luís Antônio,Bela Vista,45,1,1,Apartamento,2200,2734
Rua David Ben Gurion,Jardim Monte Kemel,141,3,2,Apartamento,8300,10150
Rua Estero Belaco,Vila da Saúde,56,2,1,Apartamento,2227,3367
Rua Augusta,Consolação,22,1,1,Studio e kitnet,2086,2951
Avenida Braz Leme,Santana,199,2,2,Apartamento,6000,7447
Rua Serra de Botucatu,Chácara Califórnia,96,3,2,Apartamento,5500,6341
Largo Santa Cecília,Vila Buarque,30,1,0,Studio e kitnet,820,1464
Rua Adolfino de Arruda Castanho,Vila Dinorah,116,3,1,Casa,4000,4170
Rua Anhanguera,Barra Funda,69,2,2,Apartamento,5390,6182
Rua Salgueiro,Cidade Patriarca,50,2,0,Apartamento,1300,1350
Rua Luís Carneiro,Vila Pereira Barreto,110,3,2,Apartamento,2400,4025
Avenida Brigadeiro Luís Antônio,Bela Vista,42,1,1,Apartamento,3300,3856
Rua Santa Maria Goretti,Vila Maria Alta,60,1,1,Casa,700,876
Rua Manuel da Nóbrega,Paraíso,190,4,1,Apartamento,4500,7610
Rua Euclides de Andrade,Jardim Vera Cruz,172,3,4,Casa,6900,7623
Maria Curupaiti,Vila Ester (zona Norte),60,2,1,Apartamento,1505,2176
Avenida Yervant Kissajikian,Vila Constança,50,2,1,Apartamento,1460,2036
Rua Dona Maria Custódia,Santa Teresinha,250,3,2,Casa,3250,3661
Rua Taiaçupeba,Quinta da Paineira,100,2,0,Casa,1850,1989
Rua Baronesa de Itu,Santa Cecília,35,1,0,Studio e kitnet,2210,2915
Rua Oscar Freire,Cerqueira César,82,2,1,Apartamento,4000,5269
Rua Engenheiro Luís Antônio Rantin Moutinho,Jardim Popular,100,2,1,Casa,2150,2241
Rua Luiz Seráphico Júnior,Jardim Caravelas,27,1,0,Apartamento,2300,2689
Rua Nicola Rollo,Vila Andrade,87,3,1,Apartamento,5000,6475
Rua dos Caciques A,Vila da Saúde,124,3,4,Casa,5150,5686
Rua Joaquim Antunes,Pinheiros,96,3,1,Apartamento,5000,6535
Rua Coronel Irineu de Castro,Jardim Anália Franco,69,2,1,Apartamento,2400,2793
Rua Augusto Viana de Castelo,Vila Basileia,80,3,0,Casa,1432,1493
Alameda Santo Amaro,Santo Amaro,119,3,0,Apartamento,1920,2685
Rua Potsdam,Vila Hamburguesa,50,1,0,Casa,1600,2018
Rua Major Diogo,Bela Vista,38,1,0,Apartamento,1640,2092
Rua Doutor Ângelo Vita,Vila Zilda,26,1,0,Apartamento,2560,3709
Rua Castro Alves,Aclimação,41,1,0,Apartamento,1200,1890
Alameda Yayá,Jardim Aida,70,3,0,Casa,2200,2373
Rua Periatis,Vila Araguaia,30,1,0,Apartamento,850,1033
Rua Artemis,Vila Babilônia,30,1,0,Casa,1200,1301
Rua Martiniano de Carvalho,Bela Vista,35,1,0,Studio e kitnet,1400,1764
Rua Doutor Luiz Migliano,Jardim Caboré,64,3,1,Apartamento,2500,3266
Rua Guararapes,Brooklin Paulista,107,2,1,Casa,3950,4263
Rua Amandaú,Tucuruvi,34,2,0,Apartamento,2200,2590
Rua Condeúba,Vila Carrão,46,2,0,Apartamento,1300,1813
Rua Antônio André Rodrigues,Chácara Mafalda,50,1,0,Casa,1200,1287
Rua Doutor Nicolau Alberto Defina,Jardim da Saúde,66,2,1,Apartamento,1460,2235
Rua José Guilger Sobrinho,Santo Amaro,187,4,2,Casa,5500,5874
Rua Bahia,Higienópolis,48,1,1,Apartamento,4600,5927
Rua Professor Castro Pereira,Vila Baruel,50,2,0,Casa,1880,2060
Rua Guaianases,Campos Elíseos,87,2,0,Apartamento,1500,2123
Rua Guilherme Rudge,Vila Sao Geraldo,38,2,0,Apartamento,1400,1664
Rua Juquis,Indianópolis,45,1,1,Apartamento,3620,4522
Avenida Itaberaba,Nossa Senhora do O,100,3,0,Casa,1900,1981
Rua Paulistânia,Vila Madalena,35,1,0,Apartamento,3700,4232
Rua Doutor Cesário Mota Júnior,Vila Buarque,24,1,0,Studio e kitnet,1200,1607
Rua Ribeirão Branco,Vila Bertioga,43,2,1,Apartamento,2590,2890
Rua Vigário Albernaz,Vila Gumercindo,74,2,2,Apartamento,2600,3951
Rua das Tambaíbas,Parque Jabaquara,106,3,1,Casa,3120,3297
Rua Salvador Iacona,Vila Santa Catarina,51,2,1,Apartamento,1999,3033
Avenida Manoel dos Reis Araújo,Jardim Marajoara,500,4,2,Casa,8500,10950
Rua Jesuíno Arruda,Itaim Bibi,54,1,1,Apartamento,3663,5141
Rua Carvalho de Freitas,Vila Andrade,45,1,1,Apartamento,3519,4033
Rua Damásio Mascarenhas,Santana,60,1,0,Casa,2550,2659
Rua Camarés,Carandiru,50,2,1,Apartamento,1800,2489
Rua Sepetiba,Siciliano,120,2,1,Casa,3500,3865
Rua Professor Gustavo Pires de Andrade,Parque da Vila Prudente,120,3,3,Casa,4500,4808
Rua Doutor Cesário Mota Júnior,Santa Cecilia,24,1,0,Studio e kitnet,1300,1863
Rua Judith,Vila Madalena,58,2,2,Apartamento,3810,5562
Rua Ângelo Ricchiutti,Jardim Paraíso,200,4,2,Casa,6000,6396
Alameda Ribeirão Preto,Bela Vista,28,1,0,Studio e kitnet,3200,4561
Rua Padre Gualberto Lima,Parque Monteiro Soares,50,2,1,Apartamento,1400,1978
Rua Carlos Bigatti,Jardim Castelo,48,2,1,Apartamento,1190,1636
Rua Lair,Tremembé,384,3,0,Casa,10000,11550
Rua Professora Nina Stocco,Jardim Catanduva,50,2,1,Apartamento,1365,1815
Rua Tabatinguera,Sé,30,1,0,Apartamento,950,1313
Rua Rosa Mendes,Jardim Penha,50,2,0,Apartamento,1300,1550
Rua Faustino Siqueira Franco,Vila Maricy,91,2,1,Apartamento,1900,2172
Avenida Professor Francisco Morato,Vila Sônia,82,2,2,Apartamento,6000,7074
Rua Miguel Arcanjo de Oliveira,Parque Paineiras,32,1,0,Apartamento,990,1133
Rua Bitencourt Sampaio,Vila Mariana,67,3,2,Apartamento,4000,5439
Avenida Leôncio de Magalhães,Jardim São Paulo,110,3,1,Casa,3500,4290
Rua Ricardo Avenarius,Paraíso do Morumbi,24,1,0,Apartamento,900,1245
Avenida Itaboraí,Bosque da Saúde,57,2,1,Apartamento,1750,2710
Rua do Lucas,Brás,50,2,1,Apartamento,3000,3578
Rua Mamud Rahd,Tremembé,70,3,1,Casa em condomínio,2000,2185
Rua Doutor Raul da Rocha Medeiros,Tatuapé,55,2,1,Apartamento,3800,4697
Avenida Sanatório,Jardim Modelo,16,1,0,Studio e kitnet,600,623
Rua Paim,Bela Vista,35,1,1,Apartamento,3450,3930
Rua Samia Haddad,Vila Suzana,86,1,2,Studio e kitnet,5250,7032
Praça Júlio Mesquita,Santa Efigênia,63,1,1,Apartamento,1470,2214
Rua Intendência,Brás,42,2,0,Apartamento,2000,2402
"R. das Nhandirobas - Jardim Oriental, São Paulo - Sp, Brasil",Jardim Oriental,14,1,0,Apartamento,1500,1520
Rua Henri Dunant,Santo Amaro,55,1,1,Apartamento,4999,6378
Rua Doutor Luiz Migliano,Morumbi,96,3,2,Apartamento,5600,6757
Rua da Consolação,Consolação,25,1,0,Studio e kitnet,2368,2898
Rua Lavradio,Barra Funda,78,2,0,Apartamento,2310,2914
Rua Mauês,Vila Prado,66,2,1,Casa,2920,3220
Rua Conselheiro Moreira de Barros,Santana,40,1,0,Apartamento,2100,2271
Rua dos Patriotas,Ipiranga,75,2,0,Apartamento,1650,2153
Rua Visconde de Aguiar Toledo,Vila Congonhas,300,3,2,Casa,5625,6448
Rua Jean de La Huerta,Vila Brasilina,100,3,0,Casa,1788,1889
Rua Haddock Lobo,Cerqueira César,48,1,1,Apartamento,4650,6915
Rua Catão,Vila Romana,60,2,1,Apartamento,3600,4511
Rua Glicério,Liberdade,72,1,0,Apartamento,1872,2768
Rua Edmundo Amaral Valente,Parque Munhoz,56,2,2,Apartamento,1500,2188
Avenida Eusébio Matoso,Pinheiros,46,1,1,Studio e kitnet,6010,8101
Rua Marquês de Lages,Vila Moraes,63,3,1,Apartamento,1200,1867
Avenida Engenheiro Armando de Arruda Pereira,Vila do Encontro,37,1,0,Apartamento,850,1073
Rua Itá,Vila Santos,40,2,0,Apartamento,1200,1597
Rua Padre Estevão de Oliveira,Conjunto Habitacional Padre Manoel da Nobrega,49,2,1,Apartamento,1600,1662
Rua General Syzeno Sarmento,Jardim Esmeralda,139,4,2,Casa,3800,3961
Rua Miriam,Jardim da Gloria,50,1,0,Casa,1650,1745
Avenida Divino Salvador,Planalto Paulista,69,2,1,Apartamento,4500,5824
Rua Doutor Sodré,Vila Nova Conceição,132,3,2,Casa,7880,9198
Rua Jacaré Copaíba,Jardim Peri,54,2,1,Apartamento,1500,2292
Rua Hércules Florence,Centro,85,2,0,Apartamento,1785,2434
"R. Evans, São Paulo - Sp, 03648-020, Brasil",Vila Matilde,40,2,0,Apartamento,1800,2019
Rua Maria Borba,Vila Buarque,32,1,0,Studio e kitnet,1500,1970
Rua Vilarinho,Vila Albertina,200,4,3,Casa,3000,3294
Rua Professor Guilherme Belfort Sabino,Campininha,239,3,2,Casa,3040,3578
Rua Capitão Teófilo,Centro,94,3,1,Apartamento,2200,2926
Rua Doutor Paschoal Imperatriz,Vila Gertrudes,96,1,2,Apartamento,5800,8281
Rua Tabatinguera,Sé,74,2,1,Apartamento,1400,2452
Rua Joaquim Rodrigues Costa,Vila Maria Alta,45,1,0,Apartamento,1120,1214
Rua Gregório de Matos,Vila Regente Feijó,91,3,2,Apartamento,3500,4763
Rua Nancy Silva Cabral,Parque Continental Ii,85,2,1,Casa,2400,2537
Rua Santo Amaro,Bela Vista,39,1,1,Studio e kitnet,2700,3413
Rua Campo Largo,Vila Bertioga,216,2,5,Casa,2800,2908
Rua Caçador de Esmeraldas,Vila São José,40,1,0,Casa,1180,1350
Rua Vila Prudente,Vila Prudente,40,1,0,Casa,983,1025
Rua Costa Carvalho,Pinheiros,70,2,0,Apartamento,2600,3361
Travessa Ferdinando Vaders,Vila Campo Grande,140,3,2,Casa,3200,3335
Avenida Damasceno Vieira,Vila Mascote,70,2,1,Apartamento,2200,3249
Rua Adalberto Kemeny,Parque Industrial Tomas Edson,66,2,1,Apartamento,4000,4997
Rua Antônio Ribeiro de Morais,Vila Carbone,71,3,1,Apartamento,1600,2212
Avenida Doutor Hugo Beolchi,Vila Guarani (z Sul),26,1,0,Apartamento,2700,3093
Rua 21 de Abril,Brás,130,2,1,Apartamento,2588,3005
Rua Martins Fernandes,Imirim,125,3,4,Casa,3000,3284
Rua Dom Miguel Costa,Vila Gumercindo,140,3,1,Casa,2990,3274
Alameda Campestre,Campestre,44,1,1,Apartamento,2700,3369
Rua Cândida Franco de Barros,Itaberaba,50,2,1,Apartamento,2250,3010
Rua Heitor de Souza Pinheiro,Super Quadra Morumbi,68,3,2,Apartamento,2172,3190
Rua Orestes Barbosa,Jardim Paraventi,70,2,1,Casa,1600,1768
Rua Bernardino Vergueiro,Penha de França,60,2,1,Apartamento,1380,2133
Rua Mussumés,Vila Maria Alta,5,1,0,Casa,570,594
Rua Doutor Edmur de Castro Cotti,Jardim Rizzo,100,2,1,Casa,3700,3874
Rua Uberlândia,Butantã,64,2,1,Apartamento,1650,2628
Rua Francisco Pessoa,Vila Andrade,55,2,1,Apartamento,2600,3430
Rua Mamanguape,Cidade Mãe do Céu,39,1,1,Apartamento,1860,2205
Rua Tucuna,Perdizes,65,2,1,Apartamento,3690,4978
Rua Nova Aurora,Vila Guilhermina,30,1,0,Apartamento,1600,1812
Rua Heitor Peixoto,Cambuci,70,2,2,Apartamento,4913,6036
Rua Doutor Ubaldo Franco Caiubi,Vila São Paulo,69,3,2,Apartamento,1950,3009
Avenida Doutor Lino de Moraes Leme,Vila Paulista,128,3,2,Casa,2600,2960
Rua Professor José Miziara,Santa Teresinha,55,2,1,Apartamento,1900,2532
Avenida Álvaro Ramos,Belenzinho,65,2,1,Apartamento,2290,3139
Rua José Oscar Abreu Sampaio,Jardim Anália Franco,375,4,5,Apartamento,9000,17820
Rua Rocha Fraga,Cangaiba,130,2,3,Casa,2800,3032
Rua Cocáis,Jardim Oriental,500,2,1,Casa,3100,4092
Avenida Rio Branco,Campos Elíseos,30,1,1,Apartamento,750,1369
Rua Camargo Aranha,Pacaembu,350,4,2,Casa,10400,11660
Rua Vapabussu,Jardim Aeroporto,73,2,2,Apartamento,5000,6397
Rua Clímaco Barbosa,Cambuci,78,3,1,Apartamento,2231,3137
Rua Azevedo Macedo,Vila Mariana,26,1,0,Apartamento,3200,3768
Rua Manuel Álvares da Costa,Jardim Ester Yolanda,76,3,1,Apartamento,2125,3207
Rua Alexandre Dumas,Santo Amaro,170,4,2,Apartamento,7500,11290
Rua Galiléia,Casa Verde Média,50,1,0,Casa,850,957
Rua General Júlio Marcondes Salgado,Campos Elíseos,28,1,0,Studio e kitnet,1933,2008
Avenida Sapopemba,Jardim Adutora,32,2,0,Apartamento,1521,1789
Rua Anjo Custódio,Vila Formosa,38,2,0,Casa,1600,1668
Rua George Smith,Lapa,116,2,1,Apartamento,3750,4725
Rua Ana de Barros,Jardim Santa Inês,68,2,1,Apartamento,1800,2655
Rua Falchi Gianini,Vila Prudente,73,3,1,Apartamento,3400,4232
Rua Sebastião Martins,Jardim Bonfiglioli,65,1,0,Casa,1500,1638
Avenida São Miguel,Vila Marieta,15,1,1,Studio e kitnet,1030,1345
Rua Hermes de Moura Borges,Artur Alvim,31,1,0,Apartamento,1350,1554
Alameda Barão de Limeira,Campos Elíseos,37,1,0,Studio e kitnet,1200,1722
Rua Purpurina,Sumarezinho,55,2,1,Apartamento,5200,7262
Rua Mendes Nunes,Vila Campestre,90,2,1,Casa,1500,1652
Rua Brigadeiro Gama Barcelos,Parque Jabaquara,235,3,4,Casa,7500,8040
Rua Antônio Carlos dos Santos,Cidade Patriarca,33,1,0,Studio e kitnet,1113,1387
Avenida Corifeu de Azevedo Marques,Jd. Rio Pequeno,20,1,0,Apartamento,1600,1662
Avenida Marginal,Vila Cristália,41,2,0,Apartamento,1500,1558
Rua Sócrates,Vila Sofia,203,3,4,Apartamento,10000,14000
Rua Voluntários da Pátria,Santana,20,1,0,Apartamento,1700,2127
Rua João de Seixas,Campo Grande,290,4,4,Casa,9000,9966
Rua Terceiro-sargento João Soares de Faria,Parque Novo Mundo,51,2,1,Apartamento,1500,2175
Rua José Antônio Coelho,Vila Mariana,42,1,1,Studio e kitnet,2500,2962
Rua Pedro Taques,Vila Principe de Gales,86,3,2,Apartamento,1928,2593
Rua Engenheiro Roberto Mange,Cidade Maia,217,3,4,Casa,4200,4751
Rua Padre Mariano Ronchi,Piqueri,30,1,0,Apartamento,1380,1433
Alameda Rio Negro,Alphaville Industrial,33,1,1,Apartamento,3100,5020
Rua Marechal Barbacena,Vila Regente Feijó,52,1,0,Apartamento,1400,1814
Avenida Cauaxi,Alphaville Industrial,38,1,1,Studio e kitnet,3800,3947
Rua Professor José Soares de Mello,Jardim Centenario,42,2,1,Apartamento,1700,2224
Avenida Interlagos,Jardim Marajoara,68,3,1,Apartamento,2165,3032
Rua Lauzane,Capela do Socorro,180,3,1,Casa,2800,2919
Rua Capote Valente,Pinheiros,38,1,1,Apartamento,2376,2950
Alameda Purús,Alphaville,54,1,1,Apartamento,2200,3470
Rua Bela Cintra,Consolação,111,3,1,Apartamento,11340,13570
Rua Marret,Vila Progresso,160,3,3,Casa,2500,2690
Avenida do Estado,Cambuci,35,1,0,Apartamento,1493,1870
Rua Etiópia,Parque das Nações,80,2,1,Casa,1950,2091
Rua Padre Isidoro,Vila Nova York,34,1,1,Apartamento,1500,1558
Rua da Consolação,Cerqueira César,122,2,2,Apartamento,6350,8474
Rua Alexandre Benois,Vila Andrade,43,1,1,Apartamento,1790,2591
Rua Girassol,Vila Madalena,80,3,1,Apartamento,3950,5378
Rua Cuiabá,Alto da Mooca,75,3,1,Apartamento,2600,4001
Rua Azevedo Júnior,Brás,45,2,1,Apartamento,1600,2202
Rua Caiowaa,Perdizes,70,2,1,Apartamento,2550,3555
Rua Galiléia,Casa Verde Média,40,1,0,Casa em condomínio,830,870
Rua Flora,Brás,36,2,0,Studio e kitnet,1550,2007
Rua Maria Cuofono Salzano,Jardim Santo Antoninho,120,3,2,Casa,4200,4388
Rua Gomes de Carvalho,Vila Olímpia,137,3,2,Apartamento,13200,15800
Rua Tucuna,Pompeia,55,2,1,Apartamento,3370,4820
Rua Aliança,Jardim de Lorenzo,55,2,0,Casa,1250,1303
Rua São José,Santo Amaro,49,1,1,Apartamento,2600,3228
Avenida Raimundo Pereira de Magalhães,Jardim Iris,45,2,0,Apartamento,3000,3621
Rua Pedro Bellegarde,Chácara Califórnia,50,2,1,Apartamento,2000,2740
Rua Rodrigo Lobato,Jardim Vera Cruz,120,3,2,Casa,4800,5204
Rua Santo Amaro,Bela Vista,40,1,1,Apartamento,2700,3524
Avenida São Luís,República,350,3,1,Apartamento,7627,11430
Alameda Itu,Cerqueira César,108,3,1,Apartamento,9403,11530
Rua Tenente Coronel Soares Neiva,Vila Aricanduva,35,2,0,Apartamento,1481,1788
Rua Leônidas Freire,Vila Liviero,80,2,1,Casa,2500,2706
Rua Doutor Albuquerque Lins,Santa Cecília,63,0,0,Studio e kitnet,1600,2186
Rua das Perobas,Vila Parque Jabaquara,45,1,1,Apartamento,2050,2600
Rua Tebas,Jardim Brasil (zona Sul),87,2,2,Apartamento,6000,7492
Largo do Arouche,República,30,0,0,Studio e kitnet,1010,1468
Rua Viana do Castelo,Vila Califórnia,77,1,0,Apartamento,1000,1154
Rua Coronel Virgilio dos Santos,Vila Santa Edwiges,48,2,1,Apartamento,1700,2009
Rua João Vieira da Silva,Vila Sabrina,50,2,0,Casa,730,761
Rua Ataliba Leonel,Vila Fidalgo,70,1,0,Casa,1380,1438
Rua Bela Cintra,Consolação,38,1,1,Apartamento,2600,3108
Rua Professor Campos Almeida,Jardim Bonfiglioli,180,3,2,Casa,5000,5478
Rua Oliveira Catrambi,Jardim Vila Formosa,57,2,1,Apartamento,6000,6577
Alfredo Pujol,Santana,25,1,0,Studio e kitnet,2100,2558
Rua Alvorada do Norte,Vila Mangalot,60,2,1,Apartamento,2600,3438
Rua Alfredo Pujol,Santana,26,1,0,Studio e kitnet,2500,2940
Avenida Cásper Líbero,Centro Histórico de São Paulo,26,1,0,Studio e kitnet,2000,2597
Rua Capote Valente,Pinheiros,64,2,1,Apartamento,8900,10340
Rua Peixoto Gomide,Jardim Paulista,250,3,1,Apartamento,9500,12120
Rua Convenção de Itu,Jardim Paulista,260,3,2,Apartamento,15000,18740
Rua Sebastião Dias,Vila Zat,70,2,1,Casa,1376,1526
Travessa Barra do Barão,Jardim Filhos da Terra,95,3,0,Casa,1100,1147
Rua Pico Negro,Vila Regente Feijó,170,3,1,Casa,2740,3799
Rua Coronel Ferreira Leal,Vila Gomes,15,1,0,Studio e kitnet,1150,1239
Avenida Rangel Pestana,Jardim Brasília (zona Norte),35,1,0,Apartamento,1800,2149
Rua Genebra,Bela Vista,28,1,0,Studio e kitnet,1500,2185
Rua Desembargador Euclides da Silveira,Casa Verde,49,1,1,Apartamento,3500,4188
Rua Francisco Fett,Vila Paulo Silas,30,1,0,Casa,850,967
Rua Doutor César,Santana,58,2,1,Apartamento,2000,3143
Rua Carneiro Leão,Brás,51,2,1,Apartamento,2100,2657
Rua Irmã Maria Amélia,Vila Pirituba,50,1,0,Casa,839,924
Rua Cajaíba,Vila Pompéia,72,2,2,Apartamento,6700,8458
Avenida Raimundo Pereira de Magalhães,Jardim Iris,66,2,1,Apartamento,1600,2212
Rua Guaiúba,Cidade Dutra,165,3,1,Casa,3215,3449
Rua Nova dos Portugueses,Chora Menino,100,3,2,Casa,2450,2771
Rua Branca Raposo,Jardim Carlu,38,1,0,Casa,1140,1288
Rua Adolfo Schnabel,Vila Ema,25,1,0,Studio e kitnet,1138,1352
Rua José Loureiro das Neves,Vila Cleonice,27,1,0,Studio e kitnet,900,1045
Avenida do Taboão,Taboão,58,2,1,Apartamento,1150,1658
Rua Vianópolis,Vila Maria Alta,126,2,2,Casa,2100,2256
Rua Alberto Gomes Leite,Vila Portuguesa,70,1,0,Casa,1120,1168
Rua Doutor Gabriel Covelli,Parque Peruche,60,2,1,Casa,1630,1780
Rua Doutor Sílvio Dante Bertacchi,Vila Sônia,87,2,2,Apartamento,2448,3532
Rua Lituânia,Alto da Mooca,120,4,2,Casa,4500,4841
Rua Conselheiro Furtado,Liberdade,53,1,0,Apartamento,1324,2182
Rua Brigadeiro Tobias,Centro,116,3,0,Apartamento,3999,4153
Rua Antonieta,Picanço,95,2,3,Casa,3100,3299
Rua Olavo Bilac,Vila Sofia,78,2,1,Apartamento,2500,3491
Rua Ibatiba,Vila Metalúrgica,57,2,1,Apartamento,2150,2589
Rua Glicério,Liberdade,50,2,1,Apartamento,3000,3745
Avenida Padre Lebret,Morumbi,60,1,2,Apartamento,6065,7613
Rua Doutor Brasilio Machado,Santa Cecília,58,1,0,Apartamento,1800,2459
Rua Abaíbas,Vila Palmeiras,35,1,0,Casa,734,853
Rua Luís Coelho,Consolação,48,1,1,Apartamento,2430,4276
Rua Jabiru,Vila Nova Curuçá,18,1,0,Casa,600,625
Rua Caruso,Vila Alpina,200,3,5,Casa,5000,5492
Avenida Jurema,Indianópolis,78,2,1,Apartamento,4200,6119
Rua Coronel Cintra,Mooca,30,1,0,Studio e kitnet,1100,1290
Rua Frei Caneca,Consolação,31,1,0,Apartamento,2500,3146
Avenida Rio Branco,Campos Elíseos,42,1,0,Studio e kitnet,1255,1533
Rua Henrique Chaves,Jardim Ester,71,3,1,Apartamento,2310,3237
Avenida Padre Antônio José dos Santos,Cidade Monções,172,3,2,Apartamento,7500,9696
Rua Umburetama,Ipiranga,120,4,1,Casa,3700,4107
Avenida Príncipe de Gales,Vila Príncipe de Gales,50,2,1,Apartamento,1356,2009
Rua Porto Alegre,Vila Bertioga,40,1,0,Studio e kitnet,1050,1140
Rua Renéa Ferreira de Castilho,Super Quadra Morumbi,110,3,3,Casa,3500,3825
Rua Ribeirão Branco,Vila Bertioga,43,2,0,Apartamento,2430,2723
Avenida Washington Luís,Jardim Aeroporto,55,1,0,Apartamento,1500,2064
Rua Baltazar Lisboa,Vila Mariana,44,1,1,Apartamento,3500,4414
Avenida Maestro Alfredo Belardi,Padroeira,282,4,2,Casa,3080,3366
Rua Peixoto Gomide,Jardim Paulista,315,3,3,Apartamento,11250,16220
Rua Lázaro Suave,City Bussocaba,73,3,2,Apartamento,2300,3124
Praça Américo Jacomino,Sumarezinho,30,1,1,Apartamento,3000,3714
Rua Aurora,Santa Efigênia,28,1,0,Apartamento,1500,1917
Rua Ernest Friedrich Jost,Pinheiros,145,1,0,Casa,13300,14150
Rua Sérgio Ricardo Andreoni,Vila Hebe,60,1,0,Casa,1500,1563
Rua Alencar Araripe,Sacomã,50,2,1,Apartamento,1712,2486
Rua Doutor Diogo de Faria,Vila Clementino,24,1,0,Studio e kitnet,2750,3356
Rua Guaraipó,Parque Sevilha,141,3,5,Casa,4100,4492
Avenida Ibirapuera,Indianópolis,27,1,1,Apartamento,2960,5366
Rua Mandioré,Vila Formosa,53,1,0,Casa,1050,1162
Rua Inconfidência Baiana,Vila Primavera,50,1,0,Casa,900,915
Avenida Sargento Geraldo Sant'ana,Jardim Taquaral,68,3,1,Apartamento,2880,3709
Rua Brigadeiro Godinho dos Santos,Vila Pirituba,40,1,1,Apartamento,1700,2256
Rua Mineradora de Diamantina,Cidade Continental,27,1,0,Studio e kitnet,1690,1862
Rua Alice Manholer Piteri,Centro,78,3,2,Apartamento,2800,3841
Rua Coronel Luís Barroso,Jardim Novo Santo Amaro,31,1,1,Studio e kitnet,2490,3055
Rua Padre Raposo,Mooca,167,3,2,Apartamento,2990,5057
Rua Volta Redonda,Campo Belo,180,4,3,Apartamento,12700,15970
Alameda Ministro Rocha Azevedo,Cerqueira César,41,1,1,Studio e kitnet,3230,5816
Avenida Paes de Barros,Mooca,150,3,1,Apartamento,3100,3868
Rua Rio Grande,Vila Mariana,20,1,0,Studio e kitnet,2100,2127
Rua Ajururés,Brooklin Paulista,169,3,2,Casa,15000,15930
Rua Jaci,Chácara Inglesa,70,2,1,Apartamento,2000,2973
Rua João Gomes Batista,Jardim Cidália,70,3,0,Apartamento,2188,2497
Rua Ministro Álvaro de Sousa Lima,Jardim Marajoara,116,2,2,Casa,4200,6355
Alameda dos Nhambiquaras,Indianópolis,94,3,3,Apartamento,5000,7024
Rua Barão do Serro Largo,Vila Regente Feijó,150,3,1,Casa,3400,3960
Rua Carlos Petit,Vila Mariana,38,1,0,Apartamento,3900,4680
Rua David Ben Gurion,Jardim Monte Kemel,440,6,6,Casa,10900,12060
Rua Carolina Soares,Vila Diva (zona Norte),20,1,0,Apartamento,771,848
Rua Voluntários da Pátria,Santana,20,1,0,Studio e kitnet,1649,2271
Rua Hugo Walter Puschnick,Alto da Mooca,213,3,5,Casa,4900,5548
Rua Dom Salomão Ferraz,Vila Andrade,54,2,1,Apartamento,2000,2697
Avenida Conselheiro Rodrigues Alves,Vila Mariana,90,3,1,Apartamento,3366,4817
Avenida Pires do Rio,Jardim Norma,26,1,0,Casa,950,1040
Rua Visconde de Itaboraí,Vila Azevedo,60,2,0,Casa,2115,2204
Rua Benvenuto Cellini,Jardim das Vertentes,45,1,0,Casa,1400,1490
Avenida Francisco de Carvalho,Jardim Ipanema (zona Sul),80,3,1,Casa,6000,6880
Rua Pamplona,Cerqueira César,49,1,1,Apartamento,3000,3967
Rua João Moura,Pinheiros,49,1,1,Apartamento,2552,3824
Rua Amapá Grande,Vila Canero,45,1,0,Apartamento,1150,1194
Rua Casa do Ator,Vila Olímpia,31,1,1,Studio e kitnet,3696,4817
Rua Ministro Ferreira Alves,Vila Pompéia,50,1,1,Apartamento,3749,4600
Rua Costa Barros,Vila Alpina,27,1,0,Apartamento,1460,1516
Rua Giovanni Boltraffio,Sacoma,63,2,1,Apartamento,1850,2541
Avenida Rangel Pestana,Brás,55,1,0,Apartamento,1103,1608
Rua William Speers,Lapa de Baixo,80,1,0,Casa,2000,2085
Avenida dos Parques,Tamboré,45,1,1,Studio e kitnet,3300,4179
Rua Humberto I,Vila Mariana,179,2,0,Apartamento,3200,4397
Rua das Palmeiras,Campos Elíseos,11,1,0,Studio e kitnet,2125,2506
Rua São Paulo,Liberdade,50,2,0,Apartamento,3000,3466
Rua Santa Luzia,Liberdade,40,1,0,Apartamento,1450,1776
Rua Jacofer,Jardim Pereira Leite,87,3,2,Apartamento,4100,5354
Rua das Margaridas,Parque Assunção,52,2,1,Apartamento,1450,1830
Avenida Jamaris,Planalto Paulista,42,1,1,Studio e kitnet,3200,4507
Rua Doutor Mário Ferraz,Jardim Paulistano,50,1,1,Apartamento,6180,8215
Avenida Padre Arlindo Vieira,Jardim Vergueiro (sacomã),50,2,1,Apartamento,985,1561
Rua Coronel Fawcett,Vila Moraes,50,1,0,Casa,1200,1360
Rua Assunta Dores de Sica,Vila Nova Mazzei,70,2,3,Casa,2000,2343
Rua Clodomiro Amazonas,Vila Olímpia,90,2,0,Apartamento,3500,4352
Rua João Ventura Batista,Vila Guilherme,67,2,1,Apartamento,2500,3131
Rua Capitão Zacarias Bernardino Mota,Vila Albertina,30,1,0,Apartamento,896,1011
Rua Adaury Ribeiro de Godoy,Água Fria,35,1,0,Casa em condomínio,1450,1591
Rua Otávio de Morais,Cidade São Francisco,98,2,2,Apartamento,3500,4820
Rua Kalil Nader Habr,Vila Santo Estéfano,50,1,0,Studio e kitnet,750,779
Rua Cubatão,Vila Mariana,26,1,0,Studio e kitnet,3200,3863
Rua Rodesia,Alto de Pinheiros,35,1,1,Apartamento,2550,3539
Rua Roma,Osvaldo Cruz,106,3,1,Apartamento,2500,3260
Rua Pantojo,Vila Regente Feijó,173,2,3,Apartamento,4220,6152
Avenida Cônego José Salomon,Vila Portugal,69,3,1,Apartamento,1400,1844
Rua Luís de França Júnior,Vila Nova Caledonia,270,4,3,Casa em condomínio,12000,15040
Rua Intendência,Brás,53,2,0,Apartamento,1550,2010
Rua Cuiabá,Alto da Mooca,77,3,1,Apartamento,4500,5615
Rua Doutor Tomás Alves,Vila Mariana,20,1,0,Studio e kitnet,3645,4196
Rua Harry Símonsen,Vila das Palmeiras,55,2,1,Apartamento,2200,2789
Rua Camargo,Paulicéia,44,2,1,Apartamento,1500,2054
Avenida Washington Luís,Santo Amaro,41,1,1,Studio e kitnet,7000,8129
Rua Joaquim Guarani,Jardim das Acacias,20,1,0,Apartamento,2750,3313
Rua Correia Dias,Paraíso,25,1,0,Studio e kitnet,4000,4061
Rua das Flechas,Vila Santa Catarina,98,3,1,Apartamento,2100,3290
Rua Montojó,Quinta da Paineira,52,2,1,Apartamento,1250,1914
Rua Morgado de Mateus,Vila Mariana,180,3,2,Apartamento,8000,10010
Av. Padre Lebret,Vila Morumbi,120,2,2,Apartamento,5000,6839
Rua Itanhomi,Vila Formosa,25,1,0,Casa,950,1031
Rua Madrigais,Vila Nova Cachoeirinha,45,1,1,Apartamento,1345,1897
Rua Irmã Maria Amélia,Vila Pirituba,55,2,1,Casa,1460,1618
Rua Gravataí,Consolação,23,1,0,Apartamento,1980,2497
Rua Horácio Alves da Costa,Jardim Nosso Lar,59,2,1,Apartamento,1350,2002
Rua Bela Flor,Vila Mariana,80,3,1,Apartamento,2399,3600
Rua Igarité,Vila Nova Carolina,24,1,0,Studio e kitnet,800,1031
Rua Alferes Magalhães,Santana,38,1,0,Apartamento,1250,1395
Rua Gonçalo Coelho,Vila Formosa,100,2,1,Casa,1985,2236
Rua Francisco da Lira,Jardim Leonor Mendes de Barros,150,3,5,Apartamento,5330,7165
Rua Alfredo Gali,Jardim Palmira,50,1,1,Casa,1100,1179
Rua Major Diogo,Bela Vista,36,1,1,Apartamento,1797,2738
Avenida Rebouças,Pinheiros,30,1,0,Studio e kitnet,4500,5595
Rua Almeida Lisboa,Vila Firmiano Pinto,87,1,1,Casa,2500,2606
Avenida José Dini,Chácara Agrindus,83,2,1,Apartamento,1530,2261
Rua Padre Bento Ibáñez,Jardim Prudência,223,4,2,Casa,4610,5047
Rua da Consolação,Cerqueira César,110,1,5,Apartamento,13250,17520
Rua Henrique Sertório,Tatuapé,38,1,1,Apartamento,3010,4226
Rua Werner Goldberg,Jardim Tupanci,68,2,1,Apartamento,3430,3998
Rua Estuário,Chácara Monte Alegre,532,6,4,Casa,15000,18050
Rua Gervásio Pires Ferreira,Planalto Paulista,215,2,1,Casa,2800,3088
Rua Gaivota,Moema,180,4,2,Apartamento,12000,15210
Avenida Corifeu de Azevedo Marques,Vila Lageado,60,2,1,Casa,2536,2743
Rua Fosca,Jardim Previdência,50,2,1,Apartamento,2335,2975
Rua Serra de Juréa,Tatuapé,84,3,2,Apartamento,2500,3967
Rua José Codina,Jardim Maristela,48,1,0,Casa,900,938
Rua Sevilha,Tucuruvi,70,2,1,Casa,4000,4155
Rua Marquês de Valença,Alto da Mooca,118,3,2,Apartamento,8800,11100
Rua Azevedo Júnior,Brás,62,2,1,Apartamento,1800,2509
Rua Nova York,Brooklin Paulista,41,1,1,Studio e kitnet,3590,4407
Rua Marcondésia,Chácara Monte Alegre,269,3,4,Casa,15000,16120
Rua Alberto Hinoto Bento,Macedo,64,3,1,Apartamento,2200,2284
Rua Heinrich Hertz,Cidade Monções,30,1,1,Studio e kitnet,3000,4975
Rua Promotor Gabriel Netuzzi Perez,Santo Amaro,55,1,0,Apartamento,1350,1873
Rua Tuiuti,Tatuapé,100,3,0,Casa,2400,2752
Rua Doutor Gentil Leite Martins,Vila Nova Caledonia,65,3,1,Apartamento,2263,3004
Rua Zurich,Taboão,75,2,1,Apartamento,1360,1906
Rua José Antônio Fontes,Vila Tolstoi,40,1,0,Studio e kitnet,1436,1892
Rua Dona Martinha,Santa Teresinha,115,3,3,Apartamento,6900,9750
Rua Nestor Pestana,Consolação,42,1,0,Studio e kitnet,1706,2067
Rua Dom João V,Lapa,210,3,2,Apartamento,3940,6355
Rua Bernardino Vergueiro,Jardim Jaú (zona Leste),45,2,0,Apartamento,1275,1525
Avenida Rangel Pestana,Brás,34,1,0,Apartamento,1900,2264
Praça Nami Jafet,Ipiranga,59,2,2,Apartamento,4000,5126
Rua Francisco Luís de Souza Júnior,Água Branca,43,2,1,Apartamento,2100,2636
Rua Garção Tinoco,Santana,60,2,1,Casa,2300,2398
Rua Santo Antônio,Bela Vista,37,2,0,Apartamento,2200,2814
Rua dos Timbiras,Santa Efigênia,42,1,0,Apartamento,1900,2509
Rua Guararapes,Brooklin,50,1,1,Apartamento,2660,4225
Rua Voluntários da Pátria,Santana,123,4,1,Apartamento,3800,5167
Rua Tobias Barreto,Mooca,85,2,0,Casa,2200,2293
Rua Diana,Perdizes,44,1,0,Apartamento,1900,2445
Rua Rubem de Souza,Vila Inglesa,50,2,1,Apartamento,1428,1903
Rua Barão de Loreto,Vila São José,28,1,0,Studio e kitnet,820,1619
Rua Xingu,Vila Valparaíso,70,2,1,Apartamento,2750,3535
Avenida Jabaquara,Mirandópolis,36,1,1,Apartamento,2800,3483
Rua Doutor Eduardo de Souza Aranha,Vila Nova Conceição,76,2,1,Apartamento,5000,6505
Rua Maurício Francisco Klabin,Vila Mariana,115,3,4,Apartamento,4560,7596
Rua Padre Capra,Vila Assunção,73,2,2,Apartamento,4379,5175
Rua Santa Justina,Vila Olímpia,26,1,1,Apartamento,3800,5622
Rua Otávio Tucunduva Faria,Cipava,120,2,3,Casa,3900,4391
Rua Júlio Conceição,Bom Retiro,79,2,0,Apartamento,2130,2957
Rua Chamantá,Vila Prudente,270,3,1,Casa,7280,7612
Rua Barão do Triunfo,Brooklin Paulista,109,2,1,Apartamento,4600,6618
Rua Régis,Parque Peruche,70,1,0,Casa,1100,1172
Rua Senador Felício dos Santos,Liberdade,70,1,1,Casa,1998,2225
Rua Ministro Coriolano de Góis,Jardim Marajoara,400,6,5,Casa,15000,16470
Rua Japurá,Bela Vista,72,2,1,Apartamento,2229,2845
Rua Saint Hilaire,Jardim Paulista,32,1,1,Studio e kitnet,2100,2879
Rua Vichy,Vila Baruel,37,2,0,Apartamento,1300,1749
Avenida Brumado de Minas,Jardim Independência (são Paulo),60,2,0,Casa,1180,1230
Rua Alfredo Pujol,Santana,67,2,1,Apartamento,4657,5999
Rua Quatá,Vila Palmares,50,2,1,Apartamento,2000,2627
Rua Natividade Saldanha,São Lucas,19,0,0,Studio e kitnet,850,1052
Rua Salvador Romeu,Vila Isolina Mazzei,200,3,4,Casa,4070,4410
Rua Raul Bispo dos Santos,Vila Pedra Branca,60,1,0,Casa,1100,1156
Rua Antonieta Leitão,Nossa Senhora do Ó,75,2,1,Apartamento,2400,3134
Rua Nadir,Gopoúva,54,2,1,Apartamento,2000,2536
Rua Botuí,Planalto Paulista,63,2,1,Casa,1850,2112
Rua Freire Farto,Jabaquara,200,2,3,Casa,5500,5946
Alameda Jaú,Jardim Paulista,105,2,1,Apartamento,6900,9022
Rua Lourenço Prado,Cidade dos Bandeirantes,54,2,1,Apartamento,1588,2127
Rua Santa Cruz,Vila Mariana,65,2,0,Casa,1700,1953
Rua Boçoroca,Vila Mira,54,2,1,Apartamento,1400,2046
Avenida Barro Branco,Vila do Encontro,30,1,0,Casa,1100,1182
Rua Getúlio Soares da Rocha,Jardim das Acácias,38,1,0,Apartamento,2250,2750
Alameda Ministro Rocha Azevedo,Cerqueira César,79,2,1,Apartamento,5510,6860
Avenida João de Andrade,Santo Antônio,40,1,0,Casa,721,951
Rua Antônio de Macedo Soares,Campo Belo,47,2,1,Apartamento,4500,5329
Rua Soror Maria Celeste,Parque Sao Luis,40,1,0,Casa,1000,1042
Rua Major Quedinho,Centro,150,2,2,Apartamento,15000,18140
Rua Professor José Horácio Meirelles Teixeira,Vila Suzana,375,4,4,Apartamento,15000,20280
Rua Vinte E Três de Outubro,Ferreira,60,1,0,Casa,1650,1771
Rua Doutor Álvares Teixeira,Parque Santo Antônio,110,3,0,Casa,1490,1553
Rua Professor Alexandre Correia,Jardim Vitória Régia,250,4,4,Apartamento,5992,10130
Rua dos Democratas,Vila Monte Alegre,101,3,1,Apartamento,3200,4663
Rua Aurora,Santa Ifigênia,50,1,0,Apartamento,1750,2290
Rua Santa Lúcia,Cidade Mãe do Céu,22,0,0,Apartamento,1000,1263
Praça Estrela do Norte,Cidade Patriarca,35,1,0,Casa,830,915
Rua Capistrano de Abreu,Barra Funda,50,2,1,Apartamento,2900,3667
Rua Friburgo,Vila Francisco Matarazzo,51,2,1,Apartamento,1100,1850
Rua General Chagas Santos,Vila da Saúde,88,2,2,Casa,2800,3533
Avenida Paes de Barros,Mooca,87,2,1,Apartamento,4360,5416
Rua Alencar Araripe,Sacomã,18,1,0,Casa,760,872
Avenida Maria Gebin de Moraes,Parque Continental Ii,60,2,1,Apartamento,1400,1484
Rua Tenente Coronel Soares Neiva,Vila Aricanduva,36,2,0,Apartamento,1500,1786
Rua Espártaco,Vila Romana,150,3,1,Casa,7650,8100
Travessa Victório Gnan,Jardim das Laranjeiras,30,1,0,Apartamento,1000,1138
Rua Cardeal Arcoverde,Pinheiros,100,2,0,Apartamento,3000,3116
Rua Manoel Fernandes Lopes,Mauá,65,2,0,Apartamento,1550,1710
Rua Albertina Viêira da Silva Gordo,Vila Aurora (zona Norte),70,2,2,Casa em condomínio,3800,4189
Rua Ângelo Mendes de Almeida,Parque Jabaquara,166,3,2,Casa,3000,3301
Rua Dona Carolina,Vila Mariana,100,2,2,Casa,3500,3743
Rua Ibitirama,Vila Alpina,54,2,1,Apartamento,2060,2520
Rua Afonso Celso,Vila Mariana,83,3,2,Apartamento,3500,5462
Rua Savério Quadrio,Parque Ipê,43,2,1,Apartamento,1680,2021
Rua Maria Borba,Vila Buarque,40,1,1,Apartamento,1100,2147
Avenida Onze de Agosto,Jardim Silvestre,60,2,0,Casa,1250,1413
Rua Augusta,Cerqueira César,35,1,1,Apartamento,2800,3661
Rua Manuel Figueiredo,Jardim Vila Formosa,40,1,0,Casa,840,934
Rua Doutor Ângelo Vita,Vila Zilda,22,1,0,Studio e kitnet,2200,2861
Rua Leopoldo Couto Magalhães Júnior,Itaim Bibi,95,3,1,Apartamento,4600,6161
Rua Oliveira Catrambi,Jardim Vila Formosa,40,2,0,Apartamento,6000,6832
Rua José Bonifácio,Vila Renata,58,2,2,Apartamento,2100,2964
Rua Conselheiro Ramalho,Bela Vista,26,1,0,Studio e kitnet,1953,2338
Rua José Screpante,Vila Yolanda,182,4,4,Casa,2660,2897
Rua Bartholomeu do Canto,Vila Palmeiras,34,2,0,Apartamento,1400,1754
Rua Alexandre Calame,Jaguaré,70,3,1,Apartamento,3250,4107
Rua Doutor Eduardo de Souza Aranha,Vila Nova Conceição,108,3,1,Apartamento,3713,5345
Alameda Franca,Jardim Paulista,44,1,1,Studio e kitnet,4000,5966
Rua Tubuna,Cidade Antônio Estevão de Carvalho,45,1,0,Casa,1000,1045
Rua Doutor Edson de Melo,Vila Maria Alta,70,2,0,Casa,1700,1893
Rua Maria,Boa Vista,20,1,0,Studio e kitnet,750,779
Avenida Sagitário,Alphaville Conde Ii,107,4,2,Apartamento,6000,7278
Rua Montegolfier Barbieri,Vila Cruz das Almas,150,3,2,Casa,3630,3785
Rua Napoleão de Barros,Vila Clementino,72,2,1,Apartamento,2640,3562
Rua José Gonçalves,Vila Andrade,117,3,2,Apartamento,2200,4065
Rua dos Gusmões,Santa Efigênia,26,1,0,Studio e kitnet,1070,1411
Rua Coronel Mursa,Brás,18,1,0,Studio e kitnet,1850,2119
Rua Dois de Janeiro,Vila Salete,40,1,0,Apartamento,1120,1304
Rua Minas Gerais,Higienópolis,260,4,4,Casa,11500,12930
Rua Cônego José Norberto,Vila Brasílio Machado,103,2,2,Apartamento,9000,10240
Rua Cônego Eugênio Leite,Pinheiros,55,1,0,Apartamento,2674,3373
Avenida Paes de Barros,Mooca,140,4,1,Apartamento,3800,5669
Rua da Consolação,Consolação,38,1,1,Apartamento,1400,2228
Avenida Alcântara Machado,Brás,26,1,0,Studio e kitnet,800,1123
Rua Atuaí,Penha de França,43,2,0,Apartamento,1700,2016
Rua Brigadeiro Tobias,Centro,60,1,0,Apartamento,2100,2531
Rua Arnoldo Baldoíno Welter,Vila Guarani,350,5,4,Casa,7500,8569
Rua Ponte Pensa,Parada Inglesa,54,1,0,Casa,1300,1355
Rua Barão de Tatuí,Vila Buarque,39,1,1,Studio e kitnet,1400,2220
Rua Augusta,Cerqueira César,65,1,0,Apartamento,2750,3735
Avenida Doutor Hugo Beolchi,Vila Guarani (z Sul),35,1,0,Apartamento,2900,3400
Rua Ribeirão Branco,Vila Bertioga,41,2,0,Apartamento,2750,3056
Avenida Avelino Alves Machado,Jardim Pinhal,70,2,1,Casa,1299,1414
Rua General Bagueira,Santana,64,2,1,Apartamento,2200,2684
Rua Mongubá,Vila Carrao,32,2,1,Apartamento,1990,2217
Rua Coronel Lisboa,Vila Mariana,200,4,2,Casa,4500,5363
Rua Engenheiro Bianor,Butantã,26,1,0,Studio e kitnet,2720,3252
Rua Firmiano Cardoso,Chácara Cruzeiro do Sul,46,2,1,Apartamento,1500,1638
Rua Gonzaga Franco,Vila Guiomar,138,3,4,Casa,3163,3365
Rua do Gasômetro,Brás,37,1,0,Studio e kitnet,778,1184
Rua Professor Arnaldo João Semeraro,Jardim Santa Emília,61,2,1,Apartamento,1300,1919
Rua Barão de Loreto,Vila São José,31,1,0,Studio e kitnet,860,1696
Avenida Novo Osasco,Bussocaba,58,2,1,Apartamento,1500,2124
Alameda Afonso Bocchiglieri,Vila Arriete,240,3,2,Casa,5500,5967
Rua Doutor Emanuel Dias,Vila Santa Teresa,175,1,0,Casa em condomínio,1200,1351
Rua Genebra,Bela Vista,38,1,0,Studio e kitnet,1280,1745
Rua Orlando Fantazzini,Parque Renato Maia,80,2,1,Casa,1790,1969
Rua Panhames,Vila Beatriz,90,3,1,Casa,1900,2081
Rua Joaquim Floriano,Itaim Bibi,107,2,0,Apartamento,13900,15530
Rua Amadis,Ipiranga,33,1,0,Apartamento,1600,1621
Rua Doutor José Carlos de Toledo Piza,Jardim Parque Morumbi,64,3,1,Apartamento,2800,3381
Rua Rodovalho Junior,Penha de França,60,2,0,Casa,1650,1720
Rua Helvétia,Santa Cecilia,42,1,0,Studio e kitnet,1940,2414
Rua Sapucaia,Belenzinho,118,3,2,Apartamento,6400,8326
Rua Machado Bittencourt,Vila Clementino,86,2,1,Apartamento,2500,4102
Rua Barata Ribeiro,Bela Vista,48,1,0,Apartamento,2100,3026
Alameda Ministro Rocha Azevedo,Cerqueira César,95,2,1,Apartamento,4905,6862
Rua Doutor Franco da Rocha,Perdizes,36,1,1,Apartamento,3600,4490
Avenida Marcos Penteado de Ulhoa Rodrigues,Tamboré,113,2,2,Apartamento,6300,8302
Rua Pedro Pires,Vila Carrao,38,1,0,Studio e kitnet,2000,2270
Rua Monsenhor João Lauriano,Vila Ramos,40,1,0,Casa,770,802
Rua Major Freire,Vila Monte Alegre,70,3,1,Apartamento,2450,3304
Rua Vera Cruz,Jardim Novo Santo Amaro,82,3,1,Apartamento,2415,3263
Rua Manoel Dutra,Bela Vista,25,1,0,Studio e kitnet,1250,1513
Rua São Paulo,Taboão,44,2,0,Apartamento,1300,1350
Rua Joaquim Ribeiro,Sítio Morro Grande,170,2,2,Casa,5500,5758
Rua Dom Armando Lombardi,Vila Progredior,100,3,2,Apartamento,4500,6724
Estação da Lapa,Lapa,98,2,3,Apartamento,7500,9605
Rua Joaquim Ferreira,Água Branca,245,4,4,Apartamento,9000,14110
Rua Doutor Fábio Montenegro,Vila Guilhermina,36,1,0,Apartamento,1650,2023
Avenida Ajarani,Cidade Patriarca,62,3,1,Apartamento,2000,2860
Rua Manuel Álvares da Costa,Jardim Ester Yolanda,74,3,1,Apartamento,2968,3842
Rua Afonso Araújo Almeida,Vila Arriete,166,3,4,Casa,4836,5096
Rua das Baunilhas,Vila Lúcia,57,2,1,Apartamento,1400,2404
Avenida Eliseu de Almeida,Instituto de Previdência,67,3,1,Apartamento,3950,4891
Rua Antônio Abude,Jardim Barbosa,70,2,1,Apartamento,1800,2385
Rua Cabo Antônio Pinton,Parque Novo Mundo,55,2,1,Apartamento,1650,2063
Rua dos Timbiras,Santa Ifigênia,41,1,1,Apartamento,1450,2344
Rua Miguel Sevílio,Rio Pequeno,70,2,1,Apartamento,2200,3014
Rua Alves Guimarães,Pinheiros,50,1,1,Apartamento,3700,4693
Parque Dom Pedro Ii,Centro Histórico de São Paulo,100,2,0,Apartamento,2632,3374
Rua Desembargador Aragão,Vila Mariana,25,1,0,Studio e kitnet,3000,3683
Rua Professor José Miziara,Santa Teresinha,56,2,1,Apartamento,1600,2395
Rua Coronel Francisco de Oliveira Simões,Paraíso do Morumbi,82,3,2,Apartamento,1820,3205
Rua Mamud Rahd,Tremembé,50,2,0,Apartamento,1450,1635
Avenida Nove de Julho,Bela Vista,329,4,0,Apartamento,10000,10130
Rua Tuiuti,Tatuapé,61,2,1,Apartamento,1900,2882
Rua General Jardim,Vila Buarque,37,1,0,Apartamento,1320,2361
Rua Rainúnculos,Vila Alpina,40,1,0,Casa,900,938
Rua Visconde de Itaboraí,Vila Azevedo,90,3,1,Apartamento,2200,4158
Rua das Hortênsias,Mirandópolis,170,4,2,Casa,4100,4634
Rua Aracirama,Jardim Oriental,110,3,1,Casa,2600,2780
Rua Araguaia,Vila Curuçá,80,3,2,Apartamento,2500,3504
Rua Torroselas,Americanópolis,42,1,0,Casa,1011,1054
Rua Arthur Luiz Adriano,Parque da Mooca,56,2,0,Casa,1500,1730
Rua Antônio de Macedo Soares,Campo Belo,136,3,2,Apartamento,4000,5987
Rua Engenheiro Jorge Oliva,Vila Mascote,140,4,1,Casa,3300,3543
Avenida Santo Amaro,Santo Amaro,153,2,0,Casa,3750,4185
Avenida Miguel Yunes,Usina Piratininga,42,2,0,Apartamento,1550,1863
Rua Jacaré Copaíba,Freguesia do Ó,80,3,1,Apartamento,1500,2356
Rua Doutor Cristiano Altenfelder Silva,Vila Carrao,92,3,2,Casa,4000,4187
Rua Elba,Sacomã,60,2,1,Casa,1500,1699
Rua Coronel Mursa,Brás,20,1,0,Studio e kitnet,2000,2257
Rua Alves Guimarães,Pinheiros,75,1,1,Apartamento,4600,6447
Rua Luís Carlos Paraná,Jardim Cidália,20,1,0,Studio e kitnet,1050,1321
Avenida Tiradentes,Luz,63,3,1,Apartamento,2675,3340
Rua Paim,Bela Vista,45,1,1,Apartamento,3900,4507
Avenida Washington Luís,Santo Amaro,299,4,3,Apartamento,10000,13960
Rua César Augusto da Silva,Parque Casa de Pedra,60,1,0,Casa,1000,1042
Rua Afonso de Freitas,Paraíso,65,2,1,Apartamento,7000,8111
Rua Herval,Belenzinho,30,1,0,Casa,1150,1220
Rua Franklin do Amaral,Vila Nova Cachoeirinha,42,2,1,Apartamento,2500,3036
Rua Ibitirama,Vila Prudente,65,3,1,Apartamento,2500,3052
Rua Haddock Lobo,Cerqueira César,80,1,2,Apartamento,8500,10880
Rua Barão de Campinas,Campos Elíseos,72,1,0,Apartamento,1442,1738
Rua Conselheiro Moreira de Barros,Santana,60,2,1,Apartamento,1800,2582
Avenida Rio Branco,Campos Elíseos,86,3,1,Apartamento,2000,2729
Avenida Doutor Altino Arantes,Vila Clementino,148,2,1,Apartamento,3000,4591
Rua Rainúnculos,Vila Alpina,100,3,2,Casa,3590,3834
Rua Gê Alves de Medeiros,Santa Maria,72,2,1,Casa em condomínio,2000,2085
Avenida Santa Catarina,Vila Mascote,80,2,1,Apartamento,2200,2956
Rua Geneve,Lauzane Paulista,45,1,1,Apartamento,1450,1919
Rua João da Cruz Melão,Jardim Leonor,160,3,3,Casa,4500,5154
Rua Rego Freitas,República,28,1,0,Studio e kitnet,2500,2946
Rua Coronel Oscar Porto,Paraíso,96,2,1,Apartamento,3000,4168
Rua Oswaldo Arouca,Vila Formosa,105,3,2,Apartamento,5000,6519
Praça da República,República,32,1,0,Apartamento,4350,4406
Rua Doutor Francisco José Longo,Chácara Inglesa,57,2,1,Apartamento,3800,4747
Rua Cumbé,Vila Lais,20,1,0,Apartamento,660,686
Avenida Marcos Penteado de Ulhôa Rodrigues,Tamboré,50,1,1,Apartamento,3700,4822
Praça Alexandre de Gusmão,Cerqueira César,75,2,1,Apartamento,5330,6923
Alameda Ministro Rocha Azevedo,Cerqueira César,100,2,2,Apartamento,8000,11650
Rua Boacica,Cidade Patriarca,40,2,0,Apartamento,1600,1662
Avenida Pedro Bueno,Jabaquara,196,4,2,Casa,3915,4361
Avenida Guilhermina Vieira,Vila Miriam,80,2,2,Casa,1750,1844
Rua Marquês de Lages,Vila das Mercês,72,3,1,Apartamento,1600,2425
Rua Serra de Jairé,Quarta Parada,23,1,0,Apartamento,2300,2662
Rua Minas Gerais,Higienópolis,32,1,0,Apartamento,3200,3627
Rua Barão do Bananal,Vila Pompéia,76,2,2,Apartamento,7500,9093
Rua João Scatamacchia,Vila Campo Grande,342,5,4,Casa,8000,8990
Rua Rodolfo,Vila Ré,45,2,0,Apartamento,1800,2117
Travessa Leon Berry,Jardim Paulista,36,1,1,Casa,2300,2578
Rua Cachoeira,Jardim Rosa de Franca,40,1,0,Casa,800,834
Rua Justino Paixão,Mauá,87,3,2,Apartamento,4950,5841
Rua Avanhandava,Bela Vista,24,1,0,Studio e kitnet,2350,2892
Rua Doutor Guilherme Bannitz,Itaim Bibi,136,3,1,Apartamento,5900,7590
Rua Andréa Amati,Vila Medeiros,155,2,2,Casa,2700,2989
Rua Michigan,Cidade Monções,105,2,2,Apartamento,12500,14470
Rua Tomaz da Mota,Jardim Pinheiros,157,3,2,Casa em condomínio,7000,7822
Passagem Breno Caldas,Vila Campo Grande,130,2,1,Casa,3000,3127
Praça Cosmorama - Osmar Temperani,Vila Maria,60,1,0,Casa,1100,1273
Rua Luiz Antônio Gonçalves,Vila Campanela,25,2,0,Studio e kitnet,1100,1352
Rua Jaraguá,Bom Retiro,60,2,2,Apartamento,2850,3585
Rua Humaitá,Bela Vista,90,2,0,Apartamento,2950,3697
Rua Girassol,Vila Madalena,77,2,1,Apartamento,3500,4704
Rua Arquitas,Jardim Monte Alegre,60,2,1,Casa,2260,2356
Rua Padre Chico,Santo Amaro,180,4,4,Casa,7000,7158
Avenida Fagundes Filho,Vila Monte Alegre,50,2,1,Apartamento,2100,3102
Travessa Gonçalo Lizardo,Parque Edu Chaves,45,1,0,Casa,935,975
Avenida Aparecida do Rio Negro,Jardim Iris,42,2,1,Apartamento,1600,2181
Rua Tenente Ângelo Zampero,Parque Edu Chaves,80,2,0,Casa,1428,1538
Rua Major Sertório,Vila Buarque,33,1,0,Studio e kitnet,1700,2226
Rua Cézar Pierangeli,Rudge Ramos,50,1,1,Apartamento,2700,3291
Rua Major Dantas Cortez,Vila Gustavo,42,2,1,Apartamento,1760,2268
Rua Manuel Leiroz,Vila Penteado,50,2,0,Apartamento,950,1429
Rua Pinto da Luz,Vila Ivone,55,2,1,Apartamento,2250,2687
Rua Caramboleira,Cidade das Flores,50,2,2,Apartamento,1400,1975
Rua Mogi Mirim,Vila Bertioga,56,2,1,Apartamento,1980,2970
Rua Isabel de Castela,Vila Madalena,88,2,2,Apartamento,9200,11130
Rua Anambés,Vila Formosa,35,1,1,Studio e kitnet,1100,1167
Alameda Ribeiro da Silva,Campos Elíseos,98,3,0,Apartamento,1699,2343
Rua Bartira,Perdizes,35,1,0,Studio e kitnet,5000,6148
Rua Teixeira da Silva,Paraíso,109,2,1,Apartamento,4000,5920
Rua Marcos Grotti Vidal,Cidade Patriarca,50,2,0,Casa,1150,1199
Rua Venezuela,Taboão,44,1,1,Apartamento,1650,2045
Rua Eugênio de Medeiros,Pinheiros,97,3,2,Apartamento,12000,13620
Rua Luís Correia de Melo,Vila Cruzeiro,52,1,1,Studio e kitnet,3750,4542
Rua Otília,Vila Esperança,41,2,0,Apartamento,1600,1816
Rua Liberato Carvalho Leite,Vila Suzana,245,4,4,Apartamento,8500,11740
Avenida Doutor Assis Ribeiro,Ermelino Matarazzo,48,2,0,Apartamento,1120,1594
Rua Joaquim Guarani,Jardim das Acácias,20,1,0,Studio e kitnet,3400,3892
Rua Coronel Joviniano Brandão,Vila Prudente,68,2,2,Apartamento,3760,5063
Rua Gandavo,Vila Mariana,143,3,2,Apartamento,8000,9727
Rua Soldado Abílio Fernandes dos Santos,Vila Zamataro,170,3,2,Casa,3000,3307
Rua Doutor Eduardo Monteiro,Jardim Bela Vista,160,3,3,Casa,6000,6322
Alameda Paineira Vermelha,Adalgisa,188,4,4,Apartamento,8572,12260
Rua dos Gusmões,Centro Histórico de São Paulo,30,1,0,Studio e kitnet,800,1081
Rua Araim,Vila Regente Feijó,200,3,2,Casa,6200,6798
Rua Carmem Aguilar Perez,Jardim Maria Rosa,310,4,3,Casa,4000,4595
Praça Carlos Gomes,Liberdade,33,1,0,Studio e kitnet,1000,1438
Rua Maria Rosa de Siqueira,Santana,190,3,3,Casa,7730,8575
Rua Padre Adelino,Quarta Parada,30,1,0,Apartamento,1150,1165
Rua Agostinho Navarro,Conceicao,48,2,1,Apartamento,1200,1610
Praça Júlio Mesquita,Santa Efigênia,42,1,0,Apartamento,3138,3919
Rua Orminda,Vila Santa Maria,90,2,1,Casa,2300,2504
Rua Ribeiro de Barros,Vila Anglo Brasileira,400,3,4,Casa,8800,9473
Rua Clementine Brenne,Paraisópolis,36,2,0,Apartamento,1650,2226
Rua Alves Guimarães,Pinheiros,38,1,1,Apartamento,4300,5485
Rua das Figueiras,Campestre,73,3,1,Apartamento,1400,1993
Rua Manuel Leiroz,Vila Penteado,31,1,0,Apartamento,1500,1928
Avenida Franz Voegeli,Continental,40,1,1,Apartamento,2300,3039
Vieira de Morais,Campo Belo,65,2,1,Apartamento,5450,6758
Avenida Sebastião Davino dos Réis,Vila Boa Vista,61,2,1,Apartamento,2385,3059
Rua João Plácido Viana,Jardim Ester Yolanda,125,4,2,Casa,3800,4074
Rua Cuiabá,Alto da Mooca,220,3,4,Casa,4500,5196
Avenida Cândido Portinari,Vila Jaguara,80,3,0,Casa,1600,1835
Rua Tabatinguera,Liberdade,42,1,0,Apartamento,1404,1935
Avenida Duque de Caxias,Santa Efigênia,45,1,0,Apartamento,814,1281
Avenida Vila Ema,Vila Ema,80,2,0,Casa,1887,1967
Rua Barata Ribeiro,Bela Vista,25,1,0,Studio e kitnet,3900,4771
Rua Barroso Neto,Vila Indiana,65,2,1,Apartamento,2400,3787
Avenida Cangaíba,Cangaíba,35,1,0,Studio e kitnet,862,895
Rua Promotor Gabriel Nettuzzi Perez,Santo Amaro,120,3,1,Apartamento,3000,4491
Rua Valentim Magalhães,Água Rasa,20,1,0,Studio e kitnet,1600,1662
Rua Alves Guimarães,Pinheiros,27,1,0,Studio e kitnet,3300,3827
Alameda das Boninas,Mirandópolis,69,1,2,Apartamento,5500,6938
Rua Valson Lopes,Vila Butantã,39,2,1,Apartamento,3200,3667
Rua Senador César Lacerda Vergueiro,Sumarezinho,25,1,0,Studio e kitnet,3570,4197
Rua Doutor Paulo Vieira,Sumaré,80,3,2,Apartamento,4993,6203
Avenida Flor de Vila Formosa,Vila Formosa,48,2,0,Apartamento,1400,1534
Avenida Santo Amaro,Vila Nova Conceição,27,1,0,Studio e kitnet,3970,4473
Rua José Martins Coelho,Vila Emir,200,3,2,Casa,4500,4691
Avenida Francisco Rodrigues,Vila Constança,86,2,1,Apartamento,1250,1618
Rua Visconde de Inhaúma,Vila da Saúde,94,3,1,Apartamento,3950,5663
Rua Amorim Castro,Vila São Luís,15,1,0,Studio e kitnet,740,1196
Rua Martim Burchard,Brás,53,2,0,Apartamento,1977,2454
Rua Vitoriana,Vila Babilônia,100,4,2,Casa,3000,3227
Rua dos Parecis,Cambuci,55,2,1,Apartamento,2700,3638
Rua Padre João Gualberto,Imirim,55,2,1,Apartamento,2300,3139
Rua Atalanta,Jardim São Paulo(zona Norte),120,2,2,Casa,3500,3915
Rua da Consolação,Consolação,27,1,0,Studio e kitnet,1820,2431
Rua Ilansa,Vila Prudente,262,4,3,Casa,4600,5163
Parque Dom Pedro I,Vila Invernada,49,2,0,Apartamento,1800,2053
Avenida Vila Ema,Vila Ema,49,2,0,Apartamento,2400,2493
Avenida José André de Moraes,Jardim Monte Alegre,43,2,1,Apartamento,2100,2631
Alameda das Dalias,Alphaville,530,4,4,Casa,7500,9995
Rua Praia do Castelo,Vila Mascote,64,3,1,Apartamento,2500,3496
Rua Amapá Grande,Vila Canero,45,1,0,Studio e kitnet,1150,1194
Rua Marquês de Itu,Vila Buarque,28,1,1,Apartamento,1924,2537
Rua Antônio da Silva Lobo Júnior,Cidade Domitila,40,1,0,Casa,850,887
Rua Frei Caneca,Bela Vista,16,1,0,Studio e kitnet,2678,3123
Rua Dirceu Rocha Dias,Jardim City,43,2,1,Apartamento,1500,1962
Rua São Jorge,Tatuapé,60,2,1,Apartamento,3100,4120
Rua Coronel Octávio Azeredo,Vila Mazzei,54,1,1,Casa,2550,2659
Avenida Santa Marina,Água Branca,65,2,1,Apartamento,3400,4030
Rua Dom Vilares,Vila das Merces,68,1,0,Casa,1700,1773
Rua Luís Coelho,Consolação,46,1,1,Apartamento,3600,4820
Avenida do Oratório,Jardim Ângela (zona Leste),60,2,1,Apartamento,1300,1650
Rua Dr. Antônio Bento,Santo Amaro,84,2,1,Apartamento,7500,8696
Rua Antônio Marcondes,Vila Dom Pedro I,37,1,0,Studio e kitnet,2600,3284
Rua Coronel Pedro Dias de Campos,Chácara Seis de Outubro,190,3,5,Casa,4700,4791
Rua São Florêncio,Cangaiba,53,2,0,Apartamento,2000,2611
Rua Valson Lopes,Vila Butantã,39,2,0,Apartamento,2700,3096
Avenida Embaixador Cavalcanti de Lacerda,Jardim Bonfiglioli,25,1,0,Studio e kitnet,1100,1167
Rua João Simões de Souza,Parque Reboucas,68,2,1,Apartamento,3100,3961
Rua Conselheiro Brotero,Santa Cecília,65,2,1,Apartamento,1800,2977
Rua Almirante Calheiros,Tatuapé,38,2,1,Apartamento,3000,3672
Rua Intendência,Brás,45,2,0,Apartamento,1628,1988
Avenida Celso Garcia,Jardim Brasília (zona Norte),40,2,0,Apartamento,1530,1959
Rua Fragária Rósea,Jardim Cidade Pirituba,50,1,0,Casa,1130,1178
Rua Doutor Ferreira Lopes,Vila Sofia,70,3,2,Apartamento,2100,3315
Avenida Marechal Eurico Gaspar Dutra,Santana,30,1,0,Apartamento,1500,1520
Rua dos Guedes,Jardim Bom Clima,120,2,1,Casa,1950,2071
Rua Diana,Perdizes,55,1,1,Apartamento,4200,5904
Rua Quixadá,Vila Invernada,195,3,2,Casa,3850,4287
Avenida José Dini,Chácara Agrindus,70,2,1,Apartamento,1600,2406
Travessa Luís Gonçalves,Santa Teresinha,250,3,3,Casa,6000,6255
Rua Pereira Barreto,Santo Amaro,108,3,2,Apartamento,5500,7547
Rua Rosacruz,Jardim Bom Clima,55,2,1,Apartamento,2900,3147
Avenida Doutor Antônio Álvaro,Vila Assunção,56,2,2,Apartamento,2200,2758
Rua das Gilias,Vila Bela,67,1,1,Casa,1399,1546
Avenida Rouxinol,Indianópolis,42,1,1,Apartamento,2070,3570
Rua Celso Vieira,Vila Pereira Barreto,50,1,0,Casa,1000,1042
Avenida Itaboraí,Cursino,120,4,1,Apartamento,2785,2893
Rua General Miranda da Silva Reis,Vila Carbone,120,3,1,Casa,2720,2881
Avenida Professor Ascendino Reis,Vila Clementino,27,1,0,Studio e kitnet,2695,3339
Rua Porto de Palos,Jardim Peri,41,2,0,Apartamento,1000,1408
Rua Engenheiro Dolabela,Jardim Bandeirantes (zona Norte),112,2,1,Casa,1700,1773
Rua Marie Nader Calfat,Jardim Ampliação,72,2,2,Apartamento,3200,4773
Avenida Bosque da Saúde,Saúde,42,1,1,Apartamento,2295,3297
Avenida Professor Luiz Ignácio Anhaia Mello,Vila Prudente,34,1,0,Studio e kitnet,2180,2543
Rua Alexandre Benois,Vila Andrade,63,3,1,Apartamento,3100,3857
Largo do Arouche,República,40,1,0,Apartamento,2999,3514
Avenida Doutor Cardoso de Melo,Vila Olímpia,90,2,0,Casa,2500,2732
Alameda Itu,Jardim Paulista,64,2,1,Apartamento,5900,7927
Rua Ipaobi,Vila Babilônia,60,2,1,Apartamento,1417,2071
Rua Conde de Porto Alegre,Campo Belo,165,3,2,Casa,9500,10400
Rua Benjamin Capusso,Vila Curuçá,62,2,1,Apartamento,1150,1444
Rua Sampson,Brás,55,2,0,Apartamento,1500,1958
Alameda Tietê,Jardim Paulista,83,1,2,Apartamento,10000,12240
Avenida Senador Casimiro da Rocha,Mirandópolis,84,3,2,Apartamento,5000,6791
Rua Cônego Vicente Miguel Marino,Barra Funda,27,1,0,Casa,1390,1499
Rua Bartolomeu Sabino de Melo,Vila Olinda,130,3,2,Casa,2400,2502
Largo do Arouche,República,35,1,0,Studio e kitnet,1671,2086
Rua Andrade Reis,Mooca,34,1,0,Apartamento,2000,2577
Rua Ouvidor Portugal,Vila Monumento,35,1,1,Apartamento,1800,2332
Rua São Paulo,Centro,53,2,1,Apartamento,1300,1759
Rua José Justino Pereira,Mandaqui,50,1,0,Casa em condomínio,935,975
Avenida Júlio de Mesquita,Bela Vista,65,1,1,Casa,1800,2010
Rua Camargo,Paulicéia,63,3,1,Apartamento,1600,2263
Rua Francisco Luiz de Souza Júnior,Água Branca,45,2,0,Apartamento,2200,2684
Avenida dos Ourives,Jardim São Savério,52,2,1,Apartamento,1270,1879
Rua Paula Ney,Vila Mariana,67,2,2,Apartamento,2700,4720
Rua Afonso de Freitas,Paraíso,147,3,0,Apartamento,6000,8902
Avenida Água Funda,Taboão,16,1,0,Casa em condomínio,799,860
Rua José Zappi,Vila Prudente,210,3,3,Casa,5400,6008
Alameda Santos,Cerqueira César,91,3,0,Apartamento,2800,3895
Rua Caetano Pinto,Brás,28,1,0,Apartamento,1750,2178
Rua Haddock Lobo,Cerqueira César,220,4,2,Apartamento,5500,9125
Rua Salvador Sala,Piqueri,140,3,0,Casa,2965,3181
Rodovia Regis Bittencourt,Jardim Monte Alegre,117,3,2,Apartamento,3600,4358
Rua Joaquim Celidônio Gomes dos Reis,Jardim Sarah,220,3,2,Casa,6000,6530
Rua Álvaro de Carvalho,Centro Histórico de São Paulo,46,1,1,Apartamento,1695,2203
Rua Paulo Florence,Vila Primavera,30,1,0,Casa,750,782
Rua Bicudo de Brito,Vila Guarani (zona Sul),136,3,1,Casa,3900,6977
Rua Ivaí,Tatuapé,92,2,2,Apartamento,6900,7910
Rua Jardim Francisco Marcos,Bela Vista,180,3,1,Casa,5500,5733
Avenida Salgado Filho,Centro,60,2,1,Apartamento,1353,1886
Rua Visconde Parnaíba,Brás,36,1,1,Apartamento,3000,3650
Rua Sousa Rocha,Chácara Belenzinho,60,1,0,Casa,900,1026
Rua Monte das Gameleiras,Vila Ré,195,3,2,Casa,4100,4231
Rua Caconde,Jardim Paulista,278,4,3,Apartamento,13000,19730
Rua Doutor Tomás Carvalhal,Paraíso,280,3,4,Apartamento,11250,16720
Rua Rafael Ficondo,Vila Brasilina,90,3,1,Apartamento,1900,1974
Avenida Imperatriz Leopoldina,Vila Leopoldina,100,2,2,Apartamento,10000,11700
Rua Pereira Barreto,Santo Amaro,84,2,2,Apartamento,5000,5843
Rua Potá,Vila Formosa,227,3,2,Casa,6500,7067
Rua Miguel Mota,Vila Canero,175,2,1,Casa,2860,3032
Rua Alberto Lohnhoff,Lauzane Paulista,100,3,0,Casa,1700,1773
Rua Humberto I,Vila Mariana,83,2,1,Apartamento,3690,4855
Rua Leandro Teixeira,Paraisópolis,59,2,1,Apartamento,1550,2334
Rua Condessa de São Joaquim,Bela Vista,40,1,0,Studio e kitnet,1940,2545
Rua Armazém,Vila São João Batista,30,1,0,Studio e kitnet,850,883
Rua Miguel Arcanjo de Oliveira,Parque Paineiras,39,2,0,Apartamento,1360,1573
Rua Amapá Grande,Vila Canero,92,1,0,Studio e kitnet,1350,1402
Rua Marie Nader Calfat,Jardim Ampliação,48,2,2,Apartamento,2205,2960
Rua Raiz da Serra,Jabaquara,180,3,2,Casa,4400,4846
Rua Bento Freitas,Santa Efigênia,29,1,0,Studio e kitnet,2200,2851
"Brooklin, São Paulo - Sp, 04564-000, Brasil",Brooklin,198,3,3,Apartamento,12000,15980
Rua Joaquim Floriano,Itaim Bibi,29,1,0,Studio e kitnet,4750,5636
Avenida Montemagno,Vila Formosa,400,3,3,Casa,4500,5222
Rua Jaraguá,Bom Retiro,74,2,0,Apartamento,5000,5273
Rua Volta Redonda,Campo Belo,276,3,3,Apartamento,7500,10480
Rua Zuma de Sá Fernandes,Presidente Altino,62,2,1,Apartamento,2400,3109
Rua João Baldinato,Vila Suzana,140,2,3,Apartamento,10000,12230
Rua Martim Francisco,Vila Buarque,50,2,1,Apartamento,3200,4406
Rua Ararapirá,Vila Monte Alegre,77,3,2,Apartamento,2319,3509
Rua Álvaro Rodrigues,Vila Cordeiro,43,1,1,Studio e kitnet,3000,3898
Rua Faustino Augusto César,Vila Marari,202,4,3,Casa,3825,4165
Rua Doutor Washington Pedro Lanzzelotti,Novo Osasco,60,2,0,Casa,1300,1355
Rua São Constâncio,Vila Mafra,86,2,2,Apartamento,4200,5495
Rua Rivadávia Correia,Alto da Mooca,425,4,3,Casa,8300,9111
Rua General Flores,Bom Retiro,80,2,0,Casa,2000,2307
Rua Frei Caneca,Consolação,28,1,0,Studio e kitnet,1700,2366
Rua Coronel Conrado Siqueira Campos,Jardim das Acácias,98,3,2,Apartamento,3500,4888
Rua Antônio Abude,Jardim Barbosa,67,2,1,Apartamento,2100,2680
Rua Samambaia,Bosque da Saúde,93,2,1,Apartamento,3750,5387
Avenida Marechal Juarez Távora,Super Quadra Morumbi,300,3,3,Casa,5250,5747
Rua Peixoto Gomide,Jardim Paulista,78,2,1,Apartamento,3540,5226
Rua das Ameixas,Vila Cruz das Almas,120,3,1,Casa,2000,2085
Rua Comendador Miguel Calfat,Vila Nova Conceição,50,2,1,Apartamento,3500,4861
Av Santa Inês,Parque Mandaqui,59,2,1,Apartamento,2820,3556
Avenida Maestro Villa-lobos,Vila Gustavo,35,1,0,Apartamento,2000,2197
Rua Antônio Domingues de Carvalho,Parada Inglesa,76,3,2,Apartamento,2830,3986
Rua Doutor Elias Chaves,Campos Elíseos,25,1,0,Studio e kitnet,910,1205
Rua Aroaba,Vila Leopoldina,40,1,0,Apartamento,1326,1427
Avenida Santo Amaro,Brooklin,44,1,1,Apartamento,3200,4462
Rua Céu Tropical,Conjunto Residencial Jardim Canaã,60,2,1,Casa,3500,3648
Rua Balthazar da Veiga,Vila Nova Conceição,210,4,4,Apartamento,13000,17890
Rua das Perdizes,Barra Funda,85,3,0,Apartamento,2595,3382
Rua Dionísio da Costa,Vila Mariana,38,1,1,Studio e kitnet,5200,6330
Rua Jamblico,Casa Verde Alta,284,5,3,Casa,6090,6490
Rua Pangaré,Vila Butantã,39,2,0,Apartamento,2000,2568
Rua Olímpio Portugal,Mooca,38,1,1,Apartamento,1550,1913
Rua Aguiar de Barros,Bela Vista,22,1,0,Studio e kitnet,1100,1409
Rua José Silvano Filho,Jardim Lucia,30,1,0,Studio e kitnet,805,836
Rua Afonso Xiii,Vila Campestre,80,2,2,Casa,1768,1885
Rua Gravataí,Consolação,38,1,0,Studio e kitnet,1400,1824
"Moema, São Paulo - Sp, 04524-000, Brasil",Moema,170,3,2,Apartamento,15000,17980
Rua Glicério,Liberdade,45,1,0,Apartamento,1200,1657
Rua Antonieta,Picanço,60,2,1,Casa,1700,1857
Rua Leandro de Carvalho,Vila Monumento,95,2,2,Apartamento,2570,2843
Rua Conselheiro Saraiva,Santana,100,3,0,Apartamento,2740,3092
Rua Sebastião Mariano,Vila Carlos de Campos,60,2,1,Casa,1600,1668
Rua Cananéia,Vila Principe de Gales,51,2,2,Apartamento,1580,2058
R. Jorge Alves Ferreira,Jardim Colombo,171,3,2,Casa,3500,3918
Rua Zurich,Taboão,60,2,2,Apartamento,1850,2464
Alameda Ribeiro da Silva,Campos Elíseos,43,1,0,Apartamento,1150,1670
Rua Ciridião Durval,Vila Paulista,50,1,1,Apartamento,2400,2493
Rua Tanque Velho,Vila Nivi,45,1,0,Casa,500,551
Rua Ponta Delgada,Vila Olímpia,70,2,1,Apartamento,5000,7093
Rua Domingos Lopes da Silva,Vila Suzana,54,1,1,Studio e kitnet,2620,3553
Rua Dezenove de Maio,Vila Esperança,30,1,0,Studio e kitnet,770,799
Rua Saguairu,Casa Verde,80,2,2,Apartamento,4000,5186
Rua Voluntários da Pátria,Santana,132,3,1,Apartamento,3519,4849
Rua Silvia,Osvaldo Cruz,90,2,1,Apartamento,3000,3611
Rua Doutor Joaquim Gomes de Souza,Jardim Pinheiros,60,2,1,Apartamento,2125,2809
Avenida Conceição,Jardim Japão,40,1,0,Casa,1140,1188
Rua José Abel Galvão,Jardim Regis,273,5,4,Casa,5600,6102
Rua Doutora Neyde Apparecida Sollitto,Vila Clementino,18,1,0,Studio e kitnet,1161,1206
Rua Francisco José da Cruz,Jardim Santa Rosa,35,1,0,Casa,850,887
Rua Vinte E Cinco de Março,Centro,52,1,0,Apartamento,1100,1702
Rua Gastão da Cunha,Vila Paulista,200,3,2,Casa,4080,4553
Rua Doutor José de Queirós Aranha,Vila Mariana,85,2,1,Apartamento,4080,5398
Avenida Iraí,Indianópolis,56,2,1,Apartamento,3700,4841
Avenida Senador José Ermírio de Moraes,Tremembé,62,2,1,Apartamento,2300,2952
Rua Rondinha,Chácara Inglesa,70,2,1,Apartamento,3400,4656
Rua Soror Maria Celeste,Parque Sao Luis,39,1,0,Casa,1000,1042
Rua Augusta,Consolação,95,3,0,Apartamento,4575,5618
Rua João Cachoeira,Vila Nova Conceição,40,1,1,Studio e kitnet,5425,6467
Avenida do Estado,Cambuci,33,1,0,Apartamento,1745,2113
Rua Doutor Plínio Barreto,Bela Vista,48,1,1,Apartamento,2078,2575
Rua Jequitinhonha,Campestre,85,3,2,Apartamento,2047,2691
Rua Bela Cintra,Consolação,51,1,1,Apartamento,4000,5189
Avenida Tarumã,Vila Pierina,60,3,1,Apartamento,1600,2265
Rua Almeida Ferraz,Parque Jabaquara,199,3,2,Casa,2350,2389
Rua Teodureto Souto,Cambuci,60,2,1,Apartamento,5125,6152
R. Onofre Silveira,Vila Fachini,62,2,1,Apartamento,1000,1966
Rua Marechal Barbacena,Tatuapé,102,3,2,Apartamento,5750,7652
Alameda Afonso Bocchiglieri,Vila Arriete,300,3,3,Casa,5600,5902
Rua Alexandre Dumas,Chácara Santo Antônio (zona Sul),45,2,1,Apartamento,2900,3904
Rua Jacques Félix,Vila Nova Conceição,85,2,1,Apartamento,9900,12030
Avenida Ipiranga,República,67,1,0,Apartamento,1600,2638
Rua Guaimbé,Mooca,282,3,3,Casa,8000,8794
Avenida Brigadeiro Luís Antônio,Jardim Paulista,35,1,1,Apartamento,3500,4318
Alameda Cores da Mata,Tamboré,122,2,2,Apartamento,6500,8514
Avenida Jabaquara,Mirandópolis,26,1,0,Studio e kitnet,2188,2786
Rua Genebra,Bela Vista,70,2,0,Apartamento,2500,3217
Rua Doutor Amando Franco Soares Caiuby,Parque Bairro Morumbi,135,3,2,Apartamento,2800,4930
Rua Jordânia,Vila Guilhermina,40,2,0,Apartamento,1535,1710
Alameda dos Maracatins,Indianópolis,40,1,1,Studio e kitnet,1900,2850
Alameda Franca,Cerqueira César,158,2,2,Apartamento,11630,16740
Rua Israelândia,Jardim Santa Monica,48,1,0,Casa,1300,1322
Rua Campo Santo,Parque das Nações,49,2,1,Apartamento,1460,1991
Avenida Hilário Pereira de Souza,Centro,70,2,1,Apartamento,2950,3686
Rua Henrique Braglia,Vila Dom Pedro Ii,55,2,1,Apartamento,2100,2668
Rua Madrid,Parque Sevilha,127,3,2,Casa,4875,5352
Rua Justino Paixão,Jardim São Caetano,87,3,2,Apartamento,4100,4848
Rua São Benedito,Alto da Boa Vista,70,1,1,Apartamento,3404,4566
Rua Barão de Monte Santo,Mooca,112,3,2,Casa,4840,5058
Rua Maria do Carmo,Vila Alpina,33,2,0,Casa em condomínio,1300,1489
Rua Francisco Leitão,Pinheiros,86,2,1,Apartamento,4600,6978
Rua Coronel Graça Martins,Vila Marte,25,1,0,Studio e kitnet,1000,1078
Rua Coremu,Vila Esperança,40,2,0,Apartamento,1500,1942
Rua dos Curupiás,Jabaquara,71,2,1,Apartamento,1770,3122
Rua Malvina Ferrara Samarone,Vila Dom Pedro I,45,1,1,Apartamento,2500,3106
Rua Orfanato,Vila Prudente,66,2,0,Apartamento,1400,2104
Avenida Carlos Liviero,Sacoma,48,2,1,Apartamento,1600,2008
Rua Capitão Luís Ramos,Vila Guilherme,70,2,2,Apartamento,1415,2207
Rua Almério de Albuquerque Melo,Jardim Santo Elias,167,3,4,Casa,2532,2843
Avenida Hildebrando de Lima,Km 18,40,1,0,Studio e kitnet,1110,1300
Rua Gandavo,Vila Clementino,200,3,1,Casa,13000,14250
Rua Pascal,Campo Belo,49,1,1,Apartamento,5200,6358
Rua Alabama,Jardim Almeida Prado,40,1,1,Casa,650,702
Rua dos Patriotas,Ipiranga,90,2,1,Apartamento,2700,3554
Rua Fagundes Varela,Vila Príncipe de Gales,50,2,1,Apartamento,1550,2177
Rua Aimberê,Perdizes,60,2,1,Apartamento,3000,4346
Rua Oliveira Catrambi,Jardim Vila Formosa,48,2,0,Apartamento,6000,6577
Rua Vale da Perdiz,Jardim Miriam,42,1,0,Casa,850,887
Rua do Lavapés,Cambuci,35,1,0,Studio e kitnet,1470,1927
Rua Rifaina,Vila Anglo Brasileira,50,1,1,Apartamento,2040,3192
Rua Refinaria Mataripe,Vila Antonieta,68,3,1,Apartamento,1650,2313
Rua São Bernardo,Cidade Mãe do Céu,47,2,0,Apartamento,2950,3394
Rua Desembargador Aragão,Vila Mariana,23,1,0,Apartamento,2500,2892
Praça Alexandre Fleming,Vila Cláudia,90,3,2,Apartamento,3554,4593
Avenida Vieira de Carvalho,República,29,1,0,Studio e kitnet,1150,1736
Rua Maria Otília,Vila Regente Feijó,40,1,1,Apartamento,3100,3937
Avenida Paes de Barros,Mooca,59,1,1,Apartamento,2346,2949
Rua Brigadeiro Tobias,Centro,51,2,1,Apartamento,2430,3387
Rua da Consolacao,Consolação,55,1,1,Apartamento,5000,5995
Rua Coronel Gustavo Santiago,Vila Zilda,29,1,0,Apartamento,2000,2277
Rua Franklin do Amaral,Vila Nova Cachoeirinha,78,3,3,Apartamento,2350,3900
Rua Manuel Mendes Ribeiro,Vila Buenos Aires,115,3,2,Casa,2850,2980
Avenida Nova Cantareira,Tucuruvi,110,3,1,Apartamento,3230,4666
Avenida da Liberdade,Liberdade,27,1,0,Studio e kitnet,2000,2528
Rua James Stolz,Vila Ema,40,1,1,Apartamento,1200,1679
Alameda Franca,Jardim Paulista,250,4,2,Apartamento,13700,17790
Rua Barata Ribeiro,Bela Vista,75,2,0,Apartamento,2200,3165
Rua Santa Luzia,Liberdade,92,2,0,Apartamento,2500,2596
Rua Doutor Paulo Ribeiro Coelho,Jardim Ester Yolanda,218,3,2,Casa,3400,3728
Rua Ministro Guimarães Natal,Parque Jabaquara,175,3,2,Casa,3428,3773
Avenida Itaboraí,Bosque da Saúde,52,1,1,Apartamento,1768,2261
Rua Hugo Walter Puschnick,Alto da Mooca,150,2,2,Casa,2800,2919
Rua José Loureiro das Neves,Vila Cleonice,30,1,0,Studio e kitnet,1085,1276
Rua Antônio Cardoso Franco,Casa Branca,40,1,1,Casa,700,1050
Rua Piquinhu,Vila Ré,45,1,0,Casa,1280,1335
Rua Catão,Vila Romana,42,1,0,Apartamento,1656,2139
Rua Demini,Penha de França,51,2,1,Apartamento,2500,3096
Avenida Cupecê,Jardim Prudência,40,2,0,Apartamento,1800,2199
Rua Brigadeiro Tobias,Centro,56,1,0,Apartamento,800,1513
Rua Lontra,Vila Guilherme,41,2,0,Apartamento,1866,2198
Rua Teodoro Sampaio,Pinheiros,120,3,2,Apartamento,3720,6563
Avenida Túlio Teodoro de Campos,Vila Paulista,35,1,1,Apartamento,2290,2702
Rua José Pereira Barreto,Jardim Clímax,45,1,1,Casa,1200,1251
Rua Jorge Cândido Marin,Taboão,52,2,1,Apartamento,2600,3203
Avenida Nova Cantareira,Tucuruvi,81,2,0,Apartamento,1100,1676
Rua Oagy Kalile,Jardim Vitoria Regia,250,4,4,Apartamento,6800,11930
Rua Serra de Jairé,Quarta Parada,180,3,2,Casa,3900,4321
Rua Gentil Braga,Vila Buenos Aires,30,1,0,Casa,1200,1251
Rua Casa do Ator,Vila Olímpia,25,1,1,Studio e kitnet,3696,5002
Rua Marquês de Lages,Vila Moraes,62,3,1,Apartamento,3200,3990
Rua Professor Dias Castejon,Jardim Monte Kemel,100,2,1,Casa,3000,3329
Rua Jose Manso,Vila Matilde,50,1,1,Apartamento,2200,2589
Rua da Meação,Vila Regente Feijó,130,3,3,Apartamento,3500,5594
Rua José Antônio Coelho,Vila Mariana,36,1,1,Apartamento,2000,2578
Rua Tebas,Jardim Brasil (zona Sul),230,3,2,Casa,7800,8465
Rua Padre Raimundo da Silva,Vila California,115,3,2,Casa,2320,2719
Rua João Guimarães Rosa,Bandeiras,80,2,1,Casa,1300,1430
Avenida São Luís,República,260,6,2,Apartamento,8000,11110
Rua Marcolino Vaz Figueira,Jardim das Esmeraldas,100,2,1,Casa,1500,1713
Rua Gaspar Lourenço,Vila Mariana,32,1,0,Apartamento,2750,3226
Rua Tenente-coronel Soares Neiva,Vila Aricanduva,37,2,0,Apartamento,1500,1728
Rua Pertigalete,Jardim Santa Edwiges (capela do Socorro),33,1,0,Casa,900,938
Rua Doutor Joaquim D’aquino Fonseca,Sítio do Mandaqui,50,2,1,Casa,1460,1597
Rua Franklin do Amaral,Vila Nova Cachoeirinha,45,2,1,Apartamento,1600,1662
Rua Pequetita,Vila Olímpia,36,1,1,Apartamento,3200,4242
Rua Santo Amaro,Bela Vista,141,2,1,Apartamento,3310,4537
Rua Rumaica,Vila Ipojuca,35,1,0,Casa,1800,1876
Avenida Fim de Semana,Jardim Casablanca,55,2,1,Apartamento,2240,2827
Praça Alberto Lion,Cambuci,29,1,0,Apartamento,1333,1704
Avenida Doutor Lino de Moraes Leme,Vila Paulista,60,2,1,Apartamento,1590,2411
Rua Francisco Luiz de Souza Júnior,Água Branca,44,2,0,Apartamento,1750,2178
Rua Tenente Sebastião Soares,Jardim Monte Alegre,130,3,2,Casa,3000,3231
Rua Gomes de Carvalho,Vila Olímpia,70,2,0,Apartamento,3699,4827
Rua do Direito,Vila Rui Barbosa,70,2,0,Casa,1650,1887
Avenida Brigadeiro Luís Antônio,Bela Vista,73,3,0,Apartamento,2150,3299
Rua General Elder de Souza Guedes,Jardim Colombo,145,3,2,Apartamento,3600,6389
Avenida Bartolomeu de Carlos,Jardim Flor da Montanha,38,1,1,Apartamento,1690,2375
Rua das Hortênsias,Mirandópolis,336,4,3,Casa,10000,11550
Rua Doutor Luiz Migliano,Jardim Monte Kemel,64,3,1,Apartamento,2620,3349
Rua Henrique Casela,Jardim América da Penha,46,2,1,Apartamento,1500,1908
Rua Barão do Serro Largo,Vila Regente Feijó,260,4,6,Casa,6800,7538
Rua Nascimento Silva,Vila Campestre,45,1,0,Casa,1400,1460
Rua Chagu,Vila Formosa,35,1,0,Apartamento,1346,1668
Rua Doutor Gentil Leite Martins,Vila Nova Caledônia,65,3,1,Apartamento,2200,3009
Rua Doutor Guilherme Bannitz,Itaim Bibi,81,3,1,Apartamento,3700,4227
Rua Doutor Cesário Mota Júnior,Vila Buarque,30,1,0,Studio e kitnet,1350,1830
Rua Voluntários da Pátria,Santana,50,1,0,Studio e kitnet,2040,2118
Rua Doutor Solon Fernandes,Vila Rosalia,45,1,0,Studio e kitnet,1300,1456
Rua da Consolação,Consolação,23,1,0,Apartamento,2400,3165
Rua Professor Fábio Fanucchi,Jardim São Paulo,45,1,0,Apartamento,2250,2559
Rua João Veloso de Oliveira,Parque Sao Domingos,75,2,2,Casa em condomínio,2000,2650
R. Joseph Nigri,Jardim Peri,60,1,1,Apartamento,4600,5963
Avenida Lacerda Franco,Cambuci,55,2,1,Apartamento,2244,3198
Rua Riachuelo,Sé,52,1,0,Apartamento,1360,1665
Rua Cajaíba,Vila Pompéia,70,3,2,Apartamento,5500,6870
Rua João Avelino Pinho Mellão,Paraisópolis,55,2,1,Apartamento,1670,2125
Rua Sansão Alves dos Santos,Cidade Monções,108,2,2,Apartamento,13000,15800
Rua Timor,Parque Oratório,51,2,1,Apartamento,1900,2136
Alameda Itu,Jardim Paulista,124,3,1,Apartamento,4760,7529
Rua Itapicuru,Perdizes,54,1,0,Apartamento,2800,2908
Avenida Sargento José Siqueira,Jardim Paraiso,290,2,2,Casa,2720,2769
Rua Macieira,Cidade das Flores,70,1,0,Casa,997,1189
Rua Lycurgo Antônio de Souza,Vila Cruz das Almas,50,1,0,Casa,900,988
Avenida Brigadeiro Luís Antônio,Bela Vista,38,1,1,Studio e kitnet,2187,2886
Rua Doutor Fleury Silveira,Vila Santa Maria,23,1,1,Casa,700,855
Rua Doutor Brasilio Machado,Santa Cecília,115,3,0,Apartamento,4300,5472
Rua Major Rubéns Florentino Vaz,Vila Pirajussara,16,1,0,Studio e kitnet,2100,2181
Rua Miragem,Vila Regente Feijó,133,3,2,Apartamento,5513,7643
Avenida Fuad Lutfalla,Vila Maria Trindade,30,1,0,Studio e kitnet,950,1064
Rua Cerro de Mateus Simões,Parque Boturussu,48,2,0,Apartamento,1300,1570
Avenida Santa Inês,Parque Mandaqui,48,2,1,Apartamento,1100,1807
Rua Paulistânia,Sumarezinho,49,1,0,Apartamento,3369,3999
Rua Pantojo,Vila Regente Feijó,65,2,1,Apartamento,2500,3486
Avenida Aruanã,Tamboré,74,3,1,Apartamento,4000,4762
Rua Coelho Neto,Quinta da Paineira,40,1,0,Apartamento,1150,1513
Rua Doutor Constâncio Teani,Vila Aurora (zona Norte),42,1,0,Casa,900,1073
Rua Acarapereira,Sítio Morro Grande,82,2,1,Apartamento,1200,1881
Rua Comendador Gabriel Calfat,Jardim Leonor,300,3,2,Casa,12300,13470
Avenida dos Carinás,Indianópolis,11,1,0,Apartamento,3800,4426
Rua do Almirantado,Jardim Aricanduva,125,2,2,Casa,3500,3648
Rua Oscar Cintra Gordinho,Liberdade,35,1,0,Apartamento,1281,1331
Rua Carvalho de Freitas,Vila Andrade,59,2,1,Apartamento,3500,4335
Avenida Horácio Lafer,Jardim das Flores,158,2,2,Casa,2300,2608
Alameda Barros,Santa Cecilia,34,1,0,Studio e kitnet,900,1405
Rua David Ben Gurion,Jardim Monte Kemel,135,3,4,Apartamento,4400,5779
Rua Amazonas,Osvaldo Cruz,40,1,0,Casa,1300,1355
Avenida Brigadeiro Faria Lima,Jardim Paulistano,45,1,0,Apartamento,4000,4997
Avenida Cangaíba,Cangaíba,39,2,0,Apartamento,950,1379
Rua Vergueiro,Vila Mariana,40,1,1,Studio e kitnet,4800,4861
Rua dos Camarés,Carandiru,49,2,1,Apartamento,1500,2178
Rua Celso Vieira,Vila Pereira Barreto,33,1,0,Apartamento,770,1239
Rua Sabiá,Ayrosa,100,1,0,Casa,1100,1217
Rua Joana Avancini Prado,Jardim Lallo,46,2,0,Apartamento,1450,1626
Rua Cardeal Enrico Dante,Vila Nova Mazzei,60,1,0,Casa,1300,1355
Rua Doutor Laérte Setúbal,Vila Suzana,70,2,1,Apartamento,2900,3667
Rua Cerqueira César,Centro,30,1,0,Studio e kitnet,1100,1422
Rua Lehel Silimon,Jardim Londrina,340,4,6,Casa,8000,9007
"Indianópolis, São Paulo - Sp, 04077-020, Brasil",Indianópolis,100,3,2,Apartamento,7000,8126
Rua Batataes,Jardim Paulista,28,1,1,Studio e kitnet,3450,4775
Rua Forte William,Vila Andrade,159,3,4,Apartamento,8500,11110
Rua Engenheiro Sá Freire,Jardim Ângela (zona Leste),90,3,1,Casa,1550,1816
Rua Santa Matilde,Conjunto Residencial Jardim Canaã,180,3,2,Casa,2700,3023
Rua Borges Lagoa,Vila Clementino,19,1,0,Studio e kitnet,1020,1713
Estrada das Lágrimas,Mauá,66,2,1,Apartamento,3950,4670
Avenida Doutor José Higino,Vila Oratório,85,2,0,Apartamento,1900,2650
Rua Fábia,Vila Romana,172,3,4,Apartamento,14000,17710
Rua Humaitá,Bela Vista,60,1,0,Apartamento,1800,2533
Avenida Copacabana,Empresarial 18 do Forte,79,2,1,Apartamento,4700,5915
Rua Heitor Penteado,Sumarezinho,84,2,0,Apartamento,3900,4880
Rua Marquês de Itu,Vila Buarque,65,2,1,Apartamento,4000,6207
Rua Benedetto Bonfigli,Casa Verde Alta,38,1,0,Casa,1100,1147
Rua Bruna,Chácara Mafalda,36,1,0,Apartamento,1500,1638
Rua Dona Brígida,Vila Mariana,150,2,2,Casa,4300,4525
Avenida Sebastião Henriques,Vila Siqueira (zona Norte),40,2,1,Apartamento,1270,1919
Rua do Oratório,Mooca,90,2,0,Apartamento,3375,4098
Rua Vergueiro,Vila Moinho Velho,69,3,1,Apartamento,2640,3698
Rua Tabatinguera,Sé,50,1,1,Casa,1260,1866
Rua Torquato Tasso,Vila Prudente,70,3,1,Apartamento,1600,2735
Rua Jardim das Margaridas,Vila Buenos Aires,30,1,0,Casa,710,840
Rua Eulo Maroni,Vila Lageado,67,3,1,Apartamento,3500,4148
Rua Doutor Clemente Jobim,Jardim da Glória,30,1,1,Apartamento,1600,2012
Rua Fernão Dias,Pinheiros,150,3,1,Casa,5543,6284
Rua Doutor José Carlos de Toledo Piza,Jardim Parque Morumbi,70,2,2,Apartamento,3200,4185
Rua Humberto I,Vila Mariana,21,1,0,Apartamento,2500,3146
Avenida Heitor Penteado,Sumarezinho,45,2,1,Apartamento,2700,3490
Avenida Nove de Julho,Jardim Paulista,86,2,0,Apartamento,3000,3965
Rua José Cola Grossi,Jardim Leonor,320,4,2,Casa,8000,9145
Avenida Rotary,Vila das Bandeiras,39,2,0,Apartamento,1650,2022
Rua Purpurina,Sumarezinho,35,1,1,Apartamento,4690,6229
Rua Templários,Vila Formosa,85,2,1,Apartamento,4200,5020
Rua Itamonte,Vila Medeiros,50,1,0,Casa,900,938
Alameda Lorena,Jardim Paulista,92,2,1,Apartamento,5500,7045
Rua Doutor Bitencourt Rodrigues,Sé,53,2,0,Apartamento,1440,2003
Alameda Barão de Limeira,Campos Elíseos,47,1,0,Studio e kitnet,1200,1650
Rua Carlos Petit,Vila Mariana,72,1,2,Apartamento,5255,6657
Avenida Cásper Líbero,Centro,38,1,0,Studio e kitnet,1434,1490
Rua País Natal,Jardim Filhos da Terra,102,2,0,Casa,5300,5525
Rua Marquês de Paraná,Alto da Lapa,90,3,1,Apartamento,3000,4690
Rua Inácio Manuel Álvares,Jardim Ester,72,3,2,Apartamento,2300,3327
Avenida Guarapiranga,Jardim das Flores,64,2,1,Apartamento,2920,3352
Rua Gabriel dos Santos,Santa Cecília,38,1,1,Apartamento,2650,3652
Rua Ivan Fleuri Meireles,Retiro Morumbi,359,4,3,Casa,4530,5322
Rua Rosa Maria,Vila Gustavo,67,2,2,Apartamento,3650,4782
Alameda dos Jurupis,Indianópolis,31,1,0,Apartamento,3410,3954
Rua André Thomas,Vila Campesina,331,3,6,Casa,5500,6225
Rua Augusto Farina,Butantã,230,3,2,Casa,4940,5483
"R. Pedro Tezin, 350 - Bortolândia, São Paulo - Sp, 02352-130, Brasil",Bortolândia,60,2,1,Casa,2125,2283
Avenida São João,República,41,1,1,Studio e kitnet,2000,2741
Alameda Jaú,Jardim Paulista,88,2,0,Apartamento,2900,3560
Rua Marcus Pereira,Vila Suzana,160,3,3,Apartamento,4500,7058
Alameda Franca,Jardim Paulista,258,3,1,Apartamento,11000,19140
Alameda Franca,Jardim Paulista,75,2,1,Apartamento,3300,5372
Rua Capitão José Amaral 112 - Apto 1 • Freguesia do Ó • São Paulo - Sp,Vila Portuguesa,45,2,2,Apartamento,1700,2030
Rua Soldado Teodoro Francisco Ribeiro,Parque Novo Mundo,65,3,1,Apartamento,2000,2748
Rua Benedito Lapin,Itaim Bibi,151,3,3,Apartamento,13500,18270
Rua João de Sousa Dias,Campo Belo,112,3,1,Apartamento,3758,5024
Rua Campos,Vila Inah,354,3,3,Casa,5970,7013
Rua Tabor,Ipiranga,55,2,1,Apartamento,3300,4141
Rua Adalberto Kurt,Jardim Líbano,166,3,4,Casa,5500,5997
Rua Alexandre Levi,Cambuci,66,3,2,Apartamento,2335,3418
Alameda Itu,Jardim Paulista,239,3,2,Apartamento,10310,14320
Rua Doutor Diogo de Faria,Vila Clementino,35,1,1,Studio e kitnet,2300,4049
Rua Francisca Miquelina,Bela Vista,30,1,0,Apartamento,1795,2239
Travessa Antônio da Silva,Campestre,130,3,3,Casa,3700,3812
Rua Nhengaibas,Água Rasa,42,2,0,Casa,1500,1673
Rua Doutor José Carlos de Toledo Piza,Vila Andrade,49,1,1,Apartamento,2500,3403
Rua Curiá,Jardim Sabara,60,2,1,Apartamento,1600,2076
Avenida João Pessoa,Lauzane Paulista,58,2,1,Apartamento,1450,2156
Rua Maria do Carmo Sene,Vila Paulicéia,134,3,4,Casa,4200,4678
Rua Wandenkolk,Mooca,61,2,0,Apartamento,1766,2276
Rua Basílio da Cunha,Vila Deodoro,85,2,1,Apartamento,3100,4020
Rua Edmundo Luís de Nóbrega Teixeira,Jardim da Campina,170,3,4,Casa,4940,5433
Rua Bela Cintra,Consolação,112,3,1,Apartamento,10400,12590
Rua da Mooca,Mooca,50,1,1,Apartamento,1600,2462
Rua Juiz de Fora,Vila Ema,36,2,0,Apartamento,1500,1858
Rua Sepetiba,Siciliano,250,6,2,Casa,10000,11180
Rua David Eid,Vila do Castelo,60,2,2,Apartamento,2978,3753
Avenida Ômega,Empresarial 18 do Forte,196,3,3,Apartamento,13500,15710
Avenida Padre Arlindo Vieira,Vila Vermelha,54,2,1,Apartamento,2430,3040
Rua Carvalho de Freitas,Vila Andrade,50,2,1,Apartamento,2600,3410
Rua Antônio de Godói,Centro,40,1,0,Studio e kitnet,1850,2191
Rua José Antônio Coelho,Vila Mariana,95,3,1,Apartamento,5625,6854
Rua Hideo Suguiyama,Parque Jabaquara,250,3,2,Casa,5260,6052
Rua Alexandre Benois,Vila Andrade,45,2,1,Apartamento,2000,2717
Rua Benjamin Pereira,Parque Vitoria,41,2,0,Apartamento,1500,1741
Rua José da Silva Ribeiro,Vila Andrade,56,2,1,Apartamento,2450,3186
Largo do Redentor,Cambuci,90,3,1,Apartamento,2900,3830
Rua Damião Fernandes,Vila Sargento José de Paula,150,2,0,Casa,3750,3944
Rua Palacete das Águias,Vila Alexandria,97,3,3,Apartamento,3410,5028
Rua Padre Isidoro,Vila Nova York,35,2,1,Apartamento,1400,1624
Avenida Doutor Assis Ribeiro,Jardim Danfer,50,2,1,Apartamento,2820,3409
Rua Charles Spencer Chaplin,Vila Andrade,128,3,2,Apartamento,2260,4476
Avenida Álvaro Ramos,Quarta Parada,95,2,1,Apartamento,1820,1975
Rua Serra de Bragança,Vila Gomes Cardim,92,3,2,Apartamento,4000,5382
Avenida Lauro Xerfan,Jardim Iva,42,2,0,Apartamento,2000,2307
Avenida Capistrano de Abreu,Jaguaribe,50,2,1,Apartamento,2500,3287
Rua Lúcia Caiaffa,Vila Pereira Barreto,100,3,2,Apartamento,2856,4205
Rua Heloísa Camargo,Vila Esperança,45,1,0,Casa,1250,1371
Rua Palestina,Vila Mascote,104,3,2,Apartamento,8000,10040
Rua Sampaio Viana,Paraíso,228,4,3,Apartamento,8500,14400
Rua Padre João Manuel,Cerqueira César,205,3,2,Apartamento,10170,13150
Rua Passarola,Alto da Mooca,32,1,0,Apartamento,1400,1777
Rua Itaiteva,Jardim Ampliação,140,3,2,Apartamento,2400,4498
Rua João Biancalana,Paulicéia,61,3,1,Apartamento,1650,2106
Rua Barão de Campinas,Campos Elíseos,24,1,0,Studio e kitnet,2794,2830
Avenida Nove de Julho,Bela Vista,40,1,0,Apartamento,4500,5165
Rua Doutor Andrade Pertence,Vila Olímpia,96,2,2,Apartamento,8500,10580
Avenida Angélica,Santa Cecilia,46,1,1,Apartamento,4000,5382
Rua General Júlio Marcondes Salgado,Campos Elíseos,64,2,1,Apartamento,1800,2442
Rua Joaquim Lapas Veiga,Jardim D’abril,56,2,1,Apartamento,1050,1601
Praça Ministro Costa Manso,Sé,29,1,0,Apartamento,1113,1490
Rua Doutor Heitor Nascimento,Nossa Senhora do Ó,55,2,1,Apartamento,1798,2546
Rua José Maciel Neto,Jardim Maria Rosa,206,4,2,Casa,3040,3288
Avenida Leblon,Jardim dos Lagos,220,3,4,Casa,6780,7393
Rua Werner Goldberg,Jardim Tupanci,105,3,2,Apartamento,4900,5827
Rua Américo Brasiliense,Chácara Santo Antônio (zona Sul),70,2,1,Apartamento,5500,6896
Praça Doutor Mario Margarida,Liberdade,40,1,0,Studio e kitnet,850,1302
Rua Salto Grande,Sumaré,300,3,3,Casa,9970,10820
Rua Coronel Luís Barroso,Santo Amaro,93,3,1,Apartamento,3600,4221
Avenida João Simão de Castro,Vila Sabrina,59,2,1,Apartamento,1650,1713
Rua Kansas,Brooklin,84,2,2,Apartamento,11000,13440
Praça Xavier da Silveira,Vila Lucia Elvira,105,3,2,Apartamento,7500,8903
Rua Jacques Félix,Vila Nova Conceição,80,1,1,Apartamento,14030,17980
Rua José de Figueiredo Seixas,Imirim,50,2,1,Apartamento,1600,2296
Rua Aurélia,Vila Romana,105,2,0,Casa,4417,4914
Rua Benedito Lapin,Itaim Bibi,125,2,3,Apartamento,15000,19040
Avenida Duque de Caxias,Campos Elíseos,26,1,0,Studio e kitnet,2500,2910
Rua Cônego Vicente,Vila Medeiros,30,1,0,Casa,750,789
Rua Doutor Solon Fernandes,Vila Rosalia,55,1,0,Studio e kitnet,1350,1556
Rua Reims,Jardim das Laranjeiras,160,3,2,Casa,7000,7492
Rua Pereira Caldas,Jardim da Glória,72,2,2,Apartamento,4700,5799
Avenida Washington Luís,Santo Amaro,80,3,2,Apartamento,4000,5486
Avenida Sílvio Sciumbata,Interlagos,350,4,3,Casa,10000,11680
Rua José Manso,Vila Matilde,38,1,0,Apartamento,2600,2759
Rua Giacomo Cozzarelli,Vila Santa Teresa (zona Sul),49,2,1,Apartamento,1500,1958
Rua João Avelino Pinho Mellão,Morumbi,148,4,4,Apartamento,5070,8725
Avenida Cupecê,Jardim Prudência,42,1,0,Apartamento,2100,2546
Rua Cristóvão Colombo,Jardim Vila Galvão,45,2,1,Apartamento,1443,1934
Avenida Duque de Caxias,Campos Elíseos,36,1,1,Apartamento,2200,3232
Rua Gabus Mendes,República,81,2,0,Apartamento,3500,4622
Rua João Adolfo,Centro,26,1,0,Studio e kitnet,1750,2194
Rua Urbanizadora,Sumaré,68,2,2,Apartamento,5900,7761
Rua Evolução,Vila Brasilina,32,1,0,Casa,850,937
Rua Mendes Nunes,Vila Campestre,170,3,1,Casa,1900,2065
Rua Manuel da Cunha,Vila Pauliceia,250,3,5,Casa,5000,5212
Rua Iracema Senna Cerqueira dos Santos,Cidade Intercap,170,3,1,Casa,2600,2710
Rua José Maria,Penha de França,49,2,1,Apartamento,2400,2781
Rua Heliodora,Santana,75,2,1,Apartamento,2700,4427
Rua Doná Emma,Vila Fiuza,54,1,0,Casa,1070,1135
Rua Voluntários Paulistas,Vila Principe de Gales,76,2,1,Apartamento,1450,1656
Rua Wandenkolk,Mooca,73,2,2,Apartamento,3200,4016
Avenida Marcos Penteado de Ulhôa Rodrigues,Tamboré,120,3,2,Apartamento,8500,10150
Rua General Vitorino Monteiro,Vila Romana,400,3,4,Casa,9540,12250
Avenida Água Funda,Taboão,42,2,0,Apartamento,1250,1348
Rua José Mandotti,Vila Augusta,36,1,1,Apartamento,2460,2897
Rua Miguel Rachid,Vila Paranagua,60,2,0,Apartamento,1550,1690
R. Jaguaribe,Vila Buarque,47,2,1,Apartamento,2100,3048
Rua Engenheiro Ferreira,Vila Nhocune,81,2,2,Casa,2856,2977
Avenida Campista,Vila Rosália,67,2,1,Apartamento,1995,2747
Rua Croata,Vila Ipojuca,74,3,1,Apartamento,2504,3874
Rua Manuel Dias de Oliveira,Jardim Alvorada (zona Oeste),40,2,0,Apartamento,1101,1443
Rua Trajano Reis,Jardim das Vertentes,57,3,1,Apartamento,2700,3404
Rua Marquês de Abrantes,Chácara Tatuapé,45,1,0,Casa,1402,1542
Rua Francisca Miquelina,Bela Vista,36,1,0,Studio e kitnet,2100,2981
Rua Hermann Teles Ribeiro,Vila Invernada,240,4,6,Casa,8000,8721
Rua Cayowaá,Perdizes,83,3,2,Apartamento,3600,5242
Rua Elísio de Carvalho,Vila São Luís(zona Oeste),12,1,0,Apartamento,1122,1208
Rua Hermínio Rosa,Lar São Paulo,230,3,2,Casa,3690,4514
Rua Darzan,Santana,212,2,2,Casa em condomínio,3650,3739
Rua Artur Prado,Bela Vista,25,1,0,Studio e kitnet,2600,3200
Avenida Nove de Julho,Bela Vista,87,2,0,Apartamento,2200,3084
Rua Capitão Alceu Vieira,Vila Ipojuca,134,3,2,Apartamento,12000,13780
Avenida Marginal Direita Anchieta,Vila Arapuã,64,2,1,Apartamento,1938,2631
Rua Francisca Augusta da Rocha,Jardim Mariliza,42,2,0,Casa,1000,1126
Avenida Afonso Mariano Fagundes,Vila da Saúde,32,1,1,Apartamento,2100,2732
Rua Antônio Gil,Jardim Alzira,50,2,1,Apartamento,2700,3194
Rua Almaden,Vila Andrade,58,2,2,Apartamento,2500,3657
Rua Doutor José Maria Whitaker,Vila Sônia,355,4,3,Casa,6720,7666
Rua Caetano Pinto,Brás,27,1,0,Studio e kitnet,1000,1405
Rua Tenente Coronel Antonio Braga,Vila Santa Catarina,54,2,0,Apartamento,1350,2348
Rua C,Jardim Santa Cruz (sacomã),64,2,0,Apartamento,1184,1766
Rua Cardoso de Almeida,Perdizes,45,1,0,Studio e kitnet,4200,5126
Rua Rio Grande,Vila Mariana,140,3,0,Casa,9690,10200
Rua Padre Isidoro,Vila Nova York,38,1,0,Apartamento,1200,1467
Avenida Salgado Filho,Centro,45,2,1,Apartamento,1736,2137
Rua Ministro Ferreira Alves,Pompeia,109,3,2,Apartamento,6500,8326
Rua Pedro Rendon,Jardim Consórcio,35,1,0,Casa,1350,1447
Rua Fortunato,Santa Cecília,58,2,1,Apartamento,2800,3847
Rua Brigadeiro Vilela Júnior,Jardim Cachoeira,160,3,2,Casa,2730,2871
Rua Caetano de Oliveira,Jardim da Glória,60,2,0,Apartamento,1470,2060
Rua Doutor Teodoro Quartim Barbosa,Cidade São Francisco,168,3,2,Apartamento,4000,6445
Rua Francisca Miquelina,Bela Vista,30,1,0,Studio e kitnet,4270,4435
Avenida Professor Luiz Ignácio Anhaia Mello,Vila Graciosa,32,1,0,Studio e kitnet,1312,1703
Rua Mundo Novo,Vila Anglo Brasileira,185,2,3,Casa,4579,4888
Rua Joaquim Norberto,Vila Paulicéia,90,3,2,Apartamento,2300,3985
Rua Benjamin Pereira,Parque Vitoria,25,1,0,Apartamento,1300,1520
Rua Piracanguá,Jardim Sao Paulo(zona Norte),80,2,1,Casa,2000,2085
Rua Peixoto Gomide,Jardim Paulista,281,3,2,Apartamento,14000,20910
Rua Doutor Luís Barreto,Bela Vista,46,1,0,Apartamento,1450,2098
Avenida Marari,Vila Marari,82,2,2,Apartamento,2500,3785
Rua Doutor Nogueira Martins,Saúde,65,2,1,Apartamento,3000,4202
Rua Antônio Ribeiro de Morais,Vila Carbone,35,1,0,Studio e kitnet,1200,1247
Rua Clemente Alvares,Lapa,100,2,1,Apartamento,2200,2759
Rua Doutor Teodoro Baima,República,29,1,0,Studio e kitnet,1300,1750
Avenida da Liberdade,Liberdade,31,1,0,Studio e kitnet,1750,2218
Rua Manuel Justiniano Quintão,Freguesia do Ó,88,2,1,Casa em condomínio,2680,3043
Rua Celso de Azevedo Marques,Parque da Mooca,184,3,1,Apartamento,6000,7432
Avenida Guilherme Giorgi,Vila Carrao,63,2,1,Apartamento,2920,4082
Rua Glicério,Liberdade,56,1,0,Apartamento,1070,1640
Rua Monsenhor João Lauriano,Vila Ramos,35,1,0,Casa,650,677
Rua Voluntários da Pátria,Santana,45,1,2,Studio e kitnet,2250,3317
Rua Francisco Jose Linhares,Jardim Santa Emilia,250,3,5,Casa,2200,2377
Rua Major Sertório,Vila Buarque,38,2,0,Apartamento,3300,4185
Rua Luís Coelho,Consolação,52,1,0,Apartamento,2800,3423
Rua Heitor Penteado,Sumarezinho,45,1,0,Apartamento,2400,2953
Rua Doutor Zuquim,Santana,100,2,1,Apartamento,2200,2382
Rua Jaracatia,Jardim Umarizal,56,2,1,Apartamento,1700,2276
Avenida Dória,Vila Alexandria,52,2,1,Apartamento,2750,3774
Alameda Ministro Rocha Azevedo,Cerqueira César,80,2,1,Apartamento,11000,13440
Rua François Coty,Cambuci,34,2,0,Apartamento,2500,2896
Avenida São João,Centro Histórico de São Paulo,54,1,0,Apartamento,1300,1670
Rua Zanzibar,Casa Verde,55,2,1,Apartamento,2400,3193
Rua Borges Lagoa,Vila Clementino,25,1,0,Apartamento,1320,2217
Rua Antônio de Sousa Delmundo,Jardim Vila Formosa,150,3,3,Casa,2800,3149
Rua Azevedo Macedo,Vila Mariana,26,1,0,Studio e kitnet,3000,3616
Rua Barão de Iguape,Liberdade,49,1,1,Apartamento,1800,2316
Rua Major Diogo,Bela Vista,42,1,0,Apartamento,1980,2580
Rua Anjos do Mar,Freguesia do Ó,100,3,2,Casa,3800,4316
Avenida Valter Boveri,Bussocaba,56,2,0,Casa,1500,1563
Rua Padre João,Penha de França,55,2,1,Casa,2200,2293
Rua Francisco Pais,Jardim Ipanema (zona Sul),290,3,4,Casa,9380,9869
Rua Tucuna,Pompeia,67,2,1,Apartamento,3400,4822
Rua Antônio de Godói,Centro Histórico de São Paulo,37,1,0,Studio e kitnet,1125,1494
Rua Ministro Ferreira Alves,Perdizes,80,3,2,Casa,4600,5053
Rua Cantori,Vila Andrade,41,2,0,Apartamento,1300,1750
Rua Raimundo Mattiuzzo,Vila Araguaia,40,1,0,Casa,700,760
Rua Álvaro de Carvalho,Centro,26,1,0,Studio e kitnet,2450,2995
Rua Doutor Sérgio Meira,Barra Funda,25,1,0,Apartamento,2200,2522
Rua Roque de Morais,Limão,77,2,1,Apartamento,2400,2978
Rua Viena,Taboão,50,1,0,Casa,750,801
Rua Antônio Sampaio Ferraz,Cidade Patriarca,43,1,0,Casa,812,906
Rua do Lavapés,Cambuci,55,2,0,Apartamento,1100,1742
Rua da Consolação,Cerqueira César,147,2,0,Apartamento,8000,11630
Rua Doutor Luís Carlos,Vila Aricanduva,30,1,0,Apartamento,1250,1333
Rua Doutor Tomás Carvalhal,Paraíso,210,4,3,Apartamento,11000,15460
Rua Sampaio Corrêa,Jardim Pereira Leite,46,2,0,Apartamento,900,1075
Rua Bela Cintra,Consolação,90,2,1,Apartamento,5350,6401
Rua Teixeira da Silva,Paraíso,90,2,1,Apartamento,3200,4621
Rua Torquato Tasso,Vila Prudente,71,3,1,Apartamento,1955,2910
Rua Doutor Hélio Fidélis,Cidade São Francisco,86,3,2,Apartamento,7500,8396
Rua Antônio Fonseca,Vila Maria Baixa,75,2,1,Casa,1750,1824
Rua Pelegrino,Jardim do Colégio (zona Norte),540,5,6,Casa,10000,10960
Rua Padre Bento Ibáñez,Jardim Prudência,49,2,1,Apartamento,2220,3019
Rua Coronel Vieira de Castro,Imirim,50,1,0,Casa,900,938
Rua Barata Ribeiro,Bela Vista,20,1,0,Apartamento,4000,4754
"Av. Ver. José Diniz - Santo Amaro, São Paulo - Sp, Brasil",Santo Amaro,40,1,1,Apartamento,3600,4389
Avenida Senador Queirós,Centro Histórico de São Paulo,21,1,0,Studio e kitnet,1400,2114
Rua Domingos Lopes da Silva,Vila Suzana,124,3,2,Apartamento,2920,5546
Rua Matias Pacheco,Vila Palmeiras,100,2,1,Casa,1800,1985
Rua Natividade Saldanha,São Lucas,25,1,0,Apartamento,1150,1417
Rua Doutor Zuquim,Santana,70,2,0,Apartamento,1300,1745
Rua Quinze de Setembro,Saúde,75,3,1,Apartamento,3000,4415
Rua Ouro Preto,Vila Gilda,75,3,2,Apartamento,2200,2997
Rua das Aroeiras,Jabaquara,51,2,1,Apartamento,1450,2068
Rua Natividade Saldanha,São Lucas,25,0,0,Studio e kitnet,1050,1314
Rua Scuvero,Cambuci,50,2,1,Apartamento,1900,2623
Rua Bentureli,Vila Ede,200,3,5,Casa,3124,3256
Rua Coronel Marques Ribeiro,Vila Guilherme,47,2,1,Apartamento,1700,2016
Rua Fernão do Porto,Vila Progredior,143,3,4,Casa,5400,5963
Rua Guarará,Jardim Paulista,30,1,1,Apartamento,3000,4859
Rua Doutor Ivo Define Frasca,Vila Olímpia,34,1,1,Studio e kitnet,3450,4083
Rua Zanzibar,Casa Verde,50,2,0,Apartamento,1700,1920
Rua Capitão Alberto Mendes Júnior,Água Fria,200,4,4,Apartamento,6000,10240
Rua Nelson Gama de Oliveira,Vila Andrade,32,1,1,Apartamento,1000,1999
Rua do Rocio,Vila Olímpia,70,2,1,Apartamento,3500,4335
Alameda Tietê,Jardim Paulista,131,3,1,Apartamento,10500,12170
Rua Pau-d'arco-roxo,Jardim Pedro José Nunes,41,1,1,Casa,1200,1251
Rua Canumá,Jardim dos Estados,365,4,4,Casa,11250,13140
Rua Antônio Bastos,Vila Bastos,96,3,2,Apartamento,1941,2971
Rua Piracuama,Sumaré,84,3,1,Apartamento,3300,4554
Rua Taciba,Vila Babilônia,80,3,2,Casa,2128,2315
Rua 24 de Maio,República,26,1,0,Studio e kitnet,1200,1592
Rua Dom Bernardo Nogueira,Vila Gumercindo,69,3,1,Apartamento,2700,3843
Alameda dos Anapurus,Indianópolis,142,2,2,Apartamento,9500,12070
Rua Doutor Cesário Mota Júnior,Vila Buarque,47,1,0,Studio e kitnet,2200,3007
Rua Francisco Tapajós,Vila Santo Estéfano,51,2,1,Apartamento,3100,3220
Rua Dois de Julho,Ipiranga,35,1,1,Apartamento,6000,6586
Rua Elizabeth Barbegian Baldinato,Vila Suzana,220,4,4,Apartamento,7500,11310
Rua Bento Freitas,República,29,1,0,Studio e kitnet,1300,1682
Rua Serra de Botucatu,Chácara Califórnia,58,2,1,Apartamento,2770,3477
Rua Glicério,Sé,69,2,0,Apartamento,1800,2596
Avenida Itaboraí,Bosque da Saúde,64,2,1,Apartamento,1666,2781
Rua Sardeira,Americanópolis,80,3,0,Casa,1000,1042
Rua Bicudo de Brito,Vila Guarani (z Sul),45,2,0,Apartamento,1538,1797
Rua Alfredo Pujol,Bela Vista,25,1,1,Apartamento,2097,2487
Rua Luís Dias,Itaim Bibi,97,2,1,Apartamento,5000,6219
Rua Gertrúdes de Lima,Centro,47,2,1,Apartamento,2200,2614
Rua Heinrich Biber,Vila Moraes,24,1,0,Casa em condomínio,600,650
Rua Sevilha,Tucuruvi,35,1,0,Casa,1739,1858
Rua Eduardo Pereira,Vila Guarani (z Sul),30,1,0,Studio e kitnet,700,802
Rua Doutor Veiga Filho,Santa Cecilia,42,1,1,Apartamento,2200,2988
Rua Doutor Eugênio Casillo,Vila Virginia,65,2,0,Casa,1300,1388
Rua Araguai,Ponte Pequena,18,1,0,Studio e kitnet,807,950
Rua Caramuru,Saúde,28,1,0,Studio e kitnet,2650,3252
Rua Boavas,Brooklin,150,2,1,Casa,2800,2847
Rua Aurora,Santa Ifigênia,45,1,1,Apartamento,1010,1829
Rua Bartolomeu Feio,Vila Cordeiro,116,2,1,Casa,3500,3864
Rua Astorga,Vila Guilhermina,65,1,0,Casa,1500,1723
Rua Borges,Parada Inglesa,43,1,0,Casa,1196,1296
Rua Ouro Branco,Jardim Paulista,50,1,1,Apartamento,7200,8678
Largo do Arouche,República,30,1,0,Studio e kitnet,2390,3113
Rua Professora Heloísa Carneiro,Jardim Aeroporto,250,3,4,Casa,5500,6233
Rua Cavour,Vila Prudente,36,1,0,Casa,1150,1254
Rua Joaquim Carlos Klein,Vila Santana,64,3,1,Apartamento,1657,2530
Rua Antônio João,Sítio do Morro,70,2,2,Apartamento,2400,3468
Rua Santo Antônio,Bela Vista,52,2,1,Apartamento,2742,3537
Rua João Artoni Testae,Cocaia,50,1,0,Casa,1000,1057
Rua Doutor Tomás Alves,Vila Mariana,20,1,0,Apartamento,4700,4760
Rua Edson Regis,Jardim Guarapiranga,120,3,1,Casa,5000,5193
Rua José Antônio Coelho,Vila Mariana,136,3,2,Apartamento,13000,15990
Rua Aimutong,Tucuruvi,38,1,0,Casa em condomínio,953,1019
Rua Carapocaia,Vila Isolina Mazzei,20,1,0,Casa,800,909
Rua Serra da Mantiqueira,Belenzinho,100,3,0,Casa,3850,4113
Rua Antunes Maciel,Alto da Mooca,65,2,0,Apartamento,1600,1844
Rua Antônio D'agostinho,Jardim Dourado,18,1,0,Apartamento,567,722
Rua Itambacuri,Jardim Oriental,100,2,0,Casa,1600,1718
Rua dos Três Irmãos,Vila Progredior,76,3,1,Apartamento,2700,3761
Rua Edmundo de Amicis,Morumbi,0,3,2,Casa,3200,3351
Alameda Dino Bueno,Campos Elíseos,54,1,1,Apartamento,1550,2303
Avenida Ibiúna,Vila Aricanduva,54,2,1,Apartamento,1950,2555
Rua Treze de Maio,Bela Vista,55,1,0,Apartamento,2000,3161
Rua Cônego Luís Viêira da Silva,Jardim João Xxiii,70,2,1,Casa,1050,1187
Avenida Duque de Caxias,Campos Elíseos,35,1,0,Apartamento,1000,1452
Avenida Padre Arlindo Vieira,Vila Vermelha,56,2,1,Apartamento,1300,1887
Rua João Artoni Testae,Jardim Testae,70,2,1,Casa,1550,1631
Alfredo Pujol,Santana,25,1,0,Apartamento,2000,2360
Rua Paraguaçu,Vila Scarpelli,115,3,2,Casa em condomínio,3227,4058
Avenida Álvaro Ramos,Quarta Parada,85,2,0,Apartamento,2090,2255
Rua Joaquim Ferreira,Água Branca,43,1,1,Apartamento,2800,3742
Rua Francisco Correa Dutra,Jardim Maria Luiza,150,3,0,Casa,2400,2631
Rua Professor Arnaldo João Semeraro,Jardim Santa Emilia,61,2,1,Apartamento,1100,1692
Rua Dona Aurora Alegretti,Jardim Caravelas,125,3,2,Casa,6000,6423
Avenida Doutor Bernardino Brito Fonseca de Carvalho,Vila Talarico,48,2,1,Apartamento,1622,2060
Rua Barão de Monte Santo,Mooca,63,1,2,Apartamento,2000,3128
Rua Costeira,Jardim Arize,75,2,0,Casa,1090,1160
Rua Conselheiro Furtado,Liberdade,20,1,0,Studio e kitnet,1400,1504
Rua Guatemala,Parque das Nações,125,3,2,Casa,2800,3210
Rua Prefeito Rinaldo Poli,Jardim City,120,3,4,Casa,4690,4871
Rua Domingos Rodrigues,Lapa,72,3,1,Apartamento,7000,8295
Rua Ernani Pinto,Vila Maria Alta,64,2,2,Apartamento,3000,3782
Rua Adolfo Casais Monteiro,Vila Nova Caledônia,332,4,4,Casa,7800,9256
Rua Cândido Vale,Tatuapé,55,2,1,Apartamento,3500,4261
Rua Soares de Faria,Jabaquara,202,3,2,Casa,3330,3828
Rua Vichy,Vila Baruel,37,2,0,Casa em condomínio,1400,1710
Rua do Manifesto,Ipiranga,20,1,0,Casa em condomínio,950,1024
Rua José Guedes,Artur Alvim,35,2,0,Studio e kitnet,1500,1733
Avenida Cauaxi,Alphaville Industrial,284,4,4,Apartamento,10000,12390
Rua Antônia Teresa de Paula Matias,Jardim Danfer,40,1,0,Casa,790,824
Rua Manoel Dutra,Bela Vista,22,1,0,Studio e kitnet,1800,2009
Rua Leningrado,Interlagos,290,5,4,Casa,10480,11390
Rua Pamplona,Jardim Paulista,46,2,1,Apartamento,4200,5066
Rua Henrique Fausto Lancelotti,Vila Congonhas,26,1,1,Apartamento,2360,4526
Rua Clélia,Água Branca,70,2,0,Apartamento,2200,2926
Rua Alves Guimarães,Pinheiros,38,1,1,Studio e kitnet,4690,5920
Rua Vinte E Cinco de Dezembro,Canhema,50,1,0,Casa,790,854
Rua Sampaio Viana,Vila Mariana,50,2,1,Apartamento,3590,6713
Rua Gilberto José Domingues,Bussocaba,46,2,1,Apartamento,1240,1990
Rua Piqueri,Freguesia do Ó,40,1,0,Casa,770,783
Rua Santo Antônio,Bela Vista,76,2,1,Apartamento,3280,4306
Rua Salvador Iacona,Vila Santa Catarina,65,2,1,Apartamento,2000,2806
Praça Benedito Calixto,Pinheiros,50,1,1,Apartamento,2415,3108
Avenida Giovanni Gronchi,Vila Andrade,98,3,2,Apartamento,2442,4507
Rua Primícias,Chácara Califórnia,62,2,3,Casa,3000,3386
Rua Professor Hilário Veiga de Carvalho,Vila Suzana,120,2,2,Apartamento,4500,6117
Rua Lagoa do Campelo,Itaquera,38,2,0,Apartamento,1200,1647
Rua General Izidoro Dias Lopes,Paulicéia,72,2,0,Casa,1310,1399
Rua Sena Madureira,Vila Clementino,38,1,0,Studio e kitnet,1800,1941
Rua Francisco Otaviano,Vila Humaitá,63,2,1,Apartamento,2200,2308
Rua Professor Oliveira Fausto,Mooca,347,5,4,Casa,5925,11180
Rua André Thomas,Vila Campesina,250,3,4,Casa,4100,4572
Rua Conselheiro Cotegipe,Belenzinho,59,2,1,Apartamento,2669,3284
Avenida Bosque da Saúde,Vila da Saúde,19,1,0,Apartamento,1300,1520
Rua Major Quedinho,Bela Vista,30,1,0,Studio e kitnet,850,1482
Rua Jaguaribe,Vila Buarque,45,1,1,Apartamento,2040,2917
Rua Anália Franco,Vila Regente Feijó,74,2,1,Apartamento,6000,7214
Rua Enótria,Vila Mazzei,32,1,0,Apartamento,1600,2092
Rua Judith Passald Esteves,Vila Sonia,70,3,1,Apartamento,2100,3190
Rua Quararibéia,Vila Isa,61,2,1,Apartamento,3000,3696
Rua Jorge Coelho,Jardim Paulistano,120,3,2,Apartamento,5500,8770
Rua Comendador Gabriel Calfat,Jardim Leonor,402,4,6,Casa,9500,10780
"Av. Vila Ema - Vila Ema, São Paulo - Sp, Brasil",Vila Ema,27,1,0,Apartamento,1150,1440
Rua Califórnia,Cidade Monções,105,2,2,Apartamento,10230,12360
Rua Doutor Zeferino do Amaral,Vila Industrial,40,1,0,Casa,765,865
Rua Renato Rinaldi,Vila Carrão,130,3,2,Casa,3200,3436
Avenida Rotary,Vila das Bandeiras,130,2,3,Casa,3350,3562
Rua Valson Lopes,Vila Butantã,25,1,0,Studio e kitnet,2500,2896
Rua Doutor Luiz Migliano,Jardim Caboré,45,2,1,Apartamento,2404,3052
Rua Teodoro Sampaio,Pinheiros,45,1,1,Apartamento,2800,4009
Alameda Mar Mediterrâneo,Alphaville Residencial Plus,420,4,4,Casa,15000,20270
Rua Águas Claras,Vila Pereira Cerca,90,2,5,Casa,1978,2062
Rua Bennet,Alto de Pinheiros,400,5,6,Casa,12000,14140
Rua Itamiami,Vila Mariana,70,3,1,Apartamento,2500,3316
Avenida Jônia,Jardim Brasil (zona Sul),83,3,2,Apartamento,3622,5042
Avenida Rio Branco,Campos Elíseos,40,1,0,Apartamento,1150,1653
Avenida José Galante,Vila Suzana,568,4,4,Apartamento,13500,21120
Rua Iporanga,Água Branca,64,2,1,Apartamento,4800,5816
Rua São Francisco,Sé,36,1,0,Apartamento,2000,2077
Rua São Benedito,Santo Amaro,160,2,2,Apartamento,7000,9187
Rua Clélia,Vila Romana,100,2,0,Casa,2500,2727
Rua Doutor Virgílio de Carvalho Pinto,Pinheiros,40,1,1,Apartamento,2900,4296
Rua Ribeirão Bonito,Vila Moinho Velho,123,3,1,Casa,3700,3841
Rua Oscar Freire,Pinheiros,33,1,1,Studio e kitnet,2300,3619
"Rua Bela Cintra, 32 - Consolação, São Paulo - Sp, Brasil",Consolação,47,1,1,Apartamento,3100,3976
Rua Charles Spencer Chaplin,Vila Andrade,126,3,2,Apartamento,3500,5489
Rua do Manifesto,Ipiranga,67,2,2,Apartamento,2800,3756
Praça Carlos Gomes,Centro,31,1,0,Apartamento,950,1346
Avenida Condessa Elizabeth de Robiano,Penha de França,62,3,1,Apartamento,2100,2731
Rua Cônego José Norberto,Vila Brasilio Machado,68,3,1,Apartamento,3629,4639
Rua Itacema,Itaim Bibi,84,2,1,Apartamento,9908,11600
Rua Coelho Neto,Vila Prudente,36,1,0,Studio e kitnet,850,883
Rua Fontana,Parque Monteiro Soares,130,2,2,Casa,3000,3455
Rua da Glória,Liberdade,35,1,0,Studio e kitnet,2300,2923
Avenida Bartolomeu de Carlos,Jardim Flor da Montanha,122,3,2,Apartamento,7020,8659
Rua Padre Jerônimo Machado,Conjunto Habitacional Padre Manoel da Nóbrega,48,2,1,Apartamento,1250,1718
Rua Bacaetava,Vila Gertrudes,74,3,1,Apartamento,2800,4448
Rua Joel Carlos Borges,Cidade Monções,50,1,1,Apartamento,4300,5680
Rua Oiti,Alto da Mooca,80,3,2,Apartamento,2250,3860
Rua Doutor Djalma Pinheiro Franco,Vila Santa Catarina,50,2,1,Apartamento,3100,3648
Avenida Sebastião Davino dos Reis,Jardim Tupanci,76,3,2,Apartamento,4138,5073
Rua General Nestor Passos,Jardim Paraíso,40,2,1,Apartamento,2200,2811
Rua Domingos Ataide,Parque Reboucas,43,2,1,Apartamento,1950,2415
Rua Riskallah Jorge,Centro Histórico de São Paulo,38,1,0,Studio e kitnet,859,1350
Rua Doutor Mario Ferraz,Jardim Paulistano,50,1,1,Apartamento,6500,7901
Avenida Cristo Rei,Vila Pereira Barreto,89,2,2,Casa em condomínio,2040,2460
Rua Henrique Fausto Lancellotti,Vila Congonhas,45,1,1,Apartamento,2590,4558
Avenida Jacobus Baldi,Jardim Casablanca,56,2,1,Apartamento,1350,1822
Rua Glicério,Liberdade,20,1,0,Studio e kitnet,1000,1058
Rua João Cachoeira,Vila Nova Conceição,109,2,2,Apartamento,10950,14070
Rua Guanabara,Vila Brasilio Machado,21,1,0,Studio e kitnet,1000,1153
Rua José Manso,Vila Matilde,43,2,0,Apartamento,2600,2887
Rua Joinville,Paraíso,42,1,1,Apartamento,2320,4070
Rua Cajaíba,Vila Pompéia,52,2,2,Apartamento,3200,4641
Rua Vale do Alva,Cidade Domitila,45,1,0,Casa,790,824
Avenida Guilhermina Vieira,Vila Miriam,85,2,2,Casa,1840,1938
Rua Doutor Thirso Martins,Vila Mariana,116,4,2,Apartamento,4800,7252
Avenida Lins de Vasconcelos,Vila Mariana,62,2,0,Apartamento,2500,2786
Rua das Grumixamas,Vila Parque Jabaquara,82,2,0,Apartamento,1800,3103
Rua Artur Bernardes,Vila Invernada,34,1,0,Apartamento,1450,1606
Praça Marechal Deodoro,Santa Cecília,30,1,0,Studio e kitnet,1200,1760
Rua Márcio Mazzei,Vila Nova Mazzei,53,2,1,Apartamento,1800,2369
Rua Américo Alves Pereira Filho,Morumbi,132,2,2,Apartamento,3700,6616
Rua Iquiririm,Vila Indiana,28,1,0,Studio e kitnet,1426,1928
Praça Hilário da Conceição,Sítio do Mandaqui,54,2,1,Apartamento,1500,1918
Rua Vicente Ferreira Leite,Vila Siqueira (zona Norte),47,2,1,Apartamento,1650,2187
Rua Judith Passald Esteves,Vila Sônia,94,3,1,Apartamento,3200,4307
Rua Visconde de Porto Seguro,Jardim dos Estados,1,4,3,Casa em condomínio,8500,11420
Rua Leôncio de Carvalho,Paraíso,73,2,0,Apartamento,3500,4098
Rua das Caneleiras,Jardim,153,4,2,Apartamento,4800,7069
Avenida Mendonça Drumond,Jardim Maringá,30,1,0,Casa,780,843
Rua Almaden,Vila Andrade,62,2,1,Apartamento,3300,4354
Rua Amorim Castro,Vila São Luís(zona Oeste),15,1,0,Studio e kitnet,740,1196
Rua Cônego Vicente Miguel Marino,Barra Funda,34,1,0,Apartamento,2600,3145
Avenida Padre Antônio José dos Santos,Cidade Monções,37,1,1,Apartamento,3175,4225
Rua Jaboticabal,Vila Bertioga,52,2,1,Apartamento,3330,4291
Rua Bento Freitas,Vila Buarque,37,1,1,Studio e kitnet,2910,3602
Rua das Flechas,Vila Santa Catarina,78,2,1,Apartamento,3370,4697
Rua Manoel José,Bosque da Saúde,130,3,3,Casa,4500,5063
Rua Correia Dias,Paraíso,22,1,0,Apartamento,3400,3916
Travessa Maria Bela Rodrigues,Vila Brasilina,35,1,0,Casa em condomínio,1000,1098
Avenida Amador Aguiar,Jaraguá,44,2,0,Apartamento,1200,1642
Rua Abílio Soares,Paraíso,106,2,2,Apartamento,14000,16460
Rua João Gomes Batista,Jardim Cidalia,26,1,0,Studio e kitnet,1040,1470
Rua Visconde da Luz,Vila Nova Conceição,69,3,1,Apartamento,5500,6811
Rua Mourato Coelho,Pinheiros,65,2,1,Apartamento,2700,4336
Rua Frei Caneca,Consolação,48,1,0,Apartamento,2500,3032
Rua Aguaraiba,Vila Anhanguera,300,4,2,Casa,7500,7919
Rua Felício Tarabai,Barro Branco (zona Norte),320,4,2,Casa,7000,8131
Rua Cubatão,Vila Mariana,120,2,0,Apartamento,3500,4162
Rua Maria José Rangel,Vila Sao Paulo,193,4,2,Casa,3750,4010
Alameda Glete,Campos Elíseos,59,2,0,Apartamento,1900,1974
Travessa Tacomaré,Parque da Mooca,190,3,3,Apartamento,10000,13300
Rua Marie Nader Calfat 270,Jardim Ampliação,32,1,0,Studio e kitnet,2370,2962
Rua Chico Pontes,Vila Guilherme,119,3,1,Casa,2500,2776
Rua Vicenzo Paciullo,Jardim Las Vegas,80,3,2,Apartamento,1895,2761
Rua Sócrates,Vila Sofia,92,4,2,Apartamento,2611,4404
Rua Cantori,Vila Andrade,42,2,0,Apartamento,1800,2269
Rua Bela Cintra,Consolação,125,3,1,Apartamento,10000,12450
Avenida Ômega,Empresarial 18 do Forte,67,2,2,Apartamento,5000,5870
Rua Minas Gerais,Higienópolis,100,1,2,Apartamento,9000,13470
Rua Bueno de Andrade,Aclimação,68,3,1,Apartamento,2199,3066
Rua Wandenkolk,Mooca,74,3,2,Apartamento,4400,5096
Rua Conde de Itu,Jardim Santo Amaro,50,1,0,Apartamento,3100,3802
Avenida Engenheiro Alberto de Zagottis,Jurubatuba,200,3,3,Apartamento,10000,12880
Avenida Doutor Alberto Benedetti,Vila Santa Teresa,50,1,1,Apartamento,1534,1990
Rua Fradique Coutinho,Pinheiros,67,1,1,Apartamento,6000,7402
Rua Iquiririm,Vila Indiana,55,2,1,Apartamento,2200,3098
Rua Jaguaribe,Consolação,48,1,1,Apartamento,2500,3541
Rua Antônio Flaquer,Barro Branco (zona Norte),74,2,1,Apartamento,2100,2729
Rua Doutor Luiz Migliano,Jardim Caboré,145,3,2,Apartamento,4900,7018
Avenida Deputado Emílio Carlos,Limão,120,2,1,Casa,2800,3286
Rua José Muniz dos Santos,Cidade Monções,50,1,1,Apartamento,2800,3907
Rua Azevedo Soares,Vila Gomes Cardim,250,3,3,Apartamento,5250,9369
Rua Doutor Tomás Carvalhal,Paraíso,300,4,3,Apartamento,15000,22110
Rua Professor Arnaldo João Semeraro,Jardim Santa Emília,63,2,1,Apartamento,1600,2322
Rua Marechal Deodoro,Santo Amaro,41,1,1,Studio e kitnet,3750,4760
Rua Sônia Ribeiro,Brooklin Paulista,150,3,2,Casa,5000,5450
Alameda Lorena,Jardim Paulista,58,2,0,Apartamento,3400,4798
Rua Padre Isidoro,Vila Nova York,40,2,1,Apartamento,1350,1622
Rua Padre José de Anchieta,Jardim Novo Santo Amaro,106,2,1,Apartamento,5000,5694
Rua Ministro Godói,Perdizes,28,1,0,Apartamento,2400,2948
Rua Genésio Arruda,Chácara Inglesa,55,2,1,Apartamento,1590,1771
Rua Henri Dunant,Santo Amaro,105,3,1,Apartamento,4400,6039
Avenida Celso Garcia,Belenzinho,44,2,1,Apartamento,1850,2321
Avenida Rubens Montanaro de Borba,Jardim Regis,150,3,3,Casa,3639,3794
Rua Doutor Carlos Aldrovandi,Jardim Parque Morumbi,50,2,1,Apartamento,2100,2776
Rua Edmundo Luís de Nóbrega Teixeira,Campo Grande,114,4,2,Casa,3500,3998
Rua Doutor Seng,Bela Vista,42,1,0,Apartamento,1750,2186
Rua das Margaridas,Jardim das Acácias,57,2,1,Apartamento,3800,4899
Rua Ulisses Cruz,Tatuapé,24,1,0,Studio e kitnet,1310,1730
Rua Padre Isidoro,Vila Nova York,35,2,0,Apartamento,1300,1500
Rua Álvaro de Carvalho,Centro,22,1,0,Studio e kitnet,1790,2286
Rua Professor Djalma Bento,Jardim Luanda,77,3,1,Apartamento,2500,3488
Rua Antônio de Godói,Centro,30,1,0,Studio e kitnet,1100,1394
Rua Doutor Bacelar,Vila Clementino,73,2,1,Apartamento,6500,7282
Rua Capitão Ferraiuolo,Vila Invernada,36,2,1,Apartamento,1900,2134
Avenida Interlagos,Jardim Umuarama,94,3,2,Casa em condomínio,4200,5195
Avenida Arraias do Araguaia,Jardim Imperador (zona Leste),50,2,1,Apartamento,1200,1559
Alameda Jaú,Jardim Paulista,70,1,2,Apartamento,3940,5901
Rua Armando Pinelli,Taboão,60,2,1,Apartamento,1050,1692
Rua Haddock Lobo,Cerqueira César,220,3,2,Apartamento,12000,16900
Rua Vichy,Vila Baruel,30,1,0,Casa,1105,1202
Rua Dona Cesária Fagundes,Saúde,125,4,2,Casa,3200,3465
Avenida Washington Luís,Santo Amaro,79,2,0,Apartamento,1600,1922
Rua Volta Redonda,Campo Belo,303,3,4,Apartamento,11250,19950
Avenida Nordestina,Jardim Santo Antonio,39,2,0,Apartamento,1290,1599
Rua Raulino Galdino da Silva,Freguesia do Ó,300,4,3,Casa,6350,6695
Avenida Divino Salvador,Planalto Paulista,80,3,1,Apartamento,8000,10300
Rua Cipriano Barata,Ipiranga,64,2,0,Apartamento,2100,2783
Rua Salvador Rosa,Jardim Previdência,34,1,1,Apartamento,1447,1503
Rua Professor Djalma Bento,Jardim Luanda,110,4,2,Casa,3300,3632
Avenida Prestes Maia,Centro,22,1,0,Studio e kitnet,1200,1247
Alameda Jaú,Jardim Paulista,109,3,1,Apartamento,11150,13550
Avenida Benigno Carrera,Vila Campestre,35,1,0,Casa,874,961
Rua João Veloso de Oliveira,Parque São Domingos,42,2,1,Apartamento,1100,1889
Rua Pantojo,Vila Regente Feijó,99,3,2,Apartamento,3800,5371
Rua Professor Henrique Neves Lefévre,Jardim Petropolis,415,4,6,Casa,11250,12550
Rua César Guimarães,Aclimação,50,1,0,Apartamento,1650,1963
Rua General Florêncio,São Pedro,52,2,1,Apartamento,1400,1920
Rua Dom José de Barros,República,35,1,0,Studio e kitnet,1290,1630
Avenida Moaci,Planalto Paulista,78,2,1,Apartamento,3900,5610
Rua Baronesa de Bela Vista,Vila Congonhas,141,3,2,Apartamento,5500,7879
Rua Paracuê,Sumaré,65,2,1,Apartamento,4200,4929
Rua Luís Louza,Olímpico,69,2,2,Apartamento,2800,3417
Rua Francisco Aíres,Macedo,142,2,2,Casa,4000,4182
Rua Olímpio Martins,Jardim Palmira,37,1,0,Casa,699,729
Rua Leôncio da Costa Vieira,Jardim Piqueroby,35,1,0,Studio e kitnet,2800,3038
Rua Mariquinha Viana,Mandaqui,34,1,0,Apartamento,1250,1378
Rua Carlos Leite dos Santos,Parque Arariba,41,2,1,Apartamento,1650,2198
Avenida Estado,Cambuci,50,1,0,Apartamento,1407,1781
Rua Michael Faraday,Cidade Monções,34,1,0,Studio e kitnet,1360,1552
Rua Genebra,Bela Vista,40,1,0,Studio e kitnet,1450,1976
Rua Nossa Senhora da Saúde,Jardim Previdência,58,2,1,Apartamento,2100,2581
Avenida dos Ourives,Jardim São Savério,40,2,0,Apartamento,1500,1870
Rua Paulo Andrighetti,Alto do Pari,55,2,1,Apartamento,2600,3250
Rua Turiassu,Perdizes,40,2,0,Apartamento,3850,4665
Rua Doutor Almeida Lima,Mooca,34,1,0,Studio e kitnet,2400,2493
Avenida Padre Pereira de Andrade,Alto de Pinheiros,49,1,1,Apartamento,4100,5036
Rua Correia Dias,Paraíso,27,1,0,Studio e kitnet,3500,4339
